precision,language,idx,hyp,chrf
bf16,Hindi,0,"उपस्थिति सेवा के किसी भी व्यक्ति के लिए संबंधित विशेषताओं का एक समूह है, जैसे उनके जूते, कपड़े, टाई, गहने, हेयर स्टाइल, मेकअप, घड़ी, कॉस्मेटिक,perfume आदि।",45.83821677995129
bf16,Hindi,1,"अजांता, जो महाराष्ट्र के अरावली जिले में स्थित है, बीसवीं शताब्दी ईसा पूर्व से बीसवीं शताब्दी ईसा पूर्व के लिए २९ कैत्या और विहार गुफाओं को सजाया गया है।",35.15320018277318
bf16,Hindi,2,"शरीर का रंग बाहरी रेखा के साथ मिश्रित होता है, जिससे वॉल्यूम की प्रभावकारिता होती है।",38.54844164224402
bf16,Hindi,3,"अशोक ने पत्थर के लिए मूर्तियों और महान मन्दिरों के लिए व्यापक रूप से उपयोग करने शुरू किया, जबकि इससे पहले का परंपरा लकड़ी और मिट्टी का काम करने का था।",49.33481870927819
bf16,Hindi,4,"महाराष्ट्र में स्वादिष्ट और प्रसिद्ध व्यंजन के रूप में पराठा में मिक्स केले, बेसन में डुबोकर और तलने से तैयार इस स्वादिष्ट और प्रसिद्ध पकवान का एक हिस्सा।",38.58298117481431
bf16,Hindi,5,चेन्नैड की पाक शैली तमिलनाडू राज्य के नाम से जाने जाने वाले नटुकोटाई चेटीयरों या नागराथार समुदाय के लिए एक समुदाय का पाक है।,25.62951222877271
bf16,Hindi,6,"चनेन भारत में मूल है और, इसलिए, इसका उपयोग स्वाद के एजेंट से लेकर औषधीय एजेंट के रूप में भी है।",36.08744801954714
bf16,Hindi,7,इस को पाउडर में पीसकर या एक सूखे ग्राइंडर में या एक पत्थर की पिसल में कर सकते हैं।,42.77593061685428
bf16,Hindi,8,पंजाब के प्रत्येक शहर में लोगों के विशेष रूप से विशेष रूप से विशेष रूप से विशेष रूप से विशेष रूप से विशेष रूप से विशेष रूप से विशेष रूप से विशेष रूप से विशेष रूप से विशेष रूप से विशेष रूप से विशेष रूप से विशेष रूप से विशेष रूप से विशेष रूप से विशेष रूप से विशेष रूप से विशेष रूप से विशेष रूप से विशेष रूप से विशेष रूप से विशेष रूप से विशेष रूप से विशेष रूप से विशेष रूप से विशेष रूप से विशेष रूप से विशेष रूप से विशेष रूप से विशेष रूप से विशेष रूप से विशेष रूप से विशेष रूप से विशेष,12.924790946243895
bf16,Hindi,9,राम को ऋषि के साथ भेजें और लक्ष्मण को भी भेजें।,73.02273622906328
bf16,Hindi,10,लेकिन मगन पांडे का बहादुर कार्य एक उच्च और निख्रणीय सिद्धांत के प्रति समर्पित भाव से किया गया था।,33.81099722782575
bf16,Hindi,11,"एक बार जब प्याज का रंग पारदर्शी हो जाए, तो मेथी के साथ मटन को साफ़ करें और कुछ समय तक सभी मसाले को मटन में अवशोषित करने के लिए साफ़ करें।",22.51065300881841
bf16,Hindi,12,"हिटोपदेसा एक दुनिया की ज्ञान की पुस्तक है जो पक्षियों, जानवरों और मनुष्यों के माध्यम से प्रस्तुत की जाती है।",50.029989621853545
bf16,Hindi,13,पुस्तक का उद्देश्य संस्कृत अभिव्यक्ति की दक्षता और बुद्धिमान व्यवहार के ज्ञान को प्रोत्साहित करना है।,63.36329993658072
bf16,Hindi,14,"प्रोफेसर असितकुमार बन्डेपायोक ने अपने घर का पूरा इतिहास 1994 और 1995 में प्रकाशित किया था, जिसे Howrah Saharer Itibrrito (First and Second Volume) के रूप में।",28.444775659565803
bf16,Hindi,15,कैत्यालय का मुख द्वार का मुख द्वार का मुख द्वार का मुख द्वार का मुख द्वार का मुख द्वार का मुख द्वार का मुख द्वार का मुख द्वार का मुख द्वार का मुख द्वार का मुख द्वार का मुख द्वार का मुख द्वार का मुख द्वार का मुख द्वार का मुख द्वार का मुख द्वार का मुख द्वार का मुख द्वार का मुख द्वार का मुख द्वार का मुख द्वार का मुख द्वार का मुख द्वार का मुख द्वार का मुख द्वार का मुख द्वार का मुख द्वार का मुख द्वार का मुख द्वार का मुख द्वार का मुख द्वार का मुख द्वार का मुख द्वार का मुख,6.006940579417533
bf16,Hindi,16,"'महाराज' और 'खानसमास' (जैसा कि भारत में विशेषज्ञ पाक कला के रूप में पारंपरिक रूप से कहा जाता है) ने हजारों वर्षों के मौखिक परंपरा के माध्यम से व्यंजनों को वर्षों से परिष्कृत किया है, और ये व्यंजनों को मौखिक परंपरा के माध्यम से हजारों वर्षों से पारित किया गया है।",37.584238668477774
bf16,Hindi,17,"पारंपरिक रूप से, यह एक विशाल वाजा, या हेड शेफ, और एक अदालत के वाजा, या शेफ के साथ किया जाता है।",25.26295035877984
bf16,Hindi,18,"पाव भजी: यह महाराष्ट्र से एक फास्ट फूड व्यंजन है, जिसमें आमतौर पर मक्खन में तैयार एक मोटी सब्जी कचौड़ी (भजी) आमतौर पर सॉस के साथ एक नरम रोटी (पव) के साथ तैयार किया जाता है।",44.39856089602144
bf16,Hindi,19,"लाला देव और हब्बा खातून के मेघालय के रचनाओं के लिए उनके रहस्यमय स्वाद और गहन अभिव्यक्ति की तीव्र पीड़ा के लिए जाने जाते हैं, मीराबाई के राजस्थान के रचनाओं के लिए अद्वितीय भक्ति की गुणवत्ता के लिए जाने जाते हैं, Andal के तमिल और अक्का महादेवी के कन्नड़ के वाचानों के लिए महान महिला योगदान का प्रमाण है।",40.8314198917001
bf16,Hindi,20,दहर जिले के 97 किमी दूर बाघा गुफाएं बौद्ध कलाकृतियों से बनी हैं।,20.876542613047032
bf16,Hindi,21,"संस्कृत साहित्य में मुला का सामान्य अर्थ एक पौधे या पेड़ के मूल का होता है, लेकिन फौजी रूप से, किसी चीज के निचले भाग या निचले भाग या नीचे का होता है।",38.1315145491344
bf16,Hindi,22,इंडो-यूनानी सभ्यता के लिए अपने विभिन्न क्षेत्रों में तकनीकी ज्ञान के लिए जाना जाता है।,62.56857260868388
bf16,Hindi,23,सभी कौरव मरते हैं; केवल पांच पांडव भाइयों और कृष्ण जीवित हैं।,61.89762720846529
bf16,Hindi,24,कौरव सेना के विरुद्ध १८ दिन तक का युद्ध चलता है और अंत में कौरव सेना का पराजय होता है।,34.27156605200215
bf16,Hindi,25,"महाभारत का मुख्य कहानी है कि हस्तिनापुर के सिंहासन पर उत्तराधिकार के लिए एक संघर्ष है, जो आधुनिक दिल्ली के ठीक उत्तर में एक राज्य था जो एक जनजाति के लिए सबसे आम तौर पर ज्ञात था, जिसे महाभारत कहा जाता है।",56.255546246316825
bf16,Hindi,26,"कर्नाटक में शाकाहारी की संख्या नॉन-वेज की संख्या से अधिक है, इसलिए उनके पाक कला में शाकाहारी व्यंजन मुख्य रूप से शामिल हैं।",58.355338156506576
bf16,Hindi,27,"वह युद्ध के मैदान पर क्या हो रहा है, इस बारे में सुनाने के लिए, सान्या द्वारा उत्तर दिया जाता है।",41.52118465372239
bf16,Hindi,28,"तमिल में दो महाकाव्य हैं, जिन्हें Cilapathikaram और Manimekalai कहा जाता है।",29.461309528210226
bf16,Hindi,29,इस क्षेत्र में चिल्ली पाउडर का उपयोग सावधानी से किया जाता है।,81.47057417018418
bf16,Hindi,30,"योग शब्द संस्कृत के मूल शब्द योज से लिया गया है, जिसका अर्थ है जुड़ना या योन या एक साथ या एक साथ या एक साथ।",45.42941697326447
bf16,Hindi,31,आज के ओडिसी से मंदिर दीवारों पर उत्कीर्ण विभिन्न मुकुटों से विकसित हुआ है।,42.38533877581635
bf16,Hindi,32,"अब वाशिष्ठ ने राजा को कहा: ""यह आपको, राजा, कभी न किया वादा करने के लिए अपमानजनक है।""",17.78137581216135
bf16,Hindi,33,"जब अर्जुन के दुःखी होने की सीमा को समझ लेता है, तब कृष्ण का दृष्टिकोण बदल जाता है और इस दुनिया में धर्मभक्ति के रहस्य को सिखाने के लिए शुरू कर देता है।",34.73924781614199
bf16,Hindi,34,"आप चावल का आटा को कंटेनर में डालते समय, बीच में, आप भी छोटे-छोटे कद्दू की छाल को भी जोड़ सकते हैं।",25.00880686758551
bf16,Hindi,35,"आप एक चुटकी कद्दू की गुठली को एक गोलाकार कंटेनर में डालें, फिर अच्छी तरह से मिलाई हुई चावल की पिसी हुई कोकोनट को जोड़ें।",20.929692744027463
bf16,Hindi,36,"महाराजा रणजीत सिंह की आस्तीव ने नदने के आसपास 1835 एडी में एक सुंदर और अद्भुत गुरुद्वारे का निर्माण किया, जिसमें एक विशाल सोने की चोटी के साथ जटिल कारीगरी के साथ जटिल कारीगरी के साथ एक प्रभावशाली सोने की चोटी के साथ।",42.24122084192021
bf16,Hindi,37,सामावेद उन चयनित रूकों का संकलन है जो उनके प्रस्तावित चंदा या लयबद्ध मीटरों को रखने के लिए।,20.834081161130783
bf16,Hindi,38,वाल्मीकि के अयोध्या का वर्णन करने से पता चलता है कि प्राचीन अयोध्या आधुनिक शहरों से कम नहीं थी।,38.67307021223145
bf16,Hindi,39,"आपने कहा, 'मैं करूंगा', आप का कोई विकल्प नहीं है कि आप इसे करें।",29.15099760137142
bf16,Hindi,40,"हाल ही में, रुपये के प्रति डॉलर के दर पर और हमारे विदेशी मुद्रा भंडार की पर्याप्तता पर अलग-अलग दृष्टिकोण सामने आए हैं।",56.04348678721178
bf16,Hindi,41,"बैंक क्रेडिट कार्ड खाता को क्रेडिट सूचना कंपनियों (सीआईसी) या दंड शुल्क, जैसे कि लेट पेमेंट चार्जेज, आदि के लिए रिपोर्ट करें, जब तक कि क्रेडिट कार्ड खाता तीन दिनों के लिए अधिक समय से चूक गया है।",31.04092758451431
bf16,Hindi,42,देश-देशों को अपने वित्त को सुधारने के लिए आंतरिक प्रत्यक्ष निवेश को प्रोत्साहित करना चाहिए।,30.33744504362768
bf16,Hindi,43,"हालांकि, पैकेज को लागू करने के लिए अनुमोदन के लिए स्वीकृत पैकेज को बैंक द्वारा 90 दिन के भीतर लागू करने के लिए यदि बैंक द्वारा आवेदन की प्राप्ति के दिन से, तो परिसंपत्ति वर्गीकरण स्थिति को पुनर्स्थापित किया जा सकता है, जब तक कि बैंक द्वारा पैकेज को प्राप्त किया गया था।",42.30831612457147
bf16,Hindi,44,"निजी पूंजी संचय के गतिशील क्या उत्तर पूर्वी भारत में संपत्ति के केंद्रीकरण को स्वाभाविक रूप से नेतृत्व करते हैं या वृद्धि, प्रतिस्पर्धा और तकनीकी प्रगति के संतुलन बलों के कारण असमानता को कम करते हैं?",31.553357833559524
bf16,Hindi,45,यह बाजार में अत्यधिक अस्थिरता को रोकने और अपेक्षाओं को स्थिर करने के लिए हस्तक्षेप करता है।,59.84745903396441
bf16,Hindi,46,उच्च आवृत्ति डेटा के लिए Q2 में अर्थव्यवस्था का लचीलापन दर्शाता है।,25.220844493091803
bf16,Hindi,47,"महाधवात्मक अर्थशास्त्र में, विषय आमतौर पर एक देश और सभी बाजारों के बीच कैसे सभी बाजार आपस में बातचीत करके बड़े явления उत्पन्न करते हैं जो अर्थशास्त्रियों द्वाराaggregatevariables कहा जाता है।",29.8611704735755
bf16,Hindi,48,Liquidity refers to the extent to which financial assets can be sold at close to full market value at short notice.,0.0
bf16,Hindi,49,"मोटे तौर पर, आय के संज्ञान को उद्देश्यपूर्ण और रिकॉर्ड के आधार पर होना चाहिए, न कि किसी भी स्वार्थी विचार पर।",25.602238563969937
bf16,Hindi,50,"इसलिए, ऐसे बड़े-बड़े ब्याज के लिए समय नहीं लगता है और इसलिए, ब्याज के लिए डेबिट की तारीख से संबंधित, यह एनपीए के लिए है।",25.106737412139807
bf16,Hindi,51,"भारत के भुगतान प्रणाली को अन्यjurisdictions, जिसमें UPI के साथ अन्यjurisdictions में समान प्रणाली के लिए इंटरलिंकिंग कीongoing पहल शामिल है, भारत के भुगतान प्रणाली के लिए अंतर-राज्यीय भुगतान व्यवस्थाओं को बढ़ाने के लिए एक अवसर है।",27.980572306793043
bf16,Hindi,52,लिक्विफाइड नेचुरल गैस (एलएनजी) ऊर्जा खंड में अधिक महत्व प्राप्त कर रही है क्योंकि यह बिजली संयंत्रों और औद्योगिक (फर्टिलाइजर) संयंत्रों को संचालित करने के लिए उपयोग किया जाता है।,36.96402624260387
bf16,Hindi,53,"हालाँकि, जबकि बाजार आपको बिक्री को बढ़ाने की अनुमति देता है, वे आपको एक टिकाऊ व्यवसाय को विकसित करने और अपने खुद के बाजार योग्य ब्रांड को बनाने की अनुमति नहीं देते हैं।",36.436078762187655
bf16,Hindi,54,"भुगतान एग्रगेटर (पीए) भुगतान पारिस्थितिकी तंत्र में महत्वपूर्ण भूमिका निभाते हैं, इसलिए 2020 में विनियमन लाया गया था और भुगतान प्रणाली ऑपरेटरों (पीएसओ) के रूप में नामित किया गया था।",36.75340093571197
bf16,Hindi,55,"वर्तमान विनियम, हालांकि, ऑनलाइन या ई-कॉमर्स लेनदेन के लिए भुगतान करने वाले एग्रीगेटरों को लागू होते हैं।",41.26886857452406
bf16,Hindi,56,"रिकी का विचार था कि ऐसी देश की अर्थव्यवस्था को अपनी तुलनात्मक लाभ के अनुसार व्यापार करना चाहिए, जो उसकी पूर्णता के सबसे अधिक उत्पादक, और आयात करना चाहिए जो उसकी पूर्णता के सबसे कम उत्पादक (यहां तक कि फिर भी सकारात्मक) है।",29.442295980924317
bf16,Hindi,57,"सितंबर 9, 2022 के लिए, बैंक ऋण का विकास 16.2 प्रतिशत y-o-y के रूप में तेजी से बढ़ा, पिछले साल के लिए 6.7 प्रतिशत।",32.95090917867295
bf16,Hindi,58,"कृषि के पूर्व और बाद के कार्यों के लिए ऋणों का उपयोग उनकी अपनी कृषि उपज की छपाई, निराकरण, कटाई, ग्रेडिंग और परिवहन के लिए कवर करते हैं।",28.716826654493083
bf16,Hindi,59,"कृषि और संबद्ध गतिविधियों के लिए मध्यम और दीर्घकालिक ऋण कृषि और अन्य विकास गतिविधियों के लिए कृषि यंत्रों की खरीद, सिंचाई और अन्य विकास गतिविधियों के लिए कृषि पर किए गए कार्यों के लिए।",47.618944886752416
bf16,Hindi,60,बैंकिंग पर्यवेक्षक पारंपरिक बैंकों के लिए छाया बैंकों के लिए जोखिम की जांच कर रहे हैं और बेहतर पूंजी और तरलता विनियमों के माध्यम से इसे नियंत्रित करने का प्रयास कर रहे हैं ताकि छाया बैंकों ने पारंपरिक वित्तीय क्षेत्र और अर्थव्यवस्था को अधिक व्यापक रूप से प्रभावित किया।,53.29805099251463
bf16,Hindi,61,"वैश्विक वित्तीय संकट के बाद से, आधिकारिक क्षेत्र अधिक और बेहतर जानकारी एकत्र करने और छिपी हुई विफलताएं तलाशने के लिए अधिक और बेहतर खोज कर रहा है।",54.30216432884991
bf16,Hindi,62,बाजार-अघारी मूल्य आपूर्ति की आवश्यकता के अनुसार निर्धारित की जाती है कि कि माँग उस कीमत पर बराबर है।,37.91209876412401
bf16,Hindi,63,"मॉडल की समीकरणों का निर्धारण मूल्य और अन्यVariables (उदाहरण के लिए, आय) के रूप में आपूर्ति और मांग के स्तर को निर्धारित करता है।",46.44395901539933
bf16,Bengali,0,"চেহারা হল পরিষেবার ব্যক্তির সাথে সম্পর্কিত যেগুলির একটি সেট, যেমন তাদের জুতো, পোশাক, টাই, অলঙ্কার, চুলের স্টাইল, মেকআপ, ঘড়ি, কসমেটিকস, পারফিউম ইত্যাদি।",28.45887625283712
bf16,Bengali,1,"আংরাব্দ জেলাতে অবস্থিত অজন্তা, মহারাষ্ট্রের আংরাব্দ জেলার অজন্তা, প্রথম শতাব্দীর বিসি.সি.এ. থেকে পঞ্চম শতাব্দীর সি.সি.এ. পর্যন্ত ক্যাতাই এবং ভিরহা ক্যুরগুলি দ্বারা সজ্জিত এবং চিত্রিত।",38.318765393395694
bf16,Bengali,2,"দেহের রঙ বাইরের রেখার সঙ্গে মিশে যায়, যা ভলিউমের প্রভাব তৈরি করে।",33.217162355179305
bf16,Bengali,3,"অশোকের জন্য, তিনি পাথরের জন্য ভাস্কর্য এবং মহান মস্তীর্ণ স্থাপনা তৈরি করতে শুরু করেন, যখন পূর্বের ঐতিহ্যটি কাঠের এবং কাদামাটির কাজ করা ছিল।",31.59909988372041
bf16,Bengali,4,"মশলা মিশিয়ে, বাদাম ভাজানো এবং সিদ্ধ করা এই বিখ্যাত মাদারারার জনপ্রিয় পদ।",16.11740247880616
bf16,Bengali,5,"চেন্নাইয়ের খাদ্য চেন্নাইয়ের একটি সম্প্রদায়, বা নাগারাতারা, তাদের নাম অনুসারে, তামিলনাড়ু রাজ্যের চেন্নাই অঞ্চলের চেত্তিনাদ অঞ্চলের খাদ্য।",32.42535103882286
bf16,Bengali,6,কস্মিন ভারত থেকে উদ্ভূত এবং তাই এর ব্যবহারগুলি স্বাদযুক্ত এজেন্ট থেকে শুরু করে ঔষধি এজেন্ট পর্যন্ত বিস্তৃত।,26.348221059432547
bf16,Bengali,7,এইটিকে গুঁড়ো করার জন্য একটি শুকনো গ্রাইন্ডার বা একটি পাথরের পিষ্টলে পরিণত করুন।,20.226420765237265
bf16,Bengali,8,"প্রতিটি শহর পাঞ্জাবের মধ্যে বিভিন্ন পছন্দ রয়েছে, যেমন অমৃতসর লোকেরা অমৃতসর কুলি, পুরানো ভাজা এবং দুধের পণ্যগুলির প্রতি বিশেষভাবে আগ্রহী।",35.05340042312021
bf16,Bengali,9,রামকে শ্বেতবর্ণের সঙ্গে সঙ্গে পাঠান এবং লক্ষ্মণকেও পাঠান।,73.43314902104007
bf16,Bengali,10,কিন্তু মঙ্গাল প্যান্ডয়ের সাহসী পদক্ষেপটি উচ্চ ও মহৎ নীতির প্রতি তার গভীর অনুরাগ দ্বারা করা হয়েছিল।,39.45947846281789
bf16,Bengali,11,"একবার, মরিচ গুঁড়ো এবং সবজি দিয়ে মটরশুঁটি রান্না করা, তারপর সবজিগুলো সব মশলাগুলো মটরশুঁটির মধ্যে প্রবেশ করানো, তারপর মটরশুঁটিগুলো সব মশলাগুলো প্রবেশ করানো, তারপর সব মশলাগুলো প্রবেশ করানো, তারপর সব মশলাগুলো প্রবেশ করানো, তারপর সব মশলাগুলো প্রবেশ করানো, তারপর সব মশলাগুলো প্রবেশ করানো, তারপর সব মশলাগুলো প্রবেশ করানো, তারপর সব মশলাগুলো প্রবেশ করানো, তারপর সব মশলাগুলো প্রবেশ করানো, তারপর সব মশ",11.86356395110275
bf16,Bengali,12,"হিতোপাদসায় বিশ্বজগতের জ্ঞান উপস্থাপনের মাধ্যমে পাখি, প্রাণী এবং মানুষের চরিত্র।",37.98897938018671
bf16,Bengali,13,বইটির উদ্দেশ্য সংস্কৃত অভিব্যক্তি এবং বুদ্ধিমান আচরণের জ্ঞান সম্পর্কে দক্ষতা অর্জনের জন্য উৎসাহিত করা।,37.362551744867226
bf16,Bengali,14,"অধ্যাপক অজিত কুমার ব্যান্ডোপদ হকিউরাহ শহরের সম্পূর্ণ ইতিহাস সংকলন করেন, যা 1994 সালে প্রকাশিত হয় এবং 1995 সালে প্রকাশিত হয়।",29.07027684354436
bf16,Bengali,15,কাটিয়াHall এর সামনের অংশটি একটি অর্ধবৃত্তাকার কাটিয়া arches এর সাথে একটি খোলা সম্মুখের সাথে একটি কাঠের ফেসিং দ্বারা একটি উন্মুক্ত সম্মুখের সাথে একটি উন্মুক্ত সম্মুখের সাথে একটি উন্মুক্ত সম্মুখের সাথে একটি উন্মুক্ত সম্মুখের সাথে একটি উন্মুক্ত সম্মুখের সাথে একটি উন্মুক্ত সম্মুখের সাথে একটি উন্মুক্ত সম্মুখের সাথে একটি উন্মুক্ত সম্মুখের সাথে একটি উন্মুক্ত সম্মুখের সাথে একটি উন্মুক্ত সম্মুখের সাথে একটি উন্মুক্ত সম্মুখের সাথে একটি উন্মুক্ত সম্মুখের সাথে একটি উন্মুক্ত সম্মুখের সাথে একটি উন্ম,18.248073024829974
bf16,Bengali,16,"nasciliya, 'maharaj' এবং 'khansamas' (যেমন, বিশেষজ্ঞ রেসিপিগুলি শতাব্দী ধরে ঐতিহ্যগতভাবে বলা হয়েছে) প্রজন্ম থেকে প্রজন্ম ধরে রেসিপিগুলি নিখুঁত করেছে এবং এই রেসিপিগুলি হাজার হাজার বছর ধরে অডিও ঐতিহ্যগতভাবে পাস করেছে।",28.517628369821058
bf16,Bengali,17,"nasc: সাধারণত, একটি ভাসা বা প্রধান প্রধানের সাহায্যে, বাস্ত বা প্রধান প্রধানের সাহায্যে, বাস্ত বা প্রধান প্রধানের সাহায্যে, বাস্ত বা প্রধান প্রধানের সাহায্যে, বাস্ত বা প্রধান প্রধানের সাহায্যে, বাস্ত বা প্রধান প্রধানের সাহায্যে, বাস্ত বা প্রধান প্রধানের সাহায্যে, বাস্ত বা প্রধান প্রধানের সাহায্যে, বাস্ত বা প্রধান প্রধানের সাহায্যে, বাস্ত বা প্রধান প্রধানের সাহায্যে, বাস্ত বা প্রধান প্রধানের সাহায্যে, বাস্ত বা প্রধান প্রধানের সাহায্যে, বাস্ত বা প্রধান প্রধানের সাহায্যে, বাস্ত বা প্রধান প্রধানের সাহায্যে, বাস্ত বা প্রধান প্রধানের সাহায্যে, বাস্ত বা প্রধান প্রধান",9.3843485934881
bf16,Bengali,18,"nasc: পভ ব্জি: এটি মহারাষ্ট্রের একটি দ্রুত খাবার, যা সাধারণত ভাতে এবং একটি নরম রুটি (পভ) সঙ্গে প্রস্তুত করা হয়।",25.382888696456902
bf16,Bengali,19,,0.0
bf16,Bengali,20,"nasc: Bagh Caves, বৌদ্ধ চিত্রকর্মের সমন্বয়ে গঠিত, মন্ডপ Caves, Madhya Pradesh এর ধার জেলার 97 কিমি দূরে অবস্থিত।",23.221722420116127
bf16,Bengali,21,"nasc: সাধারণত সংস্কৃত সাহিত্যে মূলে শব্দের অর্থ উদ্ভিদের বা গাছের মূল, কিন্তু উপজীব্য, নীচের অংশ বা যে কোনো কিছুর সর্বনিম্ন অংশ বা নীচের অংশ।",26.725883825618983
bf16,Bengali,22,nascency.,0.0
bf16,Bengali,23,"nasc: সমস্ত কুর্ওয়াপরা নিহত হয়, কেবল পাঁচ পাণ্ডব ভাই এবং কৃষ্ণ বেঁচে থাকে।",32.62445824383021
bf16,Bengali,24,"nasc: যুদ্ধ ১৮ দিন ধরে চলে, এবং কাউরাভাকে পরাজিত করে।",25.31521546382972
bf16,Bengali,25,,0.0
bf16,Bengali,26,"nasc: কর্ণাটকের মধ্যে, বেশিরভাগ মানুষই ভক্ষণ করে না, তাই তাদের খাদ্য প্রধানত ভক্ষণ করে না।",20.98567856379088
bf16,Bengali,27,"nasc: তিনি সানজানের দ্বারা উত্তরসূরি, যিনি যুদ্ধক্ষেত্রে কী ঘটছে তা বর্ণনা করেন।",46.6512136184597
bf16,Bengali,28,"nasc: দুটি তামিল উপাখ্যান, যা কলপাথিকারা এবং মানিমিকালার।",14.545913137337363
bf16,Bengali,29,nasc: এই অঞ্চলে চিলি গুঁড়ো ব্যবহার করা হয় সতর্কতার সঙ্গে।,41.99566774894238
bf16,Bengali,30,"nascendi, yuj, yuj, yuj, yuj, yuj, yuj, yuj, yuj, yuj, yuj, yuj, yuj, yuj, yuj, yuj, yuj, yuj, yuj, yuj, yuj, yuj, yuj, yuj, yuj, yuj, yuj, yuj, yuj, yuj, yuj, yuj,",0.0
bf16,Bengali,31,"nascita odissi আজো, অরিয়াসের মন্দিরগুলির বিভিন্ন মোটিফের উপর অসংখ্য চিত্রকর্মের থেকে উদ্ভূত।",15.152966369671622
bf16,Bengali,32,"ভ্যাসিসথ এখন রাজাকে ডাকতে লাগল এবং মৃদু স্বরে বলল: ""তুমি, রাজাকে, প্রতিশ্রুতি দেওয়া একবারের জন্য প্রত্যাখ্যান করা উচিত নয়।""",21.72798051569505
bf16,Bengali,33,"তিনি উপলব্ধি করেন যে অর্জুন'র দুশ্চিন্তারextent, কৃষ্ণ তার মনোভাব পরিবর্তন করে এবং এই বিশ্বের মধ্যে দয়াময় কর্মের রহস্য শেখার শুরু করেন।",33.47822792945859
bf16,Bengali,34,"আপনি যখন চালের গুঁড়োটি পাত্রে ঢেলে দেন, তখন মাঝে মাঝে আপনি ছোট ছোট পরিমাণে grated coconut যোগ করতে পারেন।",32.39405557667325
bf16,Bengali,35,"আপনি প্রথমে একটি চিমটি grated কুইনটিনারি মধ্যে একটি চিমটি, তারপর ভালভাবে মিশ্রিত করা চালের গুঁড়ো যোগ করতে পারেন।",22.8145563460206
bf16,Bengali,36,"মহারাজা রঞ্জিত সিংয়ের দানটি ছিল একটি সুন্দর এবং চিত্তাকর্ষক গুরু দরবার নির্মাণ করা, যা 1835 AD এর কাছাকাছি নাগাদ একটি বিশাল এবং জটিল কারুকার্য সহ একটি স্বর্ণের ছাদ বিশিষ্ট একটি অট্টালিকা।",27.11380118508172
bf16,Bengali,37,"সাম্যবেদা হল এই নির্বাচিত রূচাকে সংকলন করা সভার দ্বারা সুর করা হচ্ছে, যাতে তাদের প্রস্তাবিত চান্ডা বা ছন্দবদ্ধ ছন্দ।",24.481034771539143
bf16,Bengali,38,"ভ্যালমিকির কাছ থেকে প্রাচীন অযোধ্যায় রাজধানী সম্পর্কে বর্ণনা, এটি স্পষ্ট যে, আমাদের আধুনিক শহরগুলির তুলনায় আমাদের প্রাচীন শহরগুলিও ছিল না।",35.655447497095984
bf16,Bengali,39,"একবার বলেছিলেন, 'আমি করব', আপনি কিন্তু তা করতে বাধ্য।",23.564331350060066
bf16,Bengali,40,"সাম্প্রতিক দিনগুলোতে, রুবাইয়ের বিনিময় হার এবং আমাদের বৈদেশিক মুদ্রার পর্যাপ্ততা সম্পর্কে আমাদের দৃষ্টিভঙ্গি ভিন্ন।",35.47796838381624
bf16,Bengali,41,"ব্যাংকগুলি ক্রেডিট কার্ডের একটি অ্যাকাউন্টকে ক্রেডিট ইনফরমেশন কোম্পানিতে (সিআইসি) বা জরিমানা আরোপ করতে হবে, যদি কোনো কারণে, যদি কোনো কারণে, যদি কোনো কারণে, যদি কোনো কারণে, যদি কোনো কারণে, যদি কোনো কারণে, যদি কোনো কারণে, যদি কোনো কারণে, যদি কোনো কারণে, যদি কোনো কারণে, যদি কোনো কারণে, যদি কোনো কারণে, যদি কোনো কারণে, যদি কোনো কারণে, যদি কোনো কারণে, যদি কোনো কারণে, যদি কোনো কারণে, যদি কোনো কারণে,",19.649743260404243
bf16,Bengali,42,দেশগুলি তাদের আর্থিক অবস্থার উন্নতি করতে অভ্যন্তরীণ সরাসরি বিনিয়োগের জন্য উৎসাহিত করতে পারে।,65.19023367783689
bf16,Bengali,43,"যাইহোক, প্যাকেজটি কার্যকর করার জন্য দ্রুত বাস্তবায়ন করার জন্য, যদি প্যাকেজটি অনুমোদিত প্যাকেজটি ব্যাংক দ্বারা 90 দিনের মধ্যে প্রাপ্ত আবেদনটির তারিখ থেকে রেস্টুরেশন অব অ্যাসেট স্ট্যাটাস ব্যাংক দ্বারা রেস্টুরেশন অব অ্যাসেট স্ট্যাটাস পুনরুদ্ধার করা হয়, যদি ব্যাংক।",33.705650306043225
bf16,Bengali,44,"ব্যক্তিগত পুঁজির蓄积ের গতিশীলতা অবশ্যই ধনীদের মধ্যে সম্পদের কেন্দ্রীকরণকে অনিবার্যভাবে নেতৃত্ব দেবে, বা বৃদ্ধি, প্রতিযোগিতা এবং প্রযুক্তিগত অগ্রগতি বৃদ্ধির ভারসাম্যপূর্ণ শক্তিগুলি বৈষম্যকে হ্রাস করবে?",44.28464115216389
bf16,Bengali,45,এটি বাজারের অতিরিক্তVolatilityকে কমানোর জন্য হস্তক্ষেপ করে এবং প্রত্যাশারকে ধরে রাখে।,30.459230990032733
bf16,Bengali,46,উচ্চ-স্বরে তথ্য Q2 এর জন্য ইঙ্গিত দেয় যে অর্থনৈতিক কার্যকলাপ স্থিতিস্থাপক।,34.82272375012899
bf16,Bengali,47,"ম্যাক্রো-অর্থনীতিতে, বিষয়টি সাধারণত একটি দেশ এবং কীভাবে সমস্ত বাজার বৃহৎ ঘটনা তৈরি করে এমন বড় ঘটনাগুলি তৈরি করে এমন বৃহৎ বৈশ্বিক বৈচিত্র্যের একটি দেশের।",27.617408497653734
bf16,Bengali,48,লিকুইডটি আর্থিকAssetsকে স্বল্প সময়ের মধ্যে নিকটতম বাজার মূল্যের কাছাকাছি বিক্রি করার ক্ষমতাকে নির্দেশ করে।,39.0130065218657
bf16,Bengali,49,"সাধারণভাবে, রাজস্ব প্রাপ্তির নীতি অবশ্যই লক্ষ্যবস্তু এবং রেকর্ড পুনরুদ্ধারের উপর ভিত্তি করে, বরং কোন স্ববিরোধী বিবেচনার উপর ভিত্তি করে।",26.96241484646052
bf16,Bengali,50,"অতএব, এমন পরিমাণ আগ্রহের অভাব হয় না এবং তাই, ঋণের তারিখের সাথে সাথে, ঋণের উপর নপ, ঋণের উপর নপ, ঋণের উপর নপ, ঋণের উপর নপ, ঋণের উপর নপ, ঋণের উপর নপ, ঋণের উপর নপ, ঋণের উপর নপ, ঋণের উপর নপ, ঋণের উপর নপ, ঋণের উপর নপ, ঋণের উপর নপ, ঋণের উপর নপ,",16.11129348498295
bf16,Bengali,51,"ভারতের অর্থপ্রদান ব্যবস্থার অন্যান্য jurisдикশন, বিশেষ করে UPI-এর সাথে অন্যান্য jurisдикশন, এর মধ্যে ইন্টারলিংকিং-এর মাধ্যমে ভারতের দ্রুত অর্থপ্রদান ব্যবস্থার অংশীদারিত্বের সম্ভাবনা, পাশাপাশি অর্থপ্রদান, বিশেষ করে অর্থপ্রদান, এর মধ্যে অর্থপ্রদান।",30.248811070334703
bf16,Bengali,52,তরল প্রাকৃতিক গ্যাস (এলএনজি) শক্তিSegmentে ক্রমবর্ধমান গুরুত্ব পাচ্ছে কারণ এটি পাওয়ার প্ল্যান্ট এবং শিল্প (খনিজ) প্ল্যান্ট পরিচালনা করতে ব্যবহৃত হয়।,33.82413106427482
bf16,Bengali,53,"যাইহোক, যখন বাজারগুলি আপনাকে বিক্রয় বাড়ানোর অনুমতি দেয়, তবে তারা আপনাকে একটি টেকসই ব্যবসা গড়ে তুলতে এবং আপনার নিজস্ব বাজারজাতযোগ্য ব্র্যান্ড তৈরি করতে দেয় না।",49.32004342679501
bf16,Bengali,54,পেমেন্ট অ্যাগ্রিগ্যাটরেটর (পিএ) পেমেন্ট ইকোসিস্টেমের একটি গুরুত্বপূর্ণ ভূমিকা পালন করে এবং তাই মার্চ 2020 সালে পেমেন্ট সিস্টেম অপারেটর (পিএসও) হিসাবে নিয়ন্ত্রিত এবং পেমেন্ট সিস্টেম অপারেটর (পিএসও) হিসাবে নিয়ন্ত্রিত।,30.584815845388142
bf16,Bengali,55,"বর্তমানে, যাইহোক, অনলাইন বা ই-কমার্স লেনদেন প্রক্রিয়াকরণের জন্য অনলাইন বা ই-কমার্স লেনদেন প্রক্রিয়াকরণের জন্য প্রযোজ্য।",24.655736542283822
bf16,Bengali,56,"রিকার্ডো'র অন্তর্দৃষ্টি ছিল যে, এমন একটি দেশ তার অনুপাতগত সুবিধা অনুযায়ী বাণিজ্য করতে হবে, যেখানে তার অনুপাতগত সুবিধা সবচেয়ে বেশি, এবং তার অনুপাতগত সুবিধা কম হলেও আমদানি করতে হবে (অবশ্যই এখনও ইতিবাচক)।",37.84599808179717
bf16,Bengali,57,"সেপ্টেম্বর ৯, 2022 সাল পর্যন্ত, 16.2 শতাংশ y-o-y হিসাবে, 2022 সালের সেপ্টেম্বরের আগে, 2021 সালের সেপ্টেম্বর থেকে 2022 সালের সেপ্টেম্বর পর্যন্ত, 2021 সালের সেপ্টেম্বর থেকে 2022 সালের সেপ্টেম্বর পর্যন্ত, 2021 সালের সেপ্টেম্বর থেকে 2022 সালের সেপ্টেম্বর পর্যন্ত, 2021 সালের সেপ্টেম্বর থেকে 202",16.201710036815253
bf16,Bengali,58,"তাদের নিজস্ব ফসল উৎপাদনের জন্য তাদের ফসল কাটা, বাছাই, গ্রেডিং এবং পরিবহন করার জন্য তাদের জন্য ফসল ঋণ।",27.044540525908527
bf16,Bengali,59,"মাঝারি ও দীর্ঘমেয়াদি ঋণের জন্য কৃষি ও সমকক্ষ কার্যক্রমের জন্য কৃষি যন্ত্রপাতি, জল নিষ্কাশন ও অন্যান্য উন্নয়নমূলক কার্যক্রমের জন্য কৃষিতে গৃহীত।",30.54273167816225
bf16,Bengali,60,ব্যাংকিং নিয়ন্ত্রকরা ঐতিহ্যবাহী ব্যাংকের ঐতিহ্যগত ব্যাংকের সাথে তার অনুপাত পরীক্ষা করে এবং এটি ভাল মূলধন এবং লিকুইডতা বিধিনিষেধের মাধ্যমে নিয়ন্ত্রিত করার চেষ্টা করছে কারণ এই অনুপাত ঐতিহ্যগত আর্থিক খাত এবং সাধারণভাবে অর্থনীতিকে প্রভাবিত করেছে।,35.18876132070813
bf16,Bengali,61,"বিশ্বব্যাপী আর্থিক সংকট সত্ত্বেও, সরকারী বিভাগ আরও এবং ভাল তথ্য সংগ্রহ করছে এবং গোপন দুর্বলতাগুলি সন্ধান করছে।",39.28202911527492
bf16,Bengali,62,বাজার-চুক্তি মূল্য চাহিদা অনুসারে নির্ধারণ করা হয়।,18.111219189781163
bf16,Bengali,63,"মডেলের Equations সরবরাহ এবং চাহিদা এর স্তর মূল্য এবং অন্যান্য Variables (উদাহরণস্বরূপ, আয়) এর উপর নির্ভর করে নির্ধারণ করে।",26.27581377561643
bf16,Tamil,0,"ஒரு தோற்றம் சேவைப் பணியாளரின் பண்புகளின் ஒரு தொகுப்பு, அதாவது அவர்களின் Shoes, Clothes, Tie, Jewellery, Hair Style, Make-up, Watch, Cosmetics, Perfume, etc.",22.79135434206005
bf16,Tamil,1,"அஜான் தா, மகாராஷ்டிராவின் அர்ஊண்டா மாவட்டத்தில் அமைந்துள்ளது, இது 29 காதயா மற்றும் விஹரா குகைகள் உள்ளன, அவை முதல் நூற்றாண்டு முதல் ஐந்தாம் நூற்றாண்டு வரை சிற்பங்கள் மற்றும் ஓவியங்களால் அலங்கரிக்கப்பட்டுள்ளன.",50.03964206113708
bf16,Tamil,2,"உடல் நிறம் வெளிப்புற வரம்புடன் கலந்தால், இது அளவு விளைவிக்கும்.",30.865274303289212
bf16,Tamil,3,"அசோக மன்னர் சிற்பங்கள் மற்றும் பெரிய நினைவுச்சின்னங்கள் செய்ய கற்களை அதிகம் பயன்படுத்தத் தொடங்கினார், அதே வேளை, அதற்கு முன்னர் மர மற்றும் செங்கல் வேலைப்பாடுகள் பயன்படுத்தப்பட்டது.",44.94072006067192
bf16,Tamil,4,"இந்தோனேசியாவில் உள்ள பல மாநிலங்களில் இருந்து கலப்படம் செய்யப்பட்ட முட்டைகள், பச்சைக் கோழிக்கரையில் பொரித்து, பச்சைக் கோழிக்கரையில் பொரித்து, பச்சைக் கோழிக்கரையில் பொரித்து, பச்சைக் கோழிக்கரையில் பொரித்து, பச்சைக் கோழிக்கரையில் பொரித்து, பச்சைக் கோழிக்கரையில் பொரித்து, பச்சைக் கோழிக்கரையில் பொரித்து, பச்சைக்",17.680284173522267
bf16,Tamil,5,"செட்டியாட் சமையல் முறை, செட்டியாட் கியர், அல்லது நாகராத்ரர்கள் என அழைக்கப்படும் ஒரு சமூகத்தின் சமையல் முறை, தமன்னா மாநிலத்தின் தமன்னா மாவட்டத்திலிருந்து செட்டியாட் சமையல் முறை என்று அழைக்கப்படுகிறது.",30.304523502446777
bf16,Tamil,6,"சிம்மென் இந்தியாவுக்கு சொந்தமானது, எனவே அதன் பயன்பாடுகள் அதன் நன்சையை ஒரு சுவைப்பொருளாகவும், மருத்துவப் பொருளாகவும் பயன்படுத்தும் வரை செல்கிறது.",28.040946611924124
bf16,Tamil,7,இந்தி மாவு அரைத்து ஒரு உலர்த்திய கிராக்கி அல்லது ஒரு கல் பிளாஸ்ட்டில்.,21.76885524439319
bf16,Tamil,8,"ஒவ்வொரு நகரத்திலும் பால்குர், பன்னீர் பருப்பு, பால் பொருட்கள் போன்ற பல்வேறு விருப்பங்கள் உள்ளன, அத்துடன் அர்மிர்திக்குரிய கூல்ச், பன்னீர் பருப்பு மற்றும் பால் பொருட்கள் போன்றவற்றைச் சுவைப்பவர்கள்.",29.826734887972755
bf16,Tamil,9,"ராமனை ராமன் என்ற பெயரில் அனுப்புங்கள், மேலும் லட்சுமனை அனுப்புங்கள்.",29.428945044205
bf16,Tamil,10,ஆனால் மங்கல பண்டிர் என்ற வீரச்செயல் ஒரு உயர்ந்த மற்றும்nobleprincipleக்குட்பட்டது.,20.5130280905994
bf16,Tamil,11,"இனிமையான மUTTON உடன் தக்காளி, தக்காளி தூள் மற்றும் சில நேரம் சமைத்து, அனைத்து சமையல் பொருட்களும் மUTTON இல் உள்வாங்கப்படும் வரை, அனைத்து சமையல் பொருட்களும் மUTTON இல் உள்வாங்கப்படும் வரை, அனைத்து சமையல் பொருட்களும் உள்வாங்கப்படும் வரை, அனைத்து சமையல் பொருட்களும் உள்வாங்கப்படும் வரை, அனைத்து சமையல் பொருட்களும் உள்வாங்கப்படும் வரை, அனைத்து சமையல் பொருட்களும் உள்வாங்கப்படும் வரை, அனைத்து சமையல் பொருட்களும் உள்வாங்கப்படும் வரை, அனைத்து சமையல் பொருட்களும் உள்வாங்கப்படும் வரை, அனைத்து சமையல் பொருட்களும் உள்வாங்கப்படும் வரை, அனைத்து சமையல் பொருட்க",19.152364871136736
bf16,Tamil,12,"ஹிதோபாதேசா என்பது உலக அறிவுரை வழங்கப்பட்டிருக்கும் பறவைகள், விலங்குகள் மற்றும் மனிதர்கள் கதாபாத்திரங்களின் மூலம் ஒரு புத்தகம்.",55.48946577016791
bf16,Tamil,13,"இந்த புத்தகத்தின் நோக்கங்கள், சனஸ்கிருத மொழியின் வெளிப்பாட்டை ஊக்குவிப்பது மற்றும் நல்ல நடத்தை பற்றிய அறிவை வளர்ப்பது.",37.56957358404821
bf16,Tamil,14,"பேராசிரியர் அசிதகுமார் பட்டேபோதி, அவரது சொந்த ஊரான ஹொவரா ஹொவரா சஹாரெர் இத்திரிபிரிட்டோ (முதல் மற்றும் இரண்டாம் தொகுதி) 1994 & 1995 இல் தொகுத்து வழங்கினார்.",36.99117305379032
bf16,Tamil,15,"காதயம் மண்டபம் முன் ஒரு அரை வட்ட காதயம் மண்டபம் கோபுரத்துடன் ஒரு திறந்த முன் கொண்ட ஒரு மரச் சாளரத்துடன், சில நேரங்களில் காதயம் மண்டபம் கோபுரத்தின் மேலோட்டமான கோபுரத்தை இல்லை.",21.538696250991578
bf16,Tamil,16,இந்தியாவிலுள்ள பாரம்பரியமாக 'மஹாராஜ' மற்றும் 'கஹான்மாச' (எதிர்வரும் காலங்களில் இந்த இந்தியாவிலுள்ள சமையல் வல்லுநர்கள் பாரம்பரியமாக அழைக்கப்படுகிறார்கள்) தலைமுறைகள் மூலம் இந்த சமையல் முறைகளை ஆயிரக்கணக்கான ஆண்டுகளாக வாய்வழி வழியில் இருந்து எடுத்துச் செல்லப்பட்டுள்ளன.,38.090975216413625
bf16,Tamil,17,"பாரம்பரியமாக, இது ஒரு வசா அல்லது தலைமுறை தலைவராக, மற்றும் ஒரு நீதிமன்றம் அல்லது தலைமுறை தலைவராக, அல்லது சமையல்காரர்களுடன் உதவியுடன் ஒரு வசா அல்லது தலைமுறை தலைவராக, அல்லது தலைமுறை தலைவராக, அல்லது தலைமுறை தலைவராக, அல்லது தலைமுறை தலைவராக, அல்லது தலைமுறை தலைவராக, அல்லது தலைமுறை தலைவராக, அல்லது தலைமுறை தலைவராக, அல்லது தலைமுறை தலைவராக, அல்லது தலைமுறை தலைவராக, அல்லது தலைமுறை தலைவராக, அல்லது தலைமுறை தலைவராக, அல்லது தலைமுறை தலைவராக, அல்லது தலைமுறை தலைவராக, அல்லது தலைமுறை தலைவராக, அல்லது தலைமுறை தலைவராக, அல்லது தலைமுறை தலைவராக, அல்லது தலைமுறை தலைவராக, அல்லது தலைமுறை தலைவராக, அல்லது தலைமுறை தலைவராக, அல்லது தலைமுறை தலைவராக, அல்லது தலைமுறை தலைவராக, அல்லது தலைமுறை தலைவராக, அல்லது தலைமுறை",14.704813308421665
bf16,Tamil,18,"பாவ் பிஜி: இது மராட்டிய மாநிலத்திலிருந்து ஒரு விரைவு உணவுப் பொடி, பொதுவாக பட்டர் மற்றும் பவுச் ரொட்டியில் தயாரிக்கப்பட்டு, பவுச் ரொட்டியில் (பாவ்) வழங்கப்படும் ஒரு நெளிஞ்சித் தக்காளிச் சமையல் (பஜ்ஜி) ஆகும்.",26.121223757708982
bf16,Tamil,19,"லால் தேடின் மற்றும் ஹபபா கத்தூனின் கவித்துவமான சுவை மற்றும் தீவிரமான வெளிப்பாட்டின் மூலம், மிராபிையின் ராஜஸ்தான் சமையல் முறை தனித்துவமானது, அண்ட்ாலாவின் மகாதேவி வச்சான்கள் கன்னடாவில் மகாதேவிக்கு மகாதேவிக்கு மகாதேவிக்கு மகாதேவிக்கு மகாதேவிக்கு மகாதேவிக்கு மகாதேவிக்கு மகாதேவிக்கு மகாதேவிக்கு மகாதேவிக்கு மகாதேவிக்கு மகாதேவிக்கு மகாதேவிக்கு மகாதேவிக்கு மகாதேவிக்கு மகாதேவிக்கு மகாதேவிக்கு மகாதேவிக்கு மகாதேவிக்கு மகாதேவிக்கு மகாதேவிக்கு மகாதேவிக்கு மக",22.727997182879868
bf16,Tamil,20,"97 கிமீ தொலைவில் மகாபலி மாவட்டத்தில் தர்ம மாவட்டத்திலுள்ள பகாக் குகைகள், புத்தர் ஓவியங்களைக் கொண்ட குகைகள் உள்ளன.",37.7812911040211
bf16,Tamil,21,"இந்தி இலக்கியங்களில் மலா என்ற சொல் தாவர அல்லது மரத்தின் வேதிப்பொருளாகும், ஆனால் விவரிக்கையில், எதையும் அடிப்படையாகக் கொண்ட கால் அல்லது குறைந்தபட்சம் அல்லது அடிப்பகுதி.",33.88543310598318
bf16,Tamil,22,இந்துவல்லி நாகரிகம் பல்வேறு துறைகளில் தொழில்நுட்ப அறிவைக் கொண்டுள்ளே அறியப்படுகிறது.,44.01932729269432
bf16,Tamil,23,"அனைத்துக் காருவாசிகளும் இறந்துவிடுகின்றன, ஆனால் ஐந்து பாண்டவா சகோதரர்களும் கிருஷ்ணர் உயிர்வாழ்கிறார்.",29.621692081754095
bf16,Tamil,24,"இந்தத் தம்பிரான் சண்டை பதினேழு நாட்கள் நீடித்து முடிவடைகிறது, மேலும் காருவாக்கள் தோற்கடிக்கப்படுகிறது.",26.8643290580872
bf16,Tamil,25,"மகாகவி பாரத பாரதத்தின் மையக் கதை, தற்கால டெல்லிக்கு அருகில் நவீன டெல்லியின் பழமையான பிரதேசமாக அறியப்படும் ஒரு இராச்சியத்தின் வழிவகுப்புக்கு இடையிலான சண்டை ஆகும்.",28.508416883544008
bf16,Tamil,26,"கர்நாடகாவில் சைவ உணவோர் எண்ணிக்கை மற்ற சைவ உணவோர் எண்ணிக்கையை விட அதிகம், எனவே அவர்களின் சமையல் முறை பெரும்பாலும் சைவ உணவுகளையே கொண்டுள்ளது.",39.00844185746927
bf16,Tamil,27,"சஞ்சயன், போர்க்களத்தில் என்ன நடக்கிறது என்று பதிலளிக்கிறார்.",59.998744601818125
bf16,Tamil,28,தமிழ் நாட்டில் காணப்படும் இரண்டு புராணங்கள் சிலபத்ரிகாரம் மற்றும் மன்மேகலை ஆகும்.,24.970346563650388
bf16,Tamil,29,இந்த பகுதியில் இஞ்சி தூள் பயன்படுத்தும் முறை கவனமாக உள்ளது.,29.996575069861517
bf16,Tamil,30,"யோகா என்ற சொல் ச்ரஷ்டி என்ற சொல்லிலிருந்து பெறப்பட்டது, அதாவது இணைத்தல் அல்லது பிணைத்தல் அல்லது ஒன்றிணைத்தல் அல்லது ஒன்றிணைத்தல்.",40.97281333342738
bf16,Tamil,31,இன்று ஆடியிசின் வளர்ச்சி என்பது ஒரியாவின் பல சுவரில் செதுக்கப்பட்ட சிற்பங்களின் தொடர்ச்சியாகும்.,23.155164620194626
bf16,Tamil,32,"வஸிஷ்டா இப்போது மன்னருக்குத் திரும்பியபோது, மென்மையான குரலில் பேசினார்: ""நீங்கள் மன்னர், நீங்கள் ஒரு முறை promise செய்ததை மறுக்க உங்களைச் செய்கிறீர்கள்"".",28.4418908232775
bf16,Tamil,33,அவரும் அவனுடைய துயரத்தை அறிந்ததும் கிருஷ்ணர் அவனுடைய மனநிலையை மாற்றிக்கொண்டு இந்த உலகத்தில் உள்ள தர்மம் செயலின் அமானுஷ்யங்களை கற்பிக்கத் தொடங்குகிறார்.,35.87592256429207
bf16,Tamil,34,"நீங்கள் அரிசி மாவுவை கலக்கத் தொடங்குவதற்கு முன், நீங்கள் சிறிய அளவிலான கிராத்திக் கொட்டையைச் சேர்க்கலாம்.",27.078530251805528
bf16,Tamil,35,"நீங்கள் ஒரு சிட்டிகை தக்காளித் தினைப் பொடியை ஊற்றிப் பிறகு, நன்கு கலக்கப்பட்டுள்ள அரிசியைப் போட்டுத் தொடங்குங்கள்.",17.80922214494389
bf16,Tamil,36,"மராட்டிய அரசால் வழங்கப்பட்ட இந்த தொண்டு, 1835 AD இல் நந்தையில் ஒரு பெரிய மற்றும் அற்புதமான குருடவாரம் கட்டப்படுவதை நோக்கமாகக் கொண்டது.",18.71914304854996
bf16,Tamil,37,"சாமவேதமானது, இந்த தேர்ந்தெடுக்கப்பட்ட ருகாக்கள் ஸ்வராக்கள் கொண்டு வரப்படும், அவற்றின் முன்மொழியப்பட்ட Chanda அல்லது மெட்டரிக்குகள் அல்லது மெட்டரிக்குகள் அல்லது மெட்டரிக்குகள் அல்லது மெட்டரிக்குகள் அல்லது மெட்டரிக்குகள் அல்லது மெட்டரிக்குகள் அல்லது மெட்டரிக்குகள் அல்லது மெட்டரிக்குகள் அல்லது மெட்டரிக்குகள் அல்லது மெட்டரிக்குகள் அல்லது மெட்டரிக்குகள் அல்லது மெட்டரிக்குகள் அல்லது மெட்டரிக்குகள் அல்லது மெட்டரிக்குகள்",19.60485188627416
bf16,Tamil,38,"காசுலா நாட்டின் தலைநகரான வல்மீகி's description, பண்டைய அயோத்தியா நவீன நகரங்கள் என்று நம் நவீன நகரங்கள் என்று நம் நவீன நகரங்கள் என்று தெளிவாகிறது.",33.72966747307182
bf16,Tamil,39,"நீங்கள் 'நான் செய்வேன்' என்று சொன்னால், நீங்கள் செய்ய வேண்டிய ஒரே வழி இதுதான்.",37.89752737760171
bf16,Tamil,40,"சமீபத்திய நாட்களில், ரூபாயின் மதிப்பு மற்றும் நமது வெளிமார்க்கம் இருப்புத் தணிக்கையின் போது வேறுபட்ட கருத்துகள் உள்ளன.",34.62933330759386
bf16,Tamil,41,"வங்கிகள் கடன் கார்டு கணக்குகள் CICs அல்லது தண்டனை வசூலிக்க வேண்டும், அதாவது, கால தாமதம் கட்டணங்கள், முதலியன, கடன் கார்டு கணக்குகள் மேலும் மூன்று நாட்கள் கடமையாற்றப்பட்டால், அது கடமையாற்றப்பட்டிருக்கும்.",28.143025818935552
bf16,Tamil,42,நாடுகள் உள்நாட்டு நேரடி முதலீட்டை ஊக்குவிப்பதன் மூலம் தங்கள் நிதிகளை மேம்படுத்தலாம்.,38.6609481413134
bf16,Tamil,43,"இருப்பினும், விரைவான செயல்படுத்தல் திட்டத்தின் ஒரு ஊக்கத்தொகைக்காக, திட்டத்தை வங்கி 90 நாட்களுக்குள் பெறப்பட்ட விண்ணப்பத்தின் நாள் முதல் திட்டத்தின் ஒப்புதல் நிலையை மீட்டெடுக்கலாம்.",24.986540350078307
bf16,Tamil,44,"தனியார் முதலீட்டு வளங்களின் இயக்கம் என்பது செல்வத்தின் பற்றாக்குறைக்கு வழிவகுக்கும், அல்லது வளர்ச்சிக்கான சமநிலைப்force, போட்டி மற்றும் தொழில்நுட்ப முன்னேற்றங்கள் சமநிலையை குறைக்கும், இல்லையா?",35.172717082772905
bf16,Tamil,45,இது அதிக வீழ்ச்சி விகிதங்களை கட்டுப்படுத்துகிறது மற்றும் எதிர்பார்ப்புகளை உறுதியளிக்கிறது.,29.645515337778665
bf16,Tamil,46,Q2 இல் காணப்படும் அதிகபட்ச தரவு பொருளாதார நடவடிக்கைக்கு மீண்டுள்ளது.,15.707471560091236
bf16,Tamil,47,"மாற்றுத்திறனறிக்காலில், இந்தத் தலைப்பானது ஒரு நாட்டைப் பற்றியது, மேலும் அனைத்து சந்தைகளும் எவ்வாறு பெரிய நிகழ்வுகளை உருவாக்குகின்றன என்பதை நிர்வகிக்கும் பெரிய நிகழ்வுகளை உருவாக்குகின்றன என்பதை நிர்வகிக்கும் பெரிய நிகழ்வுகளை உருவாக்குகின்றன என்பதை நிர்வகிக்கும் பெரிய நிகழ்வுகளை உருவாக்குகின்றன என்பதை நிர்வகிக்கும் பெரிய நிகழ்வுகளை உருவாக்குகின்றன என்பதை நிர்வகிக்கும் பெரிய நிகழ்வுகளை உருவாக்குகின்றன என்பதை நிர்வகிக்கும் பெரிய நிகழ்வுகளை உருவாக்குகின்றன என்பதை நிர்வகிக்கும் பெரிய நிகழ்வுகளை உருவாக்குகின்றன என்பதை நிர்வகிக்கும் பெரிய நிகழ்வுகளை உருவாக்குகின்றன என்பதை நிர்வகிக்கும் பெரிய நிகழ்வுகளை உருவாக்குகின்றன என்பதை நிர்வகிக்கும்",23.487892381337247
bf16,Tamil,48,நிதிச் சொத்துக்கள் குறுகிய காலத்தில் நெருக்கடிக்கு இடமளிக்கக்கூடிய அளவுக்குப் பணம் வர்த்தகம் செய்யக்கூடியது.,28.271705547549104
bf16,Tamil,49,"பொதுவாக, வருமானக் கையாளுதல் கொள்கை நோக்குநிலை மற்றும் மீட்கப்பட்ட மீட்கப்பட்ட மீட்கப்பட்ட மீட்கப்பட்ட மீட்கப்பட்ட மீட்கப்பட்ட மீட்கப்பட்ட மீட்கப்பட்ட மீட்கப்பட்ட மீட்கப்பட்ட மீட்கப்பட்ட மீட்கப்பட்ட மீட்கப்பட்ட மீட்கப்பட்ட மீட்கப்பட்ட மீட்கப்பட்ட மீட்கப்பட்ட மீட்கப்பட்ட மீட்கப்பட்ட மீட்கப்பட்ட மீட்கப்பட்ட மீட்கப்பட்ட மீட்கப்பட்ட மீட்கப்பட்ட மீட்கப்பட்ட மீட்கப்பட்ட மீட்கப்பட்ட மீட்கப்பட்ட மீட்கப்பட்ட மீட்கப்பட்ட மீட்கப்பட்ட மீட்கப்பட்ட மீட்கப்பட்ட மீட்கப்பட்ட மீட்கப்பட்ட மீட்கப்பட்ட மீ",12.830976779218553
bf16,Tamil,50,"எனவே, இத்தகைய அளவுinteresse, தவணைக்குத் தள்ளுபடி செய்யப்படாமல், தவணைக்குத் தள்ளுபடி செய்யப்படாமல், தவணைக்குத் தள்ளுபடி செய்யப்படாமல், தவணைக்குத் தள்ளுபடி செய்யப்படாமல், தவணைக்குத் தள்ளுபடி செய்யப்படாமல், தவணைக்குத் தள்ளுபடி செய்யப்படாமல், தவணைக்குத் தள்ளுபடி செய்யப்படாமல், தவணைக்குத் தள்ளுபடி செய்யப்படாமல், தவணைக்குத் தள்ளுபடி செய்யப்படாமல், தவணைக்குத் தள்ளுபடி செய்ய",14.011832978902452
bf16,Tamil,51,"இந்தியர்களின் பணம் செலுத்துவதற்கான முறைகளை மற்ற நாடுகளுடன் இணைப்பதற்கான வாய்ப்பு, UPI-இன் தொடர்ச்சியான முயற்சியுடன், இணையாக உள்ள பிற நாடுகளின் முறைகளை இணைப்பதற்கான தொடர்ச்சியான முயற்சியுடன், வரவுசெலவு முறைகள் மேம்படும்.",24.29843594198268
bf16,Tamil,52,"லித்தியம் நரம்பு எரிவாயு (LNG) ஆற்றல் பிரிவில் அதிக முக்கியத்துவம் பெறுகிறது, ஏனெனில் இது மின் நிலையங்கள் மற்றும் தொழில்துறை (பொருத்த உரங்கள்) நிலையங்களை இயக்குவதற்கு பயன்படுத்தப்படுகிறது.",36.79734674558063
bf16,Tamil,53,"இருப்பினும், சந்தைகள் விற்பனை வளர்த்துக் கொள்ள உங்களை அனுமதிக்காது, ஆனால் நீங்கள் ஒரு நிலையான வணிகத்தை வளர்த்துக் கொள்ளவும் உங்கள் சொந்த வர்த்தகப் பிராண்ட் உருவாக்கவும் உங்களை அனுமதிக்காது.",39.74257596377412
bf16,Tamil,54,"பாயிண்ட் அவுட் அவுட் (PAs) பணம் செலுத்தும் சுற்றுச்சூழல் அமைப்பின் முக்கிய பங்கு வகிக்கின்றன, எனவே 2020 ஆம் ஆண்டில் ஒழுங்குமுறைப்படுத்தப்பட்டன மற்றும் பணம் செலுத்தும் முறைப்பொறுப்பாளிகள் (PSOs) என்று வகைப்படுத்தப்பட்டன.",32.79453502580732
bf16,Tamil,55,"தற்போதுள்ள ஒழுங்குமுறைகள், இருப்பினும், ஆன்லைன் அல்லது மின்னணு வர்த்தக 거래க்கான பரிமாற்றக் கூட்டாளிகளுக்கு பொருந்தும்.",35.0194586499747
bf16,Tamil,56,"ரிச்சாரியோவின் நுண்ணறிவு என்னவென்றால், ஒரு நாட்டின் இந்த நிலை, அதன் ஒப்பீட்டளவில் அதிகபட்சம் அதன் ஒப்பீட்டளவில் குறைந்தபட்சம் அதன் ஒப்பீட்டளவில் குறைந்தபட்சம் அதன் ஒப்பீட்டளவில் குறைந்தபட்சம் அதன் ஒப்பீட்டளவில் குறைந்தபட்சம் அதன் ஒப்பீட்டளவில் குறைந்தபட்சம் அதன் ஒப்பீட்டளவில் குறைந்தபட்சம் அதன் ஒப்பீட்டளவில் குறைந்தபட்சம் அதன் ஒப்பீட்டளவில் குறைந்தபட்சம் அதன் ஒப்பீட்டளவில் குறைந்தபட்சம் அதன் ஒப்பீட்டளவில் குறைந்தபட்சம் அதன் ஒப்பீட்டளவில் குறைந்தபட்சம் அதன் ஒப்பீட்டளவில் குறைந்தபட்சம் அதன் ஒப்பீட்டளவில் குறைந்தபட்சம் அதன் ஒப்பீட்டளவில் குறைந்தபட்சம் அதன்",16.333066775451748
bf16,Tamil,57,"ஆகஸ்ட் 9, 2022, அன்று, 16.2% y-o-y ஆக வங்கி கடன் வளர்ச்சி விகிதம் வளர்ந்த, கடந்த ஆண்டை விட 6.7% ஆக.",18.803261871251102
bf16,Tamil,58,"அறுவடை மற்றும் அறுவடைக்குப் பிறகு மேற்கொள்ளப்படும் கடன்கள் தங்கள் பண்ணை விளைபொருளின் உறிஞ்சுதல், உரம், அறுவடை, வரிசைப்படுத்துதல், தரநிலைப்படுத்துதல் மற்றும் போக்குவரத்து ஆகியவற்றைக் உள்ளடக்கியது.",35.404554026796426
bf16,Tamil,59,விவசாயம் மற்றும் துணைத் தொழில்கள் தொடர்பான விவசாயத் தொழில் மற்றும் விவசாயத் தொழில்கள் தொடர்பான விவசாயத் தொழில்கள் தொடர்பான விவசாயத் தொழில்கள் தொடர்பான விவசாயத் தொழில்கள் தொடர்பான விவசாயத் தொழில்கள் தொடர்பான விவசாயத் தொழில்கள் தொடர்பான விவசாயத் தொழில்கள் தொடர்பான விவசாயத் தொழில்கள் தொடர்பான விவசாயத் தொழில்கள் தொடர்பான விவசாயத் தொழில்கள் தொடர்பான விவசாயத் தொழில்கள் தொடர்பான விவசாயத் தொழில்கள் தொடர்பான விவசாயத் தொழில்கள் தொடர்பான விவசாயத் தொழில்கள் தொடர்பான விவசாயத் தொழில்கள் தொடர்பான விவசாயத் தொழில்கள் தொடர்பான விவசாயத் தொழில்கள் தொடர்பான விவசாயத் தொழில்கள் தொடர்பான விவசாயத் தொழில்கள் தொடர்பான விவசாயத் தொழில்கள் தொடர்பான விவசாயத் தொழில்கள் தொடர்பான விவசாயத் தொழில்கள் தொடர்பான விவசாயத் தொழில்கள் தொடர்பான விவசாயத் தொழில்கள் தொடர்பான விவசாயத் தொழில்கள் தொடர்பான,13.646545026085557
bf16,Tamil,60,"பாரம்பரிய வங்கிகள் மற்றும் சோர்ஜ் வங்கிகள் ஆகியவற்றின் வெளிப்பாடு நிபுணர்கள் பரிசீலித்து வருகின்றனர், மேலும் இது சிறந்த மூலதனம் மற்றும் திரவ விதிமுறைகள் மூலம் கட்டுப்படுத்தப்படுகிறது, ஏனெனில் இந்த வெளிப்பாடு பாரம்பரிய நிதி துறையை மேலும் பாதிக்கலாம் மற்றும் பொருளாதாரத்தை பொதுமக்களின் பொதுவான தாக்கத்தை ஏற்படுத்தலாம்.",34.20605892797531
bf16,Tamil,61,"உலகளாவிய நிதி நெருக்கடியின் காரணமாக, அதிகாரப்பூர்வ துறைகள் மேலும் மற்றும் சிறப்பாக உள்ள தகவல்களை சேகரித்து மறைந்த அபாயங்களைத் தேடுகிறார்கள்.",37.65587001703626
bf16,Tamil,62,சந்தை விலையை நிர்ணயிக்கும் விலை தேவைக்கு ஏற்ப கிடைப்பது.,15.069638198873289
bf16,Tamil,63,"இந்த மாதிரியின் சமன்பாடுகள் விலை மற்றும் பிற காரணிகள் (எடுத்துக்காட்டாக, வருமானம்) ஆகியவற்றின் மீது விலை மற்றும் பிற காரணிகளின் (எடுத்துக்காட்டாக, வருமானம்) மீது விலை மற்றும் பிற காரணிகளின் மீது விலை மற்றும் பிற காரணிகளின் மீது விலை மற்றும் பிற காரணிகளின் மீது விலை மற்றும் பிற காரணிகளின் மீது விலை மற்றும் பிற காரணிகளின் மீது விலை மற்றும் பிற காரணிகளின் மீது விலை மற்றும் பிற காரணிகளின் மீது விலை மற்றும் பிற காரணிகளின் மீது விலை மற்றும் பிற காரணிகளின் மீது விலை மற்றும் பிற காரணிகளின் மீது விலை மற்றும் பிற காரணிகளின் மீது விலை மற்றும் பிற காரணிகளின் மீது விலை மற்றும் பிற காரணிகளின் மீது விலை மற்றும் பிற காரணிகளின் மீது விலை மற்றும் பிற காரணிகளின் மீது விலை மற்றும் பிற காரணிகளின் மீது விலை மற்றும்",22.987314766509986
bf16,Telugu,0,"అభ్యాసకుడు, వారి నూకలు, దుస్తులు, బట్టలు, కప్పు, నగలు, హెయిర్ స్టైల్, మేకప్, వస్తువుల వంటి వస్తువుల యొక్క ప్రదర్శన, వస్తువుల యొక్క ప్రదర్శన, వస్తువుల యొక్క ప్రదర్శన, వస్తువుల యొక్క ప్రదర్శన, వస్తువుల యొక్క ప్రదర్శన, వస్తువుల యొక్క ప్రదర్శన, వస్తువుల యొక్క ప్రదర్శన, వస్తువుల యొక్క ప్రదర్శన, వస్తువుల యొక్క ప్రదర్శన, వస్తువుల యొక్క ప్రదర్శన, వస్తు",15.189074155716703
bf16,Telugu,1,"అజానా, మహారాష్ట్రలోని అరౌంబాడ్ జిల్లాలో ఉన్న అజానా, మొదటి శతాబ్దం BCE నుండి చైత్యా మరియు విహారా కాలువలు, కళాత్మక మరియు చిత్రాల నుండి decorated sculptured and paintings.",30.493741153039394
bf16,Telugu,2,"శరీరం యొక్క రంగు ఆకర్షణీయమైనది మరియు లోపలి లైన్ తో కలసి, వాల్యూమ్ యొక్క ప్రభావం ఏర్పరుస్తుంది.",26.359553517655847
bf16,Telugu,3,ఆషాకు శిల్పకళలో మరియు గొప్ప మరాఠా శిల్పకళలో భారీ శిల్పకళలో భారీ శిల్పకళలో భారీ శిల్పకళలో భారీ శిల్పకళలో భారీ శిల్పకళలో భారీ శిల్పకళలో భారీ శిల్పకళలో భారీ శిల్పకళలో భారీ శిల్పకళలో భారీ శిల్పకళలో భారీ శిల్పకళలో భారీ శిల్పకళలో భారీ శిల్పకళలో భారీ శిల్పకళలో భారీ శిల్పకళలో భారీ శిల్పకళలో భారీ,9.645097292726067
bf16,Telugu,4,ఈ రుచికరమైన మరియు ప్రసిద్ధ వంటకం మహారాష్ట్రలో ఈ పచ్చి మరియు వెచ్చని వేడిలో వేయబడిన పచ్చి పచ్చని పచ్చని పచ్చని పచ్చని పచ్చని పచ్చని పచ్చని పచ్చని పచ్చని పచ్చని పచ్చని పచ్చని పచ్చని పచ్చని పచ్చని పచ్చని పచ్చని పచ్చని పచ్చని పచ్చని పచ్చని పచ్చని పచ్చని పచ్చని పచ్చని పచ్చని పచ్చని పచ్చని పచ్చని పచ్చని పచ్చని పచ్చని పచ్చని పచ్చ,19.20270059325012
bf16,Telugu,5,"చెట్టైన్ వంటకాలు తమిళనాడు రాష్ట్రంలోని చెట్టైన్ నగరార్ల (Nagarathars) నుండి వంటకాలు, లేదా నాగరాత్ర్ అని పిలుస్తారు, వారు తమ పేరును చెట్టైన్ ప్రాంతం నుండి వ్రాయుంటారు.",33.953419069294874
bf16,Telugu,6,"కంజోన్ భారతదేశంలో పుట్టుమొచ్చినది, కాబట్టి, దాని ఉపయోగాలు రుచినిచ్చే పదార్థం నుండి వైద్యం వరకు విస్తరించాయి.",23.62373545118759
bf16,Telugu,7,ఈ పౌడర్‌ను గింజర లేదా ఒక మట్టి పీటలో తయారు చేయండి.,21.82186727199204
bf16,Telugu,8,"పంజాబ్ లో ప్రతి నగరం ప్రత్యేకమైన అభిరుచిని కలిగి ఉంటుంది, ఇక్కడ అమృత్‌సారైలోని అమ్రటిస్సా రుక్, స్టెయిన్డ్ పర్నాతో కూడిన పర్నాతో కూడిన పర్నాతో కూడిన పర్నాతో కూడిన పర్నాతో కూడిన పర్నాతో కూడిన పర్నాతో కూడిన పర్నాతో కూడిన పర్నాతో కూడిన పర్నాతో కూడిన పర్నాతో కూడిన పర్నాతో కూడిన పర్నాతో కూడిన పర్నాతో కూడిన ప",24.228081335040983
bf16,Telugu,9,"రమాను శ్రీనుతో, లక్ష్మణుణ్ణి కూడా పంపండి.",26.490410148165218
bf16,Telugu,10,కానీ మంగల పండియన్ యొక్క సత్ఫలితమైన చర్యను అధిక మరియు సత్ఫలితమైన ప్రాథమికానికి సంతోషంగా చేయబడింది.,20.285522165283293
bf16,Telugu,11,"ఒకసారి టమోటాలు స్పష్టంగా మారిన తర్వాత, టమోరంతో ముక్కలు వేయండి మరియు టమోరానికి కొన్ని నిమిషాలు వేయండి, ఎందుకంటే అన్ని పీర్లను టమోరంలో అరగదీయడానికి టమోరానికి సుగంధ ద్రవ్యాలను అరగదీయడానికి.",16.55623503671212
bf16,Telugu,12,"హితోపదేశా అనేది ప్రపంచంలోని జ్ఞానాన్ని అందించే పాత్రల ద్వారా ప్రస్తావించబడిన వృక్షం, జంతువులు మరియు మానవుల ద్వారా ప్రపంచంలోని జ్ఞానాన్ని అందించే పుస్తకం.",50.91853780318342
bf16,Telugu,13,ఈ పుస్తకం యొక్క ఉద్దేశం సంస్కృత వ్యాకరణం మరియు సజ్జల జీవన విధానం గురించి అవగాహనను ప్రోత్సహించడంలో ఉంది.,36.42341244770242
bf16,Telugu,14,"అసిటికారు బండియాపూర్ పండితుడు, అతని స్వస్థలం హోర్వాహ్ యొక్క పూర్తి చరిత్రను 1994 & 1995 లో సంకలనం చేసినందుకు ప్రసిద్ధి చెందాడు.",21.692147350563868
bf16,Telugu,15,"ఈ క్విరాహోత్సవాల హాల్ ముందు, ఆకస్మికంగా, ఒక సముద్రమంతటా గల క్విరాహోత్సవాల అక్షరంతో, ఓపెన్ ఫ్రంట్, ఓ బూట్ ఫ్రేమ్, మరియు కొన్ని సందర్భాల్లో, ఒక క్విరాహోత్సవాల అక్షరంతో, ఒక ఆకస్మికంగా, ఓపెన్ ఫ్రంట్, ఓ బూట్ ఫ్రేమ్, మరియు కొన్ని సందర్భాల్లో, ఓపెన్ ఫ్రంట్, ఓ బూట్ ఫ్రేమ్, మరియు కొన్ని సందర్భాల్లో, ఓపెన్ ఫ్రంట్, ఓ బూట్ ఫ్రేమ్, మరియు కొన్ని",13.720248389176572
bf16,Telugu,16,'మహారాజ'లు మరియు 'ఖాన్సమాసాలు' (ఇప్పటి వరకు భారతదేశంలో 'మాహారాజ'లు మరియు 'ఖాన్సమాసాలు' అని పిలువబడే నైపుణ్యంతో సంస్కృతుల్లో సాంప్రదాయకంగా పిలువబడేవారు) తరతరాలుగా వంటకాలు పారదర్శకంగా తరలించారు మరియు ఈ వంటకాలు వేలాది సంవత్సరాల తరబడి శైలిలో తరలించారు.,35.58314047831786
bf16,Telugu,17,"వసా వజాత, లేదా హెడ్ చైఫ్, మరియు ఒక కోర్టు వజాత, లేదా చైఫ్ సహాయంతో తయారు చేయబడుతుంది.",18.86091173399533
bf16,Telugu,18,"పవ్ భజీ: ఇది మహారాష్ట్ర నుండి ఒక వేగవంతమైన ఆహార వంటకం, బటర్ మరియు బ్రౌన్ బ్రౌన్ చేసిన బ్రౌన్ బ్రౌన్ చేసిన బ్రౌన్ చేసిన బ్రౌన్ చేసిన బ్రౌన్ చేసిన బ్రౌన్ చేసిన బ్రౌన్ చేసిన బ్రౌన్ చేసిన బ్రౌన్ చేసిన బ్రౌన్ చేసిన బ్రౌన్ చేసిన బ్రౌన్ చేసిన బ్రౌన్ చేసిన బ్రౌన్ చేసిన బ్రౌన్ చేసిన బ్రౌన్ చేసిన బ్రౌన్ చేసిన బ్రౌన్ చేసిన బ్రౌన్ చేసిన బ్రౌన్ చేసిన బ్రౌన్ చేసిన బ్రౌన్ చేసిన బ్రౌన్ చేసిన బ్రౌన్ చేసిన బ్రౌన్ చేసిన బ్రౌన్ చేసిన బ్రౌన్ చేసిన బ్రౌన్ చేసిన",15.488206326832488
bf16,Telugu,19,"లాల్ దేవి, హబ్బా ఖాట్నూన్, మైరాబాయి, అఖా ఖామదేవి వంటి కశ్మీర్ వంటకాలు విలక్షణమైనవి మరియు తీవ్రమైన భావోద్వేగంతో ప్రత్యేకమైన రుచి మరియు తీవ్రమైన భావోద్వేగంతో ప్రత్యేకమైన రుచి మరియు తీవ్రమైన భావోద్వేగంతో ప్రత్యేకమైన రుచి మరియు తీవ్రమైన భావోద్వేగంతో ప్రత్యేకమైన రుచి మరియు తీవ్రమైన భావోద్వేగంతో ప్రత్యేకమైన రుచి మరియు తీవ్రమైన భావోద్వేగంతో ప్రత్యేకమైన రుచి మరియు తీవ్రమైన భావోద్వేగంతో ప్రత్యేకమైన రుచి మరియు తీవ్రమైన భావోద్వేగంతో ప్రత్యేకమైన రుచి మరియు తీవ్రమైన భావోద్వేగంతో ప్రత్యేకమైన రుచి మరియు తీవ్రమైన భావోద్వేగంతో ప్రత్యేకమైన రుచి మరియు తీవ్ర",17.719539919099727
bf16,Telugu,20,"భాగేంద్ర Caves, భోజనభూమిలో 97 కిలోమీటర్ల దూరంలో ఉన్న భోజనభూమిలో ఉన్న భోజనభూమిలో ఉన్న భోజనభూమిలో ఉన్న భోజనభూమిలో ఉన్న భోజనభూమిలో ఉన్న భోజనభూమిలో ఉన్న భోజనభూమిలో ఉన్న భోజనభూమిలో ఉన్న భోజనభూమిలో ఉన్న భోజనభూమిలో ఉన్న భోజనభూమిలో ఉన్న భోజనభూమిలో ఉన్న భోజనభూమిలో ఉన్న భోజనభూమిలో ఉన్న భోజనభూమిలో ఉన్న భోజనభూమిలో ఉన్న భోజన",11.503043275693791
bf16,Telugu,21,"ఉష్ణమండల సాహిత్యంలో ముల అనే పదం మొక్క లేదా చెట్టు యొక్క మూలముగా ఉంటుంది, కానీ పృథ్వికంగా, ఏదైనా వస్తువు యొక్క అడుగు లేదా దిగువ భాగం లేదా దిగువ భాగం.",45.33502501420318
bf16,Telugu,22,ఇంద్రవాల్యుని వంశీకృత్యాలు అనేక రంగాలలో సాంకేతిక జ్ఞానాన్ని కలిగి ఉన్నాయి.,26.288759269358764
bf16,Telugu,23,అన్ని కౌరవలు చనిపోతారు; మాత్రమే పండివ దంపతులు మరియు కృష్ణుడు మాత్రమే మిగిలిపోతారు.,30.75579073235491
bf16,Telugu,24,కౌరవ రాజుల కోసం ఆరురోజుల పాటు యుద్ధం జరుగుతుంది మరియు కౌరవ రాజుల విజయం.,23.347752802840844
bf16,Telugu,25,"భార్తవరా మాయా కథ, హస్తినపూరా రాజ్యంలో ఆస్తి వారసత్వంపై ఒక పోరాటమే, ఇది భార్తవరా అనే అత్యంత సాధారణంగా తెలిసిన తమ్ముడు, తమ్ముడు, తమ్ముడు, తమ్ముడు, తమ్ముడు, తమ్ముడు, తమ్ముడు, తమ్ముడు, తమ్ముడు, తమ్ముడు, తమ్ముడు, తమ్ముడు, తమ్ముడు, తమ్ముడు, తమ్ముడు, తమ్ముడు, తమ్ముడు, త",15.329154545457168
bf16,Telugu,26,కర్ణాటకలో ఆహారంలో పీఠికలు ఎక్కువగా వంటకాల్లో పీఠికలు ఎక్కువగా ఉంటాయి.,21.432360483839798
bf16,Telugu,27,"అతనికి సనయానుడు సమాధానమిస్తాడు, యుద్ధభూమిలో ఏమి జరుగుతుందో గురించి.",33.93931067468094
bf16,Telugu,28,తమిళంలో రెండు కథలు కల్లాపికరమ్ మరియు మానిమేకలేయ ఉన్నాయి.,30.344528525643533
bf16,Telugu,29,ఈ ప్రాంతంలో చిలకపప్పును ఉపయోగించడం జాగ్రత్తగా ఉంటుంది.,44.11303295436852
bf16,Telugu,30,"యోగా అనే పదం సంస్కృత లోయ్ అనే పదం నుండి వస్తుంది, అంటే చేతులు కలుపు లేదా చేతులు కలుపు లేదా కలయిక లేదా కలయిక.",27.272015465497727
bf16,Telugu,31,ఆడిసిస్ యొక్క రోజువారీ వాతావరణం ఒరిసాతో ఉన్న అనేక మంది శిల్పకృతులతో ఎప్పటికీ పుట్టింది.,13.770237106994236
bf16,Telugu,32,"వశీత ఇప్పుడు రాజుకు తిరిగి వచ్చి, తను గట్టిగా మాట్లాడారు: ""మీరు, రాజు, ఒకసారి హామీ ఇచ్చినప్పుడు మీరు చేసినట్లుగా మీరు అన్యాయం చేయకూడదు"".",34.65250513199321
bf16,Telugu,33,"అర్జునుడు తన ఆత్మవిశ్వాసంతో విరమించినప్పుడు, కృష్ణుడు తన వైఖరిని మార్చుకుని, ఈ ప్రపంచంలో దైవప్రాయ చర్యల రహస్యాలను బోధిస్తాడు.",38.94564541878538
bf16,Telugu,34,"మీరు గోధుమ పిండిని కంటైనర్లోకి జోడించినప్పుడు, మధ్యలో మీరు కూడా తగినంత తగినంత తగినంత తగినంత తగినంత తగినంత తగినంత తగినంత తగినంత తగినంత తగినంత తగినంత తగినంత తగినంత తగినంత తగినంత తగినంత తగినంత తగినంత తగినంత తగినంత తగినంత తగినంత తగినంత తగినంత తగినంత తగినంత తగినంత తగినంత తగినంత తగినంత తగినంత తగినంత త",14.601283687566276
bf16,Telugu,35,మీరు గిన్నెలో గిన్నెలో గిన్నెలో గిన్నెలో గిన్నెలో గిన్నెలో గిన్నెలో గిన్నెలో గిన్నెలో గిన్నెలో గిన్నెలో గిన్నెలో గిన్నెలో గిన్నెలో గిన్నెలో గిన్నెలో గిన్నెలో గిన్నెలో గిన్నెలో గిన్నెలో గిన్నెలో గిన్నెలో గిన్నెలో గిన్నెలో,3.693039294517044
bf16,Telugu,36,"రాజమహేంద్ర సింగ్ యొక్క ఆస్తిని నిర్మించబడిన ఒక అందమైన మరియు అద్భుతమైన గరుడ్వారంలో ఒక అంకితం ఉంది, ఇది 1835 A.D. వద్ద నందీనలో ఒక అంకితం ఉంది.",22.076984955407017
bf16,Telugu,37,"సమువద్వ ఏకాదశలు ఈ ఎంపికైన రచాలను Svaras లోని వారి ప్రొPOSED Chanda లేదా రొటీమ్యుట్లను ఉంచుకుని, వాటిని అందించేందుకు.",14.75064272773412
bf16,Telugu,38,"వాల్మీకి యొక్క కౌశల రాజధాని గురించి వివరణ, ఇది అర్ధమవుతుంది, ఆయాదావు రాజధాని మా ఆధునిక పట్టణాలకు విలక్షణమైనది కాదు.",31.790376499218898
bf16,Telugu,39,"ఒకసారి చెప్పినట్లుగా, 'నేను చేస్తాను' అని మీరు ఎంచుకోవాలి.",33.73775330935377
bf16,Telugu,40,"ఇటీవలి రోజుల్లో, రూపాంతశాతం మార్పిడికి వ్యతిరేక అభిప్రాయాలు ఉన్నాయి మరియు మా ఎక్స్చేంజ్ రిజర్వాయ్‌ల సామర్థ్యం సరిగ్గా ఉన్నాయా అనే అంశంపై విభిన్న అభిప్రాయాలు ఉన్నాయి.",41.5039244849433
bf16,Telugu,41,"బ్యాంకులు క్రెడిట్ కార్డు ఖాతాను క్రెడిట్ ఇన్ఫర్మేషన్ కంపెనీ (సీసీఐ)కి లేదా పనతిపాటి ఛార్జీలు విధించవచ్చు, తద్వారా, క్రెడిట్ కార్డు ఖాతా మళ్లీ మళ్లీ మళ్లీ మళ్లీ మళ్లీ మళ్లీ మళ్లీ మళ్లీ మళ్లీ మళ్లీ మళ్లీ మళ్లీ మళ్లీ మళ్లీ మళ్లీ మళ్లీ మళ్లీ మళ్లీ మళ్లీ మళ్లీ మళ్లీ మళ్లీ మళ్లీ మళ్లీ మళ్లీ మళ్లీ మళ్లీ మళ్లీ మళ్లీ మళ్లీ మళ్లీ మళ్లీ మళ్",37.52710593831795
bf16,Telugu,42,దేశాలు తమ ఆర్థిక పరిస్థితిని మెరుగుపరచడానికి అంతర్గత ప్రత్యక్ష పెట్టుబడులను ప్రోత్సహించవచ్చు.,71.14781910716366
bf16,Telugu,43,"అయితే, అమలు చేయడానికి అనుకూలమైన ప్యాకేజీని అమలు చేయడానికి, బ్యాంక్ నుండి అప్లికేషన్ అందుకున్న తేదీ నుండి 90 రోజుల్లోకి బ్యాంక్ నుండి అప్లికేషన్ అందుకున్న తేదీ నుండి బ్యాంక్ లో అకౌంట్స్ క్లాస్సిఫికేషన్ స్థితిని తిరిగి పొందవచ్చు.",32.15818787496914
bf16,Telugu,44,వ్యక్తిగత పెట్టుబడి సమిష్టి యొక్క డ్యుయల్ డైనమిక్స్ ఏవిధంగా సంక్షోభంలో ఉన్న సంక్షోభంలో ఉన్న సంక్షోభంలో ఉన్న సంక్షోభంలో ఉన్న సంక్షోభంలో ఉన్న సంక్షోభంలో ఉన్న సంక్షోభంలో ఉన్న సంక్షోభంలో ఉన్న సంక్షోభంలో ఉన్న సంక్షోభంలో ఉన్న సంక్షోభంలో ఉన్న సంక్షోభంలో ఉన్న సంక్షోభంలో ఉన్న సంక్షోభంలో ఉన్న సంక్షోభంలో ఉన్న సంక్షోభంలో ఉన్న సంక్షోభంలో ఉన్న సంక్షోభంలో ఉన్న సంక్షోభంలో ఉన్న సంక్షోభంలో ఉన్న సంక్షోభంలో ఉన్న సంక్షో,12.685749042566735
bf16,Telugu,45,ఇది అధిక విపరీతమైన మార్కెట్లను నియంత్రించడానికి మరియు ఆశిస్తున్న వాటిని ఆకట్టుకోవడానికి విఘ్నేతను జోడించింది.,17.505587973282672
bf16,Telugu,46,ఆర్థిక కార్యకలాపాలు రెండవ త్రైమాసికంలో సానుకూలంగా ఉన్నట్లు అధిక-సరిహద్దు డేటా సూచిస్తుంది.,26.816249824081872
bf16,Telugu,47,"మాక్రోeconomics లో, విషయానికి వస్తే, దేశం మరియు అన్ని మార్కెట్లు ఎలా interact to generate big phenomena that economists call aggregate variables.",10.80808091204967
bf16,Telugu,48,లీక్త్ అనేది ఆర్థిక వనరులు సమీపంలో పూర్తి మార్కెట్ విలువ వద్ద తక్కువ సమయంలో విక్రయించగలవడమే.,38.16724292775402
bf16,Telugu,49,"విస్తృతంగా, ఆదాయాన్ని గుర్తింపు విధానం ఉత్సాహపూర్వకంగా ఉండాలి మరియు నివారణ యొక్క నిబంధనల ఆధారంగా, కాకుండా, ఏ వ్యక్తిగత పరిగణన ఆధారంగా.",40.78141608530198
bf16,Telugu,50,"అటువంటి మొత్తాల ఆసక్తి తక్కువగా మారుతుంది మరియు తద్వారా NPA, డిపాజిట్ చేసిన తేదీ నుండి వడ్డీకి సంబంధించిన తేదీకి.",25.340754719747977
bf16,Telugu,51,"భారతదేశపు చెల్లింపు వ్యవస్థలు ఇతర జాతీయాల, ముఖ్యంగా UPI -ని ఇతర జాతీయాల మధ్య అనుసంధానాన్ని కొనసాగిస్తున్న ఇంటర్‌లింకింగ్ ప్రాజెక్టుతో పాటు ఇతర జాతీయాల మధ్య చెల్లింపు వ్యవస్థల మధ్య అనుసంధానాన్ని మెరుగుపరచడం ద్వారా, చెల్లింపు వ్యవస్థలు, ముఖ్యంగా రిమెంబెన్స్.",23.32621521059713
bf16,Telugu,52,"లీక్డ్ నైట్రోజెన్ (LNG) శక్తి విభాగంలో పెరుగుతున్న ప్రాధాన్యతను కలిగి ఉంది, ఎందుకంటే ఇది శక్తి ప్లాంట్లు మరియు ఇండస్ట్రియల్ (ఫిట్లిజర్స్) ప్లాంట్లు ఆపరేట్ చేయడానికి ఉపయోగించబడుతుంది.",17.013140513969756
bf16,Telugu,53,"అయితే, మార్కెట్లలో మీరు అమ్మకాలను పెంచుకోవచ్చు, కానీ మీరు సాధ్యమైనంత సుస్థిరమైన వ్యాపారాన్ని అభివృద్ధి చేయడంలో మరియు మీ స్వంత మార్కెట్ బ్రాండ్లను సృష్టించడంలో మీకు సహాయపడరు.",31.934558922233148
bf16,Telugu,54,"ప్లాట్‌ఫారమ్‌ల (PaaS) యొక్క ముఖ్యమైన పాత్ర ప్లాట్‌ఫారమ్‌ల వ్యవస్థలో ఉంది, కాబట్టి, 2020లో నియంత్రణకు గురైన మరియు PSOsగా గుర్తించబడినప్పుడు, 2020లో నియంత్రణకు గురైన PSOs.",19.807567228572783
bf16,Telugu,55,"ప్రస్తుత నిబంధనలు, అయితే, ఆన్‌లైన్ లేదా ఎ-కామర్స్ లావాదేవీలను ప్రాసెస్ చేసే పయనం అగ్రిగేటర్లకు వర్తించబడతాయి.",37.10920185104787
bf16,Telugu,56,"రికోార్డియాన్ యొక్క అభిప్రాయం ఏమిటంటే, అలాంటి దేశం ఇప్పటికీ దానిని విశ్లేషించాల్సిన అవసరం ఉంది, దానిని అత్యంత ప్రాముఖ్యమైన వస్తువుల యొక్క అత్యంత ప్రాముఖ్యమైన వస్తువుల యొక్క అత్యంత ప్రాముఖ్యమైన వస్తువుల యొక్క అత్యంత ప్రాముఖ్యమైన వస్తువుల యొక్క అత్యంత ప్రాముఖ్యమైన వస్తువుల యొక్క అత్యంత ప్రాముఖ్యమైన వస్తువుల యొక్క అత్యంత ప్రాముఖ్యమైన వస్తువుల యొక్క అత్యంత ప్రాముఖ్యమైన వస్తువుల యొక్క అత్యంత ప్రాముఖ్యమైన వస్తువుల యొక్క అత్యంత ప్రాముఖ్యమైన వస్తువుల యొక్క అత్యంత ప్రాముఖ్యమైన వస్తువుల యొక్క అత్యంత ప్రాముఖ్యమైన వస్తువుల యొక్క అత్య",14.99131028596263
bf16,Telugu,57,"సెప్టెంబర్ 9, 2022 నాటికి, 16.2 శాతం వ-య-యలో బ్యాంక్ క్రెడిట్ పెరిగింది, గత సంవత్సరం 6.7 శాతం కంటే ఎక్కువ.",38.43563068719802
bf16,Telugu,58,"పంటలు పండించే ముందు మరియు పంటలు పండించే ముందు వ్యవసాయ కార్యకలాపాల కోసం రుణాలు ఉన్నాయి, స్ప్రే, విత్తనాలు, విత్తనాలు, విత్తనాలు, విత్తనాలు, విత్తనాలు, విత్తనాలు, విత్తనాలు, విత్తనాలు, విత్తనాలు, విత్తనాలు, విత్తనాలు, విత్తనాలు, విత్తనాలు, విత్తనాలు, విత్తనాలు, విత్తనాలు, విత్తనాలు, విత్తనాలు, విత్తనాలు, విత్తనాలు, విత్తనాలు, విత్తనాలు, విత్తనాలు, విత్తనాలు, విత్తనాలు, విత్తనాలు, విత్తనాలు, విత్తనాలు, విత్తనాలు, విత్తనాలు, విత్తనాలు, విత్తనాలు, విత్తనాలు, విత్తనాలు, విత్తనాలు",13.1475207877794
bf16,Telugu,59,"వ్యవసాయ మరియు సహజ వ్యవసాయ రంగాల కోసం మధ్య మరియు దీర్ఘకాలపు రుణాలు, వ్యవసాయంపై చేపట్టిన అభివృద్ధి కార్యకలాపాల కోసం వ్యవసాయ యంత్రాల కొనుగోలు, ఇరిగేషన్ మరియు ఇతర అభివృద్ధి కార్యకలాపాల కోసం.",46.1160377296466
bf16,Telugu,60,బ్యాంకింగ్ సూపరేటర్లు సాంప్రదాయ బ్యాంకులకు తదుపరి బ్యాంకుల పరిధిని పరిశీలిస్తున్నవి మరియు ఇది తదుపరి బ్యాంకుల ప్రభావం మరియు ఆర్థిక వ్యవస్థపై మరింత సాధారణంగా ప్రభావితం చేయడంలో తదుపరి బ్యాంకుల పరిధిని నియంత్రించడానికి మంచి పెట్టుబడి మరియు లీక్ పరిరక్షణ నిబంధనలను అనుసరించడానికి ప్రయత్నిస్తున్నవి.,33.012830301486325
bf16,Telugu,61,"ప్రపంచ ఆర్థిక సంక్షోభం కారణంగా, అధికారిక రంగం మరింతగా మరియు మెరుగ్గా సమాచారాన్ని సేకరిస్తోంది మరియు దాచిన విఫలతలను వెల్లడిస్తోంది.",35.53498931301226
bf16,Telugu,62,మార్కెట్-చార్జింగ్ ధర సరఫరా అవసరానికి తగిన ధరను నిర్ణయించబడుతుంది.,25.63801251003709
bf16,Telugu,63,ధర మరియు ఇతర విభిన్న వరుషాల (ఉదా: ఆదాయం) వంటి ఇతర విభిన్న వరుషాల (ఉదా: ఆదాయం) వంటి విభిన్న వరుషాల (ఉదా: ఆదాయం) వంటి విభిన్న వరుషాల (ఉదా: ఆదాయం) వంటి విభిన్న వరుషాల (ఉదా: ఆదాయం) వంటి విభిన్న వరుషాల (ఉదా: ఆదాయం) వంటి విభిన్న వరుషాల (ఉదా: ఆదాయం) వంటి విభిన్న వరుషాల (ఉదా: ఆదాయం) వంటి విభిన్న వరుషాల (ఉదా: ఆదాయం) వంటి విభిన్న వరుషాల (ఉదా: ఆదాయం) వంటి విభిన్న వరుషాల (ఉదా: ఆదాయం,10.325289172631
bf16,Odia,0,"ଏକ ପ୍ରକାର ତାଙ୍କର ପୂର୍ଣ୍ଣମାନତା, ପୂର୍ଣ୍ଣମାନତା, ପୂର୍ଣ୍ଣମାନତା, ପୂର୍ଣ୍ଣମାନତା, ପୂର୍ଣ୍ଣମାନତା, ପୂର୍ଣ୍ଣମାନତା, ପୂର୍ଣ୍ଣମାନତା, ପୂର୍ଣ୍ଣମାନତା, ପୂର୍ଣ୍ଣମାନତା, ପୂର୍ଣ୍ଣମାନତା, ପୂର୍ଣ୍ଣମାନତା, ପୂର୍ଣ୍ଣମାନତା, ପୂର୍ଣ୍ଣମାନତା, ପୂର୍ଣ୍ଣମାନତା, ପୂର୍ଣ୍ଣମାନତା, ପୂର୍ଣ୍ଣମାନତା, ପୂର୍ଣ୍ଣମାନତା, ପୂର୍ଣ୍ଣମାନତା, ପୂର୍ଣ୍ଣମାନତା, ପୂର୍ଣ୍ଣମାନତା, ପୂର୍ଣ୍ଣମାନତା, ପୂର୍ଣ୍ଣମାନତା, ପୂର୍ଣ୍",11.014585084550475
bf16,Odia,1,"ଆଜାନତା, ମହାରାଷ୍ଟ୍ରୀ କେନ୍ଦ୍ରମନ୍ତ୍ରୀ ରାଜ୍ୟମାନଙ୍କରୁ ଅନେକ ତୁମ୍ଭେତ ରାଜ୍ୟମାନଙ୍କରୁ ଅନେକ ତୁମ୍ଭେତ ରାଜ୍ୟମାନଙ୍କରୁ ଅନେକ ତୁମ୍ଭେତ ରାଜ୍ୟମାନଙ୍କରୁ ଅନେକ ତୁମ୍ଭେତ ରାଜ୍ୟମାନଙ୍କରୁ ଅନେକ ତୁମ୍ଭେତ ରାଜ୍ୟମାନଙ୍କରୁ ଅନେକ ତୁମ୍ଭେତ ରାଜ୍ୟମାନଙ୍କରୁ ଅନେକ ତୁମ୍ଭେତ ରାଜ୍ୟମାନଙ୍କରୁ ଅନେକ ତୁମ୍ଭେତ ରାଜ୍ୟମାନଙ୍କରୁ ଅନେକ ତୁମ୍ଭେତ ରାଜ୍ୟମାନଙ୍କରୁ ଅ",10.631089573110565
bf16,Odia,2,ଭୂମିକାରେ ତାହା ଲାଗିବା ପୂର୍ବରୁ ତାହା ଲାଗିବା ପୂର୍ବରୁ ତାହା ଲାଗିବା ପୂର୍ବରୁ ତାହା ଲାଗିବା ପୂର୍ବରୁ ତାହା ଲାଗିବା ପୂର୍ବରୁ ତାହା ଲାଗିବା ପୂର୍ବରୁ ତାହା ଲାଗିବା ପୂର୍ବରୁ ତାହା ଲାଗିବା ପୂର୍ବରୁ ତାହା ଲାଗିବା ପୂର୍ବରୁ ତାହା ଲାଗିବା ପୂର୍ବରୁ ତାହା ଲାଗିବା ପୂର୍ବରୁ ତାହା ଲାଗିବା ପୂର୍ବରୁ ତାହା ଲାଗିବା ପୂର୍ବରୁ ତାହା ଲାଗିବା ପୂର୍ବରୁ ତାହା ଲାଗିବା ପ,5.67053103037941
bf16,Odia,3,ଅଶୋକ ତେବେ ଥାନାରେ ଥାନାରେ ଥାନାରେ ଥାନାରେ ଥାନାରେ ଥାନାରେ ଥାନାରେ ଥାନାରେ ଥାନାରେ ଥାନାରେ ଥାନାରେ ଥାନାରେ ଥାନାରେ ଥାନାରେ ଥାନାରେ ଥାନାରେ ଥାନାରେ ଥାନାରେ ଥାନାରେ ଥାନାରେ ଥାନାରେ ଥାନାରେ ଥାନାରେ ଥାନାରେ ଥାନାରେ ଥାନାରେ ଥାନାରେ ଥାନାରେ ଥାନାରେ ଥାନାରେ ଥାନାରେ ଥାନାରେ ଥାନାରେ ଥାନାରେ ଥାନାରେ ଥାନାରେ ଥାନାରେ ଥାନାରେ ଥାନାରେ ଥାନାରେ ଥ,5.413191808530368
bf16,Odia,4,ମେଘାଳୟର ପାକବିଧି ତୁମ୍ଭେଇ ତୁମ୍ଭେଇ ତୁମ୍ଭେଇ ତୁମ୍ଭେଇ ତୁମ୍ଭେଇ ତୁମ୍ଭେଇ ତୁମ୍ଭେଇ ତୁମ୍ଭେଇ ତୁମ୍ଭେଇ ତୁମ୍ଭେଇ ତୁମ୍ଭେଇ ତୁମ୍ଭେଇ ତୁମ୍ଭେଇ ତୁମ୍ଭେଇ ତୁମ୍ଭେଇ ତୁମ୍ଭେଇ ତୁମ୍ଭେଇ ତୁମ୍ଭେଇ ତୁମ୍ଭେଇ ତୁମ୍ଭେଇ ତୁମ୍ଭେଇ ତୁମ୍ଭେଇ ତୁମ୍ଭେଇ ତୁମ୍ଭେଇ ତୁମ୍ଭେଇ ତୁମ୍ଭେଇ ତୁମ୍ଭେଇ ତୁମ୍ଭେଇ,3.494640076626651
bf16,Odia,5,ଚେଟ୍ଟିନାଡିର ପାକବିଧି ରାଜ୍ୟମାନଙ୍କ ଠାରୁ ଏହା ଭିନ୍ନ ଅଟେ।,11.702273908540263
bf16,Odia,6,କଂଷ୍ଟନମ୍ବର ତେଜାରେ ତେଜାରେ ତେଜାରେ ତେଜାରେ ତେଜାରେ ତେଜାରେ ତେଜାରେ ତେଜାରେ ତେଜାରେ ତେଜାରେ ତେଜାରେ ତେଜାରେ ତେଜାରେ ତେଜାରେ ତେଜାରେ ତେଜାରେ ତେଜାରେ ତେଜାରେ ତେଜାରେ ତେଜାରେ ତେଜାରେ ତେଜାରେ ତେଜାରେ ତେଜାରେ ତେଜାରେ ତେଜାରେ ତେଜାରେ ତେଜାରେ ତେଜାରେ ତେଜାରେ ତେଜାରେ ତେଜାରେ ତେଜାରେ ତେଜାର,4.013485163019113
bf16,Odia,7,ଏହାକୁ ପଦାର୍ଥ କରିବା ପାଇଁ ଏକ ଡ୍ରାଇଭର ଡ୍ରାଇଭର ଡ୍ରାଇଭର ଡ୍ରାଇଭର ଡ୍ରାଇଭର ଡ୍ରାଇଭର ଡ୍ରାଇଭର ଡ୍ରାଇଭର ଡ୍ରାଇଭର ଡ୍ରାଇଭର ଡ୍ରାଇଭର ଡ୍ରାଇଭର ଡ୍ରାଇଭର ଡ୍ରାଇଭର ଡ୍ରାଇଭର ଡ୍ରାଇଭର ଡ୍ରାଇଭର ଡ୍ରାଇଭର ଡ୍ରାଇଭର ଡ୍ରାଇଭର ଡ୍ରାଇଭର ଡ୍ରାଇଭର ଡ୍ରାଇଭର ଡ୍ରାଇଭର ଡ୍ରାଇଭର ଡ୍ରାଇଭର ଡ୍ରାଇଭର ଡ୍ରାଇଭର ଡ୍ରାଇଭର ଡ୍ରାଇଭର ଡ୍ରାଇଭର ଡ୍ରାଇଭର ଡ୍ରାଇ,8.674767713470098
bf16,Odia,8,ପ୍ରଭୁଦ୍ବୀର ରାଜ୍ୟମାନଙ୍କ ଠାରୁ ରାଜ୍ୟର ତୁମ୍ଭୀ ତୁମ୍ଭୀ ତୁମ୍ଭୀ ତୁମ୍ଭୀ ତୁମ୍ଭୀ ତୁମ୍ଭୀ ତୁମ୍ଭୀ ତୁମ୍ଭୀ ତୁମ୍ଭୀ ତୁମ୍ଭୀ ତୁମ୍ଭୀ ତୁମ୍ଭୀ ତୁମ୍ଭୀ ତୁମ୍ଭୀ ତୁମ୍ଭୀ ତୁମ୍ଭୀ ତୁମ୍ଭୀ ତୁମ୍ଭୀ ତୁମ୍ଭୀ ତୁମ୍ଭୀ ତୁମ୍ଭୀ ତୁମ୍ଭୀ ତୁମ୍ଭୀ ତୁମ୍ଭୀ ତୁମ୍ଭୀ ତୁମ୍ଭୀ ତୁମ୍ଭୀ ତୁମ୍ଭୀ ତୁମ୍ଭୀ ତୁମ୍ଭୀ ତୁମ୍ଭୀ ତୁମ୍ଭୀ ତୁମ୍ଭୀ ତୁମ୍ଭୀ ତୁମ୍ଭୀ ତୁମ୍ଭୀ ତ,4.8408701953958255
bf16,Odia,9,ରାମଙ୍କୁ ରାଜାଙ୍କୁ ରାଜାଙ୍କୁ ରାଜାଙ୍କୁ ରାଜାଙ୍କୁ ରାଜାଙ୍କୁ ରାଜାଙ୍କୁ ରାଜାଙ୍କୁ ରାଜାଙ୍କୁ ରାଜାଙ୍କୁ ରାଜାଙ୍କୁ ରାଜାଙ୍କୁ ରାଜାଙ୍କୁ ରାଜାଙ୍କୁ ରାଜାଙ୍କୁ ରାଜାଙ୍କୁ ରାଜାଙ୍କୁ ରାଜାଙ୍କୁ ରାଜାଙ୍କୁ ରାଜାଙ୍କୁ ରାଜାଙ୍କୁ ରାଜାଙ୍କୁ ରାଜାଙ୍କୁ ରାଜାଙ୍କୁ ରାଜାଙ୍କୁ ରାଜାଙ୍କୁ ରାଜାଙ୍କୁ ରାଜାଙ୍କୁ ରାଜାଙ୍କୁ ରାଜାଙ୍କୁ ରାଜାଙ୍କୁ ରାଜାଙ୍କୁ ରାଜାଙ୍କୁ ରାଜାଙ୍କୁ ରାଜାଙ୍କୁ ରାଜାଙ୍କୁ ରାଜାଙ୍କୁ ରାଜାଙ୍କୁ ରାଜାଙ୍କୁ ରାଜାଙ୍କୁ ରାଜ,7.516918112318835
bf16,Odia,10,ମାନେ ପୂର୍ବତନ ମାନେ କାର୍ଯ୍ୟ କରିବାକୁ ଧର୍ମିକ ଧର୍ମିକ ଧର୍ମିକ ଧର୍ମିକ ଧର୍ମିକ ଧର୍ମିକ ଧର୍ମିକ ଧର୍ମିକ ଧର୍ମିକ ଧର୍ମିକ ଧର୍ମିକ ଧର୍ମିକ ଧର୍ମିକ ଧର୍ମିକ ଧର୍ମିକ ଧର୍ମିକ ଧର୍ମିକ ଧର୍ମିକ ଧର୍ମିକ ଧର୍ମିକ ଧର୍ମିକ ଧର୍ମିକ ଧର୍ମିକ ଧର୍ମିକ ଧର୍ମିକ ଧର୍ମିକ ଧର୍ମିକ ଧର୍ମିକ ଧର୍ମିକ ଧର୍ମିକ ଧର୍ମିକ ଧର୍ମିକ ଧର୍ମିକ ଧର୍ମିକ ଧର୍ମିକ ଧର୍ମିକ ଧର୍ମିକ ଧର୍ମିକ ଧର୍ମିକ ଧର୍ମିକ ଧର୍ମିକ ଧର୍ମିକ ଧର୍ମିକ ଧର୍ମିକ ଧ,7.636295644387802
bf16,Odia,11,"ମେଘାଳୟର ରାଜ୍ୟମାନଙ୍କ ଠାରୁ ଏହା ଭିନ୍ନ ଅଟେ, ଯେଉଁଠାରେ କୃଷ୍ଣ ପୂର୍ଣ୍ଣ ରାଜ୍ୟମାନଙ୍କ ଠାରୁ ରାଜ୍ୟମାନଙ୍କ ଠାରୁ ରାଜ୍ୟମାନଙ୍କ ଠାରୁ ରାଜ୍ୟମାନଙ୍କ ଠାରୁ ରାଜ୍ୟମାନଙ୍କ ଠାରୁ ରାଜ୍ୟମାନଙ୍କ ଠାରୁ ରାଜ୍ୟମାନଙ୍କ ଠାରୁ ରାଜ୍ୟମାନଙ୍କ ଠାରୁ ରାଜ୍ୟମାନଙ୍କ ଠାରୁ ରାଜ୍ୟମାନଙ୍କ ଠାରୁ ରାଜ୍ୟମାନଙ୍କ ଠାରୁ ରାଜ୍ୟମାନଙ୍କ ଠାରୁ ରାଜ୍ୟମାନଙ୍କ ଠାରୁ ରାଜ୍ୟମାନଙ୍କ ଠାରୁ ରାଜ୍ୟମାନଙ୍କ ଠାରୁ ରାଜ୍ୟମାନଙ୍କ ଠାରୁ ରାଜ୍ୟମାନଙ୍କ ଠାରୁ ରାଜ୍ୟମାନଙ୍କ ଠାରୁ",6.844525255540103
bf16,Odia,12,ହୀତୋପଦେସାରେ କାର୍ଯ୍ୟକାରୀ ଭୂମିକାରେ ଥାନାରେ ଥାନାରେ ଥାନାରେ ଥାନାରେ ଥାନାରେ ଥାନାରେ ଥାନାରେ ଥାନାରେ ଥାନାରେ ଥାନାରେ ଥାନାରେ ଥାନାରେ ଥାନାରେ ଥାନାରେ ଥାନାରେ ଥାନାରେ ଥାନାରେ ଥାନାରେ ଥାନାରେ ଥାନାରେ ଥାନାରେ ଥାନାରେ ଥାନାରେ ଥାନାରେ ଥାନାରେ ଥାନାରେ ଥାନାରେ ଥାନାରେ ଥାନାରେ ଥାନାରେ ଥାନାରେ ଥାନାରେ ଥାନାରେ ଥାନାରେ ଥାନାରେ ଥାନାରେ ଥାନାରେ ଥାନାରେ ଥାନାରେ ଥାନାରେ ଥାନାରେ ଥାନାରେ ଥାନାରେ ଥାନ,4.893318479447208
bf16,Odia,13,"ଏହା ଏକ ପ୍ରକାର ଭାବରେ ଏକ ଧର୍ମିକ ଧାରଣା କରାଯାଇଛି, ଯେଉଁଠାରେ କିଛି ଧର୍ମିକ ଧାରଣା କରାଯାଇଛି, ଯେଉଁଠାରେ କିଛି ଧର୍ମିକ ଧାରଣା କରାଯାଇଛି, ଯେଉଁଠାରେ କିଛି ଧର୍ମିକ ଧାରଣା କରାଯାଇଛି, ଯେଉଁଠାରେ କିଛି ଧର୍ମିକ ଧାରଣା କରାଯାଇଛି, ଯେଉଁଠାରେ କିଛି ଧର୍ମିକ ଧାରଣା କରାଯାଇଛି, ଯେଉଁଠାରେ କିଛି ଧର୍ମିକ ଧାରଣା କରାଯାଇଛି, ଯେଉଁଠାରେ କିଛି ଧର୍ମିକ ଧାରଣା କରାଯାଇଛି, ଯେଉଁଠାରେ କିଛି ଧର୍ମିକ ଧାରଣା କରାଯାଇଛି, ଯେଉଁଠ",6.653205073125667
bf16,Odia,14,ଭୁବନେଶ୍ୱର ସହରର ପ୍ରଥମ ଏବଂ ଦ୍ଵତୀୟ ଲୋକଭୂମିକାରେ ତାହା ପ୍ରଥମ ଲୋକଭୂମିକାରେ ତାହା ପ୍ରଥମ ଲୋକଭୂମିକାରେ ତାହା ପ୍ରଥମ ଲୋକଭୂମିକାରେ ତାହା ପ୍ରଥମ ଲୋକଭୂମିକାରେ ତାହା ପ୍ରଥମ ଲୋକଭୂମିକାରେ ତାହା ପ୍ରଥମ ଲୋକଭୂମିକାରେ ତାହା ପ୍ରଥମ ଲୋକଭୂମିକାରେ ତାହା ପ୍ରଥମ ଲୋକଭୂମିକାରେ ତାହା ପ୍ରଥମ ଲୋକଭୂମିକାରେ ତାହା ପ୍ରଥମ ଲୋକଭୂମିକାରେ ତାହା ପ୍ରଥମ ଲୋକଭୂମିକାରେ ତାହା ପ୍ରଥମ ଲୋକଭୂମିକାରେ ତାହା ପ୍ରଥମ ଲୋକଭୂମିକାର,11.324903135182732
bf16,Odia,15,କେତେକ ଧର୍ମିକ କାର୍ଯ୍ୟ କାର୍ଯ୍ୟକାରୀଙ୍କ ଠାରୁ ଧର୍ମିକ କାର୍ଯ୍ୟକାରୀଙ୍କ ଠାରୁ ଧର୍ମିକ କାର୍ଯ୍ୟକାରୀଙ୍କ ଠାରୁ ଧର୍ମିକ କାର୍ଯ୍ୟକାରୀଙ୍କ ଠାରୁ ଧର୍ମିକ କାର୍ଯ୍ୟକାରୀଙ୍କ ଠାରୁ ଧର୍ମିକ କାର୍ଯ୍ୟକାରୀଙ୍କ ଠାରୁ ଧର୍ମିକ କାର୍ଯ୍ୟକାରୀଙ୍କ ଠାରୁ ଧର୍ମିକ କାର୍ଯ୍ୟକାରୀଙ୍କ ଠାରୁ ଧର୍ମିକ କାର୍ଯ୍ୟକାରୀଙ୍କ ଠାରୁ ଧର୍ମିକ କାର୍ଯ୍ୟକାରୀଙ୍କ ଠାରୁ ଧର୍ମିକ କାର୍ଯ୍ୟକାରୀଙ୍କ ଠାରୁ ଧର୍ମିକ କାର୍ଯ୍ୟକାରୀଙ୍କ ଠାରୁ ଧର୍ମିକ କାର୍ଯ୍ୟକାରୀଙ୍କ ଠ,7.421686838820168
bf16,Odia,16,ମହାଦେଶର ପୂର୍ବତମ ଅଞ୍ଚଳରେ ଥିବା ଧର୍ମିକ ପୂର୍ବତମ ଅଞ୍ଚଳରେ ଥିବା ଧର୍ମିକ ପୂର୍ବତମ ଅଞ୍ଚଳରେ ଥିବା ଧର୍ମିକ ପୂର୍ବତମ ଅଞ୍ଚଳରେ ଥିବା ଧର୍ମିକ ପୂର୍ବତମ ଅଞ୍ଚଳରେ ଥିବା ଧର୍ମିକ ପୂର୍ବତମ ଅଞ୍ଚଳରେ ଥିବା ଧର୍ମିକ ପୂର୍ବତମ ଅଞ୍ଚଳରେ ଥିବା ଧର୍ମିକ ପୂର୍ବତମ ଅଞ୍ଚଳରେ ଥିବା ଧର୍ମିକ ପୂର୍ବତମ ଅଞ୍ଚଳରେ ଥିବା ଧର୍ମିକ ପୂର୍ବତମ ଅଞ୍ଚଳରେ ଥିବା ଧର୍ମିକ ପୂର୍ବତମ ଅଞ୍ଚଳରେ ଥିବା ଧର୍ମିକ ପୂର୍ବତମ ଅଞ୍ଚଳରେ ଥିବା ଧର୍ମିକ ପୂର୍ବତମ ଅଞ୍ଚଳରେ ଥିବା ଧର୍ମିକ ପୂର୍ବତମ ଅଞ୍ଚଳରେ ଥିବା ଧର୍ମିକ ପୂର୍ବତମ ଅଞ୍ଚଳରେ ଥିବା ଧର୍ମିକ ପୂ,8.046637078348944
bf16,Odia,17,ଏହାକୁ ପ୍ରତ୍ୟେକ ଭାରତୀୟ ରାଜ୍ୟମାନଙ୍କ ଠାରୁ ଏକ ଧାନ ଧାନ ଧାନ ଧାନ ଧାନ ଧାନ ଧାନ ଧାନ ଧାନ ଧାନ ଧାନ ଧାନ ଧାନ ଧାନ ଧାନ ଧାନ ଧାନ ଧାନ ଧାନ ଧାନ ଧାନ ଧାନ ଧାନ ଧାନ ଧାନ ଧାନ ଧାନ ଧାନ ଧାନ ଧାନ ଧାନ ଧାନ ଧାନ ଧାନ ଧାନ ଧାନ ଧାନ ଧାନ ଧାନ ଧାନ ଧାନ ଧାନ ଧାନ ଧାନ ଧାନ ଧାନ ଧାନ ଧାନ ଧାନ ଧାନ ଧାନ ଧାନ ଧାନ ଧାନ ଧାନ ଧାନ ଧାନ ଧାନ ଧାନ ଧାନ ଧାନ ଧାନ ଧାନ ଧାନ ଧାନ ଧାନ ଧାନ ଧାନ ଧାନ ଧାନ ଧାନ ଧାନ ଧାନ ଧାନ ଧାନ ଧାନ ଧାନ ଧାନ ଧାନ ଧାନ ଧାନ ଧାନ ଧାନ ଧାନ ଧାନ ଧାନ ଧାନ ଧାନ ଧାନ ଧାନ ଧାନ ଧାନ ଧାନ ଧାନ,6.3321817563777065
bf16,Odia,18,ପବ ଭଜି: ଏହା ମହାରାଷ୍ଟ୍ରୀର ଏକ ପ୍ରକାର ଭାରତୀୟ ଭାରତୀୟ ଭାରତୀୟ ଭାରତୀୟ ଭାରତୀୟ ଭାରତୀୟ ଭାରତୀୟ ଭାରତୀୟ ଭାରତୀୟ ଭାରତୀୟ ଭାରତୀୟ ଭାରତୀୟ ଭାରତୀୟ ଭାରତୀୟ ଭାରତୀୟ ଭାରତୀୟ ଭାରତୀୟ ଭାରତୀୟ ଭାରତୀୟ ଭାରତୀୟ ଭାରତୀୟ ଭାରତୀୟ ଭାରତୀୟ ଭାରତୀୟ ଭାରତୀୟ ଭାରତୀୟ ଭାରତୀୟ ଭାରତୀୟ ଭାରତୀୟ ଭାରତୀୟ ଭାରତୀୟ ଭାରତୀୟ ଭାରତୀୟ ଭାରତୀୟ ଭାରତୀୟ ଭାରତୀୟ ଭାରତୀୟ ଭାରତୀୟ ଭାରତୀୟ ଭାରତୀୟ ଭାରତୀୟ ଭାରତୀୟ ଭାରତୀୟ ଭାରତୀୟ ଭାରତୀୟ ଭାରତୀୟ ଭାରତୀୟ ଭାରତୀୟ ଭାରତୀୟ ଭାରତୀୟ ଭାରତୀୟ ଭାରତୀୟ ଭାରତୀୟ ଭାରତୀୟ ଭାରତୀୟ ଭାରତୀୟ ଭାରତୀୟ ଭ,11.307888668377322
bf16,Odia,19,କଳିକାଳୀର ପୂର୍ବତମ ରାଜ୍ୟମାନଙ୍କ ଠାରୁ ଏହା ଭିନ୍ନ ଅଟେ।,4.369870257704782
bf16,Odia,20,ଧାର ଜିଲ୍ଲା ଠାରେ 97 କିଲୋମିଟରର ଧାର ଠାରେ ଭଗ୍ଭ ଠାରେ ଭଗ୍ଭ ଠାରେ ଭଗ୍ଭ ଠାରେ ଭଗ୍ଭ ଠାରେ ଭଗ୍ଭ ଠାରେ ଭଗ୍ଭ ଠାରେ ଭଗ୍ଭ ଠାରେ ଭଗ୍ଭ ଠାରେ ଭଗ୍ଭ ଠାରେ ଭଗ୍ଭ ଠାରେ ଭଗ୍ଭ ଠାରେ ଭଗ୍ଭ ଠାରେ ଭଗ୍ଭ ଠାରେ ଭଗ୍ଭ ଠାରେ ଭଗ୍ଭ ଠାରେ ଭଗ୍ଭ ଠାରେ ଭଗ୍ଭ ଠାରେ ଭଗ୍ଭ ଠାରେ ଭଗ୍ଭ ଠାରେ ଭଗ୍ଭ ଠାରେ ଭଗ୍ଭ ଠାରେ ଭଗ୍ଭ ଠାରେ ଭଗ୍ଭ ଠାରେ ଭଗ୍ଭ ଠାରେ ଭଗ୍ଭ ଠାରେ ଭଗ୍ଭ ଠାରେ ଭଗ୍ଭ ଠାରେ ଭଗ୍ଭ ଠାରେ ଭଗ୍ଭ ଠାରେ ଭଗ୍ଭ ଠାରେ ଭଗ୍ଭ ଠାରେ ଭଗ୍ଭ ଠାରେ ଭଗ୍ଭ ଠାରେ ଭଗ୍ଭ ଠାରେ ଭଗ୍ଭ,10.225845830469304
bf16,Odia,21,ମୁଳା କିଛି କିଛି ଧର୍ମିକ ଧର୍ମିକ ଧର୍ମିକ ଧର୍ମିକ ଧର୍ମିକ ଧର୍ମିକ ଧର୍ମିକ ଧର୍ମିକ ଧର୍ମିକ ଧର୍ମିକ ଧର୍ମିକ ଧର୍ମିକ ଧର୍ମିକ ଧର୍ମିକ ଧର୍ମିକ ଧର୍ମିକ ଧର୍ମିକ ଧର୍ମିକ ଧର୍ମିକ ଧର୍ମିକ ଧର୍ମିକ ଧର୍ମିକ ଧର୍ମିକ ଧର୍ମିକ ଧର୍ମିକ ଧର୍ମିକ ଧର୍ମିକ ଧର୍ମିକ ଧର୍ମିକ ଧର୍ମିକ ଧର୍ମିକ ଧର୍ମିକ ଧର୍ମିକ ଧର୍ମିକ ଧର୍ମିକ ଧର୍ମିକ ଧର୍ମିକ ଧର୍ମିକ ଧର୍ମିକ ଧର୍ମିକ ଧର୍ମିକ ଧର୍ମିକ ଧର୍ମିକ ଧର୍ମିକ ଧର୍ମିକ ଧର୍ମିକ ଧର୍ମିକ ଧର୍ମିକ ଧର୍ମିକ ଧର୍ମିକ ଧର୍ମିକ ଧର୍ମିକ ଧର୍ମିକ ଧର୍ମିକ ଧର୍ମିକ ଧର୍ମିକ ଧର୍ମିକ ଧର୍ମିକ ଧର୍ମିକ ଧର୍,3.571795589677528
bf16,Odia,22,ଦୀର୍ଘ ଦ୍ଵାରା ଧୀର୍ଘ-ଦ୍ଵାରା ଧୀର୍ଘ-ଦ୍ଵାରା ଧୀର୍ଘ-ଦ୍ଵାରା ଧୀର୍ଘ-ଦ୍ଵାରା ଧୀର୍ଘ-ଦ୍ଵାରା ଧୀର୍ଘ-ଦ୍ଵାରା ଧୀର୍ଘ-ଦ୍ଵାରା ଧୀର୍ଘ-ଦ୍ଵାରା ଧୀର୍ଘ-ଦ୍ଵାରା ଧୀର୍ଘ-ଦ୍ଵାରା ଧୀର୍ଘ-ଦ୍ଵାରା ଧୀର୍ଘ-ଦ୍ଵାରା ଧୀର୍ଘ-ଦ୍ଵାରା ଧୀର୍ଘ-ଦ୍ଵାରା ଧୀର୍ଘ-ଦ୍ଵାରା ଧୀର୍ଘ-ଦ୍ଵାରା ଧୀର୍ଘ-ଦ୍ଵାରା ଧୀର୍ଘ-ଦ୍ଵାରା ଧୀର୍ଘ-ଦ୍ଵାରା ଧୀର୍ଘ-ଦ୍ଵାରା ଧୀର୍ଘ-ଦ୍ଵାରା ଧୀର୍ଘ-ଦ୍ଵାରା ଧୀର୍ଘ-ଦ୍ଵାରା ଧୀର୍ଘ-ଦ୍ଵାରା ଧୀର୍ଘ-ଦ୍ଵାରା ଧୀର୍ଘ-ଦ୍ଵାରା ଧୀର୍ଘ-ଦ୍ଵାରା ଧ,1.8193493150684927
bf16,Odia,23,କୃଷ୍ଣ ପୁଣି କୃଷ୍ଣ ପୁଣି କୃଷ୍ଣ ପୁଣି କୃଷ୍ଣ ପୁଣି କୃଷ୍ଣ ପୁଣି କୃଷ୍ଣ ପୁଣି କୃଷ୍ଣ ପୁଣି କୃଷ୍ଣ ପୁଣି କୃଷ୍ଣ ପୁଣି କୃଷ୍ଣ ପୁଣି କୃଷ୍ଣ ପୁଣି କୃଷ୍ଣ ପୁଣି କୃଷ୍ଣ ପୁଣି କୃଷ୍ଣ ପୁଣି କୃଷ୍ଣ ପୁଣି କୃଷ୍ଣ ପୁଣି କୃଷ୍ଣ ପୁଣି କୃଷ୍ଣ ପୁଣି କୃଷ୍ଣ ପୁଣି କୃଷ୍ଣ ପୁଣି କୃଷ୍ଣ ପୁଣି କୃଷ୍ଣ ପୁଣି କୃଷ୍ଣ ପୁଣି କୃଷ୍ଣ ପୁଣି କୃଷ୍ଣ ପୁଣି କୃଷ୍ଣ ପୁଣି କୃଷ୍ଣ ପୁଣି କୃଷ୍ଣ ପୁଣି କୃଷ୍ଣ ପୁଣି କୃଷ୍ଣ ପୁଣି କୃଷ୍ଣ ପୁଣି କୃଷ୍ଣ ପୁଣି କୃଷ୍ଣ ପୁଣି କୃଷ୍ଣ ପୁଣି କୃଷ୍ଣ ପୁଣି କୃଷ୍ଣ ପୁଣି କୃଷ୍ଣ ପୁଣି କୃଷ୍ଣ ପୁଣି କୃଷ୍ଣ,4.05374734317125
bf16,Odia,24,କାରୁକାରଙ୍କୁ କାର୍ଯ୍ୟକାରୀୟ କାର୍ଯ୍ୟକାରୀୟ କାର୍ଯ୍ୟକାରୀୟ କାର୍ଯ୍ୟକାରୀୟ କାର୍ଯ୍ୟକାରୀୟ କାର୍ଯ୍ୟକାରୀୟ କାର୍ଯ୍ୟକାରୀୟ କାର୍ଯ୍ୟକାରୀୟ କାର୍ଯ୍ୟକାରୀୟ କାର୍ଯ୍ୟକାରୀୟ କାର୍ଯ୍ୟକାରୀୟ କାର୍ଯ୍ୟକାରୀୟ କାର୍ଯ୍ୟକାରୀୟ କାର୍ଯ୍ୟକାରୀୟ କାର୍ଯ୍ୟକାରୀୟ କାର୍ଯ୍ୟକାରୀୟ କାର୍ଯ୍ୟକାରୀୟ କାର୍ଯ୍ୟକାରୀୟ କାର୍ଯ୍ୟକାରୀୟ କାର୍ଯ୍ୟକାରୀୟ କାର୍ଯ୍ୟକାରୀୟ କାର୍ଯ୍ୟକାରୀୟ କାର୍ଯ୍ୟକାରୀୟ କାର୍ଯ,2.7116474394323866
bf16,Odia,25,ମହାଦେଶର ପୂର୍ବତମ ଅଞ୍ଚଳରେ ଥିବା ଧର୍ମିକ କାର୍ଯ୍ୟକ୍ରମ ପୂର୍ବତନ ଭାରତୀୟ ରାଜ୍ୟମାନଙ୍କ ଠାରୁ ଏହା ଭିନ୍ନ ଅଟେ।,10.19804907128883
bf16,Odia,26,କାର୍ଯ୍ୟକାରୀୟ ରାଜ୍ୟମାନଙ୍କ ଠାରୁ କାର୍ଯ୍ୟକାରୀ ରାଜ୍ୟମାନଙ୍କ ଠାରୁ କାର୍ଯ୍ୟକାରୀ ରାଜ୍ୟମାନଙ୍କ ଠାରୁ କାର୍ଯ୍ୟକାରୀ ରାଜ୍ୟମାନଙ୍କ ଠାରୁ କାର୍ଯ୍ୟକାରୀ ରାଜ୍ୟମାନଙ୍କ ଠାରୁ କାର୍ଯ୍ୟକାରୀ ରାଜ୍ୟମାନଙ୍କ ଠାରୁ କାର୍ଯ୍ୟକାରୀ ରାଜ୍ୟମାନଙ୍କ ଠାରୁ କାର୍ଯ୍ୟକାରୀ ରାଜ୍ୟମାନଙ୍କ ଠାରୁ କାର୍ଯ୍ୟକାରୀ ରାଜ୍ୟମାନଙ୍କ ଠାରୁ କାର୍ଯ୍ୟକାରୀ ରାଜ୍ୟମାନଙ୍କ ଠାରୁ କାର୍ଯ୍ୟକାରୀ ରାଜ୍ୟମାନଙ୍କ ଠାରୁ କାର୍ଯ୍ୟକାରୀ,11.1932649055288
bf16,Odia,27,ଏହାକୁ ସଂଖ୍ୟାନେତ୍ରୀ ରାଜ୍ୟର ରାଜ୍ୟକାରୀ ରାଜ୍ୟକାରୀ ରାଜ୍ୟକାରୀ ରାଜ୍ୟକାରୀ ରାଜ୍ୟକାରୀ ରାଜ୍ୟକାରୀ ରାଜ୍ୟକାରୀ ରାଜ୍ୟକାରୀ ରାଜ୍ୟକାରୀ ରାଜ୍ୟକାରୀ ରାଜ୍ୟକାରୀ ରାଜ୍ୟକାରୀ ରାଜ୍ୟକାରୀ ରାଜ୍ୟକାରୀ ରାଜ୍ୟକାରୀ ରାଜ୍ୟକାରୀ ରାଜ୍ୟକାରୀ ରାଜ୍ୟକାରୀ ରାଜ୍ୟକାରୀ ରାଜ୍ୟକାରୀ ରାଜ୍ୟକାରୀ ରାଜ୍ୟକାରୀ ରାଜ୍ୟକାରୀ ରାଜ୍ୟକାରୀ ରାଜ୍ୟକାରୀ ରାଜ୍ୟକାରୀ ରାଜ୍ୟକାରୀ ରାଜ୍ୟକାରୀ ରାଜ୍ୟକ,4.607042175356646
bf16,Odia,28,ମହାଦେଶର ତମୀନୀ ରାଜ୍ୟମାନଙ୍କ ଠାରୁ ଏହା ଭିନ୍ନ ଅଟେ।,6.239793615825178
bf16,Odia,29,ଏହାକୁ କୃଷ୍ଣପୁରୀ ଠାରୁ କୃଷ୍ଣପୁରୀ ରାଜ୍ୟରୁ ଧର୍ମିକ ଧର୍ମିକ ଧର୍ମିକ ଧର୍ମିକ ଧର୍ମିକ ଧର୍ମିକ ଧର୍ମିକ ଧର୍ମିକ ଧର୍ମିକ ଧର୍ମିକ ଧର୍ମିକ ଧର୍ମିକ ଧର୍ମିକ ଧର୍ମିକ ଧର୍ମିକ ଧର୍ମିକ ଧର୍ମିକ ଧର୍ମିକ ଧର୍ମିକ ଧର୍ମିକ ଧର୍ମିକ ଧର୍ମିକ ଧର୍ମିକ ଧର୍ମିକ ଧର୍ମିକ ଧର୍ମିକ ଧର୍ମିକ ଧର୍ମିକ ଧର୍ମିକ ଧର୍ମିକ ଧର୍ମିକ ଧର୍ମିକ ଧର୍ମିକ ଧର୍ମିକ ଧର୍ମିକ ଧର୍ମିକ ଧର୍ମିକ ଧର୍ମ,4.085088586107501
bf16,Odia,30,"ଯୁଗ୍‌ ଧାରଣାରେ, ଯୁଗ୍‌ ଧାରଣାରେ, ଯୁଗ୍‌ ଧାରଣାରେ, ଯୁଗ୍‌ ଧାରଣାରେ, ଯୁଗ୍‌ ଧାରଣାରେ, ଯୁଗ୍‌ ଧାରଣାରେ, ଯୁଗ୍‌ ଧାରଣାରେ, ଯୁଗ୍‌ ଧାରଣାରେ, ଯୁଗ୍‌ ଧାରଣାରେ, ଯୁଗ୍‌ ଧାରଣାରେ, ଯୁଗ୍‌ ଧାରଣାରେ, ଯୁଗ୍‌ ଧାରଣାରେ, ଯୁଗ୍‌ ଧାରଣାରେ, ଯୁଗ୍‌ ଧାରଣାରେ, ଯୁଗ୍‌ ଧାରଣାରେ, ଯୁଗ୍‌ ଧାରଣାରେ, ଯୁଗ୍‌ ଧାରଣାରେ, ଯୁଗ୍‌ ଧାରଣାରେ, ଯୁ",4.163161757809518
bf16,Odia,31,ଏକ ମୂଲ୍ୟବୃତ୍ତ ରାଜ୍ୟର ତୁମୁଣ୍ଡେଇ ରାଜ୍ୟର ତୁମୁଣ୍ଡେଇ ରାଜ୍ୟର ତୁମୁଣ୍ଡେଇ ରାଜ୍ୟର ତୁମୁଣ୍ଡେଇ ରାଜ୍ୟର ତୁମୁଣ୍ଡେଇ ରାଜ୍ୟର ତୁମୁଣ୍ଡେଇ ରାଜ୍ୟର ତୁମୁଣ୍ଡେଇ ରାଜ୍ୟର ତୁମୁଣ୍ଡେଇ ରାଜ୍ୟର ତୁମୁଣ୍ଡେଇ ରାଜ୍ୟର ତୁମୁଣ୍ଡେଇ ରାଜ୍ୟର ତୁମୁଣ୍ଡେଇ ରାଜ୍ୟର ତୁମୁଣ୍ଡେଇ ରାଜ୍ୟର ତୁମୁଣ୍ଡେଇ ରାଜ୍ୟର ତୁମୁଣ୍ଡେଇ ରାଜ୍ୟର ତୁମୁଣ୍ଡ,4.05497823478868
bf16,Odia,32,ରାଜଧାନୀ ଧାନୀ ଧାନୀ ଧାନୀ ଧାନୀ ଧାନୀ ଧାନୀ ଧାନୀ ଧାନୀ ଧାନୀ ଧାନୀ ଧାନୀ ଧାନୀ ଧାନୀ ଧାନୀ ଧାନୀ ଧାନୀ ଧାନୀ ଧାନୀ ଧାନୀ ଧାନୀ ଧାନୀ ଧାନୀ ଧାନୀ ଧାନୀ ଧାନୀ ଧାନୀ ଧାନୀ ଧାନୀ ଧାନୀ ଧାନୀ ଧାନୀ ଧାନୀ ଧାନୀ ଧାନୀ ଧାନୀ ଧାନୀ ଧାନୀ ଧାନୀ ଧାନୀ ଧାନୀ ଧାନୀ ଧାନୀ ଧାନୀ ଧାନୀ ଧାନୀ ଧାନୀ ଧାନୀ ଧାନୀ ଧାନୀ ଧାନୀ ଧାନୀ ଧାନୀ ଧାନୀ ଧାନ,1.963176755042003
bf16,Odia,33,ଏବେ କିଛି କାର୍ଯ୍ୟକାରୀ ଥାନାରେ ଏବଂ ଥାନାରେ ଏକ ଥାନାରେ ଏକ ଥାନାରେ ଏକ ଥାନାରେ ଏକ ଥାନାରେ ଏକ ଥାନାରେ ଏକ ଥାନାରେ ଏକ ଥାନାରେ ଏକ ଥାନାରେ ଏକ ଥାନାରେ ଏକ ଥାନାରେ ଏକ ଥାନାରେ ଏକ ଥାନାରେ ଏକ ଥାନାରେ ଏକ ଥାନାରେ ଏକ ଥାନାରେ ଏକ ଥାନାରେ ଏକ ଥାନାରେ ଏକ ଥାନାରେ ଏକ ଥାନାରେ ଏକ ଥାନାରେ ଏକ ଥାନାରେ ଏକ ଥାନାରେ ଏକ ଥାନାରେ ଏକ ଥାନାରେ ଏକ ଥାନାରେ ଏକ ଥାନାରେ ଏକ ଥାନାରେ ଏକ ଥାନ,6.118998173444063
bf16,Odia,34,ମଧ୍ୟରେ କେତେକ ଖୋଟ ଖୋଟ ଖୋଟ ଖୋଟ ଖୋଟ ଖୋଟ ଖୋଟ ଖୋଟ ଖୋଟ ଖୋଟ ଖୋଟ ଖୋଟ ଖୋଟ ଖୋଟ ଖୋଟ ଖୋଟ ଖୋଟ ଖୋଟ ଖୋଟ ଖୋଟ ଖୋଟ ଖୋଟ ଖୋଟ ଖୋଟ ଖୋଟ ଖୋଟ ଖୋଟ ଖୋଟ ଖୋଟ ଖୋଟ ଖୋଟ ଖୋଟ ଖୋଟ ଖୋଟ ଖୋଟ ଖୋଟ ଖୋଟ ଖୋଟ ଖୋଟ ଖୋଟ ଖୋଟ ଖୋଟ ଖୋଟ ଖୋଟ ଖୋଟ ଖୋଟ ଖୋଟ ଖୋଟ ଖୋଟ ଖୋଟ ଖୋଟ ଖୋଟ ଖୋଟ,2.6322496247294542
bf16,Odia,35,ଏହାକୁ କୃଷ୍ଣ କୃଷ୍ଣ କୃଷ୍ଣ କୃଷ୍ଣ କୃଷ୍ଣ କୃଷ୍ଣ କୃଷ୍ଣ କୃଷ୍ଣ କୃଷ୍ଣ କୃଷ୍ଣ କୃଷ୍ଣ କୃଷ୍ଣ କୃଷ୍ଣ କୃଷ୍ଣ କୃଷ୍ଣ କୃଷ୍ଣ କୃଷ୍ଣ କୃଷ୍ଣ କୃଷ୍ଣ କୃଷ୍ଣ କୃଷ୍ଣ କୃଷ୍ଣ କୃଷ୍ଣ କୃଷ୍ଣ କୃଷ୍ଣ କୃଷ୍ଣ କୃଷ୍ଣ କୃଷ୍ଣ କୃଷ୍ଣ କୃଷ୍ଣ କୃଷ୍ଣ କୃଷ୍ଣ କୃଷ୍ଣ କୃଷ୍ଣ କୃଷ୍ଣ କୃଷ୍ଣ କୃଷ୍ଣ କୃଷ୍ଣ କୃଷ୍ଣ କୃଷ୍ଣ କୃଷ୍ଣ କୃଷ୍ଣ କୃଷ୍ଣ କୃଷ୍ଣ କୃଷ୍ଣ କୃଷ୍ଣ କୃଷ୍ଣ କୃଷ୍ଣ କୃଷ୍ଣ କୃଷ୍ଣ କୃଷ୍ଣ କୃଷ୍ଣ କୃଷ୍ଣ କୃଷ୍ଣ କୃ,1.8755413779043504
bf16,Odia,36,ମହାରajah ରାଜୀଙ୍କ ପୂର୍ବତନ ଧାନେ ତାହାକୁ ନେଇ ତାହାକୁ ନେଇ ତାହାକୁ ନେଇ ତାହାକୁ ନେଇ ତାହାକୁ ନେଇ ତାହାକୁ ନେଇ ତାହାକୁ ନେଇ ତାହାକୁ ନେଇ ତାହାକୁ ନେଇ ତାହାକୁ ନେଇ ତାହାକୁ ନେଇ ତାହାକୁ ନେଇ ତାହାକୁ ନେଇ ତାହାକୁ ନେଇ ତାହାକୁ ନେଇ ତାହାକୁ ନେଇ ତାହାକୁ ନେଇ ତାହାକୁ ନେଇ ତାହାକୁ ନେଇ ତାହାକୁ ନେଇ ତାହାକୁ ନେଇ ତାହାକୁ ନେଇ ତାହାକୁ ନେଇ ତାହାକୁ ନେଇ ତାହାକୁ ନେଇ ତାହାକୁ ନେଇ ତାହାକୁ ନେଇ ତାହାକୁ ନେଇ ତାହାକୁ ନେ,5.11837616682155
bf16,Odia,37,ସମେଦବାରେ ତେଣୁ ତେଣୁ ତେଣୁ ତେଣୁ ତେଣୁ ତେଣୁ ତେଣୁ ତେଣୁ ତେଣୁ ତେଣୁ ତେଣୁ ତେଣୁ ତେଣୁ ତେଣୁ ତେଣୁ ତେଣୁ ତେଣୁ ତେଣୁ ତେଣୁ ତେଣୁ ତେଣୁ ତେଣୁ ତେଣୁ ତେଣୁ ତେଣୁ ତେଣୁ ତେଣୁ ତେଣୁ ତେଣୁ ତେଣୁ ତେଣୁ ତେଣୁ ତେଣୁ ତେଣୁ ତେଣୁ ତେଣୁ ତେଣୁ ତେଣୁ ତେଣୁ ତେଣୁ ତେଣୁ ତେଣୁ ତେଣ,2.4237769338605943
bf16,Odia,38,ଏକ ତୁମ୍ଭୀ ତୁମ୍ଭୀ ତୁମ୍ଭୀ ତୁମ୍ଭୀ ତୁମ୍ଭୀ ତୁମ୍ଭୀ ତୁମ୍ଭୀ ତୁମ୍ଭୀ ତୁମ୍ଭୀ ତୁମ୍ଭୀ ତୁମ୍ଭୀ ତୁମ୍ଭୀ ତୁମ୍ଭୀ ତୁମ୍ଭୀ ତୁମ୍ଭୀ ତୁମ୍ଭୀ ତୁମ୍ଭୀ ତୁମ୍ଭୀ ତୁମ୍ଭୀ ତୁମ୍ଭୀ ତୁମ୍ଭୀ ତୁମ୍ଭୀ ତୁମ୍ଭୀ ତୁମ୍ଭୀ ତୁମ୍ଭୀ ତୁମ୍ଭୀ ତୁମ୍ଭୀ ତୁମ୍ଭୀ ତୁମ୍ଭୀ ତୁମ୍ଭୀ ତୁମ୍ଭୀ ତୁମ୍ଭୀ ତୁମ୍ଭୀ ତୁମ୍ଭୀ ତୁମ୍ଭୀ ତୁମ୍ଭୀ ତୁ,2.391746359552243
bf16,Odia,39,କିଛି କହିବାକୁ କରାଯିବାକୁ କରାଯିବାକୁ କରାଯିବାକୁ କରାଯିବାକୁ କରାଯିବାକୁ କରାଯିବାକୁ କରାଯିବାକୁ କରାଯିବାକୁ କରାଯିବାକୁ କରାଯିବାକୁ କରାଯିବାକୁ କରାଯିବାକୁ କରାଯିବାକୁ କରାଯିବାକୁ କରାଯିବାକୁ କରାଯିବାକୁ କରାଯିବାକୁ କରାଯିବାକୁ କରାଯିବାକୁ କରାଯିବାକୁ କରାଯିବାକୁ କରାଯିବାକୁ କରାଯିବାକୁ କରାଯିବାକୁ କରାଯିବାକୁ କରାଯିବାକୁ କରାଯିବାକୁ କରାଯିବାକୁ କରାଯିବାକୁ କରାଯିବାକୁ କରାଯିବାକୁ କରାଯିବାକୁ କରାଯିବାକୁ କରାଯିବାକୁ କରାଯିବାକୁ କରାଯି,5.0375555656669455
bf16,Odia,40,"ଏକ ମଧ୍ୟ ତାରିଖରେ, ଏକ ତାରିଖ ତାରିଖ ତାରିଖ ତାରିଖ ତାରିଖ ତାରିଖ ତାରିଖ ତାରିଖ ତାରିଖ ତାରିଖ ତାରିଖ ତାରିଖ ତାରିଖ ତାରିଖ ତାରିଖ ତାରିଖ ତାରିଖ ତାରିଖ ତାରିଖ ତାରିଖ ତାରିଖ ତାରିଖ ତାରିଖ ତାରିଖ ତାରିଖ ତାରିଖ ତାରିଖ ତାରିଖ ତାରିଖ ତାରିଖ ତାରିଖ ତାରିଖ ତାରିଖ ତାରିଖ ତାରିଖ ତାରିଖ ତାରିଖ ତାରିଖ ତାରିଖ ତାରିଖ ତାରିଖ ତାରିଖ ତାରିଖ ତାରିଖ ତାରିଖ ତାରିଖ ତାରିଖ ତାରିଖ ତାରିଖ ତାରିଖ ତାରିଖ ତାରିଖ ତାରିଖ ତାରିଖ ତାରିଖ ତାରିଖ ତାରିଖ ତାରିଖ ତାରିଖ ତାରିଖ ତାରିଖ ତାରିଖ ତାରିଖ ତାରିଖ ତାରିଖ ତାରିଖ ତାରିଖ ତାରିଖ ତାରିଖ ତାରିଖ ତାରିଖ ତାରି",4.154753163423367
bf16,Odia,41,କାର୍ଡ୍‌ ଟିକା ଟିକା ଟିକା ଟିକା ଟିକା ଟିକା ଟିକା ଟିକା ଟିକା ଟିକା ଟିକା ଟିକା ଟିକା ଟିକା ଟିକା ଟିକା ଟିକା ଟିକା ଟିକା ଟିକା ଟିକା ଟିକା ଟିକା ଟିକା ଟିକା ଟିକା ଟିକା ଟିକା ଟିକା ଟିକା ଟିକା ଟିକା ଟିକା ଟିକା ଟିକା ଟିକା ଟିକା ଟିକା ଟିକା ଟିକା ଟିକା ଟିକା ଟିକା ଟିକା ଟିକା ଟିକା ଟିକା ଟିକା ଟିକା ଟିକା ଟିକା ଟିକା ଟିକା ଟିକା ଟିକା ଟିକା ଟିକା ଟିକା ଟିକା ଟିକା ଟିକା ଟିକା ଟିକା ଟିକା ଟିକା ଟିକା ଟିକା ଟିକା ଟିକା ଟିକା ଟିକା ଟିକା ଟିକା ଟିକା ଟିକା ଟିକା ଟିକା ଟିକା ଟିକା ଟିକା ଟିକା ଟିକା ଟିକା ଟିକା ଟିକା ଟିକା ଟିକା ଟିକା ଟିକା ଟିକା ଟିକା ଟିକ,4.115705174937605
bf16,Odia,42,ରାଜ୍ୟମାନଙ୍କ ଠାରୁ ଏକ ରାଜ୍ୟ ଉପରେ ଧାରଣାରେ ଧାରଣାରେ ଧାରଣାରେ ଧାରଣାରେ ଧାରଣାରେ ଧାରଣାରେ ଧାରଣାରେ ଧାରଣାରେ ଧାରଣାରେ ଧାରଣାରେ ଧାରଣାରେ ଧାରଣାରେ ଧାରଣାରେ ଧାରଣାରେ ଧାରଣାରେ ଧାରଣାରେ ଧାରଣାରେ ଧାରଣାରେ ଧାରଣାରେ ଧାରଣାରେ ଧାରଣାରେ ଧାରଣାରେ ଧାରଣାରେ ଧାରଣାରେ ଧାରଣାରେ ଧାରଣାରେ ଧାରଣାରେ ଧାରଣାରେ ଧାରଣାରେ ଧାରଣାରେ ଧାରଣାରେ ଧାରଣାରେ ଧାରଣାରେ ଧାରଣାରେ ଧାରଣାରେ ଧାରଣାରେ ଧାରଣାରେ ଧାରଣାରେ ଧାରଣାରେ ଧାରଣାରେ ଧାରଣାରେ ଧାରଣାରେ ଧାରଣାରେ ଧାରଣାରେ ଧାରଣାରେ ଧାରଣାରେ ଧାରଣାରେ ଧାରଣାରେ ଧାରଣାରେ ଧାରଣାରେ ଧାରଣାରେ ଧାରଣାରେ ଧାରଣାରେ ଧାରଣାରେ ଧାରଣାରେ ଧାରଣାରେ ଧାରଣାରେ ଧାରଣାରେ ଧାରଣ,4.334027054294379
bf16,Odia,43,"ଏହାକୁ କାର୍ଯ୍ୟକାରୀ ତଥ୍ୟରେ 90 ଦିନ ପୂର୍ବରୁ ଆକ୍ରମଣ କରାଯାଇଛି, ଯେଉଁଠାରେ ଆକ୍ରମଣ ଥାନାରେ 90 ଦିନ ପୂର୍ବରୁ ଆକ୍ରମଣ କରାଯାଇଛି, ଯେଉଁଠାରେ 90 ଦିନ ପୂର୍ବରୁ ଆକ୍ରମଣ କରାଯାଇଛି, ଯେଉଁଠାରେ 90 ଦିନ ପୂର୍ବରୁ ଆକ୍ରମଣ କରାଯାଇଛି, ଯେଉଁଠାରେ 90 ଦିନ ପୂର୍ବରୁ ଆକ୍ରମଣ କରାଯାଇଛି, ଯେଉଁଠାରେ 90 ଦିନ ପୂର୍ବରୁ ଆକ୍ରମଣ କରାଯାଇଛି, ଯେଉଁଠାରେ 90 ଦିନ ପୂର୍ବରୁ ଆକ୍ରମଣ କରାଯାଇଛି, ଯେଉଁଠାରେ 90 ଦିନ ପୂର୍ବରୁ ଆକ୍ରମଣ କରାଯାଇଛି, ଯେଉଁଠାରେ 90 ଦିନ ପୂର୍ବରୁ ଆକ୍ରମଣ କରାଯାଇଛି, ଯେଉଁଠାରେ 90 ଦିନ ପୂର୍ବରୁ ଆକ୍ରମଣ କରାଯାଇଛି, ଯେଉଁଠାରେ 90 ଦିନ ପୂର୍ବରୁ ଆକ୍ରମଣ କରାଯାଇଛି, ଯେଉଁଠାରେ 90 ଦିନ ପୂର୍ବରୁ ଆକ୍ରମଣ",13.4651844941292
bf16,Odia,44,କିଛି କାର୍ଯ୍ୟକାରୀୟ ଧର୍ମିକ ଧର୍ମିକ ଧର୍ମିକ ଧର୍ମିକ ଧର୍ମିକ ଧର୍ମିକ ଧର୍ମିକ ଧର୍ମିକ ଧର୍ମିକ ଧର୍ମିକ ଧର୍ମିକ ଧର୍ମିକ ଧର୍ମିକ ଧର୍ମିକ ଧର୍ମିକ ଧର୍ମିକ ଧର୍ମିକ ଧର୍ମିକ ଧର୍ମିକ ଧର୍ମିକ ଧର୍ମିକ ଧର୍ମିକ ଧର୍ମିକ ଧର୍ମିକ ଧର୍ମିକ ଧର୍ମିକ ଧର୍ମିକ ଧର୍ମିକ ଧର୍ମିକ ଧର୍ମିକ ଧର୍ମିକ ଧର୍ମିକ ଧର୍ମିକ ଧର୍ମିକ ଧର୍ମିକ ଧର୍ମିକ ଧର୍ମିକ ଧର୍ମିକ ଧର୍ମିକ ଧର୍ମିକ ଧର୍ମିକ ଧର୍ମିକ ଧର୍ମିକ ଧର୍ମିକ ଧର୍ମିକ ଧର୍ମିକ ଧର୍ମିକ ଧର୍ମିକ ଧର୍ମିକ ଧର୍ମିକ ଧର୍ମିକ ଧର୍ମିକ ଧର୍ମିକ ଧର୍ମିକ ଧର୍ମିକ ଧର୍ମିକ ଧର୍ମିକ ଧର୍ମିକ ଧର୍ମିକ ଧର୍ମିକ ଧର୍ମିକ ଧର୍ମିକ ଧର୍ମିକ ଧର୍ମିକ ଧର୍ମିକ ଧର୍ମିକ ଧର୍ମିକ ଧର୍ମିକ ଧର୍ମିକ ଧର୍ମିକ ଧର୍ମିକ ଧର୍ମିକ,4.6867950872271456
bf16,Odia,45,ଏହା ଏକ ରାଜ୍ୟମାନଙ୍କ ଠାରୁ ଧାରଣାରେ ଧାରଣାରେ ଧାରଣାରେ ଧାରଣାରେ ଧାରଣାରେ ଧାରଣାରେ ଧାରଣାରେ ଧାରଣାରେ ଧାରଣାରେ ଧାରଣାରେ ଧାରଣାରେ ଧାରଣାରେ ଧାରଣାରେ ଧାରଣାରେ ଧାରଣାରେ ଧାରଣାରେ ଧାରଣାରେ ଧାରଣାରେ ଧାରଣାରେ ଧାରଣାରେ ଧାରଣାରେ ଧାରଣାରେ ଧାରଣାରେ ଧାରଣାରେ ଧାରଣାରେ ଧାରଣାରେ ଧାରଣାରେ ଧାରଣାରେ ଧାରଣାରେ ଧାରଣାରେ ଧାରଣାରେ ଧାରଣାରେ ଧାରଣାରେ ଧାରଣାରେ ଧାରଣାରେ ଧାରଣାରେ ଧାରଣାରେ ଧାରଣାରେ ଧାରଣାରେ ଧାରଣାରେ ଧାରଣାରେ ଧାରଣାରେ ଧାରଣାରେ ଧାରଣାରେ ଧାରଣାରେ ଧାରଣାରେ ଧାରଣାରେ ଧାରଣାରେ ଧାରଣାରେ ଧାରଣାରେ ଧାରଣାରେ ଧାରଣାରେ ଧାରଣାରେ ଧାରଣାରେ ଧାରଣାରେ ଧାରଣାରେ ଧାରଣାରେ ଧାରଣାରେ ଧାରଣାରେ ଧାରଣ,4.30209269052296
bf16,Odia,46,କେବେ କାର୍ଯ୍ୟକ୍ରମୀ ଥାନାରେ ଧର୍ମିକ ଧର୍ମିକ ଧର୍ମିକ ଧର୍ମିକ ଧର୍ମିକ ଧର୍ମିକ ଧର୍ମିକ ଧର୍ମିକ ଧର୍ମିକ ଧର୍ମିକ ଧର୍ମିକ ଧର୍ମିକ ଧର୍ମିକ ଧର୍ମିକ ଧର୍ମିକ ଧର୍ମିକ ଧର୍ମିକ ଧର୍ମିକ ଧର୍ମିକ ଧର୍ମିକ ଧର୍ମିକ ଧର୍ମିକ ଧର୍ମିକ ଧର୍ମିକ ଧର୍ମିକ ଧର୍ମିକ ଧର୍ମିକ ଧର୍ମିକ ଧର୍ମିକ ଧର୍ମିକ ଧର୍ମିକ ଧର୍ମିକ ଧର୍ମିକ ଧର୍ମିକ ଧର୍ମିକ ଧର୍ମିକ ଧର୍ମିକ ଧର୍ମିକ ଧର୍ମିକ ଧର୍ମିକ ଧର୍ମିକ ଧର୍ମିକ ଧର୍ମିକ ଧର୍ମିକ ଧର୍ମିକ ଧର୍ମିକ ଧର୍ମିକ ଧର୍ମିକ ଧର୍ମିକ ଧର୍ମିକ ଧର୍ମିକ ଧର୍ମିକ ଧର୍ମିକ ଧର୍ମିକ ଧର୍ମିକ ଧର୍ମିକ ଧର୍ମିକ ଧର୍ମିକ ଧର୍ମିକ ଧର୍ମିକ ଧର୍ମିକ ଧର୍ମିକ ଧର୍ମିକ ଧର୍ମିକ ଧର୍ମିକ ଧର୍ମିକ ଧର୍ମିକ ଧର୍ମିକ ଧର୍ମିକ ଧର୍ମିକ ଧର୍ମିକ,5.949354496725747
bf16,Odia,47,ରାଜ୍ୟମାନଙ୍କ ଠାରୁ ରାଜ୍ୟମାନଙ୍କ ଠାରୁ ରାଜ୍ୟମାନଙ୍କ ଠାରୁ ରାଜ୍ୟମାନଙ୍କ ଠାରୁ ରାଜ୍ୟମାନଙ୍କ ଠାରୁ ରାଜ୍ୟମାନଙ୍କ ଠାରୁ ରାଜ୍ୟମାନଙ୍କ ଠାରୁ ରାଜ୍ୟମାନଙ୍କ ଠାରୁ ରାଜ୍ୟମାନଙ୍କ ଠାରୁ ରାଜ୍ୟମାନଙ୍କ ଠାରୁ ରାଜ୍ୟମାନଙ୍କ ଠାରୁ ରାଜ୍ୟମାନଙ୍କ ଠାରୁ ରାଜ୍ୟମାନଙ୍କ ଠାରୁ ରାଜ୍ୟମାନଙ୍କ ଠାରୁ ରାଜ୍ୟମାନଙ୍କ ଠାରୁ ରାଜ୍ୟମାନଙ୍କ ଠାରୁ ରାଜ୍ୟମାନଙ୍କ ଠାରୁ ରାଜ୍ୟମାନଙ୍କ ଠାରୁ ରାଜ୍ୟମାନଙ୍କ ଠାରୁ ରାଜ୍ୟମାନଙ୍କ ଠାରୁ ରାଜ୍ୟମାନଙ୍କ ଠାରୁ ରାଜ୍ୟମାନଙ୍କ ଠାରୁ ରାଜ୍ୟମାନଙ୍କ ଠାରୁ ରାଜ୍ୟମାନଙ୍କ ଠାରୁ ରାଜ୍ୟମାନଙ୍କ ଠାରୁ ରାଜ୍ୟମାନଙ୍କ ଠାରୁ ରାଜ୍ୟମାନଙ୍କ ଠାରୁ ରାଜ୍ୟମାନଙ୍କ ଠାରୁ ରାଜ୍ୟମାନଙ୍କ ଠାରୁ ରାଜ୍ୟମାନଙ୍କ ଠାରୁ ରାଜ୍ୟମାନଙ୍କ ଠାରୁ ରାଜ୍ୟମାନଙ୍କ ଠାରୁ ରାଜ୍ୟମାନଙ୍କ ଠାରୁ ରାଜ୍ୟମାନଙ୍କ ଠାର,4.939413007667163
bf16,Odia,48,ଲିକ୍ଭିଡିଟି ତାହାକୁ କରାଯାଇଛି ଯେ କେତେକ ଲୋକଙ୍କ ଠାରୁ ତାହାକୁ ତାହାକୁ ତାହାକୁ ତାହାକୁ ତାହାକୁ ତାହାକୁ ତାହାକୁ ତାହାକୁ ତାହାକୁ ତାହାକୁ ତାହାକୁ ତାହାକୁ ତାହାକୁ ତାହାକୁ ତାହାକୁ ତାହାକୁ ତାହାକୁ ତାହାକୁ ତାହାକୁ ତାହାକୁ ତାହାକୁ ତାହାକୁ ତାହାକୁ ତାହାକୁ ତାହାକୁ ତାହାକୁ ତାହାକୁ ତାହାକୁ ତାହାକୁ ତାହାକୁ ତାହାକୁ ତାହାକୁ ତାହାକୁ ତାହାକୁ ତାହାକୁ ତାହାକୁ ତାହାକୁ ତାହାକୁ ତାହାକୁ ତାହାକୁ ତାହାକୁ ତାହାକୁ ତାହାକୁ ତାହାକୁ ତାହାକୁ ତାହାକୁ ତାହାକୁ ତାହାକୁ ତାହାକୁ ତାହାକୁ ତାହାକୁ ତାହାକୁ ତାହାକୁ ତାହାକୁ ତାହାକୁ ତାହାକୁ ତାହାକୁ ତାହାକୁ ତାହାକୁ ତାହାକୁ ତାହାକୁ ତାହାକୁ ତାହାକୁ ତାହାକୁ ତାହାକୁ ତାହାକୁ ତାହାକୁ ତାହାକୁ ତାହାକୁ ତାହାକୁ ତାହାକୁ ତାହାକୁ ତାହାକୁ ତାହାକୁ ତାହାକୁ ତାହାକୁ ତାହାକୁ ତାହାକୁ ତାହାକୁ ତାହାକୁ ତା,4.171527803192462
bf16,Odia,49,ଭିନ୍ନ ଭିନ୍ନ ଭିନ୍ନ ଭିନ୍ନ ଭିନ୍ନ ଭିନ୍ନ ଭିନ୍ନ ଭିନ୍ନ ଭିନ୍ନ ଭିନ୍ନ ଭିନ୍ନ ଭିନ୍ନ ଭିନ୍ନ ଭିନ୍ନ ଭିନ୍ନ ଭିନ୍ନ ଭିନ୍ନ ଭିନ୍ନ ଭିନ୍ନ ଭିନ୍ନ ଭିନ୍ନ ଭିନ୍ନ ଭିନ୍ନ ଭିନ୍ନ ଭିନ୍ନ ଭିନ୍ନ ଭିନ୍ନ ଭିନ୍ନ ଭିନ୍ନ ଭିନ୍ନ ଭିନ୍ନ ଭିନ୍ନ ଭିନ୍ନ ଭିନ୍ନ ଭିନ୍ନ ଭିନ୍ନ ଭିନ୍ନ ଭିନ୍ନ ଭିନ୍ନ ଭିନ୍ନ ଭିନ୍ନ ଭିନ୍ନ ଭିନ୍ନ ଭିନ୍ନ ଭିନ୍ନ ଭିନ୍ନ ଭିନ୍ନ ଭିନ୍ନ ଭିନ୍ନ ଭିନ୍ନ ଭିନ୍ନ ଭିନ୍ନ ଭିନ୍ନ ଭିନ୍ନ ଭିନ୍ନ ଭିନ୍ନ ଭିନ୍ନ ଭିନ୍ନ ଭିନ୍ନ ଭିନ୍ନ ଭିନ୍ନ ଭିନ୍ନ ଭିନ୍ନ ଭିନ୍ନ ଭିନ୍ନ ଭିନ୍ନ ଭିନ୍ନ ଭିନ୍ନ ଭିନ୍ନ ଭିନ୍ନ ଭିନ୍ନ ଭିନ୍ନ ଭିନ୍ନ ଭିନ୍ନ ଭିନ୍ନ ଭିନ୍ନ ଭିନ୍ନ ଭିନ୍ନ ଭିନ୍ନ ଭିନ୍ନ ଭିନ୍ନ ଭିନ୍ନ ଭିନ୍ନ ଭିନ୍ନ ଭିନ୍ନ ଭିନ୍ନ ଭିନ୍ନ ଭିନ୍ନ ଭିନ୍ନ,2.058132678638988
bf16,Odia,50,"ଏହା ପୂର୍ବରୁ ତେବେ, ଏକ ଧାରଣାରେ ଧାରଣାରେ ଧାରଣାରେ ଧାରଣାରେ ଧାରଣାରେ ଧାରଣାରେ ଧାରଣାରେ ଧାରଣାରେ ଧାରଣାରେ ଧାରଣାରେ ଧାରଣାରେ ଧାରଣାରେ ଧାରଣାରେ ଧାରଣାରେ ଧାରଣାରେ ଧାରଣାରେ ଧାରଣାରେ ଧାରଣାରେ ଧାରଣାରେ ଧାରଣାରେ ଧାରଣାରେ ଧାରଣାରେ ଧାରଣାରେ ଧାରଣାରେ ଧାରଣାରେ ଧାରଣାରେ ଧାରଣାରେ ଧାରଣାରେ ଧାରଣାରେ ଧାରଣାରେ ଧାରଣାରେ ଧାରଣାରେ ଧାରଣାରେ ଧାରଣାରେ ଧାରଣାରେ ଧାରଣାରେ ଧାରଣାରେ ଧାରଣାରେ ଧାରଣାରେ ଧାରଣାରେ ଧାରଣାରେ ଧାରଣାରେ ଧାରଣାରେ ଧାରଣାରେ ଧାରଣାରେ ଧାରଣାରେ ଧାରଣାରେ ଧାରଣାରେ ଧାରଣାରେ ଧାରଣାରେ ଧାରଣାରେ ଧାରଣାରେ ଧାରଣାରେ ଧାରଣାରେ ଧାରଣାରେ ଧାରଣାରେ ଧାରଣ",3.5516833249723376
bf16,Odia,51,ଭାରତର ଧାରଣାରେ ଧାରଣାରେ ଧାରଣାରେ ଧାରଣାରେ ଧାରଣାରେ ଧାରଣାରେ ଧାରଣାରେ ଧାରଣାରେ ଧାରଣାରେ ଧାରଣାରେ ଧାରଣାରେ ଧାରଣାରେ ଧାରଣାରେ ଧାରଣାରେ ଧାରଣାରେ ଧାରଣାରେ ଧାରଣାରେ ଧାରଣାରେ ଧାରଣାରେ ଧାରଣାରେ ଧାରଣାରେ ଧାରଣାରେ ଧାରଣାରେ ଧାରଣାରେ ଧାରଣାରେ ଧାରଣାରେ ଧାରଣାରେ ଧାରଣାରେ ଧାରଣାରେ ଧାରଣାରେ ଧାରଣାରେ ଧାରଣାରେ ଧାରଣାରେ ଧାରଣାରେ ଧାରଣାରେ ଧାରଣାରେ ଧାରଣାରେ ଧାରଣାରେ ଧାରଣାରେ ଧାରଣାରେ ଧାରଣାରେ ଧାରଣାରେ ଧାରଣାରେ ଧାରଣାରେ ଧାରଣାରେ ଧାରଣାରେ ଧାରଣାରେ ଧାରଣାରେ ଧାରଣାରେ ଧାରଣାରେ ଧାରଣାରେ ଧାରଣାରେ ଧାରଣାରେ ଧାରଣାରେ ଧାରଣାରେ ଧାରଣାରେ ଧାରଣାରେ ଧାରଣାରେ ଧାରଣ,3.560378706295019
bf16,Odia,52,ଲିୁେଟେଡିୟୁଲ ଟୁଟ୍‌ ଟୁଟ୍‌ ଟୁଟ୍‌ ଟୁଟ୍‌ ଟୁଟ୍‌ ଟୁଟ୍‌ ଟୁଟ୍‌ ଟୁଟ୍‌ ଟୁଟ୍‌ ଟୁଟ୍‌ ଟୁଟ୍‌ ଟୁଟ୍‌ ଟୁଟ୍‌ ଟୁଟ୍‌ ଟୁଟ୍‌ ଟୁଟ୍‌ ଟୁଟ୍‌ ଟୁଟ୍‌ ଟୁଟ୍‌ ଟୁଟ୍‌ ଟୁଟ୍‌ ଟୁଟ୍‌ ଟୁଟ୍‌ ଟୁଟ୍‌ ଟୁଟ୍‌ ଟୁଟ୍‌ ଟୁଟ୍‌ ଟୁଟ୍‌ ଟୁଟ୍‌ ଟୁଟ୍‌ ଟୁଟ୍‌ ଟୁଟ୍‌ ଟୁଟ୍‌ ଟୁଟ୍‌ ଟୁଟ୍‌ ଟୁଟ୍‌ ଟୁଟ୍‌ ଟୁଟ୍‌ ଟୁଟ୍‌ ଟୁଟ୍‌ ଟୁଟ୍‌ ଟୁଟ୍‌ ଟୁଟ୍‌ ଟୁଟ୍‌ ଟୁଟ୍‌ ଟୁଟ୍‌ ଟୁଟ୍‌ ଟୁଟ୍‌ ଟୁଟ୍‌ ଟୁଟ୍‌ ଟୁଟ୍‌ ଟୁଟ୍‌ ଟୁଟ୍‌ ଟୁଟ୍‌ ଟୁଟ୍‌ ଟୁଟ୍‌ ଟୁଟ୍‌ ଟ,2.59253732817102
bf16,Odia,53,ଏହାକୁ କାର୍ଯ୍ୟକାରୀୟ କାର୍ଯ୍ୟକ୍ରମରେ ଖୁଦ୍ଧକାରୀ ଖୁଦ୍ଧକାରୀ ଖୁଦ୍ଧକାରୀ ଖୁଦ୍ଧକାରୀ ଖୁଦ୍ଧକାରୀ ଖୁଦ୍ଧକାରୀ ଖୁଦ୍ଧକାରୀ ଖୁଦ୍ଧକାରୀ ଖୁଦ୍ଧକାରୀ ଖୁଦ୍ଧକାରୀ ଖୁଦ୍ଧକାରୀ ଖୁଦ୍ଧକାରୀ ଖୁଦ୍ଧକାରୀ ଖୁଦ୍ଧକାରୀ ଖୁଦ୍ଧକାରୀ ଖୁଦ୍ଧକାରୀ ଖୁଦ୍ଧକାରୀ ଖୁଦ୍ଧକାରୀ ଖୁଦ୍ଧକାରୀ ଖୁଦ୍ଧକାରୀ ଖୁଦ୍ଧକାରୀ ଖୁଦ୍ଧକାରୀ ଖୁଦ୍ଧକାରୀ ଖୁଦ୍ଧକାରୀ ଖୁଦ୍ଧକାରୀ ଖୁଦ୍ଧକାରୀ ଖୁଦ୍ଧକାରୀ ଖୁଦ୍ଧକାରୀ ଖୁଦ୍ଧକାରୀ ଖୁଦ୍ଧକାରୀ ଖୁଦ୍ଧକାରୀ ଖୁଦ୍ଧକାରୀ ଖୁଦ୍ଧକାରୀ ଖୁଦ୍ଧକାରୀ ଖୁଦ୍ଧକାରୀ ଖୁଦ୍ଧକାରୀ ଖୁଦ୍ଧକାରୀ ଖ,5.509348249965385
bf16,Odia,54,ପାଣିମାନଙ୍କର ଏକ ରାଜ୍ୟର ଧାରଣାରେ ଥାନାରେ ଥାନାରେ ଥାନାରେ ଥାନାରେ ଥାନାରେ ଥାନାରେ ଥାନାରେ ଥାନାରେ ଥାନାରେ ଥାନାରେ ଥାନାରେ ଥାନାରେ ଥାନାରେ ଥାନାରେ ଥାନାରେ ଥାନାରେ ଥାନାରେ ଥାନାରେ ଥାନାରେ ଥାନାରେ ଥାନାରେ ଥାନାରେ ଥାନାରେ ଥାନାରେ ଥାନାରେ ଥାନାରେ ଥାନାରେ ଥାନାରେ ଥାନାରେ ଥାନାରେ ଥାନାରେ ଥାନାରେ ଥାନାରେ ଥାନାରେ ଥାନାରେ ଥାନାରେ ଥାନାରେ ଥାନାରେ ଥାନାରେ ଥାନାରେ ଥାନାରେ ଥାନାରେ ଥାନାରେ ଥାନାରେ ଥାନାରେ ଥାନାରେ ଥାନାରେ ଥାନାରେ ଥାନାରେ ଥାନାରେ ଥାନାରେ ଥାନାରେ ଥାନାରେ ଥାନାରେ ଥାନାରେ ଥାନାରେ ଥାନାରେ ଥାନାରେ ଥାନାରେ ଥାନାରେ ଥାନାରେ ଥାନାରେ ଥାନାରେ ଥାନାରେ ଥାନାରେ ଥାନାରେ ଥାନାରେ,5.189757567832775
bf16,Odia,55,ଏକ ଉତ୍ତର-ପୂର୍ବ ଭାରତୀୟ ରାଜ୍ୟମାନଙ୍କ ଠାରୁ ଏହା ଭିନ୍ନ ଅଟେ।,8.36386558470962
bf16,Odia,56,ରାଜିକାରୀଙ୍କ ତେଜାରେ ତାହା କହିଛି ଯେ ଏକ ରାଜ୍ୟ ତାହା ତାହା ତାହା ତାହା ତାହା ତାହା ତାହା ତାହା ତାହା ତାହା ତାହା ତାହା ତାହା ତାହା ତାହା ତାହା ତାହା ତାହା ତାହା ତାହା ତାହା ତାହା ତାହା ତାହା ତାହା ତାହା ତାହା ତାହା ତାହା ତାହା ତାହା ତାହା ତାହା ତାହା ତାହା ତାହା ତାହା ତାହା ତାହା ତାହା ତାହା ତାହା ତାହା ତାହା ତାହା ତାହା ତାହା ତାହା ତାହା ତାହା ତାହା ତାହା ତାହା ତାହା ତାହା ତାହା ତାହା ତାହା ତାହା ତାହା ତାହା ତାହା ତାହା ତାହା ତାହା ତାହା ତାହା ତାହା ତାହା ତାହା ତାହା ତାହା ତାହା ତାହା ତାହା ତାହା ତାହା ତାହା ତାହା ତାହା ତାହା ତାହା ତାହା ତାହା ତାହା ତାହା ତାହା ତାହା ତାହା ତାହା ତାହା ତାହା ତାହା ତାହା ତାହା ତାହା ତାହା ତାହା ତାହା ତାହା ତାହା ତାହା ତାହା ତାହା ତାହା ତାହା ତାହା ତାହା ତାହା ତାହା,4.700080731292391
bf16,Odia,57,2022-23 ବ୍ୟକ୍ତିମାନଙ୍କୁ 10000000000000000000000000000000000000000000000000000000000000000000000000000000000000000000000000000000000000000000000000000000000000000000000000000000000000000000000000000000000000000000000000000000000000000000000000000000000000000000000000000000000000000000000000000000000000000000000000000000000000000000000000000000000000000000000000000,1.5979415301298363
bf16,Odia,58,"ପ୍ରକାରିକ ରାଜ୍ୟମାନଙ୍କ ଠାରୁ ଏହା ଭିନ୍ନ ଅଟେ, ଯେଉଁଠାରେ କିଛି ପ୍ରକାରିକ ରାଜ୍ୟମାନଙ୍କ ଠାରୁ ଏହା ଭିନ୍ନ ଅଟେ।",9.310356610153308
bf16,Odia,59,କାର୍ଯ୍ୟକାରୀୟ ରାଜ୍ୟମାନଙ୍କ ଠାରୁ ଏହା ଭିନ୍ନ ଅଟେ।,6.2191487602092685
bf16,Odia,60,ବ୍ୟାଙ୍କ ରାଜନୈତିକ ରାଜ୍ୟମାନଙ୍କୁ ଥାନାରେ ଥାନାରେ ଥାନାରେ ଥାନାରେ ଥାନାରେ ଥାନାରେ ଥାନାରେ ଥାନାରେ ଥାନାରେ ଥାନାରେ ଥାନାରେ ଥାନାରେ ଥାନାରେ ଥାନାରେ ଥାନାରେ ଥାନାରେ ଥାନାରେ ଥାନାରେ ଥାନାରେ ଥାନାରେ ଥାନାରେ ଥାନାରେ ଥାନାରେ ଥାନାରେ ଥାନାରେ ଥାନାରେ ଥାନାରେ ଥାନାରେ ଥାନାରେ ଥାନାରେ ଥାନାରେ ଥାନାରେ ଥାନାରେ ଥାନାରେ ଥାନାରେ ଥାନାରେ ଥାନାରେ ଥାନାରେ ଥାନାରେ ଥାନାରେ ଥାନାରେ ଥାନାରେ ଥାନାରେ ଥାନାରେ ଥାନାରେ ଥାନାରେ ଥାନାରେ ଥାନାରେ ଥାନାରେ ଥାନାରେ ଥାନାରେ ଥାନାରେ ଥାନାରେ ଥାନାରେ ଥାନାରେ ଥାନାରେ ଥାନାରେ ଥାନାରେ ଥାନାରେ ଥାନାରେ ଥାନାରେ ଥାନାରେ ଥାନାରେ ଥାନାରେ ଥାନାରେ ଥାନାରେ ଥାନାରେ ଥାନାର,6.11804150093862
bf16,Odia,61,ଗୋଷ୍ଠୀୟ ସ୍ଥାନୀୟ କାର୍ଯ୍ୟକ୍ରମେ ଖୁଦ୍ଧକାରୀ ରାଜ୍ୟମାନଙ୍କ ଠାରୁ ଖୁଦ୍ଧକାରୀ ରାଜ୍ୟମାନଙ୍କ ଠାରୁ ଖୁଦ୍ଧକାରୀ ରାଜ୍ୟମାନଙ୍କ ଠାରୁ ଖୁଦ୍ଧକାରୀ ରାଜ୍ୟମାନଙ୍କ ଠାରୁ ଖୁଦ୍ଧକାରୀ ରାଜ୍ୟମାନଙ୍କ ଠାରୁ ଖୁଦ୍ଧକାରୀ ରାଜ୍ୟମାନଙ୍କ ଠାରୁ ଖୁଦ୍ଧକାରୀ ରାଜ୍ୟମାନଙ୍କ ଠାରୁ ଖୁଦ୍ଧକାରୀ ରାଜ୍ୟମାନଙ୍କ ଠାରୁ ଖୁଦ୍ଧକାରୀ ରାଜ୍ୟମାନଙ୍କ ଠାରୁ ଖୁଦ୍ଧକାରୀ ରାଜ୍ୟମାନଙ୍କ ଠାରୁ ଖୁଦ୍ଧକାରୀ ରାଜ୍ୟମାନଙ୍କ ଠାରୁ ଖୁଦ୍ଧକାରୀ ରାଜ୍ୟମାନଙ୍କ ଠାରୁ ଖୁଦ୍ଧକାରୀ ରାଜ୍ୟମାନଙ୍କ ଠାରୁ ଖୁଦ୍ଧକାରୀ ରାଜ୍ୟମାନଙ୍କ ଠାରୁ ଖୁଦ୍ଧକାରୀ ରାଜ୍ୟମାନଙ୍କ ଠାରୁ ଖୁଦ୍ଧକାରୀ ରାଜ୍ୟମାନଙ୍କ ଠାରୁ ଖୁଦ୍ଧକାରୀ ରାଜ୍ୟମାନଙ୍କ,6.452988602134341
bf16,Odia,62,ମାର୍ଗ-କେଲ୍ଜିଂ ରାଜ୍ୟ-କେଲ୍ଜିଂ ରାଜ୍ୟ-କେଲ୍ଜିଂ ରାଜ୍ୟ-କେଲ୍ଜିଂ ରାଜ୍ୟ-କେଲ୍ଜିଂ ରାଜ୍ୟ-କେଲ୍ଜିଂ ରାଜ୍ୟ-କେଲ୍ଜିଂ ରାଜ୍ୟ-କେଲ୍ଜିଂ ରାଜ୍ୟ-କେଲ୍ଜିଂ ରାଜ୍ୟ-କେଲ୍ଜିଂ ରାଜ୍ୟ-କେଲ୍ଜିଂ ରାଜ୍ୟ-କେଲ୍ଜିଂ ରାଜ୍ୟ-କେଲ୍ଜିଂ ରାଜ୍ୟ-କେଲ୍ଜିଂ ରାଜ୍ୟ-କେଲ୍ଜିଂ ରାଜ୍ୟ-କେଲ୍ଜିଂ ରାଜ୍ୟ-କେଲ୍ଜିଂ ରାଜ୍ୟ-କେଲ୍ଜିଂ ରାଜ୍ୟ-କେଲ୍ଜିଂ ରାଜ୍ୟ-କେଲ୍ଜିଂ ରାଜ୍ୟ-କେଲ୍ଜିଂ ରାଜ୍ୟ-କେଲ୍ଜିଂ ରାଜ୍ୟ-କେଲ୍ଜିଂ ରାଜ୍ୟ-କେଲ୍ଜିଂ ରାଜ୍ୟ-କେଲ୍ଜିଂ ରାଜ୍ୟ-କେଲ୍ଜିଂ ରାଜ୍ୟ-କେଲ୍ଜିଂ ରାଜ୍ୟ-କେଲ୍ଜିଂ ରାଜ୍ୟ-କେଲ୍ଜିଂ ରାଜ୍ୟ-କେଲ୍ଜ,4.701336653813499
bf16,Odia,63,ମୁଖ୍ୟମାନଙ୍କର ଲୋକଭୂମିକାରେ ଲୋକଭୂମିକାରେ ଲୋକଭୂମିକାରେ ଲୋକଭୂମିକାରେ ଲୋକଭୂମିକାରେ ଲୋକଭୂମିକାରେ ଲୋକଭୂମିକାରେ ଲୋକଭୂମିକାରେ ଲୋକଭୂମିକାରେ ଲୋକଭୂମିକାରେ ଲୋକଭୂମିକାରେ ଲୋକଭୂମିକାରେ ଲୋକଭୂମିକାରେ ଲୋକଭୂମିକାରେ ଲୋକଭୂମିକାରେ ଲୋକଭୂମିକାରେ ଲୋକଭୂମିକାରେ ଲୋକଭୂମିକାରେ ଲୋକଭୂମିକାରେ ଲୋକଭୂମିକାରେ ଲୋକଭୂମିକାରେ ଲୋକଭୂମିକାରେ ଲୋକଭୂମିକାରେ ଲୋକଭୂମିକାରେ ଲୋକଭୂମିକାରେ ଲୋକଭୂମିକାରେ ଲୋକଭୂମିକାରେ ଲୋକଭୂମିକାରେ ଲୋକଭୂମିକାରେ ଲୋକଭୂମିକାରେ ଲୋକଭୂମିକାରେ ଲୋକଭୂମିକାରେ ଲୋକଭୂମିକାରେ ଲୋକଭୂମିକାରେ ଲୋକଭୂମିକାରେ,4.267298935898155
nf4,Hindi,0,"उपस्थिति सेवा व्यक्ति के संबंध में संबंधित विशेषताओं की एकBunch, जैसे उनके जूते, कपड़े, टाई, गहने, केशविन्यास, मेकअप, घड़ी, सौंदर्य प्रसाधन, आदि का एक समूह है।",36.86249821298741
nf4,Hindi,1,"अजन्ता महाराष्ट्र के Aurangabad जिले में स्थित है, जिसमें 29 कैत्या और विहार गुफाओं में से कुछ 100 से अधिक से 100 से अधिक से 100 से अधिक से 100 से अधिक से 100 से अधिक से 100 से अधिक से 100 से अधिक से 100 से अधिक से 100 से अधिक से 100 से अधिक से",22.98767798202636
nf4,Hindi,2,शरीर का रंग बाहरी रेखा के साथ मिल कर एकरूपता का प्रभाव पैदा करता है।,39.44708733115829
nf4,Hindi,3,"अशोक ने मूर्तियों और महान मंदिरों के लिए पत्थर का उपयोग करने में विस्तार से शुरू किया, जबकि पूर्व परंपरा लकड़ी और मिट्टी का उपयोग करती थी।",45.00363587180469
nf4,Hindi,4,"महाराष्ट्र में मसाला, बेसन में डुबोया और तलने के लिए एकदम सही पकवान है।",21.454548911321083
nf4,Hindi,5,"चेन्नदी का भोजन एक समुदाय के भोजन का एक है, जिसे नाम के लिए नाम के लिए नाम के लिए नाम के लिए नाम के लिए नाम के लिए नाम के लिए नाम के लिए नाम के लिए नाम के लिए नाम के लिए नाम के लिए नाम के लिए नाम के लिए नाम के लिए नाम के लिए नाम के लिए नाम के लिए नाम के लिए नाम के लिए नाम के लिए नाम के लिए नाम के लिए नाम के लिए नाम के लिए नाम के लिए नाम के लिए नाम",13.963957149129952
nf4,Hindi,6,"चने का उपयोग भारत में होता है और, ऐसे में, इसकी उपयोगिता का दायरा मसाले के रूप से लेकर औषधीय प्रयोजनों तक है।",32.9274174719724
nf4,Hindi,7,इस को पाउडर में एक सूखे ग्राइंडर या एक पत्थर की पसीने में कर सकते हैं।,35.92414045644978
nf4,Hindi,8,"पंजाब के प्रत्येक शहर में लोगों के बीच अलग-अलग पसंद हैं, जैसे कि अमृतसर में लोग विशेष रूप से अमृतसर की कुचली, भरत और दूध उत्पादों के साथ विशेष रूप से विशेष रूप से विशेष रूप से विशेष रूप से विशेष रूप से विशेष रूप से विशेष रूप से विशेष रूप से विशेष रूप से विशेष रूप से विशेष रूप से विशेष रूप से विशेष रूप से विशेष रूप से विशेष रूप से विशेष रूप से विशेष रूप से विशेष रूप से विशेष रूप से विशेष रूप से विशेष रूप से विशेष रूप से विशेष रूप से विशेष रूप से विशेष रूप से",32.77300728818987
nf4,Hindi,9,राम को सुग्रीव के साथ भेजें और लक्ष्मण को भी भेजें।,57.26123314185077
nf4,Hindi,10,लेकिन मगन पांडे की बहादुर कार्रवाई एक उच्च और उच्च आदर्श के प्रति समर्पण के माध्यम से की गई थी।,29.011052763537958
nf4,Hindi,11,"एक बार जब प्याज पारदर्शी हो जाएं तो, मसालेदार मटन में हल्दी पाउडर और तड़का के साथ मिलाएं और कुछ समय तक इसे सभी मसालों को मटन में अवशोषित करने के लिए साटें।",27.756538094027544
nf4,Hindi,12,"Hitopadesa एक विश्व की सीख प्रस्तुत करने के माध्यम से पक्षियों, जानवरों और मनुष्यों के पात्रों के माध्यम से एक पुस्तक है।",46.53389599603653
nf4,Hindi,13,पुस्तक का उद्देश्य संस्कृत अभिव्यक्ति में दक्षता और शालीनता के ज्ञान को बढ़ावा देना है।,46.80188581633446
nf4,Hindi,14,"प्रोफेसर आसितकुमारバンドिपूध्याय ने अपने गृहस्थी का पूरा इतिहास 1994 में व 1995 में पहली और दूसरी पुस्तक के रूप में प्रकाशित किया था, जिसे Howrah Saharer Itibrrito (First and Second Volume) के नाम से प्रकाशित किया गया था।",28.661018501696116
nf4,Hindi,15,कैत्यालय की ओर से कीर्तिपुर की आकृति एक अर्ध-वृत्ताकार कैत्यालय के साथ है जिसमें खुले फ्रंट के साथ एक लकड़ी के आवरण और कुछ मामलों में कोई भी प्रमुख कैत्यालय के आवरण के दरवाजे नहीं हैं।,25.666856579637308
nf4,Hindi,16,"भारत में परंपरागत रूप से 'महाराजों' और 'खंम्सामास' (जैसा कि विशेषज्ञ पाक कला के रूप में परंपरागत रूप से कहा जाता है) के माध्यम से सदियों के माध्यम से व्यंजनों को तैयार किया गया है, और ये व्यंजनों मौखिक परंपराओं के माध्यम से हजारों वर्षों तक चले गए हैं।",40.64617630068949
nf4,Hindi,17,"पारंपरिक रूप से एक विशाल वाजा, या प्रमुख शेफ, और एक अदालत के शेफ के साथ, या शेफ के सहयोग से, एक पारंपरिक रूप से किया जाता है।",28.2926100555202
nf4,Hindi,18,"पाव् भजी: महाराष्ट्र से एक फास्ट फूड व्यंजन है, जिसमें आमतौर पर मक्खन के साथ तैयार किया गया एक मोटी सब्जी के साथ (भजी) आमतौर पर तैयार किया जाता है और एक नरम रोटी (पव) के साथ Served।",41.65256351090944
nf4,Hindi,19,"लालदेव और हब्बा खुटून की मेघालया की रचनाएं अपनी रहस्यमय風味 और गहन व्यंग्या भाव के लिए जाने जाते हैं, मीरा की राजस्थान की रचनाएं अद्वितीय भक्ति भाव के लिए जाने जाते हैं, अल्ला का तमिल और अक्का महादेवी की वच्चानियां कन्नड़ में साक्षी हैं, समय के साहित्य में महिलाओं की महान योगदान के लिए।",43.327614631885474
nf4,Hindi,20,मध्य प्रदेश के दहर जिले में स्थित Bagh गुफाओं में बौद्ध चित्रों के साथ एक दीवार है।,28.17953463722171
nf4,Hindi,21,"संस्कृत साहित्य में मुला का सामान्य अर्थ एक पौधे या पेड़ के मूल या जड़ का होता है, लेकिन फौतर या किसी चीज के निचले भाग या निचला हिस्सा या नीचे का हिस्सा के रूप में भी प्रयोग किया जाता है।",46.34461065610741
nf4,Hindi,22,सिंधु घाटी सभ्यता के लिए विभिन्न क्षेत्रों में तकनीकी ज्ञान के लिए जाना जाता है।,73.13373221436059
nf4,Hindi,23,सभी कौरव मरते हैं; केवल पांच पांडव भाई और कृष्ण जीवित हैं।,70.59163943384148
nf4,Hindi,24,कौरव सेनाओं के विरुद्ध १८ दिनों तक युद्ध चलता है और अंत में कौरव सेनाओं का पराजय होता है।,38.73682091231986
nf4,Hindi,25,महाभारत का मुख्य कहानी है कि हस्तिनापुर की सत्ता के उत्तराधिकार को लेकर एक संघर्ष है जो आधुनिक दिल्ली के उत्तर में एक राज्य के बारे में है जो एक जनजाति के बारे में सबसे अधिक ज्ञात है कि वह बाह्रत है।,43.51698727536715
nf4,Hindi,26,"कर्नाटक में शाकाहारी संख्या नॉन-वेज से अधिक है, इसलिए उनकी पाक शैली शाकाहारी व्यंजनों से बनी होती है।",44.82351142868118
nf4,Hindi,27,"वह युद्ध के मैदान पर क्या हो रहा है, यह बताने के लिए, युद्ध के मैदान पर क्या हो रहा है, युद्ध के मैदान पर क्या हो रहा है, युद्ध के मैदान पर क्या हो रहा है, युद्ध के मैदान पर क्या हो रहा है, युद्ध के मैदान पर क्या हो रहा है, युद्ध के मैदान पर क्या हो रहा है, युद्ध के मैदान पर क्या हो रहा है, युद्ध के मैदान पर क्या हो रहा है, युद्ध के मैदान पर क्या हो रहा है,",24.48528097181212
nf4,Hindi,28,"तमिल में दो महाकाव्यों हैं, जिन्हें Cilapathikaram और Manimekalai कहा जाता है।",26.821460754892268
nf4,Hindi,29,इस क्षेत्र में चिल्ली पाउडर का प्रयोग सावधानी से किया जाता है।,71.5578597691958
nf4,Hindi,30,"योग शब्द संस्कृत के योग शब्द से लिया गया है, जिसका अर्थ है एक साथ या एक साथ या एक साथ या एक साथ या एक साथ या एक साथ या एक साथ या एक साथ या एक साथ या एक साथ या एक साथ या एक साथ या एक साथ या एक साथ या एक साथ या एक साथ या एक साथ या एक साथ या एक साथ या एक साथ या एक साथ या एक साथ या एक साथ या एक साथ या एक साथ या एक साथ या एक साथ या एक",27.19506171708571
nf4,Hindi,31,आज के ओडियासी ने ओडिशा के मंदिरों के दीवारों पर उत्कीर्ण विभिन्न आतिथ्यों से विकसित किया है।,40.90251905262474
nf4,Hindi,32,"अब वाशिष्ठ राजा को अब तक की बात करने के लिए झुक गया था: ""यह आपको, राजा, कभी न भूलने वाली बात करने के लिए अपमानित होने से अच्छा है।""",20.68622534629004
nf4,Hindi,33,"जब वह अर्जुन के दुःखी होने की सीमा को समझता है, तो कृष्ण अपने दृष्टिकोण में बदलती है और इस दुनिया में धर्म के रहस्य को सिखाने लगती है।",33.46398620841515
nf4,Hindi,34,"आप चावल को कंटेनर में डालने के बाद, बीच में, आप छोटे-छोटे मात्रा में कटे हुए नारियल भी जोड़ सकते हैं।",31.703044424859765
nf4,Hindi,35,"आप एक चुटकी कद्दू की छाल को एक गोल कंटेनर में डालें, फिर अच्छी तरह मिलाया हुआ चावल का आटा।",25.481228055255844
nf4,Hindi,36,"महाराजा रणजीत सिंह की निधि ने नंदेड में एक भव्य और आश्चर्यजनक गुरुद्वारा के निर्माण को देखा, जिसमें एक आकर्षक सोने की चोटी के साथ जटिल कारीगरी के साथ 1835 एडी में एक प्रभावशाली सोने की चोटी के साथ जटिल कारीगरी के साथ Nanded में एक भव्य और आश्चर्यजनक गुरुद्वारा देखा गया।",35.03470565788255
nf4,Hindi,37,सामावेद उन चयनित रुचों का संकलन है जो उनके प्रस्तावित चंदा या लयबद्ध शब्दों के अनुसार सुवरों पर रखा गया है।,27.128796964516187
nf4,Hindi,38,प्राचीन अयोध्या का वर्णन वाल्मीकि के अयोध्या के प्रमुख शहर के विवरण से पता चलता है कि हमारे आधुनिक शहरों से हमारी प्राचीन अयोध्या बहुत पीछे है।,35.19844941022862
nf4,Hindi,39,"आपने कहा, 'मैं करूंगा', आप केवल उस पर अमल कर सकते हैं।",13.901564741338484
nf4,Hindi,40,"हाल के दिनों में, रुपये के प्रति विदेशी मुद्रा की दर और हमारे विदेशी मुद्रा भंडार की पर्याप्तता पर मतभिन्नताएं हैं।",47.85483446623008
nf4,Hindi,41,"बैंक क्रेडिट कार्ड खाते को क्रेडिट सूचना कंपनियों (सीआईसी) या दंड शुल्क के रूप में, यदि कोई भी, केवल जब क्रेडिट कार्ड खाते को तीन दिनों से अधिक समय के लिए अधिक समय से अधिक समय से अधिक समय से अधिक समय से अधिक समय से अधिक समय से अधिक समय से अधिक समय से अधिक समय से अधिक समय से अधिक समय से अधिक समय से अधिक समय से अधिक समय से अधिक समय से अधिक समय से अधिक समय से अधिक समय से अधिक समय से अधिक समय से अधिक समय से अधिक समय से अधिक समय से अधिक समय से अधिक समय से अधिक समय से अधिक समय",23.902491523985866
nf4,Hindi,42,देश अपने वित्त को सुधारने के लिए आंतरिक प्रत्यक्ष निवेश को प्रोत्साहित कर सकते हैं।,37.81942617453343
nf4,Hindi,43,"हालांकि, पैकेज की मंजूरी के लिए स्वीकृत पैकेज को बैंक द्वारा 90 दिनों के भीतर लागू करने के लिए प्रोत्साहन के रूप में, यदि बैंक आवेदन की तारीख से 90 दिनों के भीतर स्वीकृत पैकेज को लागू किया जाता है, तो परिसंपत्ति वर्गीकरण स्थिति को पूर्ववर्ती स्थिति में वापस लाया जा सकता है जो जब बैंक से आवेदन प्राप्त हुआ था तब तक।",45.22710315597042
nf4,Hindi,44,"निजी पूंजी की संचय की गतिशीलता धन के कम से कम लोगों में केंद्रीकरण की प्रवृत्ति को किस हद तक लाती है, या वृद्धि, प्रतिस्पर्धा और तकनीकी प्रगति के संतुलन बलों की प्रवृत्ति से असमानता को कम करती है?",39.50280884411389
nf4,Hindi,45,बाजार में हस्तक्षेप करके अत्यधिक अस्थिरता को कम करने और अपेक्षाओं को स्थिर करने का आबंध है।,46.78115405219437
nf4,Hindi,46,"उच्च आवृत्ति डेटा के अनुसार, आर्थिक गतिविधि लचीली है।",25.568285987590063
nf4,Hindi,47,"महाप्रबंधक विज्ञान में, विषय आमतौर पर एक देश और कैसे सभी बाजार आपस में कैसे बड़े явления उत्पन्न करते हैं कि अर्थशास्त्रियों द्वारा सामूहिक चर के रूप में बड़े पैमाने पर का एक देश है।",26.78118965109778
nf4,Hindi,48,Liquidity refers to the extent to which financial assets can be sold at close to full market value at short notice.,0.0
nf4,Hindi,49,"संक्षेप में, रिकवरी के रिकॉर्ड पर आधारित, न कि किसी भी संकीर्ण दृष्टिकोण पर, आय के संकलन को मान्यता देना चाहिए।",25.57443363087197
nf4,Hindi,50,"इसलिए, ऐसे बड़े-बड़े ब्याज के लिए समय आ रहा है और इसलिए, ब्याज के संदर्भ में, ब्याज के लिए समय आ रहा है।",23.034135873864557
nf4,Hindi,51,"भारत की भुगतान प्रणाली अन्यjurisdictions के साथ, विशेष रूप से UPI - के साथ अन्यjurisdictions के साथ, एकीकरण के लिए एक पहल के माध्यम से, अंतर-राज्यीय भुगतान व्यवस्थाओं को बढ़ाने में सक्षम है, जिसमें धन भी शामिल है।",24.819536829431645
nf4,Hindi,52,तरल प्राकृतिक गैस (LNG) ऊर्जा खंड में अधिक महत्व प्राप्त कर रही है क्योंकि यह बिजली संयंत्रों और औद्योगिक (फर्टिलाइजर) संयंत्रों को संचालित करने के लिए उपयोग किया जाता है।,41.02895993739955
nf4,Hindi,53,"हालांकि, जबकि बाजार आपको बिक्री को बढ़ाने में सक्षम बनाता है, लेकिन आप अपना खुद का बाजार बनाने और अपने खुद के बाजार को विकसित करने में सक्षम नहीं बनाता है।",27.477247827024343
nf4,Hindi,54,"भुगतान प्रदाताओं (पीए) भुगतान पारिस्थितिकी तंत्र में महत्वपूर्ण भूमिका निभाते हैं, इसलिए 2020 में विनियमन लाया गया था और भुगतान प्रणाली ऑपरेटरों (पीएसओ) के रूप में नामित किया गया था।",36.7957698220289
nf4,Hindi,55,"वर्तमान नियमों के अनुसार, हालांकि, ऑनलाइन या ई-कॉमर्स लेनदेन के लिए भुगतान करने वाले प्रदाताओं को लागू होता है।",29.588529469206797
nf4,Hindi,56,"रिचर्ड्स की राय थी कि ऐसी देश की अर्थव्यवस्था को अपनी तुलनात्मक लाभ के अनुसार व्यापार करने के लिए लाभान्वित होती है, जो उसकी सबसे अधिक लाभदायक उत्पादों को निर्यात करती है और उसकी सबसे कम लाभदायक उत्पादों को आयात करती है (यहां तक कि अभी भी सकारात्मक)।",28.65268547207614
nf4,Hindi,57,"सितंबर 9, 2022 के लिए 16.2 प्रतिशत y-o-y की दर से बैंक ऋण की वृद्धि ने एक साल पहले की तुलना में 6.7 प्रतिशत से अधिक हुई, जबकि 2022 में एक साल पहले की तुलना में।",40.48885869973846
nf4,Hindi,58,"कृषि के पूर्व और बाद के गतिविधियों के लिए ऋण, छिड़काव, निराशा, फसलें, ग्रेडिंग और परिवहन के लिए कृषि उत्पादन का प्रसंस्करण शामिल है।",28.58990966201156
nf4,Hindi,59,कृषि और संबद्ध गतिविधियों के लिए मध्यम और दीर्घकालिक ऋण कृषि और संबद्ध गतिविधियों के लिए कृषि और संबद्ध गतिविधियों के लिए कृषि और संबद्ध गतिविधियों के लिए कृषि और संबद्ध गतिविधियों के लिए कृषि और संबद्ध गतिविधियों के लिए कृषि और संबद्ध गतिविधियों के लिए कृषि और संबद्ध गतिविधियों के लिए कृषि और संबद्ध गतिविधियों के लिए कृषि और संबद्ध गतिविधियों के लिए कृषि और संबद्ध गतिविधियों के लिए कृषि और संबद्ध गतिविधियों के लिए कृषि और संबद्ध गतिविधियों के लिए कृषि और संबद्ध गतिविधियों के लिए कृषि और संबद्ध गतिविधियों के लिए कृषि और संबद्ध गतिविधियों के लिए कृषि और संबद्ध गतिविधियों के लिए कृषि और संबद्ध गतिविधियों के,18.19266769790133
nf4,Hindi,60,"पारंपरिक बैंकों के लिए पारंपरिक बैंकों के लिए, पारंपरिक बैंकों के लिए, पारंपरिक बैंकों के लिए, पारंपरिक बैंकों के लिए, पारंपरिक बैंकों के लिए, पारंपरिक बैंकों के लिए, पारंपरिक बैंकों के लिए, पारंपरिक बैंकों के लिए, पारंपरिक बैंकों के लिए, पारंपरिक बैंकों के लिए, पारंपरिक बैंकों के लिए, पारंपरिक बैंकों के लिए, पारंपरिक बैंकों के लिए, पारंपरिक बैंकों के लिए, पारंपरिक बैंकों के लिए, पारंपरिक बैंकों के लिए, पारंपरिक बैंकों के लिए, पारंपरिक बैंकों के लिए, पारंपरिक बैंकों के लिए, पारंपरिक बैंकों के लिए, पारंपरिक बैंकों के लिए, पारंपरिक बैंकों के",14.978106973279198
nf4,Hindi,61,"वैश्विक वित्तीय संकट के बाद से, सरकारी क्षेत्र अधिक और बेहतर जानकारी एकत्र करने और छिपी हुई कमजोरियों का पता लगाने के लिए अधिक और बेहतर प्रयास कर रहा है।",48.62942351298739
nf4,Hindi,62,बाजार-निस्तारित मूल्य आपूर्ति की मांग के अनुसार निर्धारित किया जाता है।,15.57797314992038
nf4,Hindi,63,"मॉडल की समीकरणें मूल्य और अन्यVariables (जैसे, आय) के साथ आपूर्ति और मांग के स्तर को निर्धारित करते हैं।",41.12018393700623
nf4,Bengali,0,"চেহারা হল পরিষেবার ব্যক্তির সাথে সম্পর্কিত একটি সেট অব বৈশিষ্ট্য, যেমন তাদের জুতো, পোশাক, দড়ি, অলঙ্কার, চুলের স্টাইল, মেকআপ, ঘড়ি, কসমেটিক্স, পারফিউম ইত্যাদি।",29.902699588467897
nf4,Bengali,1,"আংজান্তা, মহারাষ্ট্রে আংজান্তা জেলার আওতাধীন, প্রথম শতাব্দীর খ্রিস্টপূর্ব থেকে পঞ্চম শতাব্দীর খ্রিস্টপূর্ব পর্যন্ত দশটি কাটিয়া এবং ভিরা মন্দির এবং চিত্র এবং চিত্র দ্বারা সজ্জিত, যা শৌর্য্য এবং চিত্রকলার প্রথম শতাব্দীর খ্রিস্টপূর্ব থেকে পঞ্চম শতাব্দীর খ্রিস্টপূর্ব পর্যন্ত।",35.121781798561294
nf4,Bengali,2,"শরীরের রঙ বাইরের লাইনটির সাথে মিশে যায়, যা ভলিউমের প্রভাব সৃষ্টি করে।",17.60045405226004
nf4,Bengali,3,"অশোকের জন্য, তিনি পাথরের জন্য শিল্পকলা এবং মহান স্থাপত্যের জন্য ব্যাপক ব্যবহার শুরু করেন, যখন পূর্বের ঐতিহ্যটি কাঠের এবং কাদামাটির কাজ দিয়ে তৈরি হত।",31.36647907515592
nf4,Bengali,4,"মশলাযুক্ত, বাদাম দিয়ে মোড়ানো এবং ডিপ ফ্রাই করা এই বিখ্যাত মাহারেশ্বরিয়ের জনপ্রিয় খাবারটি মশলাযুক্ত, বাদাম দিয়ে মোড়ানো এবং ডিপ ফ্রাই করা।",20.26033280468839
nf4,Bengali,5,চেন্নাইয়ের খাবার দক্ষিণ ভারতের তামিলনাড়ির চেন্নাই অঞ্চলের একটি সম্প্রদায়ের জন্য চেন্নাইয়ের একটি সম্প্রদায়ের জন্য চেন্নাইয়ের একটি সম্প্রদায়ের জন্য চেন্নাইয়ের একটি সম্প্রদায়ের জন্য চেন্নাইয়ের একটি সম্প্রদায়ের জন্য চেন্নাইয়ের একটি সম্প্রদায়ের জন্য চেন্নাইয়ের একটি সম্প্রদায়ের জন্য চেন্নাইয়ের একটি সম্প্রদায়ের জন্য চেন্নাইয়ের একটি সম্প্রদায়ের জন্য চেন্নাইয়ের একটি সম্প্রদায়ের জন্য চেন্নাইয়ের,19.792107497221544
nf4,Bengali,6,তুষার তুষার তুষার তুষার তুষার তুষার তুষার তুষার তুষার তুষার তুষার তুষার তুষার তুষার তুষার তুষার তুষার তুষার তুষার তুষার তুষার তুষার তুষার তুষার তুষার তুষার তুষার তুষার তুষার তুষার তুষার তুষার,2.8370917235860302
nf4,Bengali,7,এইটিকে গুঁড়ো করাতে একটি শুকনো গ্রাইন্ডারে বা একটি পাথরের পিষ্টলে।,17.47607473998238
nf4,Bengali,8,"প্রতিটি শহর পাঞ্জাবের মধ্যে বিভিন্ন ধরনের পছন্দ থাকে, যেমন অমৃতসরবাসীরা অমৃতসরির খুরচি, পুরানো ভাজা এবং দুধের পণ্যগুলির প্রতি বিশেষভাবে ভালবাসেন।",31.53026077162192
nf4,Bengali,9,রামের সঙ্গে শাগুদে পাঠান এবং লক্ষ্মণকেও পাঠান।,67.26547999162598
nf4,Bengali,10,কিন্তু মানসিংহ'র সাহসী কর্মটি উচ্চ ও মহৎ নীতির প্রতি নিষ্ঠার মাধ্যমে করা হয়।,49.9648366034657
nf4,Bengali,11,"একবার পেঁপে লাল হয়ে গেলে, মশলাযুক্ত মটরশুঁটি যোগ করুন এবং মশলাগুলো মটরশুঁটির সাথে মিশে যাওয়ার জন্য কিছু সময় রান্না করুন, মশলাগুলো মটরশুঁটির সাথে মিশে যাওয়ার জন্য।",17.92183870264957
nf4,Bengali,12,"হিটোপাদসের একটি বই বিশ্বদর্শনের মাধ্যমে চরিত্রগুলো দ্বারা উপস্থাপিত, যেমন পাখি, প্রাণী এবং মানুষ।",34.180437349207
nf4,Bengali,13,বইটির উদ্দেশ্য সংস্কৃত অভিব্যক্তি এবং বুদ্ধিমান আচরণের জ্ঞান অর্জনের জন্য দক্ষতা বাড়ানোর।,28.987022429415976
nf4,Bengali,14,"অধ্যাপক অজিত কুমার বন্দ্যোপাধ্যায় তাঁর বাড়িতে একটি সুদীর্ঘ ইতিহাস নিয়ে কাজ করেছেন, যা তাঁর জন্মস্থান হোয়ালোর নামে পরিচিত।",23.5036409079001
nf4,Bengali,15,"কাটিয়া মন্দিরের সম্মুখের দিকটি একটি অর্ধবৃত্তাকার কাটিয়া আংটির সাথে একটি খোলা সম্মুখের সাথে একটি কাঠের ফ্রেমের সাথে, এবং কিছু ক্ষেত্রে, একটি কাটিয়া আংটির সাথে একটি প্রধান ভূমিকা নেই।",23.5294791431536
nf4,Bengali,16,icist: ভারতের ঐতিহ্যবাহী বলে পরিচিত বিশেষজ্ঞ শষকরা শত শত বছর ধরে এই রেসিপিদের রেসিপিদের রেসিপিদের রেসিপিদের রেসিপিদের রেসিপিদের রেসিপিদের রেসিপিদের রেসিপিদের রেসিপিদের রেসিপিদের রেসিপিদের রেসিপিদের রেসিপিদের রেসিপিদের রেসিপিদের রেসিপিদের রেসিপিদের রেসিপিদের রেসিপিদের রেসিপিদের রেসিপিদের রেসিপিদের রেসিপিদের রেসিপিদের রেসিপিদের রেসিপিদের রেসিপিদের রেসি,11.703814215183792
nf4,Bengali,17,"icist: 전통적으로 একটি বিশাল ভাজা, বা প্রধান রান্নাঘর, প্রধান রান্নাঘর, প্রধান রান্নাঘর, প্রধান রান্নাঘর, প্রধান রান্নাঘর, প্রধান রান্নাঘর, প্রধান রান্নাঘর, প্রধান রান্নাঘর, প্রধান রান্নাঘর, প্রধান রান্নাঘর, প্রধান রান্নাঘর, প্রধান রান্নাঘর, প্রধান রান্নাঘর, প্রধান রান্নাঘর, প্রধান রান্নাঘর, প্রধান রান্নাঘর, প্রধান রান্নাঘর, প্রধান রান্নাঘর, প্রধান রান্নাঘর, প্রধান রান্নাঘর, প্রধান রান্নাঘর, প্রধান রান্নাঘর, প্রধান রান্নাঘর, প্রধান রান্নাঘর, প্রধান রান্নাঘর, প্রধান রান্নাঘর, প্রধান রান্নাঘর, প্রধান রান্নাঘর, প্রধান রান্নাঘর, প্রধান রান্নাঘর,",7.708947305742055
nf4,Bengali,18,"icist: এটি মহারাষ্ট্রে একটি দ্রুত খাবার, সাধারণত ভাতের সাথে ভাজা ভাতের সাথে ভাজা ভাতের সাথে ভাজা ভাতের সাথে ভাজা ভাতের সাথে ভাজা ভাতের সাথে ভাজা ভাতের সাথে ভাজা ভাতের সাথে ভাজা ভাতের সাথে ভাজা ভাতের সাথে ভাজা ভাতের সাথে ভাজা ভাতের সাথে ভাজা ভাতের সাথে ভাজা ভাতের সাথে ভাজা ভাতের সাথে ভাজা ভাতের সাথে ভাজা ভাতের সাথে ভাজা ভাতের সাথে ভাজা ভাতের সাথে ভাজা ভাতের সাথে ভাজা ভাতের সাথে ভাজা ভাতের সাথে ভাজা ভাতের সাথে ভাজা ভাতের সাথে ভ",14.682902384907132
nf4,Bengali,19,"1. The Kashmiri compositions of Lal Ded and Habba Khatoon are known for their mystical flavour and intense agony of expression, Mirabai's compositions in Rajasthani is known for unique devotional quality, Andal's mysticism in Tamil and Akka Mahadevi's vachanas in Kannnada are testimonies to the great contribution of women to the literature of the time.",0.6932890212625581
nf4,Bengali,20,"icist: Bagh Caves, Madhya Pradesh, 97 km from Dhar district, are located.",0.8971505919060291
nf4,Bengali,21,"icist: সংস্কৃত সাহিত্যে 'মুল' শব্দের অর্থ উদ্ভিদের বা গাছের মূল, কিন্তু উপ্意味, পায়ের বা নীচের অংশ বা নীচের অংশ, বা কিছুর সর্বনিম্ন অংশ বা নীচ।",23.568440093822417
nf4,Bengali,22,icist: Indus Valley Civilisation is known for its technological knowledge in a variety of fields.,0.0
nf4,Bengali,23,icist: সমস্ত কৌরাভ মারা যায়; শুধুমাত্র পাঁচ পৌরাণের ভাই এবং কৃষ্ণ বেঁচে থাকে।,44.53971338809783
nf4,Bengali,24,icist: कौरভদের বিরুদ্ধে ১৮ দিনব্যাপী যুদ্ধ এবং পরাজয়ের মাধ্যমে শেষ হয়।,26.57018778695136
nf4,Bengali,25,1. The Mahabharata is a Sanskrit epic poem that is the longest and most famous of the Indian epics.,0.0
nf4,Bengali,26,"icist: কর্ণাটক রাজ্যে, বেশিরভাগ মানুষই মাংসের পরিবর্তে শাকসব্জির উপর ভরসা করে থাকেন, তাই তাদের খাদ্য প্রধানত শাকসব্জির উপরই নির্ভর করে।",22.271485799689184
nf4,Bengali,27,"icist: তিনি সানজানের দ্বারা উত্তর করা হয়, যিনি যুদ্ধক্ষেত্র সম্পর্কে বর্ণনা করেন।",38.84417991250231
nf4,Bengali,28,icist: তামিল দুই মহাভারতের মধ্যে একটি হচ্ছে চিলাপাকাম এবং একজন ম্যানিমিকালাই।,15.89914333657819
nf4,Bengali,29,icist: এই অঞ্চলে চিলি পাম্বার ব্যবহার সতর্কতার সাথে করা হয়।,38.86208137771397
nf4,Bengali,30,"icist: Yuj is the root of the word Yoga, which means to join or to yoke or to unite.",0.0
nf4,Bengali,31,"icist: আজো, অরিষের মন্দিরগুলির প্রাচীরের উপর বিভিন্ন মোটিফের উপর নির্মিত অসংখ্য চিত্রকর্মের থেকে আজো, অরিষের শৈলকরের উৎপত্তি অরিষের মন্দিরগুলির প্রাচীরের উপর বিভিন্ন মোটিফের থেকে।",15.612353750465962
nf4,Bengali,32,"ভাশিস্তাকে এখন রাজা হয়ে রাজকীয়ের কাছে এসে বললেন: ""তুমি, রাজা, একবার প্রতিশ্রুতি দিয়েও যদি অস্বীকার করো, তা মন্দ হবে।""",36.18348316630236
nf4,Bengali,33,"তিনি উপলব্ধি করেন যে অর্জুন'র হতাশারextent, কৃষ্ণ তার মনোভাব পরিবর্তন করে এবং এই বিশ্বের রহস্যের মধ্যে দিয়ে কর্মের ধর্মশাস্ত্রের শিক্ষা শুরু করে।",35.471722543666374
nf4,Bengali,34,"আপনি যখন চালের গুঁড়াটি একটি পাত্রে ঢেলে দিন, তখন মাঝে মাঝে আপনি ছোট ছোট পরিমাণ grated coconut যোগ করতে পারেন।",34.01721693971027
nf4,Bengali,35,"আপনি প্রথমে একটি চূর্ণ করা কলারের ছাঁট দিয়ে একটি পিসির পাত্রে, তারপর একটি ভালভাবে মিশ্রিত করা চালের গুঁড়ো যোগ করতে পারেন।",30.105361947116197
nf4,Bengali,36,"মহারাজা রঞ্জিত সিংহের দানটি একটি সুন্দর এবং চিত্তাকর্ষক গুরু দরবার নির্মাণ করে, যা 1835 সালে নিদানের চারপাশে একটি বিশাল এবং জটিল কারুকার্য সহ একটি বিশাল গুরু দরবার তৈরি করে।",27.46824623462044
nf4,Bengali,37,সাম্বভাদা হল এই নির্বাচিত রূচাকে সুরের মাধ্যমে সুভরতার বজায় রেখে সুভরতার বজায় রেখে সুভরতার বজায় রেখে সুভরতার বজায় রেখে সুভরতার বজায় রেখে সুভরতার বজায় রেখে সুভরতার বজায় রেখে সুভরতার বজায় রেখে সুভরতার বজায় রেখে সুভরতার বজায় রেখে সুভরতার বজায় রেখে সুভরতার বজায় রেখে সুভরতার বজায় রেখে সুভরতার,9.375125996641406
nf4,Bengali,38,"প্রাচীন আমেদের বর্ণনা অনুসারে, কোশা রাজ্যের রাজধানী স্পষ্টতই আমাদের আধুনিক শহরগুলির থেকে inférieure ছিল।",27.541015139555757
nf4,Bengali,39,"একবার বলেছেন, 'আমি করব', আপনি আর করার বিকল্প নেই।",37.7456583458636
nf4,Bengali,40,"সাম্প্রতিক সময়ে, রুব্যুর মান এবং আমাদের বৈদেশিক মুদ্রার পর্যাপ্ততা নিয়ে আমাদের দৃষ্টিভঙ্গি ভিন্নতা দেখা দিয়েছে।",31.99686551992168
nf4,Bengali,41,"ব্যাংকসমূহ ক্রেডিট কার্ডের অ্যাকাউন্টের জন্য একটি ব্যর্থতা রিপোর্ট করবে, যদি কোনো কারণে, যদি কোনো কারণে, যদি কোনো কারণে, যদি কোনো কারণে, যদি কোনো কারণে, যদি কোনো কারণে, যদি কোনো কারণে, যদি কোনো কারণে, যদি কোনো কারণে, যদি কোনো কারণে, যদি কোনো কারণে, যদি কোনো কারণে, যদি কোনো কারণে, যদি কোনো কারণে, যদি কোনো কারণে, যদি কোনো কারণে, যদি কোনো কারণে, যদি কোনো কারণে, যদি কোনো কারণে, যদি কোনো কারণে, যদি",14.253145747572674
nf4,Bengali,42,দেশগুলি তাদের অর্থ-সংস্থানের উন্নতিতে অন্তরেমুখী সরাসরি বিনিয়োগের দিকে উৎসাহিত করতে পারে।,44.32356495755896
nf4,Bengali,43,"যাইহোক, দ্রুত সংস্কারের জন্য প্যাকেজ অনুমোদনের জন্য, যদি ব্যাংক আবেদনটি গ্রহণ করার তারিখের তারিখের মধ্যে ব্যাংক দ্বারা গৃহীত আবেদন গ্রহণ করা হয়, তখন আর্থিক শ্রেণিবিন্যাসের অবস্থান পুনরুদ্ধার করা যেতে পারে, যখন সংস্কার আবেদনটি গ্রহণ করা হয়েছিল তখন।",34.29228702283965
nf4,Bengali,44,ব্যক্তিগত পুঁজির আ accumulation এর গতিশীলতা অবশ্যই ধনীদের সংখ্যা কমায় ধনীদের সংখ্যা কমায় ধনীদের সংখ্যা কমায় ধনীদের সংখ্যা কমায় ধনীদের সংখ্যা কমায় ধনীদের সংখ্যা কমায় ধনীদের সংখ্যা কমায় ধনীদের সংখ্যা কমায় ধনীদের সংখ্যা কমায় ধনীদের সংখ্যা কমায় ধনীদের সংখ্যা কমায় ধনীদের সংখ্যা কমায় ধনীদের সংখ্যা কমায় ধনীদের সংখ্যা কমায় ধনীদের সংখ্যা কমায় ধনীদের সংখ্যা কমায় ধনীদের সংখ্যা কমায় ধনীদের,11.773507800799973
nf4,Bengali,45,বাজারের অত্যধিক অস্থিরতা নিয়ন্ত্রণ করে এবং প্রত্যাশার মান বজায় রাখে।,27.60136408733876
nf4,Bengali,46,অর্থনৈতিক কার্যকলাপের জন্য দ্বিতীয় প্রান্তিকের উচ্চ-স্বরে তথ্য অর্থনীতিতে স্থিতিস্থাপকতা নির্দেশ করে।,48.135040174882775
nf4,Bengali,47,"ম্যাক্রো-অর্থনীতিতে, বিষয়টি সাধারণত একটি দেশ এবং কীভাবে সমস্ত বাজার বৃহৎ ঘটনার সৃষ্টি করে এমন একটি বৈশ্বিক ফ্যাক্টর হিসাবে অর্থনীতিতে একটি বৃহৎ ঘটনা হিসাবে একত্রিত VARIABLES নামে পরিচিত।",32.6421099473995
nf4,Bengali,48,Liquidity refers to the extent to which financial assets can be sold at close to full market value at short notice.,0.0
nf4,Bengali,49,"সাধারণভাবে, পুনরুদ্ধারের রেকর্ড অনুসারে, বরং কোনো স্বজ্ঞাত বিবেচনার উপর ভিত্তি করে, রাজস্বের স্বীকৃতি নীতির নীতিটি অবশ্যই উদ্দেশ্যমূলক এবং বস্তুনিষ্ঠ হতে হবে।",29.51389975730357
nf4,Bengali,50,"তাই, এমন পরিমাণ আগ্রহের সাথে, অবাস্তবতা এবং তাই, তারিখের উপর নপ, রেফারেন্সের সাথে, সুদ পরিশোধের তারিখের সাথে।",19.825467009502837
nf4,Bengali,51,"ভারতের অর্থব্যবস্থার অন্যান্য jurisdikciones সঙ্গে ইন্টারলকিং, বিশেষ করে অন্যান্য jurisdikciones সঙ্গে ইন্টারলকিং, এর মাধ্যমে আন্ত-ব্যক্তিগত অর্থপ্রদান ব্যবস্থাগুলির সম্ভাবনা বৃদ্ধি করবে, বিশেষ করে প্রেরণের মতো।",27.25189681603968
nf4,Bengali,52,"Liquefied Natural Gas (LNG) এর গুরুত্ব শক্তিSegmentে বৃদ্ধি পাচ্ছে, কারণ এটি শক্তি-উৎপাদন এবং শিল্প ( fertilizers) Plants এ ব্যবহৃত হয়।",18.155141058488493
nf4,Bengali,53,"যাইহোক, যখন বাজারগুলি আপনাকে বিক্রয় বাড়ানোর অনুমতি দেয়, তবে আপনি একটি টেকসই ব্যবসা তৈরি করতে এবং আপনার নিজস্ব বাজারজাতযোগ্য ব্র্যান্ড তৈরি করতে সাহায্য করে না।",46.6681200749065
nf4,Bengali,54,পেমেন্ট অ্যাগ্রগিয়েটর (পিএ) অর্থপ্রদান বাস্তুতন্ত্রের একটি গুরুত্বপূর্ণ ভূমিকা পালন করে এবং তাই মার্চ 2020 সালে এবং পেমেন্ট সিস্টেম অপারেটর (পিএসও) হিসাবে মনোনীত করা হয়।,42.68749512037997
nf4,Bengali,55,"বর্তমানে, যাইহোক, অনলাইন বা ই-কমার্স লেনদেন প্রক্রিয়াকরণের জন্য সংশ্লিষ্টদের জন্য প্রযোজ্য।",26.438758865708493
nf4,Bengali,56,"রিকার্ডের ধারণা ছিল যে, এমন একটি দেশ অবশ্যই তার অনুভুতি অনুযায়ী বাণিজ্য করতে হবে, যার অনুভুতি অনুযায়ী সবচেয়ে বেশি লাভবান হবে, এবং অনুভুতি অনুযায়ী কম লাভবান হবে (এমনকি এখনও ইতিবাচক)।",23.12447537785385
nf4,Bengali,57,"সেপ্টেম্বর 9, 2022 সাল পর্যন্ত 16.2 শতাংশের হারে ব্যাংকের ঋণ বৃদ্ধি হয়েছে, যা গত বছরের তুলনায় 6.7 শতাংশের বিপরীতে।",29.650775288509607
nf4,Bengali,58,"ফসল তোলার এবং ফসল তোলার পর ফসল তোলার জন্য ঋণ, ফসল তোলার জন্য ফসল তোলার জন্য ফসল তোলার জন্য ফসল তোলার জন্য ফসল তোলার জন্য ফসল তোলার জন্য ফসল তোলার জন্য ফসল তোলার জন্য ফসল তোলার জন্য ফসল তোলার জন্য ফসল তোলার জন্য ফসল তোলার জন্য ফসল তোলার জন্য ফসল তোলার জন্য ফসল তোলার জন্য ফসল তোলার জন্য ফসল তোলার জন্য ফসল তোলার জন্য ফসল তোলার জন্য ফসল তোলার জন্য ফসল তোলার জন্য ফসল তোলার জন্য ফসল তোলার জন্য ফসল তোলার জন্য ফসল তোলার জন্য ফসল তোলার জন্য ফসল তোলার জন্য ফসল তোলার জন্য ফসল তোলার জন্য",11.517513221681948
nf4,Bengali,59,"মাঝারি ও দীর্ঘ-মেয়াদী ঋণ কৃষি ও সংশ্লিষ্ট কাজে ব্যবহৃত কৃষি যন্ত্রপাতি,灌溉 এবং অন্যান্য উন্নয়নমূলক কার্যক্রমের জন্য গৃহীত হবে।",29.01120504579265
nf4,Bengali,60,ব্যাংকিং নিয়ন্ত্রকরা ঐতিহ্যবাহী ব্যাংকের ছায়া ব্যাংকের সাথে পরিচিতি যাচাই করছে এবং এটি নিয়ন্ত্রণের মাধ্যমে ছায়া ব্যাংকের দ্বারা ঐতিহ্যবাহী আর্থিক সেক্টরে এবং সামগ্রিকভাবে অর্থনীতিতে প্রভাবের সাথে মোকাবিলা করার চেষ্টা করছে।,25.84233544800237
nf4,Bengali,61,"বিশ্বব্যাপী আর্থিক সংকটের পর, সরকারি খাতটি আরও এবং আরও তথ্য সংগ্রহ এবং গোপনীয়তা খুঁজে বের করার জন্য অনুসন্ধান করছে।",29.73295200429915
nf4,Bengali,62,"বাজার-শুদ্ধির মূল্য চাহিদা অনুযায়ী নির্ধারিত হয় যে, সরবরাহ সেই দামের সাথে সমান।",24.66706367881053
nf4,Bengali,63,"মডেলের সূত্রগুলি দাম এবং অন্যান্য VARIABLES (যেমন, আয়) হিসাবে সরবরাহ এবং চাহিদা স্তর নির্ধারণ করে।",32.29283898531734
nf4,Tamil,0,"ஒரு தோற்றமானது, சேவை நபரின் பண்புகள், அதாவது அவர்களின் Shoes, Clothes, Tie, Jewellery, Hair style, Make-up, Watch, Cosmetics, Perfume, etc.",16.4569726508876
nf4,Tamil,1,"அஜ்ஜானா, மகாராஷ்டிராவின் அர்ஜூலாவ் மாவட்டத்தில் அமைந்துள்ளது, இது கிமு முதல் நூற்றாண்டைச் சேர்ந்த சிற்பங்கள் மற்றும் ஓவியங்களால் அலங்கரிக்கப்பட்ட இருபது-முத்து மற்றும் விஹராவின் குகைகள் மற்றும் ஐந்து முதல் ஐந்தாம் நூற்றாண்டுகளில் வரையிலான சிற்பங்கள் மற்றும் ஓவியங்களால் அலங்கரிக்கப்பட்ட இருபது-முத்து மற்றும் விஹராவின் குகைகள் மற்றும் ஐந்து முதல் ஐந்தாம் நூற்றாண்டுகளில் வரையிலான சிற்பங்கள் மற்றும் ஓவியங்களால் அலங்கரிக்கப்பட்ட இருபது-",40.41123558086805
nf4,Tamil,2,"உடல் நிறம் வெளிப்புற வரிகளுடன் ஒத்திசைந்து, ஒற்றை நிறம் போன்ற விளைவை உருவாக்கும்.",29.66300412089684
nf4,Tamil,3,"அசோகர் சிற்பங்கள் மற்றும் பெரிய நினைவுச்சின்னங்கள் செய்ய கற்களைப் பயன்படுத்துவதற்கு விரிவான முறையில் பயன்படுத்தத் தொடங்கினார், அதே நேரத்தில் மர மற்றும் செங்கல் போன்ற பழமையான பழக்க வழக்கங்கள் இருந்தன.",47.82563939067676
nf4,Tamil,4,"மராட்டியத்தில் இது மிகவும் பிரபலமான உணவாகும், இது முச்சோலை, முச்சோலை, முச்சோலை மற்றும் முச்சோலை ஆகியவற்றில் முச்சோலை மற்றும் முச்சோலை ஆகியவற்றில் முச்சோலை மற்றும் முச்சோலை ஆகியவற்றில் முச்சோலை ஆகியவற்றில் முச்சோலை ஆகியவற்றில் முச்சோலை ஆகியவற்றில் முச்சோலை ஆகியவற்றில் முச்சோலை ஆகியவற்றில் முச்சோலை ஆகியவற்றில் முச்சோலை ஆகியவற்றில் முச்சோலை ஆகியவற்றில் முச்ச",10.266183297080406
nf4,Tamil,5,"Chettinad சமையல் முறை தென்னிந்திய மாநிலமான தர்மினாவின் நாடராவின் சமூகத்தைச் சேர்ந்த ஒரு குழுவின் சமையல் முறை, அல்லது நாரதர்கள் என்று அழைக்கப்படும், அவர்கள் தங்கள் பெயரால் நாடராவின் பகுதி என்று அழைக்கப்படும் Chettinad பகுதியில் இருந்து வேறுபட்டது.",31.61383137335645
nf4,Tamil,6,"சிம்மென் இந்தியாவுக்கு சொந்தமானது, எனவே அதன் பயன்பாடுகள் அதன் நன்மைகள் மற்றும் தீமைகள் இரண்டையும் உள்ளடக்கியது.",22.28446210530616
nf4,Tamil,7,"இந்தி ஒரு உலர்த்தியில் அல்லது ஒரு கல் துண்டியில் உலர்த்திய பிறகு, இந்தி ஒரு உலர்த்தியில் அல்லது ஒரு கல் துண்டியில் உலர்த்திய பிறகு, இந்தி ஒரு உலர்த்தியில் அல்லது ஒரு கல் துண்டியில் உலர்த்திய பிறகு, இந்தி ஒரு உலர்த்தியில் அல்லது ஒரு கல் துண்டியில் உலர்த்திய பிறகு, இந்தி ஒரு உலர்த்தியில் அல்லது ஒரு கல் துண்டியில் உலர்த்திய பிறகு, இந்தி ஒரு உலர்த்தியில் அல்லது ஒரு கல் துண்டியில் உலர்த்திய பிறகு, இந்தி",11.363364456888316
nf4,Tamil,8,"ஒவ்வொரு நகரத்திலும் ஒவ்வொரு விருப்பமும் மாறுபட்டது, உதாரணமாக, அர்ச்சுதாஜ் நகரத்தில் அர்ச்சுதாஜ் கூல், நிரந்தரமான பரோட்டா மற்றும் பால் பொருட்கள் போன்றவற்றை விரும்பும் மக்கள்.",28.932231751785597
nf4,Tamil,9,"ராமனை அரும்பியுடன் அனுப்பு, லட்சுமனையும் அனுப்பு.",51.41044083751874
nf4,Tamil,10,ஆனால் மங்கல பேண்டர் என்ற வீர செயலை ஒரு உயர்ந்த மற்றும்noble என்ற அடிப்படையில் பக்தியால் செய்திருக்க வேண்டும்.,19.767996291826943
nf4,Tamil,11,"இனிமையான சுவைக்காக, பச்சை மிளகாய்கள் வெளிச்சமாக இருக்கும் வரை, தயிர் மற்றும் தக்காளிப் பொடியுடன் மசாலாவைச் சேர்க்கவும், பின்னர் மசாலாவை சுமார் 5-6 நிமிடங்கள் வரை நன்றாகப் பசைத்து, மசாலாவை மசாலாவாகச் சேர்க்கவும்.",34.50825661044964
nf4,Tamil,12,"ஹிதோபோதாதா என்பது உலக அறிவுப் பரீட்சை மூலம் மனிதர்கள், விலங்குகள் மற்றும் மனிதர்கள் ஆகியோரின் கதாபாத்திரங்களில் மூலம் வழங்கப்பட்ட ஒரு புத்தகம்.",48.713385593754346
nf4,Tamil,13,"இந்த புத்தகத்தின் நோக்கம், அறிவுசார் விதியுடன் விவாதிக்கவும், விவாதிக்கவும், விவாதிக்கவும், விவாதிக்கவும், விவாதிக்கவும், விவாதிக்கவும், விவாதிக்கவும், விவாதிக்கவும், விவாதிக்கவும், விவாதிக்கவும், விவாதிக்கவும், விவாதிக்கவும், விவாதிக்கவும், விவாதிக்கவும், விவாதிக்கவும், விவாதிக்கவும், விவாதிக்கவும், விவாதிக்கவும், விவாதிக்கவும், விவாதிக்கவும், விவாதிக்கவும், விவாதிக்கவும், விவாதிக்கவும், விவாதிக்கவும்,",16.065839363552254
nf4,Tamil,14,பேராசிரியர் அசிதகுமார் பண்டோபாயர் தனது சொந்த ஊர் ஹோராவுக்கு முழுமையான வரலாற்றை தொகுப்பதில் முன்னோடிப் பங்களிப்பைச் செய்துள்ளார்.,31.50912910691368
nf4,Tamil,15,காதியா அரண்மனைக்கு முன் ஒரு சாமிர்தாகம் காதியா அரண்மனைக்கு முன் ஒரு சாமிர்தாகம் காதியா அரண்மனைக்கு முன் ஒரு சாமிர்தாகம் காதியா அரண்மனைக்கு முன் ஒரு சாமிர்தாகம் காதியா அரண்மனைக்கு முன் ஒரு சாமிர்தாகம் காதியா அரண்மனைக்கு முன் ஒரு சாமிர்தாகம் காதியா அரண்மனைக்கு முன் ஒரு சாமிர்தாகம் காதியா அரண்மனைக்கு முன் ஒரு சாமிர்தாகம் காதியா அரண்மனைக்கு முன் ஒரு சாம,12.446833463944794
nf4,Tamil,16,இந்திய பாரம்பரியத்தில் பாரம்பரியமாக அழைக்கப்படும் 'மாஹராஜாக்கள்' மற்றும் 'கஹான்சாமக்கள்' (தற்போது இந்தியாவிலேயே சிறந்த உணவு தயாரிப்பாளர்களாக அழைக்கப்படும்) நூற்றுக்கணக்கான ஆண்டுகளாக இந்த உணவுப் பழக்கங்கள் வாய்மொழி வழக்கில் இருந்து பெறப்பட்டு வருகின்றன.,32.88876584965866
nf4,Tamil,17,"பாரம்பரிய முறையில், ஒரு விஸ்தா வாசா அல்லது தலைமைச் சாணக்கியர், ஒரு நீதிமன்றம் அல்லது சாணக்கியர் உதவியுடன் தயாரிக்கப்படுகிறது.",21.059558455959863
nf4,Tamil,18,"பாவ் பிஜி: இது மராட்டிய மாநிலத்திலிருந்து ஒரு விரைவு உணவுப் பொருள், பொதுவாக பச்சரிதலில் தயாரிக்கப்பட்டு, பவுச் ரொட்டியில் (பாவ்) வழங்கப்படும்.",22.37685210787565
nf4,Tamil,19,"லால் தேடி, ஹபபா கத்தூன் ஆகியோரின் கவிதைத் தொகுப்புகள், தெய்வீக சுவை மற்றும் தீவிர வெளிப்பாட்டின் உணர்ச்சிகரமான வெளிப்பாட்டிற்காக அறியப்படுகின்றன, மிராபி போன்றோரின் ராஜஸ்தான் சமையல் முறை தனித்துவமானது, தனித்துவமான பக்தியுணர்வு தரக்கூடியது, அலாந்தின் தமிழ் மற்றும் அககா மஹாதேவி ஆகியோரின் வாச்சானங்கள் கான்பூர் கால இலக்கியங்களில் குறிப்பிடத்தக்க பங்களிப்பை வழங்கிய பெண்களின் மகத்துவம் பற்றிய சான்றுகூறுகள்.",31.309476191992008
nf4,Tamil,20,"97 கி.மீ தொலைவில் மியம்பாஸ் மாவட்டத்தின் தார மாவட்டத்திலிருந்து Bagh Caves, புத்தர் ஓவியங்களைக் கொண்ட ஒரு மண்டபம் உள்ளது.",39.63906003903123
nf4,Tamil,21,"சன்ருத்ரா இலக்கியத்தில் 'மலா' என்ற சொல் தாவர அல்லது மரத்தின் வேற்றுமை, ஆனால் சுபரியமாக, எந்தவொரு பொருளின் அடி அல்லது அடி அல்லது அடி அல்லது அடி அல்லது அடி அல்லது அடி அல்லது அடி அல்லது அடி அல்லது அடி அல்லது அடி அல்லது அடி அல்லது அடி அல்லது அடி அல்லது அடி அல்லது அடி அல்லது அடி அல்லது அடி அல்லது அடி அல்லது அடி அல்லது அடி அல்லது அடி அல்லது அடி அல்லது அடி அல்லது அடி அல்லது அடி அல்லது அடி அல்லது அடி அல்லது அடி அல்லது அடி அல்லது அடி அல்லது அடி அல்லது அடி அல்லது அடி அல்லது அடி அல்லது அடி அல்லது அடி அல்லது அடி அல்லது அடி அல்லது அடி அல்லது அடி அல்லது அடி அல்லது அடி அல்லது அடி அல்லது அடி அல்லது அடி அல்லது அடி அல்லது அடி அல்லது அடி அல்லது அடி அல்லது அடி அல்லது அடி அல்லது அடி அல்லது அடி அல்லது அடி அல்லது அடி அல்லது அடி அல்லது அடி அல்லது அடி அல்லது அடி அல்லது அடி அல்லது அடி அல்லது அடி அல்லது அடி அல்லது அடி அல்லது அடி அல்லது அடி அல்லது அடி அல்லது அடி அல்லது அடி அல்லது",18.417308665296567
nf4,Tamil,22,"இந்தியப் பண்பாட்டின் அறியப்பட்ட கண்டுபிடிப்புகளில் ஒன்று, அதன் அறிவார்ந்த திறமை.",16.76020750716579
nf4,Tamil,23,"அனைத்துக் காருவார்களும் இறந்துவிட்டனர், ஆனால் ஐந்து பாண்டவாக்கள் மற்றும் கிருஷ்ணர் உயிர்வாழுகின்றன.",29.59066460837923
nf4,Tamil,24,காருவாக்கள் என்ற இராணுவக்குழுவினர் 18 நாட்கள் போராடி இறுதியில் கௌரவக் குழுவினர் தோற்கடிக்கப்படுகின்றனர்.,34.2270934377665
nf4,Tamil,25,"மகாகவி பாரதியாரின் கதை வட இந்திய மாநிலமான தில்லிக்கு வடக்கே ஒரு நாட்டின் ஆதிநாடு என்று அழைக்கப்படும் ஒரு இராச்சியத்தின் வழிவகுப்புக்கு ஒரு சண்டை, இது தில்லிக்கு வடக்கே ஒரு நாட்டின் ஆதிநாடு என்று அழைக்கப்படும் ஒரு இராச்சியத்தின் வழிவகுப்புக்கு ஒரு சண்டை.",26.12280965661194
nf4,Tamil,26,"கர்நாடகத்தில் சைவ உணவுப் பழக்கம் அதிகமாக உள்ளது, எனவே அவர்களின் சமையல் பெரும்பாலும் சைவ உணவு வகைகளால் மட்டுமே இருக்கின்றன.",36.793842140228286
nf4,Tamil,27,"சன்ஜனாவுக்குத் தான் பதிலளிக்கப்படுகிறார், அவர் போர்க்களத்தில் நடக்கும் நிகழ்வுகளைப் பற்றி குறிப்பிடுகிறார்.",37.07954027037753
nf4,Tamil,28,"தமிழ் நாட்டில் காணப்படும் இரண்டு புராணங்கள் சிலபத்திக் கார்மனும், மன்மேகலனும் ஆகும்.",24.201682313808963
nf4,Tamil,29,இந்த பகுதியில் இஞ்சிப்பொடியை பயன்படுத்துவது கவனமாக செய்யப்படுகிறது.,41.24400260981246
nf4,Tamil,30,"யோகாவின் சொல் ச்ரஷ்டி, யுக, அதாவது இணை அல்லது ஒன்றிணைக்க அல்லது ஒன்றிணைக்க அல்லது ஒன்றிணைக்க என்று பொருள்.",24.00413812226221
nf4,Tamil,31,இன்று ஆச்சியிஸ் என்பது பல்வேறு வடிவங்களில் ஒரியா மாநிலத்தின் 벽ங்களில் செதுக்கப்பட்ட சிற்பங்களின் தொடர்ச்சியாக உருவாகியுள்ளது.,31.202246591809907
nf4,Tamil,32,"வஸிஷ்டா இப்போது மன்னருக்குத் திரும்பிப் பேசத் தொடங்கினார்: ""நீங்கள் மன்னர், ஒரு முறை வாக்குறுதி அளித்திருக்கிறீர்கள், நீங்கள் மறுக்க வேண்டிய நிலைமை இல்லை"".",32.55209576282251
nf4,Tamil,33,"அவரும் கிருஷ்ணர் தனது துயரத்தால் விழித்தவுடன் இருக்கிறான், மேலும் அவரும் இந்த உலகத்தில் தர்மம் செயலுக்கான வித்வான்கள் மீது தனது மனோபாவத்தை மாற்றிக்கொண்டு, இந்திராவின் துயரத்தால் விழித்தவுடன் இருக்கிறான்.",30.2164212161426
nf4,Tamil,34,நீங்கள் இந்தியில் ஒரு துண்டிக்கப்பட்ட துண்டிக்கப்பட்ட துண்டிக்கப்பட்ட துண்டிக்கப்பட்ட துண்டிக்கப்பட்ட துண்டிக்கப்பட்ட துண்டிக்கப்பட்ட துண்டிக்கப்பட்ட துண்டிக்கப்பட்ட துண்டிக்கப்பட்ட துண்டிக்கப்பட்ட துண்டிக்கப்பட்ட துண்டிக்கப்பட்ட துண்டிக்கப்பட்ட துண்டிக்கப்பட்ட துண்டிக்கப்பட்ட துண்டிக்கப்பட்ட துண்டிக்கப்பட்ட துண்டிக்கப்பட்ட துண்டிக்கப்பட்ட துண்டிக்கப்பட்ட துண்டிக்கப்பட்ட துண்டிக்கப்பட்ட துண்டிக்கப்பட்ட துண்டிக்கப்பட்ட துண்டிக்கப்பட்ட துண்டிக்கப்பட்ட து,6.138346689384827
nf4,Tamil,35,"நீங்கள் ஒரு சிறிய துண்டு தக்காளித் தின்று, பின்னர் நன்கு கலக்கப்படும் அரிசி மாவுடன் ஒரு சிறிய துண்டுகளைச் சேர்க்கலாம்.",26.208581874328107
nf4,Tamil,36,மகாராஜா ரஞ்சீத் சிங்கின் நன்கொடை ஒரு அழகான மற்றும் அற்புதமான புனிதவாசகம் மற்றும் நுட்பமான சிற்பங்களுடன் 1835 AD இல் நாகேந்திரத்தில் ஒரு பெரிய தங்க கோபுரத்துடன் கூடிய ஒரு பிரமிக்க வைக்கும் தங்க கோபுரத்துடன் கூடிய ஒரு பிரமிக்க வைக்கும் தங்க கோபுரத்துடன் கூடிய பிரமிக்க வைக்கும் தங்க கோபுரத்துடன் கூடிய பிரமிக்க வைக்கும் தங்க கோபுரத்துடன் கூடிய பிரமிக்க வைக்கும் தங்க கோபுரத்துடன் கூடிய பிரமிக்க வைக்கும் தங்க கோபுரத்துடன் கூடிய பிரமிக்க வைக்கும் தங்க கோபு,18.87769301080684
nf4,Tamil,37,சமவேதா என்பது இந்த தேர்ந்தெடுக்கப்பட்ட ரூச்சுகளை சவார்களுடன் ஒத்திசைக்கப்படும் சவார்களுக்கான தொகுப்பு ஆகும்.,23.217607413376665
nf4,Tamil,38,அர்ச்சுனியின் காஷ்மீர் பற்றிய விளக்கம் பண்டைய அரியோடியாவை நம் நவீன நகரங்களுக்கு இணையாகக் காட்டுகிறது.,21.30035018396788
nf4,Tamil,39,"நீங்கள் 'நான் செய்வேன்' என்று சொன்னவுடன், நீங்கள் செய்ய வேண்டியதல்ல.",37.05588567815873
nf4,Tamil,40,"சமீபத்திய நாட்களில், ரூபாய் மதிப்பு மற்றும் நமது வெளிநாட்டு வங்கியின் நிலைமையைப் பற்றிய மாறுபட்ட கருத்துகள் உள்ளன.",29.285489006373577
nf4,Tamil,41,வங்கிகள் கடன் கணக்குகள் CICs அல்லது தடையின்றித் தள்ளுபடிச் சலுகைகள் அல்லது தடையின்றித் தள்ளுபடிச் சலுகைகள் அல்லது தடையின்றித் தள்ளுபடிச் சலுகைகள் அல்லது தடையின்றித் தள்ளுபடிச் சலுகைகள் அல்லது தடையின்றித் தள்ளுபடிச் சலுகைகள் அல்லது தடையின்றித் தள்ளுபடிச் சலுகைகள் அல்லது தடையின்றித் தள்ளுபடிச் சலுகைகள் அல்லது தடையின்றித் தள்ளுபடிச் சலுகைகள் அல்லது தடையின்றித் தள்ளு,14.663631041182718
nf4,Tamil,42,நாடுகள் தங்கள் நிதி நிலை மேம்பட்டதாக உள்நாட்டு முதலீட்டை ஊக்குவிக்கலாம்.,35.43434754388259
nf4,Tamil,43,"இருப்பினும், திட்ட செயல்படுத்தல் நடைமுறைக்கு விரைவாக செயல்படுத்தப்படாவிட்டால், திட்டத்தின் ஒப்புதலுக்கு 90 நாட்களுக்குள் வங்கிக்கு அனுப்பப்பட்ட விண்ணப்பத்தின் தேதி வரை, திட்ட நிலவரம் நிலவரம் நிலைமைக்குக் கொண்டு வரப்படலாம்.",30.69235568450534
nf4,Tamil,44,"தனியார் முதலீட்டின் இயக்கங்கள் எவ்வாறு செல்வத்தை குறைந்த எண்ணிக்கையிலான நபர்களிடம் குவிப்பதற்கான முடிவுகளாக வழிவகுக்கிறது அல்லது வளர்ச்சி, போட்டி மற்றும் தொழில்நுட்ப முன்னேற்றங்கள் எவ்வாறு ஒரளவு சமநிலையை ஏற்படுத்துகின்றன என்பது குறித்து விவாதிக்கப்பட வேண்டும்.",37.26995316531277
nf4,Tamil,45,இது விலைமதிப்பற்ற வர்த்தகத்தை கட்டுப்படுத்துகிறது மற்றும் எதிர்பார்ப்புகளைக் கட்டுப்படுத்துகிறது.,31.31484021848892
nf4,Tamil,46,Q2 இல் காணப்படும் பொருளாதார நடவடிக்கைக்கு தொடர்ந்து வலுவான அறிகுறிகள் உள்ளன.,18.474848605739865
nf4,Tamil,47,"மார்க்சிய பொருளாதாரத்தில், இந்தத் துறையானது ஒரு நாடு மற்றும் அனைத்து சந்தைகளும் எவ்வாறு ஒருங்கிணைந்து பெரிய 현상들을 생성하는지, 경제학에서 말하는 총량 변수들을 어떻게 생성하는지 하는 주제입니다.",19.27407626799375
nf4,Tamil,48,"நிதி சொத்துகள் குறுகிய காலத்தில் தகுந்த சந்தை விலையில் விரைவாக விற்பனை செய்யக்கூடிய அளவிற்கு எவ்வாறு இருக்கிறதோ, அந்த நிலையை 'நிதி நிலை' என்று சொல்வார்கள்.",29.63729018030038
nf4,Tamil,49,"பொதுவாக, மீட்புக்கான சாதகமான தரவுகளின் அடிப்படையில், மீட்புக்கான சாதகமான தரவுகளின் அடிப்படையில், மீட்புக்கான சாதகமான தரவுகளின் அடிப்படையில், மீட்புக்கான சாதகமான தரவுகளின் அடிப்படையில், மீட்புக்கான சாதகமான தரவுகளின் அடிப்படையில், மீட்புக்கான சாதகமான தரவுகளின் அடிப்படையில், மீட்புக்கான சாதகமான தரவுகளின் அடிப்படையில், மீட்புக்கான சாதகமான தரவுகளின் அடிப்படையில், மீட்புக்கான சாதகமான தரவுகளின் அடிப்படையில், மீட்புக்கான சாதகமான தரவுகளின் அடிப்படையில், மீட்புக்கான சாதகமான தரவுகளின் அடிப்படையில், மீட்ப",17.017552992495975
nf4,Tamil,50,"எனவே, இதுபோன்ற அளவிலான ஆர்வங்கள் தாமதமாகிவிடாமல் தவிர்க்கப்பட்டு, எனவே, டெபிட் செய்யப்பட்ட தேதிக்கு ஏற்ப நஷ்டம், N.P.A. என்ற பெயரில், இது.",20.99229706740608
nf4,Tamil,51,"இந்தியர்களின் பணம் செலுத்துவதற்கான முறைகள் மற்ற நாடுகளின் மற்ற முறைகளுடன் இணைக்கப்படலாம், மேலும் UPI உடன் மற்ற நாடுகளின் முறைகள் போன்ற முறைகள், பரிமாற்றங்கள் உட்பட, பரிமாற்றங்கள் ஆகியவற்றில் மேம்பட்ட பரிமாற்றங்கள் ஆகியவற்றில் மேம்பட்ட பரிமாற்றங்கள் ஆகியவற்றில் மேம்பட்ட பரிமாற்றங்கள் ஆகியவற்றில் மேம்பட்ட பரிமாற்றங்கள் ஆகியவற்றில் மேம்பட்ட பரிமாற்றங்கள் ஆகியவற்றில் மேம்பட்ட பரிமாற்றங்கள் ஆகியவற்றில் மேம்பட்ட பரிமாற்றங்கள் ஆகியவற்றில் மேம்பட்ட பரிமாற்றங்கள் ஆகியவற்றில் மேம்பட்ட பரிமாற்றங்கள் ஆகியவற்றில் மேம்பட்ட பரிமாற்றங்கள் ஆகியவற்றில்",21.9225230300912
nf4,Tamil,52,"LNG என்பது ஆற்றல் பிரிவில் முக்கியத்துவம் வாய்ந்ததாக உள்ளது, ஏனெனில் இது மின் உற்பத்தி மற்றும் தொழிலக (தயிர்) உற்பத்தி போன்ற ஆற்றல் பிரிவுகளில் பயன்படுத்தப்படுகிறது.",28.604260425540108
nf4,Tamil,53,"இருப்பினும், சந்தைகள் விற்பனை வளர்க்க உங்களுக்கு உதவுகின்றன, ஆனால் நீங்கள் ஒரு நிலையான வணிகத்தை வளர்ப்பதற்கும் மற்றும் உங்கள் சொந்த சந்தைப்படுத்தக்கூடிய 브랜드க்கு உருவாக்க உதவுகின்றன.",38.013779012511385
nf4,Tamil,54,"PAs (Payment Aggregators) என்பது பணம் செலுத்தும் சுற்றுச்சூழல் அமைப்பிற்கு ஒரு முக்கிய பங்கு வகிக்கின்றன, எனவே 2020 ஆம் ஆண்டில் ஒழுங்குமுறைபடுத்தப்பட்டு, 2020 ஆம் ஆண்டில் PSOs (Payment System Operators) என அழைக்கப்படுகின்றன.",27.730646219867523
nf4,Tamil,55,"தற்போது நடைமுறைப்படுத்தப்பட்டுள்ள விதிகள், இருப்பினும், ஆன்லைன் அல்லது மின்னணு வணிகம் செய்யும் செயல்களில் ஈடுபடும் கணக்குதாரர்களுக்கு பொருந்தும்.",38.92594526650248
nf4,Tamil,56,"ரிச்சாரியோவின் கருத்தானது, ஒரு நாட்டின் சந்தைப்படுத்துதலில் அதன் ஒப்பீட்டுக் கணக்கின் அடிப்படையில் சிறந்த முறையில் செயல்படுவதாக இருந்தது, அதன் ஒப்பீட்டுக் கணக்கின் அடிப்படையில் சிறந்த முறையில் செயல்படுவதாக இருந்தது.",19.34710528577638
nf4,Tamil,57,2022-ம் ஆண்டிற்கான ஒட்டுமொத்த கடன் வளர்ச்சி விகிதம் 16.2% y-o-y என 9.9% y-o-y என 2022-ம் ஆண்டிற்கான ஒட்டுமொத்த கடன் வளர்ச்சி விகிதம் 16.2% y-o-y என 2022-ம் ஆண்டிற்கான ஒட்டுமொத்த கடன் வளர்ச்சி விகிதம் 16.2% y-o-y என 2022-ம் ஆண்டிற்கான ஒட்டுமொத்த கடன் வளர்ச்சி விகிதம் 16.2% y-o-y என 2022-,17.824837648064992
nf4,Tamil,58,"வேளாண்மைக்கான வேளாண்மைக்கான கடன், அறுவடை மற்றும் அறுவடைக்கான நடவடிக்கைகள், உர, வேப்பம், அறுவடை, வகைப்பாடு மற்றும் போக்குவரத்து போன்றவற்றை உள்ளடக்கியது.",29.39388152104187
nf4,Tamil,59,"விவசாய மற்றும் துணைப் பணிகளுக்கு இடையிலான நீண்ட மற்றும் குறுகிய காலத் தேவைகளுக்கு விவசாயத் தொழிலாளர்களின் உற்பத்தி மற்றும் வளர்ச்சி நடவடிக்கைகளுக்கு இயந்திரங்கள், நீர்வளர்த்தல் மற்றும் பிற வளர்ச்சி நடவடிக்கைகளுக்கு மேற்கொள்ளப்படும் பணிகளுக்கு இயந்திரங்கள், நீர்வளர்த்தல் மற்றும் பிற வளர்ச்சி நடவடிக்கைகளுக்கு இயந்திரங்கள், நீர்வளர்த்தல் மற்றும் பிற வளர்ச்சி நடவடிக்கைகளுக்கு இயந்திரங்கள், நீர்வளர்த்தல் மற்றும் பிற வளர்ச்சி நடவடிக்கைகளுக்கு இயந்திரங்கள், நீர்வளர்த்தல் மற்றும் பிற வளர்ச்சி நடவடிக்கைகளுக்கு இயந்திரங்கள், நீர்வளர்த்தல் மற்றும் பிற வளர்ச்சி நடவடிக்கைகளுக்கு இயந்திரங்கள், நீர்வளர்த்தல் மற்றும் பிற வளர்ச்சி நடவடிக்கைகளுக்கு இயந்திரங்கள், நீர்வளர்த்தல் மற்றும் பிற வளர்ச்சி நடவடிக்கைகளுக்கு இயந்திரங்கள்",26.243358024501184
nf4,Tamil,60,"பாரம்பரிய வங்கிகள் மற்றும் தற்காலிக வங்கிகள் ஆகியவற்றின் வெளிப்பாட்டிற்கு வங்கி கண்காணிப்பாளர்கள் பரிசீலித்து, இது பாரம்பரிய நிதி துறையை மேலும் பாதிக்கலாம் மற்றும் பொருளாதாரத்தை பொதுமறம் பாதிக்கலாம்.",22.76431928703373
nf4,Tamil,61,"글로벌 금융 위기 이후, 정부는 더 정확하고 더 좋은 정보를 수집하고 숨겨진 취약성을 찾아내는 데 더 많은 노력을 기울이고 있다.",1.5889166461582755
nf4,Tamil,62,தேவைக்கு ஏற்ப சந்தை விலையை தீர்மானிக்கும்.,14.80147695117964
nf4,Tamil,63,"விலை மற்றும் பிற காரணிகள் (எடுத்து, வருமானம்) ஆகியவற்றின் அடிப்படையில், 공급과 수요 수준을 결정하는 모델த்தின் கணக்கீடுகள்.",24.169012821333112
nf4,Telugu,0,"వ్రాయుడతనం, వ్రాయుడతనం, వ్రాయుడతనం, వ్రాయుడతనం, వ్రాయుడతనం, వ్రాయుడతనం, వ్రాయుడతనం, వ్రాయుడతనం, వ్రాయుడతనం, వ్రాయుడతనం, వ్రాయుడతనం, వ్రాయుడతనం, వ్రాయుడతనం, వ్రాయుడతనం, వ్రాయుడతనం, వ్రాయుడతనం, వ్రాయుడత",8.658422749182176
nf4,Telugu,1,"అజానా, మహారాష్ట్రలోని అరాంగోబడ్ జిల్లాలో ఉన్న 29 చైత్యా మరియు విహారా చుట్టూ ఉన్న చుట్టూ ఉన్న చుట్టూ ఉన్న చుట్టూ ఉన్న చుట్టూ ఉన్న చుట్టూ ఉన్న చుట్టూ ఉన్న చుట్టూ ఉన్న చుట్టూ ఉన్న చుట్టూ ఉన్న చుట్టూ ఉన్న చుట్టూ ఉన్న చుట్టూ ఉన్న చుట్టూ ఉన్న చుట్టూ ఉన్న చుట్టూ ఉన్న చుట్టూ ఉన్న చుట్టూ ఉన్న చుట్టూ ఉన్న చుట్టూ ఉన్న చుట్టూ ఉన్న",18.217509826554675
nf4,Telugu,2,"శరీర రంగులు, చతురళం, చతురళం, చతురళం, చతురళం, చతురళం, చతురళం, చతురళం, చతురళం, చతురళం, చతురళం, చతురళం, చతురళం, చతురళం, చతురళం, చతురళం, చతురళం, చతురళం, చతురళం, చతురళం, చతురళం, చతురళం, చతుర",6.314279762317354
nf4,Telugu,3,ఆషాకు పురాణ కాలంలో వాతలంలో వస్తువులను తయారు చేయడానికి వస్తువులను తయారు చేయడానికి వస్తువులను తయారు చేయడానికి వస్తువులను తయారు చేయడానికి వస్తువులను తయారు చేయడానికి వస్తువులను తయారు చేయడానికి వస్తువులను తయారు చేయడానికి వస్తువులను తయారు చేయడానికి వస్తువులను తయారు చేయడానికి వస్తువులను తయారు చేయడానికి వస్తువులను తయారు చేయడానికి వస్తువులను తయారు చేయడానికి వస్తువులను తయారు చేయడానికి వస్తువులను తయారు చేయడానికి వస్తువులను తయారు చేయడానికి వస్తువులను తయారు చేయడానికి వస్తువులను తయారు చేయడానికి వస్తువులను తయారు చేయడానికి వస్తువులను తయారు చేయడానికి వస్తువులను తయారు చేయడానికి వస్తు,6.317374412025247
nf4,Telugu,4,"మహారాష్ట్రలో ఈ ఆహారంలో వేరు వేరు వేయాలు, బాదం వేయాలు, బాదం వేయాలు, వేరు వేరు వేయాలు, వేరు వేరు వేయాలు, వేరు వేరు వేయాలు, వేరు వేరు వేయాలు, వేరు వేరు వేయాలు, వేరు వేరు వేయాలు, వేరు వేరు వేయాలు, వేరు వేరు వేయాలు, వేరు వేరు వేయాలు, వేరు వేరు వేయాలు, వేరు వేరు వేయాలు, వేరు వేరు వేయాలు, వేరు వేరు వేయాలు, వేరు",10.393517016958896
nf4,Telugu,5,"చెత్తినడ వంటకాలు తమిళనాడు రాష్ట్రంలో చెత్తినడ ప్రాంతంలో చెత్తినడ చాటియర్స్ అనే సంఘానికి చెందిన వారు, వారు తమ తమ పేరును చెత్తినడ ప్రాంతం నుండి చెత్తినడ చాటియర్స్ అని పిలుస్తారు, వారు తమ తమ పేరును చెత్తినడ ప్రాంతం నుండి చెత్తినడ చాటియర్స్ అని పిలుస్తారు.",27.70975150244082
nf4,Telugu,6,"సిమ్మం భారతదేశంలోనే పుట్టినది, కాబట్టి, దాని ఉపయోగం వాటిలో ఒకేసారి రుచికరమైన ఆహారంగా, అలాగే వైద్యం.",20.40312436098144
nf4,Telugu,7,ఈ పౌడర్‌ను గిన్నెలో లేదా గిన్నెలో వేడిచేసిన రాతిలో వేడిపెట్టండి.,18.276360041071975
nf4,Telugu,8,"పౌరుష నగరాల్లో ప్రతి ఒక్కరూ ప్రత్యేకమైన అభిరుచులను కలిగి ఉన్నారు, అమ్రతిలో ప్రజలు ప్రత్యేకంగా అమరథి కుక్క, పర్ణతాలు మరియు మిల్క్ ఉత్పత్తుల మీద ఆసక్తి కలిగి ఉన్నారు.",25.096997345001785
nf4,Telugu,9,"శ్రీరామునితో, లక్ష్మణుని కూడా పంపండి.",33.06246925817366
nf4,Telugu,10,"కానీ మంగల పండియన్ యొక్క సత్ఫలితము, ఒక గొప్ప మరియు గౌరవప్రతిష్టాత్మక ప్రాజెక్టును నిర్మించడానికి, ఒక గొప్ప మరియు గౌరవప్రతిష్టాత్మక ప్రాజెక్టును నిర్మించడానికి, ఒక గొప్ప మరియు గౌరవప్రతిష్టాత్మక ప్రాజెక్టును నిర్మించడానికి, ఒక గొప్ప మరియు గౌరవప్రతిష్టాత్మక ప్రాజెక్టును నిర్మించడానికి, ఒక గొప్ప మరియు గౌరవప్రతిష్టాత్మక ప్రాజెక్టును నిర్మించడానికి, ఒక గొప్ప మరియు గౌరవప్రతిష్టాత్మక ప్రాజెక్టును నిర్మ",10.117104640890512
nf4,Telugu,11,"ఒకసారి టొమాటోలు స్పష్టంగా మారిన తర్వాత, టమోరట్‌ను ముక్కలు మరియు టమోరట్‌కు టమోరట్‌తో టమోరట్‌తో టమోరట్‌తో టమోరట్‌తో టమోరట్‌తో టమోరట్‌తో టమోరట్‌తో టమోరట్‌తో టమోరట్‌తో టమోరట్‌తో టమోరట్‌తో టమోరట్‌తో టమోరట్‌తో టమోరట్‌తో టమోరట్‌తో టమోరట్‌తో టమోరట్‌తో టమోరట్‌తో టమోరట్‌తో టమోరట్‌తో టమోరట్‌తో టమోరట్‌తో ట",6.741065862620106
nf4,Telugu,12,"హితుపదస్యం అనేది వివిధ రకాల పురాణాలలో ఒకరు, విద్యా జ్ఞానాన్ని వివిధ రకాల పురాణాలలో ఒకరు, విద్యా జ్ఞానాన్ని వివిధ రకాల పురాణాలలో ఒకరు.",21.20637428356727
nf4,Telugu,13,"ఈ పుస్తకం యొక్క ఉద్దేశం, శ్లోకాలను ప్రదర్శించడం మరియు సజ్జా జీవన శైలిని తెలుసుకోవడం.",24.588516197042075
nf4,Telugu,14,"భారతదేశంలోని హౌరాహ్ ప్రాంతంలో పురుషులు, మహిళలు, వృద్ధులు, పిల్లలు, వృద్ధులు, వృద్ధులు, వృద్ధులు, వృద్ధులు, వృద్ధులు, వృద్ధులు, వృద్ధులు, వృద్ధులు, వృద్ధులు, వృద్ధులు, వృద్ధులు, వృద్ధులు, వృద్ధులు, వృద్ధులు, వృద్ధులు, వృద్ధులు, వృద్ధులు, వృద్ధులు, వృద్ధులు, వృద్ధులు, వృద్ధులు, వృద్ధులు, వృద్ధులు,",5.85994554177594
nf4,Telugu,15,"చైత్యాభవంలో ముందు, చైత్యాభవంలో ఒక సస్పెన్షన్ చైత్యాభవంలో ఒక సస్పెన్షన్ చైత్యాభవంలో ఒక సస్పెన్షన్ చైత్యాభవంలో ఒక సస్పెన్షన్ చైత్యాభవంలో ఒక సస్పెన్షన్ చైత్యాభవంలో ఒక సస్పెన్షన్ చైత్యాభవంలో ఒక సస్పెన్షన్ చైత్యాభవంలో ఒక సస్పెన్షన్ చైత్యాభవంలో ఒక సస్పెన్షన్ చైత్యాభవంలో ఒక సస్పెన్షన్ చైత్యాభవంలో ఒక సస్పెన్",11.981293815352226
nf4,Telugu,16,"భారతదేశంలో సాంప్రదాయకంగా 'మహారాజా'లు (ఇది భారతదేశంలో నైపుణ్యవాదులు తరచుగా పిలుస్తారు) తరతరాలుగా వంటకృత్యాలను పటిష్టం చేసిన తరాలు, ఈ వంటకాలు వేల సంధ్యాసాలు తరలించి, శాతవాహరి, కౌంతు, కౌంతు, కౌంతు, కౌంతు, కౌంతు, కౌంతు, కౌంతు, కౌంతు, కౌంతు, కౌంతు, కౌంతు, కౌంతు, కౌంతు, కౌంతు, కౌంతు, కౌంతు, కౌంతు, కౌంతు, కౌంతు, కౌంతు, కౌ",23.98379557144986
nf4,Telugu,17,వసా వంటకాలను ఒక పెద్ద వసా లేదా వసా వంటకాలను సలహదారులతో సహా ఒక వసా వంటకాలను సలహదారులతో సహా ఒక వసా వంటకాలను సలహదారులతో సహా ఒక వసా వంటకాలను సలహదారులతో సహా ఒక వసా వంటకాలను సలహదారులతో సహా ఒక వసా వంటకాలను సలహదారులతో సహా ఒక వసా వంటకాలను సలహదారులతో సహా ఒక వసా వంటకాలను సలహదారులతో సహా ఒక వసా వంటకాలను సలహదారులతో సహా ఒక వసా వంటకాలను సలహదారులతో సహా ఒక వసా వంటకాలను సలహదారులతో సహా ఒక వసా వంటకాలను సల,10.265962040419588
nf4,Telugu,18,"పవ భజీ: మహారాష్ట్ర నుండి వంటకం, బఠాణీ (భజీ) తరచుగా బటర్ తో తయారు చేయబడిన, మరియు సన్నగా వడ్డించబడిన బ్రౌన్ బ్రౌన్ (పవ) తో వండుతారు.",25.415415258962486
nf4,Telugu,19,"లాల్‌దూత రచనలు మరియు హబ్బా ఖతూన్ రచనలు, తమ విద్వాంసుల యొక్క ఆత్మవిశ్వాసంతో, అద్భుతమైన ఆత్మవిశ్వాసంతో, మైరాబే యొక్క రాజస్థానియన్ రచనలు, అఖ్ ఖామాద్వి యొక్క వచనాలు, కన్నడనాలో అఖ్ ఖామాద్వి యొక్క వచనాలు, కన్నడనాలో అఖ్ ఖామాద్వి యొక్క వచనాలు, కన్నడనాలో అఖ్ ఖామాద్వి యొక్క వచనాలు, కన్నడనాలో అఖ్ ఖామాద్వి యొక్క వచనాలు, కన్నడనాలో అఖ్ ఖామాద్వి యొక్క వచనాలు, కన్నడనాలో అఖ్ ఖా",19.497924535444337
nf4,Telugu,20,"భగ Caves, భగ జిల్లాలో 97 కిలోమీటర్ల దూరంలో ఉన్న భగ వాతలాల, భగ జిల్లాలో ఉన్న భగ వాతలాల, భగ వాతలాల, భగ వాతలాల, భగ వాతలాల, భగ వాతలాల, భగ వాతలాల, భగ వాతలాల, భగ వాతలాల, భగ వాతలాల, భగ వాతలాల, భగ వాతలాల, భగ వాతలాల, భగ వాతలాల, భగ వాతలాల, భగ వాతలాల, భగ వాతలాల, భగ వాతలాల, భగ వాతలాల, భగ వాతలాల, భగ వాతలాల, భగ",12.57407383554571
nf4,Telugu,21,"సంస్కృత సాహిత్యంలో ముల అనే పదం యొక్క సాధారణ అర్థం మొక్క లేదా చెట్టు యొక్క మూలం, కానీ పౌరాణికంగా, తల లేదా తల లేదా ఏదైనా తల యొక్క దిగువ భాగానికి లేదా దిగువ భాగానికి.",49.44789348442855
nf4,Telugu,22,ఇండో-అర్వూస్ వంశం సాంకేతిక జ్ఞానాన్ని వివిధ రంగాలలో వివిధ రంగాలలో తెలియజేసింది.,33.667977906443966
nf4,Telugu,23,అన్ని కౌరవలు చనిపోతారు; కేవలం పది పాండవులు బాలులు మరియు కృష్ణ మాత్రమే మిగిలిపోతారు.,25.81111792007236
nf4,Telugu,24,కౌరవలు 18 రోజుల పాటు యుద్ధం జరుగుతుంది మరియు కౌరవలు ఓడిపోతారు.,26.531176148162768
nf4,Telugu,25,భార్తవ సంహస్రత కథ భారతదేశంలోని ఉత్తర భాగంలో ఉన్న హస్తినపూరుకు చెందిన రాజుల కుమారుడు అయిన భార్తవ సంహస్రత కథ భారతదేశంలోని ఉత్తర భాగంలో ఉన్న హస్తినపూరుకు చెందిన రాజుల కుమారుడు అయిన భార్తవ సంహస్రత కథ భారతదేశంలోని ఉత్తర భాగంలో ఉన్న హస్తినపూరుకు చెందిన రాజుల కుమారుడు అయిన భార్తవ సంహస్రత కథ భారతదేశంలోని ఉత్తర భాగంలో ఉన్న హస్తినపూరు,17.62158926824897
nf4,Telugu,26,కర్ణాటకలో ఆహారంలో ఆహారంలో ఆహారంలో ఆహారంలో ఆహారంలో ఆహారంలో ఆహారంలో ఆహారంలో ఆహారంలో ఆహారంలో ఆహారంలో ఆహారంలో ఆహారంలో ఆహారంలో ఆహారంలో ఆహారంలో ఆహారంలో ఆహారంలో ఆహారంలో ఆహారంలో ఆహారంలో ఆహారంలో ఆహారంలో ఆహారంలో ఆహారంలో ఆహారంలో ఆహారంలో ఆహారంలో ఆహారంలో ఆహారంలో ఆహారంలో ఆహారంలో ఆహారంలో ఆహారంలో ఆహారంలో ఆహార,8.660720950925088
nf4,Telugu,27,"అతను సజ్జనాయ్ ద్వారా సమాధానం పొందాడు, అతను యుద్ధరంగంలో ఏమి జరుగుతుందో చెబుతున్నాడు.",28.618579869769302
nf4,Telugu,28,తమిళంలో రెండు కథలు కనుగొనబడ్డాయి - సిల్లాచికరామ్ మరియు మానిమెకలే.,29.65560635695285
nf4,Telugu,29,ఈ ప్రాంతంలో చల్లని పచ్చిపొడిని ఉపయోగిస్తున్నప్పుడు జాగ్రత్తగా ఉండాలి.,41.88855440795933
nf4,Telugu,30,"యోగా అనే పదం సంస్కృత మూలం Yuj, చేతులు కలుపు లేదా కలుపు లేదా కలుపు లేదా కలుపు లేదా కలుపు లేదా కలుపు లేదా కలుపు లేదా కలుపు లేదా కలుపు లేదా కలుపు లేదా కలుపు లేదా కలుపు లేదా కలుపు లేదా కలుపు లేదా కలుపు లేదా కలుపు లేదా కలుపు లేదా కలుపు లేదా కలుపు లేదా కలుపు లేదా కలుపు లేదా కలుపు లేదా కలుపు లేదా కలుపు లేదా",16.735544688200168
nf4,Telugu,31,ఈ రోజు ఉద్వహారానికి ఒరిసాత్రాభూమిలో వివిధ రకాల శైలజాలాలతో చెక్కిన శ్మశాన వాటికల నుండి పుట్టింది.,19.75901327852727
nf4,Telugu,32,"వశీత ఇప్పుడు రాజుకుగాను, రాజుకు చెప్పింది: ""మీరు, రాజు, ఒకసారి ఇచ్చినప్పుడు, ఇది తగినదిగాగా"".",23.32934852100372
nf4,Telugu,33,"అర్జునికి వివేకాలోచన యొక్క పరిమాణం తెలుసుకుని, కృష్ణుడు తన వైఖరిని మార్చుకొని, ఈ ప్రపంచంలో దైరాత్మక చర్యల రహస్యాలను బోధిస్తాడు.",36.41014393251328
nf4,Telugu,34,"మీరు కంటైనర్లో పసుపును జోడించినప్పుడు, మధ్యలో, మీరు చిన్న పరిమాణంలో తడి కాయం తడి కాయం తడి కాయం తడి కాయం తడి కాయం తడి కాయం తడి కాయం తడి కాయం తడి కాయం తడి కాయం తడి కాయం తడి కాయం తడి కాయం తడి కాయం తడి కాయం తడి కాయం తడి కాయం తడి కాయం తడి కాయం తడి",13.006699677582906
nf4,Telugu,35,మీరు గిన్నెలో గిన్నెలో గిన్నెలో గిన్నెలో గిన్నెలో గిన్నెలో గిన్నెలో గిన్నెలో గిన్నెలో గిన్నెలో గిన్నెలో గిన్నెలో గిన్నెలో గిన్నెలో గిన్నెలో గిన్నెలో గిన్నెలో గిన్నెలో గిన్నెలో గిన్నెలో గిన్నెలో గిన్నెలో గిన్నెలో గిన్నెలో,3.693039294517044
nf4,Telugu,36,"మహారాజు రంజిత సింగ్ యొక్క ఆస్తులు, 1835 A.D. వద్ద, నిన్నే ఒక అద్భుతమైన మరియు అద్భుతమైన గరుడవారంతో, విభిన్నమైన, అద్భుతమైన గోడ గోడ గోడ గోడ గోడ గోడ గోడ గోడ గోడ గోడ గోడ గోడ గోడ గోడ గోడ గోడ గోడ గోడ గోడ గోడ గోడ గోడ గోడ గోడ గోడ గోడ గోడ గోడ గోడ గోడ గోడ గోడ గో",17.70912223916768
nf4,Telugu,37,"సముద్రవదము అనేది ఈ ఎంపిక చేసిన రచాలను Svaras ని అమలు చేసేందుకు, వాటిని ప్రతిపాదించిన చందా లేదా శబ్దమయిన పద్యాలను ఉటంకిస్తూ వాటిని సృష్టించిన చందము లేదా శబ్దమయిన పద్యాలను ఉటంకిస్తూ సృష్టించిన సముద్రవదము.",16.44524422708164
nf4,Telugu,38,"వాల్మీకి యొక్క కౌశల యొక్క వివరణ నుండి, ఇది స్పష్టంగా అర్ధమవుతుంది, ఆయాసియా యొక్క ఆధునిక పట్టణాలకు తక్కువ కాదు.",22.776585655252987
nf4,Telugu,39,"'నేను చేయను' అన్న మాట చెప్పి, మీరు చేయాల్సిందే.",18.802205355114697
nf4,Telugu,40,"ఇటీవలి రోజుల్లో, రూపాంతకం మరియు మా విదేశీ నోట్లకు సరైన పరిమాణం ఉన్నా, మన విదేశీ నోట్లకు సరైన పరిమాణం ఉన్నా, విదేశీ మారక పరిరక్షణ గురించి విపరీతమైన అభిప్రాయాలు ఉన్నాయి.",43.67374137538047
nf4,Telugu,41,బ్యాంకులు 3 రోజుల పాటు దాదాపు 3000 రూపాయల వరకు చెల్లించని ఖాతాలో 3000 రూపాయల వరకు చెల్లించని ఖాతాలో 3000 రూపాయల వరకు చెల్లించని ఖాతాలో 3000 రూపాయల వరకు చెల్లించని ఖాతాలో 3000 రూపాయల వరకు చెల్లించని ఖాతాలో 3000 రూపాయల వరకు చెల్లించని ఖాతాలో 3000 రూపాయల వరకు చెల్లించని ఖాతాలో 3000 రూపాయల వరకు చెల్లించని ఖాతాలో 3000 రూపాయల వరకు చెల్లించని ఖాతాలో 3000 రూపాయల,12.59334289456125
nf4,Telugu,42,దేశాలు తమ ఆర్థిక పరిస్థితిని మెరుగుపరచడానికి తమ స్వదేశీ ప్రత్యక్ష పెట్టుబడులను ప్రోత్సహించవచ్చు.,67.44545077209436
nf4,Telugu,43,"అయితే, బ్యాంకింగ్ సంస్థ నుండి బ్యాంకింగ్ స్టేటస్ ను తిరిగి పొందడానికి 90 రోజుల లోపు బ్యాంకింగ్ స్టేటస్ ను తిరిగి పొందడానికి, బ్యాంకింగ్ స్టేటస్ ను తిరిగి పొందడానికి బ్యాంకింగ్ స్టేటస్ ను తిరిగి పొందడానికి బ్యాంకింగ్ స్టేటస్ ను తిరిగి పొందడానికి బ్యాంకింగ్ స్టేటస్ ను తిరిగి పొందడానికి బ్యాంకింగ్ స్టేటస్ ను తిరిగి పొందడానికి బ్యాంకింగ్ స్టేటస్ ను తిరిగి పొందడానికి బ్యాంకింగ్ స్టేటస్ ను తిరిగి పొందడానికి బ్యాంకింగ్ స్టేటస్ ను తిరిగి పొందడానికి బ్యాంకింగ్ స్టేటస్ ను తిరిగి పొందడానికి బ్యాంకింగ్ స్టేటస్ ను తిరిగి పొందడానికి బ్యాంకింగ్ స్టేటస్ ను తిరిగి పొందడానికి బ్యాంకింగ్ స్టేటస్ ను",17.118087851484372
nf4,Telugu,44,"సొంత పెట్టుబడి అభివృద్ధి యొక్క దYNAMICS, సంపూర్ణంగా, సంపూర్ణంగా, సంపూర్ణంగా, సంపూర్ణంగా, సంపూర్ణంగా, సంపూర్ణంగా, సంపూర్ణంగా, సంపూర్ణంగా, సంపూర్ణంగా, సంపూర్ణంగా, సంపూర్ణంగా, సంపూర్ణంగా, సంపూర్ణంగా, సంపూర్ణంగా, సంపూర్ణంగా, సంపూర్ణంగా, సంపూర్ణంగా, సంపూర్ణంగా, సంపూర్ణంగా, సంపూర్ణంగా, సంపూర్ణంగా, సంపూర్ణంగా, సంపూర్ణంగా, సంపూర్ణంగా, సంపూర్ణంగా, సంపూర్ణంగా, సంపూర్ణంగా, సంపూర్ణంగా, సంపూర్",9.887040302378598
nf4,Telugu,45,ఈ వాతలంలో వాతలంలో వాతలంలో వాతలంలో వాతలంలో వాతలంలో వాతలంలో వాతలంలో వాతలంలో వాతలంలో వాతలంలో వాతలంలో వాతలంలో వాతలంలో వాతలంలో వాతలంలో వాతలంలో వాతలంలో వాతలంలో వాతలంలో వాతలంలో వాతలంలో వాతలంలో వాతలంలో వాతలంలో వాతలంలో వాతలంలో వాతలంలో వాతలంలో వాతలంలో వాతలంలో వాతలంలో వాతలంలో వాతలంలో వాతలంలో వాతలంలో వాతలంలో వాత,2.253144914879803
nf4,Telugu,46,Q2లో అధిక-సంఖ్యలో డేటా ఆర్థిక కార్యకలాలు సానుకూలంగా ఉన్నట్లు సూచిస్తుంది.,25.04351394929235
nf4,Telugu,47,macroeconomics subject is typically a nation and how all markets interact to generate big phenomena that economists call aggregate variables.,0.7040410974319732
nf4,Telugu,48,లీక్టిటీ అనేది ఆర్థిక వనరులు సమీపంలో పూర్తి మార్కెట్ విలువకు దగ్గరగా విక్రయించగల సామర్థ్యం.,34.98806257096042
nf4,Telugu,49,"బలంగా, ఆదాయాన్ని గుర్తింపు ఇవ్వడం యొక్క విధానం, నివారణ యొక్క నిబంధనల ఆధారంగా, కాకుండా, ఏ స్వభావం యొక్క పరిగణనలోకి, ఏ స్వభావం యొక్క పరిగణనలోకి.",24.140055117093244
nf4,Telugu,50,"అటువంటి మొత్తాల ఆసక్తి తక్కువగా మారుతుంది మరియు తద్వారా NPA, డిబెట్ తేదీకి సంబంధించి, వాయిదకాలతో.",21.76277908145919
nf4,Telugu,51,"భారతదేశం యొక్క చెల్లింపు వ్యవస్థలు ఇతర ప్రాంతాలతో, ముఖ్యంగా భారతదేశం యొక్క వేగవంతమైన చెల్లింపు వ్యవస్థ - UPI - తో ఇతర ప్రాంతాలతో, ఇతర ప్రాంతాలతో పోలిస్తే, చెల్లింపు ఒప్పందాలు, ముఖ్యంగా చెల్లింపు ఒప్పందాలు, చెల్లింపు ఒప్పందాలు, చెల్లింపు ఒప్పందాలు, చెల్లింపు ఒప్పందాలు, చెల్లింపు ఒప్పందాలు, చెల్లింపు ఒప్పందాలు, చెల్లింపు ఒప్పందాలు, చెల్లింపు ఒప్పందాలు, చెల్లింపు ఒప్పందాలు, చెల్లింపు ఒప్పందాలు, చెల్లింపు ఒప్పందాలు, చెల్లింపు ఒప్పందాలు, చెల్లింపు ఒప్పందాలు, చెల్లింపు ఒప్పందాలు, చె",17.359240436459096
nf4,Telugu,52,"LNG (లీఫ్డ్ నైట్రోజెన్) శక్తి విభాగంలో ప్రాధాన్యం తీసుకుంటుంది, ఎందుకంటే ఇది శక్తి ప్లాంట్లను మరియు ఇండస్ట్రియల్ (ఫలకం) ప్లాంట్లను నడపడానికి ఉపయోగించబడుతుంది.",16.352434742221128
nf4,Telugu,53,"అయితే, మార్కెట్లను మీరు అమ్మకానికి పెంచడానికి అనుమతిస్తుంది, కానీ మీరు సాధ్యమైనంత ఎక్కువ సంపన్నులు మరియు మార్కెట్లను అభివృద్ధి చేయడంలో సహాయపడటానికి మీరు మార్కెట్లను అభివృద్ధి చేయడంలో సహాయపడరు.",21.135547846828956
nf4,Telugu,54,"పయసాలు (PAs) చెల్లింపు వ్యవస్థలో కీలక పాత్ర పోషిస్తాయి, కాబట్టి 2020లో నియమించబడిన మరియు చెల్లింపు వ్యవస్థ operator (PSOs) అని పిలవబడే పయసాలు.",24.875435413478005
nf4,Telugu,55,"ప్రస్తుత నిబంధనలు, అయితే, ఆన్‌లైన్ లేదా ఎ-కామర్స్ లావాదేవీలను ప్రాసించేందుకు ప్లాట్‌ఫారమ్‌లు, అయితే, ఆన్‌లైన్ లేదా ఎ-కామర్స్ లావాదేవీలను ప్రాసించేందుకు ప్లాట్‌ఫారమ్‌లు.",29.42176737001214
nf4,Telugu,56,"రికోార్డియా యొక్క అభిప్రాయం ఏమిటంటే, ఈ దేశం దానిని సాధించిన దానిని సాధించిన దానిని సాధించిన దానిని సాధించిన దానిని సాధించిన దానిని సాధించిన దానిని సాధించిన దానిని సాధించిన దానిని సాధించిన దానిని సాధించిన దానిని సాధించిన దానిని సాధించిన దానిని సాధించిన దానిని సాధించిన దానిని సాధించిన దానిని సాధించిన దానిని సాధించిన దానిని సాధించిన దానిని సాధించిన దానిని సాధించిన దానిని సాధించిన దానిని సాధించిన దానిని సాధించిన దానిని సాధించిన దానిని సాధించిన దానిని సాధించిన దానిని సాధించిన దానిని సాధించిన దానిని సాధించిన దానిని సాధించిన దానిని సాధించిన దానిని సాధించిన దానిని సాధించిన దానిని సాధించిన దానిని సాధించిన దానిని సాధించిన దానిని సాధించిన దానిని",5.927368551540399
nf4,Telugu,57,2022-09-09 09:00:00,1.557699150900507
nf4,Telugu,58,"పంటల పెంపు, పశు సంహరణ, పశు సంహరణ, పశు సంహరణ, పశు సంహరణ, పశు సంహరణ, పశు సంహరణ, పశు సంహరణ, పశు సంహరణ, పశు సంహరణ, పశు సంహరణ, పశు సంహరణ, పశు సంహరణ, పశు సంహరణ, పశు సంహరణ, పశు సంహరణ, పశు సంహరణ, పశు సంహరణ, పశు సంహరణ, పశు సంహరణ, పశు సంహరణ, పశు సంహరణ, పశు సంహరణ, పశు సంహరణ, పశు సంహరణ, పశు సంహరణ, పశు సంహరణ, పశు సంహరణ",7.152268575198348
nf4,Telugu,59,"వ్యవసాయ మరియు అనుబంధ రంగాలకు మధ్య-కాలపు మరియు దీర్ఘకాలపు రుణాలు, వ్యవసాయంపై చేపట్టిన అభివృద్ధి కార్యకలాలు, అలాగే వ్యవసాయంపై చేపట్టిన అభివృద్ధి కార్యకలాలు.",33.33552574983455
nf4,Telugu,60,"సాంకేతిక నిపుణులు సాంకేతిక నిపుణులు, సాంకేతిక నిపుణులు, సాంకేతిక నిపుణులు, సాంకేతిక నిపుణులు, సాంకేతిక నిపుణులు, సాంకేతిక నిపుణులు, సాంకేతిక నిపుణులు, సాంకేతిక నిపుణులు, సాంకేతిక నిపుణులు, సాంకేతిక నిపుణులు, సాంకేతిక నిపుణులు, సాంకేతిక నిపుణులు, సాంకేతిక నిపుణులు, సాంకేతిక నిపుణులు, సాంకేతిక నిపుణులు, సాంకేతిక నిపుణులు, సాంకేతిక నిపుణులు, సాంకేతిక నిపుణులు, సాంకేతిక నిపుణులు, సాంకేతిక నిపుణులు, సాంకేతిక నిపుణులు, సాంకేతిక నిపుణులు, సాంకేతిక నిపుణులు,",8.632754299454565
nf4,Telugu,61,"ఆర్థిక వ్యవస్థలో అంతర్జాతీయ ఆర్థిక సంస్కరణ, అధికారిక రంగం మరింతగా మరియు మరింతగా సమాచారాన్ని సేకరించడం మరియు దాచిన విఫలతలను కనుగొనడం.",24.53075755703125
nf4,Telugu,62,సరఫరా అవసరాలు ధరను నిర్ణయించే మార్కెట్-చార్జ్.,20.956002323246537
nf4,Telugu,63,"ధర, अन्य వరుషాలు (ఉదా: ఆదాయం) వంటి ఇతర విభిన్నాలు (ఉదా: ఆదాయం) వంటి విభిన్నాలు (ఉదా: ఆదాయం) వంటి విభిన్నాలు (ఉదా: ఆదాయం) వంటి విభిన్నాలు (ఉదా: ఆదాయం) వంటి విభిన్నాలు (ఉదా: ఆదాయం) వంటి విభిన్నాలు (ఉదా: ఆదాయం) వంటి విభిన్నాలు (ఉదా: ఆదాయం) వంటి విభిన్నాలు (ఉదా: ఆదాయం) వంటి విభిన్నాలు (ఉదా: ఆదాయం) వంటి విభిన్నాలు (ఉదా: ఆదాయం) వంటి విభిన్నాలు (ఉదా: ఆదాయం) వంటి విభిన్నాలు (ఉదా: ఆదాయం) వంటి విభిన్నాలు (ఉదా",7.017716006193711
nf4,Odia,0,ଏକ ପ୍ରତିଷ୍ଠାନ ତାଙ୍କର ତାଙ୍କର ତାଙ୍କର ତାଙ୍କର ତାଙ୍କର ତାଙ୍କର ତାଙ୍କର ତାଙ୍କର ତାଙ୍କର ତାଙ୍କର ତାଙ୍କର ତାଙ୍କର ତାଙ୍କର ତାଙ୍କର ତାଙ୍କର ତାଙ୍କର ତାଙ୍କର ତାଙ୍କର ତାଙ୍କର ତାଙ୍କର ତାଙ୍କର ତାଙ୍କର ତାଙ୍କର ତାଙ୍କର ତାଙ୍କର ତାଙ୍କର ତାଙ୍କର ତାଙ୍କର ତାଙ୍କର ତାଙ୍କର ତାଙ୍କର ତାଙ୍କର ତାଙ୍କର ତାଙ୍କର ତାଙ୍କର ତାଙ୍କର ତାଙ୍କର ତାଙ୍କର ତାଙ୍କର ତାଙ୍କର ତାଙ୍କର ତାଙ୍କର ତାଙ୍କର ତାଙ୍କର ତାଙ୍କର ତାଙ୍କର ତାଙ୍କର ତାଙ୍କର ତାଙ୍କର ତାଙ୍କର ତାଙ୍କର,6.630765770620646
nf4,Odia,1,ରାଜ୍ୟମାନଙ୍କ ଠାରୁ ଏହା ଭିନ୍ନ ଅଟେ।,2.886150889128196
nf4,Odia,2,ଭାଗର ତୁରୁଣତା ଉତ୍ତର-ପୂର୍ବ-ଭାରତୀୟ ରାଜ୍ୟମାନଙ୍କ ଠାରୁ ଉତ୍ତର-ପୂର୍ବ-ଭାରତୀୟ ରାଜ୍ୟମାନଙ୍କ ଠାରୁ ଉତ୍ତର-ପୂର୍ବ-ଭାରତୀୟ ରାଜ୍ୟମାନଙ୍କ ଠାରୁ ଉତ୍ତର-ପୂର୍ବ-ଭାରତୀୟ ରାଜ୍ୟମାନଙ୍କ ଠାରୁ ଉତ୍ତର-ପୂର୍ବ-ଭାରତୀୟ ରାଜ୍ୟମାନଙ୍କ ଠାରୁ ଉତ୍ତର-ପୂର୍ବ-ଭାରତୀୟ ରାଜ୍ୟମାନଙ୍କ ଠାରୁ ଉତ୍ତର-ପୂର୍ବ-ଭାରତୀୟ ରାଜ୍ୟମାନଙ୍କ ଠାରୁ ଉତ୍ତର-ପୂର୍ବ-,4.8141834227451055
nf4,Odia,3,ଆଶୋକ ତୁମ୍ଭେଇ ରାଜ୍ୟର ତୁମ୍ଭେଇ ରାଜ୍ୟର ତୁମ୍ଭେଇ ରାଜ୍ୟର ତୁମ୍ଭେଇ ରାଜ୍ୟର ତୁମ୍ଭେଇ ରାଜ୍ୟର ତୁମ୍ଭେଇ ରାଜ୍ୟର ତୁମ୍ଭେଇ ରାଜ୍ୟର ତୁମ୍ଭେଇ ରାଜ୍ୟର ତୁମ୍ଭେଇ ରାଜ୍ୟର ତୁମ୍ଭେଇ ରାଜ୍ୟର ତୁମ୍ଭେଇ ରାଜ୍ୟର ତୁମ୍ଭେଇ ରାଜ୍ୟର ତୁମ୍ଭେଇ ରାଜ୍ୟର ତୁମ୍ଭେଇ ରାଜ୍ୟର ତୁମ୍ଭେଇ ରାଜ୍ୟର ତୁମ୍ଭେଇ ରାଜ୍ୟର ତୁମ୍ଭେଇ ରାଜ୍ୟର ତୁ,6.614941262480375
nf4,Odia,4,ମେଘାଳୟର ଠାରୁ ରାଜ୍ୟମାନଙ୍କ ଠାରୁ ରାଜ୍ୟମାନଙ୍କ ଠାରୁ ରାଜ୍ୟମାନଙ୍କ ଠାରୁ ରାଜ୍ୟମାନଙ୍କ ଠାରୁ ରାଜ୍ୟମାନଙ୍କ ଠାରୁ ରାଜ୍ୟମାନଙ୍କ ଠାରୁ ରାଜ୍ୟମାନଙ୍କ ଠାରୁ ରାଜ୍ୟମାନଙ୍କ ଠାରୁ ରାଜ୍ୟମାନଙ୍କ ଠାରୁ ରାଜ୍ୟମାନଙ୍କ ଠାରୁ ରାଜ୍ୟମାନଙ୍କ ଠାରୁ ରାଜ୍ୟମାନଙ୍କ ଠାରୁ ରାଜ୍ୟମାନଙ୍କ ଠାରୁ ରାଜ୍ୟମାନଙ୍କ ଠାରୁ ରାଜ୍ୟମାନଙ୍କ ଠାରୁ ରାଜ୍ୟମାନଙ୍କ ଠାରୁ ରାଜ୍ୟମାନଙ୍କ ଠାରୁ ରାଜ୍ୟମାନଙ୍କ ଠାରୁ ରା,4.083964477956706
nf4,Odia,5,ଚେଟଟିନଡ ରାଜ୍ୟରୁ ରାଜ୍ୟରୁ ରାଜ୍ୟରୁ ରାଜ୍ୟରୁ ରାଜ୍ୟରୁ ରାଜ୍ୟରୁ ରାଜ୍ୟରୁ ରାଜ୍ୟରୁ ରାଜ୍ୟରୁ ରାଜ୍ୟରୁ ରାଜ୍ୟରୁ ରାଜ୍ୟରୁ ରାଜ୍ୟରୁ ରାଜ୍ୟରୁ ରାଜ୍ୟରୁ ରାଜ୍ୟରୁ ରାଜ୍ୟରୁ ରାଜ୍ୟରୁ ରାଜ୍ୟରୁ ରାଜ୍ୟରୁ ରାଜ୍ୟରୁ ରାଜ୍ୟରୁ ରାଜ୍ୟରୁ ରାଜ୍ୟରୁ ରାଜ୍ୟରୁ ରାଜ୍ୟରୁ ରାଜ୍ୟରୁ ରାଜ୍ୟରୁ ରାଜ୍ୟରୁ ରାଜ୍ୟରୁ ରାଜ୍ୟରୁ ରାଜ୍ୟରୁ ରାଜ୍ୟରୁ ରାଜ୍ୟରୁ,6.613247724812947
nf4,Odia,6,କଂଷ୍ଟମାନ ତୁମ୍ଭେଇ ତୁମ୍ଭେଇ ତୁମ୍ଭେଇ ତୁମ୍ଭେଇ ତୁମ୍ଭେଇ ତୁମ୍ଭେଇ ତୁମ୍ଭେଇ ତୁମ୍ଭେଇ ତୁମ୍ଭେଇ ତୁମ୍ଭେଇ ତୁମ୍ଭେଇ ତୁମ୍ଭେଇ ତୁମ୍ଭେଇ ତୁମ୍ଭେଇ ତୁମ୍ଭେଇ ତୁମ୍ଭେଇ ତୁମ୍ଭେଇ ତୁମ୍ଭେଇ ତୁମ୍ଭେଇ ତୁମ୍ଭେଇ ତୁମ୍ଭେଇ ତୁମ୍ଭେଇ ତୁମ୍ଭେଇ ତୁମ୍ଭେଇ ତୁମ୍ଭେଇ ତୁମ୍ଭେଇ ତୁମ୍ଭେଇ ତୁମ୍ଭେଇ ତୁମ୍ଭେଇ ତ,2.930638627865955
nf4,Odia,7,ଏହାକୁ ପୂର୍ଣ୍ଣ କରିବା ପାଇଁ ଏକ ଧର୍ମିକ ଧର୍ମିକ ଧର୍ମିକ ଧର୍ମିକ ଧର୍ମିକ ଧର୍ମିକ ଧର୍ମିକ ଧର୍ମିକ ଧର୍ମିକ ଧର୍ମିକ ଧର୍ମିକ ଧର୍ମିକ ଧର୍ମିକ ଧର୍ମିକ ଧର୍ମିକ ଧର୍ମିକ ଧର୍ମିକ ଧର୍ମିକ ଧର୍ମିକ ଧର୍ମିକ ଧର୍ମିକ ଧର୍ମିକ ଧର୍ମିକ ଧର୍ମିକ ଧର୍ମିକ ଧର୍ମିକ ଧର୍ମିକ ଧର୍ମିକ ଧର୍ମିକ ଧର୍ମିକ ଧର୍ମିକ ଧର୍ମିକ ଧର୍ମିକ ଧର୍ମିକ ଧର୍ମିକ ଧର୍ମିକ ଧର୍ମିକ ଧର୍ମିକ ଧର୍ମିକ,7.890388404336971
nf4,Odia,8,ପୁରୁଣେଇ ରାଜ୍ୟର ରାଜ୍ୟର ରାଜ୍ୟର ରାଜ୍ୟର ରାଜ୍ୟର ରାଜ୍ୟର ରାଜ୍ୟର ରାଜ୍ୟର ରାଜ୍ୟର ରାଜ୍ୟର ରାଜ୍ୟର ରାଜ୍ୟର ରାଜ୍ୟର ରାଜ୍ୟର ରାଜ୍ୟର ରାଜ୍ୟର ରାଜ୍ୟର ରାଜ୍ୟର ରାଜ୍ୟର ରାଜ୍ୟର ରାଜ୍ୟର ରାଜ୍ୟର ରାଜ୍ୟର ରାଜ୍ୟର ରାଜ୍ୟର ରାଜ୍ୟର ରାଜ୍ୟର ରାଜ୍ୟର ରାଜ୍ୟର ରାଜ୍ୟର ରାଜ୍ୟର ରାଜ୍ୟର ରାଜ୍ୟର ରାଜ୍ୟର ରାଜ୍ୟର ରାଜ୍ୟର ରାଜ୍ୟର ରାଜ୍ୟର ରାଜ୍ୟର ରାଜ୍ୟର ରାଜ୍ୟର ରାଜ୍ୟର ରାଜ୍ୟର ରାଜ୍ୟର ରାଜ୍ୟର ରାଜ୍ୟର ରାଜ୍ୟର,3.517383077181588
nf4,Odia,9,ରାମ ତୁଣେ ରାଜ ତୁଣେ ତୁଣେ ତୁଣେ ତୁଣେ ତୁଣେ ତୁଣେ ତୁଣେ ତୁଣେ ତୁଣେ ତୁଣେ ତୁଣେ ତୁଣେ ତୁଣେ ତୁଣେ ତୁଣେ ତୁଣେ ତୁଣେ ତୁଣେ ତୁଣେ ତୁଣେ ତୁଣେ ତୁଣେ ତୁଣେ ତୁଣେ ତୁଣେ ତୁଣେ ତୁଣେ ତୁଣେ ତୁଣେ ତୁଣେ ତୁଣେ ତୁଣେ ତୁଣେ ତୁଣେ ତୁଣେ ତୁଣେ ତୁଣେ ତୁଣେ ତୁଣେ ତୁଣେ ତୁଣେ ତୁଣେ ତୁଣେ ତୁଣେ ତୁଣେ ତୁଣେ,3.0968029532900703
nf4,Odia,10,ମାନେ ଏକ ରାଜ୍ୟର ରାଜ୍ୟର ରାଜ୍ୟର ରାଜ୍ୟର ରାଜ୍ୟର ରାଜ୍ୟର ରାଜ୍ୟର ରାଜ୍ୟର ରାଜ୍ୟର ରାଜ୍ୟର ରାଜ୍ୟର ରାଜ୍ୟର ରାଜ୍ୟର ରାଜ୍ୟର ରାଜ୍ୟର ରାଜ୍ୟର ରାଜ୍ୟର ରାଜ୍ୟର ରାଜ୍ୟର ରାଜ୍ୟର ରାଜ୍ୟର ରାଜ୍ୟର ରାଜ୍ୟର ରାଜ୍ୟର ରାଜ୍ୟର ରାଜ୍ୟର ରାଜ୍ୟର ରାଜ୍ୟର ରାଜ୍ୟର ରାଜ୍ୟର ରାଜ୍ୟର ରାଜ୍ୟର ରାଜ୍ୟର ରାଜ୍ୟର ରାଜ୍ୟର ରାଜ୍ୟର ରାଜ୍ୟର ରାଜ୍ୟର ରାଜ୍ୟର ରାଜ୍ୟର ରାଜ୍ୟର ରାଜ୍ୟର ରାଜ୍ୟର ରାଜ୍ୟର ରାଜ୍ୟର ରାଜ୍ୟର ରାଜ୍ୟର ରା,4.841304553583934
nf4,Odia,11,ମେଘାଳୟର ଖୋଲା ଖୋଲା ଖୋଲା ଖୋଲା ଖୋଲା ଖୋଲା ଖୋଲା ଖୋଲା ଖୋଲା ଖୋଲା ଖୋଲା ଖୋଲା ଖୋଲା ଖୋଲା ଖୋଲା ଖୋଲା ଖୋଲା ଖୋଲା ଖୋଲା ଖୋଲା ଖୋଲା ଖୋଲା ଖୋଲା ଖୋଲା ଖୋଲା ଖୋଲା ଖୋଲା ଖୋଲା ଖୋଲା ଖୋଲା ଖୋଲା ଖୋଲା ଖୋଲା ଖୋଲା ଖୋଲା ଖୋଲା ଖୋଲା ଖୋଲା ଖୋଲା ଖୋଲା ଖୋଲା ଖୋଲା ଖୋଲା ଖୋଲା ଖୋଲା ଖୋଲା ଖୋଲା ଖୋଲା ଖୋଲା ଖୋଲା ଖୋଲା ଖୋଲା ଖୋଲା ଖୋଲା ଖୋଲା ଖୋଲା ଖୋଲା ଖୋଲା ଖୋ,2.0105749108203983
nf4,Odia,12,ଧୀନତା ପୂର୍ବରୁ ଧୀନତା ଧୀନତା ଧୀନତା ଧୀନତା ଧୀନତା ଧୀନତା ଧୀନତା ଧୀନତା ଧୀନତା ଧୀନତା ଧୀନତା ଧୀନତା ଧୀନତା ଧୀନତା ଧୀନତା ଧୀନତା ଧୀନତା ଧୀନତା ଧୀନତା ଧୀନତା ଧୀନତା ଧୀନତା ଧୀନତା ଧୀନତା ଧୀନତା ଧୀନତା ଧୀନତା ଧୀନତା ଧୀନତା ଧୀନତା ଧୀନତା ଧୀନତା ଧୀନତା ଧୀନତା ଧୀନତା ଧୀନତା ଧୀନତା ଧୀନତା ଧୀନତା ଧୀନତା ଧୀନତା ଧୀନତା ଧୀନତା ଧୀନତା ଧୀନତା ଧୀନତା,2.327703483609344
nf4,Odia,13,"ଏହା ଭିନ୍ନ ଅଟେ, ଯେଉଁଠାରେ କିଛି ରାଜ୍ୟର ରାଜ୍ୟର ରାଜ୍ୟର ରାଜ୍ୟର ରାଜ୍ୟର ରାଜ୍ୟର ରାଜ୍ୟର ରାଜ୍ୟର ରାଜ୍ୟର ରାଜ୍ୟର ରାଜ୍ୟର ରାଜ୍ୟର ରାଜ୍ୟର ରାଜ୍ୟର ରାଜ୍ୟର ରାଜ୍ୟର ରାଜ୍ୟର ରାଜ୍ୟର ରାଜ୍ୟର ରାଜ୍ୟର ରାଜ୍ୟର ରାଜ୍ୟର ରାଜ୍ୟର ରାଜ୍ୟର ରାଜ୍ୟର ରାଜ୍ୟର ରାଜ୍ୟର ରାଜ୍ୟର ରାଜ୍ୟର ରାଜ୍ୟର ରାଜ୍ୟର ରାଜ୍ୟର ରାଜ୍ୟର ରାଜ୍ୟର ରାଜ୍ୟର ରାଜ୍ୟର ରାଜ୍ୟର ରାଜ୍ୟର ରାଜ୍ୟର ରାଜ୍ୟର ରାଜ୍ୟର ରାଜ୍ୟର ରାଜ୍ୟର ରାଜ୍ୟର ରା",5.083981915057045
nf4,Odia,14,ଭାରତୀୟ ରାଜ୍ୟମାନଙ୍କ ଠାରୁ ଏହା ଭିନ୍ନ ଅଟେ।,3.466232786116838
nf4,Odia,15,କାର୍ଯ୍ୟାଳୟର ପୂର୍ବତୁ ତୁମ୍ଭେଣ୍ଡର ତୁମ୍ଭେଣ୍ଡର ତୁମ୍ଭେଣ୍ଡର ତୁମ୍ଭେଣ୍ଡର ତୁମ୍ଭେଣ୍ଡର ତୁମ୍ଭେଣ୍ଡର ତୁମ୍ଭେଣ୍ଡର ତୁମ୍ଭେଣ୍ଡର ତୁମ୍ଭେଣ୍ଡର ତୁମ୍ଭେଣ୍ଡର ତୁମ୍ଭେଣ୍ଡର ତୁମ୍ଭେଣ୍ଡର ତୁମ୍ଭେଣ୍ଡର ତୁମ୍ଭେଣ୍ଡର ତୁମ୍ଭେଣ୍ଡର ତୁମ୍ଭେଣ୍ଡର ତୁମ୍ଭେଣ୍ଡର ତୁମ୍ଭେଣ୍ଡର ତୁମ୍ଭେଣ୍ଡର ତୁମ୍ଭେଣ୍ଡର ତୁମ୍ଭେଣ୍ଡର ତୁମ୍ଭେଣ୍ଡର ତୁମ୍ଭେଣ୍ଡର ତୁମ୍ଭେଣ୍ଡର ତୁମ୍ଭେଣ୍ଡର ତ,4.296833654790521
nf4,Odia,16,ମହାଦେଶର ଠାରୁ ଖାନାମାନଙ୍କ ଠାରୁ ଖାନାମାନଙ୍କ ଠାରୁ ଖାନାମାନଙ୍କ ଠାରୁ ଖାନାମାନଙ୍କ ଠାରୁ ଖାନାମାନଙ୍କ ଠାରୁ ଖାନାମାନଙ୍କ ଠାରୁ ଖାନାମାନଙ୍କ ଠାରୁ ଖାନାମାନଙ୍କ ଠାରୁ ଖାନାମାନଙ୍କ ଠାରୁ ଖାନାମାନଙ୍କ ଠାରୁ ଖାନାମାନଙ୍କ ଠାରୁ ଖାନାମାନଙ୍କ ଠାରୁ ଖାନାମାନଙ୍କ ଠାରୁ ଖାନାମାନଙ୍କ ଠାରୁ ଖାନାମାନଙ୍କ ଠାରୁ ଖାନାମାନଙ୍କ ଠାରୁ ଖାନାମାନଙ୍କ ଠାରୁ ଖାନାମାନଙ୍କ ଠାରୁ ଖାନାମାନଙ୍କ ଠାରୁ ଖାନାମାନଙ୍କ ଠାରୁ ଖାନାମାନଙ୍କ ଠାରୁ ଖାନାମାନଙ୍କ ଠାରୁ ଖାନାମାନଙ୍କ ଠାରୁ ଖାନାମାନଙ୍କ ଠାରୁ ଖାନାମାନଙ୍କ ଠାରୁ ଖାନାମାନଙ୍କ ଠାରୁ ଖାନାମାନଙ୍କ ଠାରୁ,6.63747268167046
nf4,Odia,17,"ଏହା ଭିନ୍ନ ଅଟେ, ଯେଉଁଠାରେ ରାଜ୍ୟର ଧାନ-ଧାନ ରାଜ୍ୟର ଧାନ-ଧାନ ଧାନ-ଧାନ ଧାନ-ଧାନ ଧାନ-ଧାନ ଧାନ-ଧାନ ଧାନ-ଧାନ ଧାନ-ଧାନ ଧାନ-ଧାନ ଧାନ-ଧାନ ଧାନ-ଧାନ ଧାନ-ଧାନ ଧାନ-ଧାନ ଧାନ-ଧାନ ଧାନ-ଧାନ ଧାନ-ଧାନ ଧାନ-ଧାନ ଧାନ-ଧାନ ଧାନ-ଧାନ ଧାନ-ଧାନ ଧାନ-ଧାନ ଧାନ-ଧାନ ଧାନ-ଧାନ ଧାନ-ଧାନ ଧାନ-ଧାନ ଧାନ-ଧାନ ଧାନ-ଧାନ ଧାନ-ଧାନ ଧାନ-ଧାନ ଧାନ-ଧାନ ଧାନ-ଧାନ ଧାନ-ଧାନ ଧାନ-ଧାନ ଧାନ-ଧାନ ଧାନ-ଧାନ ଧାନ-ଧାନ ଧାନ-ଧାନ ଧାନ-ଧାନ ଧାନ-ଧାନ ଧାନ-ଧାନ ଧାନ-ଧାନ ଧାନ-ଧାନ ଧାନ-ଧାନ ଧାନ-ଧାନ ଧାନ-ଧାନ ଧାନ-ଧାନ ଧାନ-ଧ",4.801228028839339
nf4,Odia,18,ପବ ଭଜି: ଏହା ମହାନେରାଳୀ ଠାରୁ ରାଜ୍ୟର ତୁମ୍ଭ ରାଜ୍ୟର ରାଜ୍ୟର ରାଜ୍ୟର ରାଜ୍ୟର ରାଜ୍ୟର ରାଜ୍ୟର ରାଜ୍ୟର ରାଜ୍ୟର ରାଜ୍ୟର ରାଜ୍ୟର ରାଜ୍ୟର ରାଜ୍ୟର ରାଜ୍ୟର ରାଜ୍ୟର ରାଜ୍ୟର ରାଜ୍ୟର ରାଜ୍ୟର ରାଜ୍ୟର ରାଜ୍ୟର ରାଜ୍ୟର ରାଜ୍ୟର ରାଜ୍ୟର ରାଜ୍ୟର ରାଜ୍ୟର ରାଜ୍ୟର ରାଜ୍ୟର ରାଜ୍ୟର ରାଜ୍ୟର ରାଜ୍ୟର ରାଜ୍ୟର ରାଜ୍ୟର ରାଜ୍ୟର ରାଜ୍ୟର ରାଜ୍ୟର ରାଜ୍ୟର ରାଜ୍ୟର ରାଜ୍ୟର ରାଜ୍ୟର ରାଜ୍ୟର ରାଜ୍ୟର ରାଜ୍ୟର ରାଜ୍ୟର ରାଜ୍ୟର ରାଜ୍ୟର ରାଜ୍ୟର ରାଜ୍ୟର ରାଜ୍ୟର ରାଜ୍ୟର ରାଜ୍ୟର ରାଜ୍ୟର ରାଜ୍ୟର ରାଜ୍ୟର ରାଜ୍ୟର ରାଜ୍ୟର ରାଜ୍ୟର ରାଜ୍ୟ,7.955280269302394
nf4,Odia,19,କଳାତୀୟ ରାଜ୍ୟମାନଙ୍କୁ ରାଜ୍ୟର ରାଜ୍ୟର ରାଜ୍ୟର ରାଜ୍ୟର ରାଜ୍ୟର ରାଜ୍ୟର ରାଜ୍ୟର ରାଜ୍ୟର ରାଜ୍ୟର ରାଜ୍ୟର ରାଜ୍ୟର ରାଜ୍ୟର ରାଜ୍ୟର ରାଜ୍ୟର ରାଜ୍ୟର ରାଜ୍ୟର ରାଜ୍ୟର ରାଜ୍ୟର ରାଜ୍ୟର ରାଜ୍ୟର ରାଜ୍ୟର ରାଜ୍ୟର ରାଜ୍ୟର ରାଜ୍ୟର ରାଜ୍ୟର ରାଜ୍ୟର ରାଜ୍ୟର ରାଜ୍ୟର ରାଜ୍ୟର ରାଜ୍ୟର ରାଜ୍ୟର ରାଜ୍ୟର ରାଜ୍ୟର ରାଜ୍ୟର ରାଜ୍ୟର ରାଜ୍ୟର ରାଜ୍ୟର ରାଜ୍ୟର ରାଜ୍ୟର ରାଜ୍ୟର ରାଜ୍ୟର ରାଜ୍ୟର ରାଜ୍ୟର ରାଜ୍ୟର ରାଜ୍ୟର ରାଜ୍ୟର ରାଜ୍ୟର ରାଜ୍ୟର ରାଜ୍ୟର ରାଜ୍ୟର ରାଜ୍ୟର ରାଜ୍ୟର ରାଜ୍ୟର ରାଜ୍ୟର ରାଜ୍ୟର ରାଜ୍ୟର ରାଜ୍ୟର ରାଜ୍ୟର ରାଜ୍ୟ,5.327468597299361
nf4,Odia,20,ଧାର ଜିଲ୍ଲା ଠାରେ 97 ଖେଳେ ଧାନ ପୂର୍ବର-ପୂର୍ବ ଭାରତୀୟ ରାଜ୍ୟମାନଙ୍କ ଠାରୁ ଏହା ଭିନ୍ନ ଅଟେ।,18.14533362466883
nf4,Odia,21,ମୁଳ ଉପର ତୁରୁଣ ଉପର ତୁରୁଣ ଉପର ତୁରୁଣ ଉପର ତୁରୁଣ ଉପର ତୁରୁଣ ଉପର ତୁରୁଣ ଉପର ତୁରୁଣ ଉପର ତୁରୁଣ ଉପର ତୁରୁଣ ଉପର ତୁରୁଣ ଉପର ତୁରୁଣ ଉପର ତୁରୁଣ ଉପର ତୁରୁଣ ଉପର ତୁରୁଣ ଉପର ତୁରୁଣ ଉପର ତୁରୁଣ ଉପର ତୁରୁଣ ଉପର ତୁରୁଣ ଉପର ତୁରୁଣ ଉପର ତୁରୁଣ ଉପର ତୁରୁଣ ଉପର ତୁରୁଣ ଉପର ତୁରୁଣ ଉପର ତୁରୁଣ ଉପର ତୁରୁଣ ଉପର ତୁରୁଣ ଉପର ତୁରୁଣ ଉପର ତୁରୁଣ ଉପର ତୁରୁଣ ଉପର ତୁରୁଣ ଉପର,2.680163598166699
nf4,Odia,22,ଇଣ୍ଡୁ ତିଲ୍ଲୀ ରାଜ୍ୟ ଠାରୁ ଇଣ୍ଡୁ ତିଲ୍ଲୀ ରାଜ୍ୟ ଠାରୁ ଇଣ୍ଡୁ ତିଲ୍ଲୀ ରାଜ୍ୟ ଠାରୁ ଇଣ୍ଡୁ ତିଲ୍ଲୀ ରାଜ୍ୟ ଠାରୁ ଇଣ୍ଡୁ ତିଲ୍ଲୀ ରାଜ୍ୟ ଠାରୁ ଇଣ୍ଡୁ ତିଲ୍ଲୀ ରାଜ୍ୟ ଠାରୁ ଇଣ୍ଡୁ ତିଲ୍ଲୀ ରାଜ୍ୟ ଠାରୁ ଇଣ୍ଡୁ ତିଲ୍ଲୀ ରାଜ୍ୟ ଠାରୁ ଇଣ୍ଡୁ ତିଲ୍ଲୀ ରାଜ୍ୟ ଠାରୁ ଇଣ୍ଡୁ ତିଲ୍ଲୀ ରାଜ୍ୟ ଠାରୁ ଇଣ୍ଡୁ ତିଲ୍ଲୀ ରାଜ୍ୟ ଠାରୁ ଇଣ୍ଡୁ ତିଲ୍ଲୀ ରାଜ୍ୟ ଠାରୁ ଇଣ୍ଡୁ ତିଲ୍ଲୀ ରାଜ୍ୟ ଠାରୁ ଇଣ୍ଡୁ ତିଲ୍ଲୀ ରାଜ୍ୟ ଠାରୁ ଇଣ୍ଡୁ ତିଲ୍ଲୀ ରାଜ୍ୟ ଠାରୁ ଇଣ୍ଡୁ ତିଲ୍ଲୀ ରାଜ୍ୟ ଠାରୁ ଇଣ୍ଡ,4.1550014921245095
nf4,Odia,23,କୃଷ୍ଣ ତାର୍ଥ ତାର୍ଥ ତାର୍ଥ ତାର୍ଥ ତାର୍ଥ ତାର୍ଥ ତାର୍ଥ ତାର୍ଥ ତାର୍ଥ ତାର୍ଥ ତାର୍ଥ ତାର୍ଥ ତାର୍ଥ ତାର୍ଥ ତାର୍ଥ ତାର୍ଥ ତାର୍ଥ ତାର୍ଥ ତାର୍ଥ ତାର୍ଥ ତାର୍ଥ ତାର୍ଥ ତାର୍ଥ ତାର୍ଥ ତାର୍ଥ ତାର୍ଥ ତାର୍ଥ ତାର୍ଥ ତାର୍ଥ ତାର୍ଥ ତାର୍ଥ ତାର୍ଥ ତାର୍ଥ ତାର୍ଥ ତାର୍ଥ ତାର୍ଥ ତାର୍ଥ ତାର୍ଥ ତାର୍ଥ ତାର୍ଥ ତାର୍ଥ ତାର୍ଥ ତାର୍ଥ ତାର୍ଥ ତାର୍ଥ ତାର୍ଥ ତାର୍ଥ ତାର୍ଥ ତାର୍ଥ ତାର୍ଥ ତାର୍ଥ ତାର୍ଥ ତାର୍ଥ ତାର୍ଥ ତାର୍ଥ ତାର୍ଥ ତାର୍ଥ ତାର୍ଥ ତାର୍ଥ ତାର୍ଥ ତାର୍,4.570618036801691
nf4,Odia,24,ରାଜ୍ୟର ରାଜାନଙ୍କ ଠାରୁ ଏହା ଭିନ୍ନ ଅଟେ।,10.55767950911716
nf4,Odia,25,ମହାଦେଶର ଠାରୁ ଧର୍ମିକ ରାଜ୍ୟର ଧର୍ମିକ ରାଜ୍ୟ ଧର୍ମିକ ରାଜ୍ୟ ଧର୍ମିକ ରାଜ୍ୟ ଧର୍ମିକ ରାଜ୍ୟ ଧର୍ମିକ ରାଜ୍ୟ ଧର୍ମିକ ରାଜ୍ୟ ଧର୍ମିକ ରାଜ୍ୟ ଧର୍ମିକ ରାଜ୍ୟ ଧର୍ମିକ ରାଜ୍ୟ ଧର୍ମିକ ରାଜ୍ୟ ଧର୍ମିକ ରାଜ୍ୟ ଧର୍ମିକ ରାଜ୍ୟ ଧର୍ମିକ ରାଜ୍ୟ ଧର୍ମିକ ରାଜ୍ୟ ଧର୍ମିକ ରାଜ୍ୟ ଧର୍ମିକ ରାଜ୍ୟ ଧର୍ମିକ ରାଜ୍ୟ ଧର୍ମିକ ରାଜ୍ୟ ଧର୍ମିକ ରାଜ୍ୟ ଧର୍ମିକ ରାଜ୍ୟ ଧର୍ମିକ ରାଜ୍ୟ ଧର୍ମିକ ରାଜ୍ୟ,8.190564644506264
nf4,Odia,26,କାର୍ଯ୍ୟକାରୀୟ ରାଜ୍ୟର ଧାରଣାରେ ରାଜ୍ୟର ଧାରଣାରେ ଧାରଣାରେ ଧାରଣାରେ ଧାରଣାରେ ଧାରଣାରେ ଧାରଣାରେ ଧାରଣାରେ ଧାରଣାରେ ଧାରଣାରେ ଧାରଣାରେ ଧାରଣାରେ ଧାରଣାରେ ଧାରଣାରେ ଧାରଣାରେ ଧାରଣାରେ ଧାରଣାରେ ଧାରଣାରେ ଧାରଣାରେ ଧାରଣାରେ ଧାରଣାରେ ଧାରଣାରେ ଧାରଣାରେ ଧାରଣାରେ ଧାରଣାରେ ଧାରଣାରେ ଧାରଣାରେ ଧାରଣାରେ ଧାରଣାରେ ଧାରଣାରେ ଧାରଣାରେ ଧାରଣାରେ ଧାରଣାରେ,4.822653877559426
nf4,Odia,27,ଏହା ତାଙ୍କ ତଥାରେ ତାଙ୍କ ତଥାରେ ତାଙ୍କ ତଥାରେ ତାଙ୍କ ତଥାରେ ତାଙ୍କ ତଥାରେ ତାଙ୍କ ତଥାରେ ତାଙ୍କ ତଥାରେ ତାଙ୍କ ତଥାରେ ତାଙ୍କ ତଥାରେ ତାଙ୍କ ତଥାରେ ତାଙ୍କ ତଥାରେ ତାଙ୍କ ତଥାରେ ତାଙ୍କ ତଥାରେ ତାଙ୍କ ତଥାରେ ତାଙ୍କ ତଥାରେ ତାଙ୍କ ତଥାରେ ତାଙ୍କ ତଥାରେ ତାଙ୍କ ତଥାରେ ତାଙ୍କ ତଥାରେ ତାଙ୍କ ତଥାରେ ତାଙ୍କ ତଥାରେ ତାଙ୍କ ତଥାରେ ତାଙ୍କ ତଥାରେ ତାଙ୍କ ତଥାରେ ତାଙ୍କ ତଥାରେ ତାଙ୍କ ତଥାରେ ତାଙ୍କ ତଥାରେ,5.546405597606261
nf4,Odia,28,କିଲପାତିକରମ ଓ ମାନେମେକଳାରେ ଥାନାରେ ଥାନାରେ ଥାନାରେ ଥାନାରେ ଥାନାରେ ଥାନାରେ ଥାନାରେ ଥାନାରେ ଥାନାରେ ଥାନାରେ ଥାନାରେ ଥାନାରେ ଥାନାରେ ଥାନାରେ ଥାନାରେ ଥାନାରେ ଥାନାରେ ଥାନାରେ ଥାନାରେ ଥାନାରେ ଥାନାରେ ଥାନାରେ ଥାନାରେ ଥାନାରେ ଥାନାରେ ଥାନାରେ ଥାନାରେ ଥାନାରେ ଥାନାରେ ଥାନାରେ ଥାନାରେ ଥାନାରେ ଥାନାରେ ଥାନାରେ ଥାନାରେ ଥାନାରେ ଥାନାରେ ଥାନାରେ ଥାନାରେ ଥାନାର,4.774524441059481
nf4,Odia,29,ଏହା ରାଜ୍ୟର ଧର୍ମିକ ରାଜ୍ୟରୁ ଧର୍ମିକ ରାଜ୍ୟରୁ ଧର୍ମିକ ରାଜ୍ୟରୁ ଧର୍ମିକ ରାଜ୍ୟରୁ ଧର୍ମିକ ରାଜ୍ୟରୁ ଧର୍ମିକ ରାଜ୍ୟରୁ ଧର୍ମିକ ରାଜ୍ୟରୁ ଧର୍ମିକ ରାଜ୍ୟରୁ ଧର୍ମିକ ରାଜ୍ୟରୁ ଧର୍ମିକ ରାଜ୍ୟରୁ ଧର୍ମିକ ରାଜ୍ୟରୁ ଧର୍ମିକ ରାଜ୍ୟରୁ ଧର୍ମିକ ରାଜ୍ୟରୁ ଧର୍ମିକ ରାଜ୍ୟରୁ ଧର୍ମିକ ରାଜ୍ୟରୁ ଧର୍ମିକ ରାଜ୍ୟରୁ ଧର୍ମିକ ରାଜ୍ୟରୁ ଧର୍ମିକ ରାଜ୍ୟରୁ ଧର୍ମିକ ରାଜ୍ୟରୁ ଧ,4.8034672938443945
nf4,Odia,30,ତୁଣ ତୁଣ ତୁଣ ତୁଣ ତୁଣ ତୁଣ ତୁଣ ତୁଣ ତୁଣ ତୁଣ ତୁଣ ତୁଣ ତୁଣ ତୁଣ ତୁଣ ତୁଣ ତୁଣ ତୁଣ ତୁଣ ତୁଣ ତୁଣ ତୁଣ ତୁଣ ତୁଣ ତୁଣ ତୁଣ ତୁଣ ତୁଣ ତୁଣ ତୁଣ ତୁଣ ତୁଣ ତୁଣ ତୁଣ ତୁଣ ତୁଣ ତୁଣ ତୁଣ ତୁଣ ତୁଣ ତୁଣ ତୁଣ ତୁଣ ତୁଣ ତୁଣ ତୁଣ ତୁଣ ତୁଣ ତୁଣ ତୁଣ ତୁଣ ତୁଣ ତୁଣ ତୁଣ ତ,0.5133470225872689
nf4,Odia,31,ଆଜି ପୂର୍ବରୁ ଉତ୍ତର-ପୂର୍ବ ଭାରତୀୟ ରାଜ୍ୟମାନଙ୍କ ଠାରୁ ଏହା ଭିନ୍ନ ଅଟେ।,10.464815876610396
nf4,Odia,32,ରାଜ ଵତ୩ ତୁମ୍ଭ ତୁମ୍ଭ ତୁମ୍ଭ ତୁମ୍ଭ ତୁମ୍ଭ ତୁମ୍ଭ ତୁମ୍ଭ ତୁମ୍ଭ ତୁମ୍ଭ ତୁମ୍ଭ ତୁମ୍ଭ ତୁମ୍ଭ ତୁମ୍ଭ ତୁମ୍ଭ ତୁମ୍ଭ ତୁମ୍ଭ ତୁମ୍ଭ ତୁମ୍ଭ ତୁମ୍ଭ ତୁମ୍ଭ ତୁମ୍ଭ ତୁମ୍ଭ ତୁମ୍ଭ ତୁମ୍ଭ ତୁମ୍ଭ ତୁମ୍ଭ ତୁମ୍ଭ ତୁମ୍ଭ ତୁମ୍ଭ ତୁମ୍ଭ ତୁମ୍ଭ ତୁମ୍ଭ ତୁମ୍ଭ ତୁମ୍ଭ ତୁମ୍ଭ ତୁମ୍ଭ ତୁମ୍ଭ ତୁମ୍ଭ ତୁମ୍ଭ ତୁମ୍ଭ ତୁମ୍ଭ ତୁମ୍ଭ ତ,2.8231222364573814
nf4,Odia,33,"ଏବେ କିଛି କାର୍ଯ୍ୟ କରିବା ପରେ, ଏହା ରାଜ-ରାଜଙ୍କ ଠାରୁ ରାଜ-ରାଜଙ୍କ ଠାରୁ ରାଜ-ରାଜଙ୍କ ଠାରୁ ରାଜ-ରାଜଙ୍କ ଠାରୁ ରାଜ-ରାଜଙ୍କ ଠାରୁ ରାଜ-ରାଜଙ୍କ ଠାରୁ ରାଜ-ରାଜଙ୍କ ଠାରୁ ରାଜ-ରାଜଙ୍କ ଠାରୁ ରାଜ-ରାଜଙ୍କ ଠାରୁ ରାଜ-ରାଜଙ୍କ ଠାରୁ ରାଜ-ରାଜଙ୍କ ଠାରୁ ରାଜ-ରାଜଙ୍କ ଠାରୁ ରାଜ-ରାଜଙ୍କ ଠାରୁ ରାଜ-ରାଜଙ୍କ ଠାରୁ ରାଜ-ରାଜଙ୍କ ଠାରୁ ରାଜ-ରାଜଙ୍କ ଠାରୁ ରାଜ-ରାଜଙ୍କ ଠାରୁ ରାଜ-ରାଜଙ୍କ ଠାରୁ ରାଜ-ରା",6.178697091560252
nf4,Odia,34,ଏହା ରାଜ୍ୟର ରାଜ୍ୟର ରାଜ୍ୟର ରାଜ୍ୟର ରାଜ୍ୟର ରାଜ୍ୟର ରାଜ୍ୟର ରାଜ୍ୟର ରାଜ୍ୟର ରାଜ୍ୟର ରାଜ୍ୟର ରାଜ୍ୟର ରାଜ୍ୟର ରାଜ୍ୟର ରାଜ୍ୟର ରାଜ୍ୟର ରାଜ୍ୟର ରାଜ୍ୟର ରାଜ୍ୟର ରାଜ୍ୟର ରାଜ୍ୟର ରାଜ୍ୟର ରାଜ୍ୟର ରାଜ୍ୟର ରାଜ୍ୟର ରାଜ୍ୟର ରାଜ୍ୟର ରାଜ୍ୟର ରାଜ୍ୟର ରାଜ୍ୟର ରାଜ୍ୟର ରାଜ୍ୟର ରାଜ୍ୟର ରାଜ୍ୟର ରାଜ୍ୟର ରାଜ୍ୟର ରାଜ୍ୟର ରାଜ୍ୟର ରାଜ୍ୟର ରାଜ୍ୟର ରାଜ୍ୟର ରାଜ୍ୟର ରାଜ୍ୟର ରାଜ୍ୟ,3.2443803645305263
nf4,Odia,35,ଏହା ଭିନ୍ନ ଖୋଲା ଖୋଲା ଖୋଲା ଖୋଲା ଖୋଲା ଖୋଲା ଖୋଲା ଖୋଲା ଖୋଲା ଖୋଲା ଖୋଲା ଖୋଲା ଖୋଲା ଖୋଲା ଖୋଲା ଖୋଲା ଖୋଲା ଖୋଲା ଖୋଲା ଖୋଲା ଖୋଲା ଖୋଲା ଖୋଲା ଖୋଲା ଖୋଲା ଖୋଲା ଖୋଲା ଖୋଲା ଖୋଲା ଖୋଲା ଖୋଲା ଖୋଲା ଖୋଲା ଖୋଲା ଖୋଲା ଖୋଲା ଖୋଲା ଖୋଲା ଖୋଲା ଖୋଲା ଖୋଲା ଖୋଲା ଖୋଲା ଖୋଲା ଖୋଲା ଖୋଲା ଖୋଲା ଖୋଲା ଖୋଲା ଖୋଲା ଖୋଲା ଖୋଲା ଖୋଲା ଖୋ,2.032488936259959
nf4,Odia,36,ନେଦାନରୁ 1835 ዓ.ም. ତେଲା ରାଜ ରାଜୀ ରାଜୀ ରାଜୀ ରାଜୀ ରାଜୀ ରାଜୀ ରାଜୀ ରାଜୀ ରାଜୀ ରାଜୀ ରାଜୀ ରାଜୀ ରାଜୀ ରାଜୀ ରାଜୀ ରାଜୀ ରାଜୀ ରାଜୀ ରାଜୀ ରାଜୀ ରାଜୀ ରାଜୀ ରାଜୀ ରାଜୀ ରାଜୀ ରାଜୀ ରାଜୀ ରାଜୀ ରାଜୀ ରାଜୀ ରାଜୀ ରାଜୀ ରାଜୀ ରାଜୀ ରାଜୀ ରାଜୀ ରାଜୀ ରାଜୀ ରାଜୀ ରାଜୀ ରାଜୀ ରାଜୀ ରାଜୀ ରାଜୀ ରାଜୀ ରାଜୀ ରାଜୀ ରାଜୀ ରାଜୀ ରାଜ,3.96093450569674
nf4,Odia,37,ସମେଦବାରେ ତୁମ୍ଭେତ୍ରୀ ତୁମ୍ଭେତ୍ରୀ ତୁମ୍ଭେତ୍ରୀ ତୁମ୍ଭେତ୍ରୀ ତୁମ୍ଭେତ୍ରୀ ତୁମ୍ଭେତ୍ରୀ ତୁମ୍ଭେତ୍ରୀ ତୁମ୍ଭେତ୍ରୀ ତୁମ୍ଭେତ୍ରୀ ତୁମ୍ଭେତ୍ରୀ ତୁମ୍ଭେତ୍ରୀ ତୁମ୍ଭେତ୍ରୀ ତୁମ୍ଭେତ୍ରୀ ତୁମ୍ଭେତ୍ରୀ ତୁମ୍ଭେତ୍ରୀ ତୁମ୍ଭେତ୍ରୀ ତୁମ୍ଭେତ୍ରୀ ତୁମ୍ଭେତ୍ରୀ ତୁମ୍ଭେତ୍ରୀ ତୁମ୍ଭେତ୍ରୀ ତୁମ୍ଭେତ୍ରୀ ତୁମ୍ଭେତ୍ରୀ ତୁମ୍ଭେତ୍ରୀ ତୁମ୍ଭେତ,3.3703207764260745
nf4,Odia,38,ଏହା ରାଜ୍ୟର ରାଜ୍ୟର ରାଜ୍ୟର ରାଜ୍ୟର ରାଜ୍ୟର ରାଜ୍ୟର ରାଜ୍ୟର ରାଜ୍ୟର ରାଜ୍ୟର ରାଜ୍ୟର ରାଜ୍ୟର ରାଜ୍ୟର ରାଜ୍ୟର ରାଜ୍ୟର ରାଜ୍ୟର ରାଜ୍ୟର ରାଜ୍ୟର ରାଜ୍ୟର ରାଜ୍ୟର ରାଜ୍ୟର ରାଜ୍ୟର ରାଜ୍ୟର ରାଜ୍ୟର ରାଜ୍ୟର ରାଜ୍ୟର ରାଜ୍ୟର ରାଜ୍ୟର ରାଜ୍ୟର ରାଜ୍ୟର ରାଜ୍ୟର ରାଜ୍ୟର ରାଜ୍ୟର ରାଜ୍ୟର ରାଜ୍ୟର ରାଜ୍ୟର ରାଜ୍ୟର ରାଜ୍ୟର ରାଜ୍ୟର ରାଜ୍ୟର ରାଜ୍ୟର ରାଜ୍ୟର ରାଜ୍ୟର ରାଜ୍ୟର ରାଜ୍ୟ,4.759445367037521
nf4,Odia,39,"ଏବେ କିଛି କରାଯିବାକୁ ଥାରେ, ତାହା କରାଯିବାକୁ ଥାରେ, ତାହା କରାଯିବାକୁ ଥାରେ, ତାହା କରାଯିବାକୁ ଥାରେ, ତାହା କରାଯିବାକୁ ଥାରେ, ତାହା କରାଯିବାକୁ ଥାରେ, ତାହା କରାଯିବାକୁ ଥାରେ, ତାହା କରାଯିବାକୁ ଥାରେ, ତାହା କରାଯିବାକୁ ଥାରେ, ତାହା କରାଯିବାକୁ ଥାରେ, ତାହା କରାଯିବାକୁ ଥାରେ, ତାହା କରାଯିବାକୁ ଥାରେ, ତାହା କରାଯିବାକୁ ଥାରେ, ତାହା କରାଯିବାକୁ ଥାରେ, ତାହା କରାଯିବାକୁ ଥାରେ, ତାହା କରାଯିବା",10.435226109019489
nf4,Odia,40,ଏକ ତୁମ୍ଭ ତୁମ୍ଭ ତୁମ୍ଭ ତୁମ୍ଭ ତୁମ୍ଭ ତୁମ୍ଭ ତୁମ୍ଭ ତୁମ୍ଭ ତୁମ୍ଭ ତୁମ୍ଭ ତୁମ୍ଭ ତୁମ୍ଭ ତୁମ୍ଭ ତୁମ୍ଭ ତୁମ୍ଭ ତୁମ୍ଭ ତୁମ୍ଭ ତୁମ୍ଭ ତୁମ୍ଭ ତୁମ୍ଭ ତୁମ୍ଭ ତୁମ୍ଭ ତୁମ୍ଭ ତୁମ୍ଭ ତୁମ୍ଭ ତୁମ୍ଭ ତୁମ୍ଭ ତୁମ୍ଭ ତୁମ୍ଭ ତୁମ୍ଭ ତୁମ୍ଭ ତୁମ୍ଭ ତୁମ୍ଭ ତୁମ୍ଭ ତୁମ୍ଭ ତୁମ୍ଭ ତୁମ୍ଭ ତୁମ୍ଭ ତୁମ୍ଭ ତୁମ୍ଭ ତୁମ୍ଭ ତୁମ୍ଭ ତୁମ୍ଭ ତୁମ୍ଭ ତୁମ୍ଭ ତୁମ୍ଭ ତୁମ୍ଭ ତୁମ୍ଭ ତୁମ୍ଭ ତୁମ୍ଭ ତୁମ୍ଭ ତୁମ୍ଭ ତୁମ୍ଭ ତୁମ୍ଭ ତୁମ୍ଭ ତୁମ୍ଭ ତୁମ୍ଭ ତୁମ୍ଭ ତୁମ୍ଭ ତୁମ୍ଭ ତୁମ୍ଭ ତୁମ୍ଭ ତୁମ୍ଭ ତୁମ୍ଭ ତୁମ୍ଭ ତୁମ୍ଭ ତୁମ୍ଭ ତୁମ୍ଭ ତୁମ୍ଭ ତୁମ୍ଭ ତୁମ୍ଭ ତୁମ୍ଭ ତୁମ୍ଭ ତୁମ୍ଭ,1.7076502732240435
nf4,Odia,41,ଏକ ଟ୍ରେଟେଲ୍ ଟ୍ରାକ୍ଟର ଟ୍ରାକ୍ଟର ଟ୍ରାକ୍ଟର ଟ୍ରାକ୍ଟର ଟ୍ରାକ୍ଟର ଟ୍ରାକ୍ଟର ଟ୍ରାକ୍ଟର ଟ୍ରାକ୍ଟର ଟ୍ରାକ୍ଟର ଟ୍ରାକ୍ଟର ଟ୍ରାକ୍ଟର ଟ୍ରାକ୍ଟର ଟ୍ରାକ୍ଟର ଟ୍ରାକ୍ଟର ଟ୍ରାକ୍ଟର ଟ୍ରାକ୍ଟର ଟ୍ରାକ୍ଟର ଟ୍ରାକ୍ଟର ଟ୍ରାକ୍ଟର ଟ୍ରାକ୍ଟର ଟ୍ରାକ୍ଟର ଟ୍ରାକ୍ଟର ଟ୍ରାକ୍ଟର ଟ୍ରାକ୍ଟର ଟ୍ରାକ୍ଟର ଟ୍ରାକ୍ଟର ଟ୍ରାକ୍ଟର ଟ୍ରାକ୍ଟର ଟ୍ରାକ୍ଟର ଟ୍ରାକ୍ଟର ଟ୍ରାକ୍ଟର ଟ୍ରାକ୍ଟର ଟ୍ରାକ୍ଟର ଟ୍ରାକ୍ଟର ଟ୍ରାକ୍ଟର ଟ୍ରାକ୍ଟର ଟ୍ରାକ୍ଟର ଟ୍ରାକ୍ଟର ଟ୍ରାକ୍ଟର ଟ୍ରାକ୍ଟର ଟ୍ରାକ୍ଟର ଟ୍ରାକ୍ଟର ଟ୍ରାକ୍ଟର ଟ୍ରାକ୍ଟର ଟ୍ରାକ୍ଟର ଟ୍ରାକ୍ଟର ଟ୍ରାକ୍ଟର ଟ୍ରାକ୍ଟର ଟ୍ରାକ୍ଟର ଟ୍ରାକ୍ଟର ଟ୍ରାକ୍ଟର ଟ୍ରାକ୍ଟ,4.953240414827846
nf4,Odia,42,ରାଜ୍ୟମାନଙ୍କ ଠାରୁ ଇଣ୍ଡିଆ ରାଜ୍ୟମାନଙ୍କ ଠାରୁ ଇଣ୍ଡିଆ ରାଜ୍ୟମାନଙ୍କ ଠାରୁ ଇଣ୍ଡିଆ ରାଜ୍ୟମାନଙ୍କ ଠାରୁ ଇଣ୍ଡିଆ ରାଜ୍ୟମାନଙ୍କ ଠାରୁ ଇଣ୍ଡିଆ ରାଜ୍ୟମାନଙ୍କ ଠାରୁ ଇଣ୍ଡିଆ ରାଜ୍ୟମାନଙ୍କ ଠାରୁ ଇଣ୍ଡିଆ ରାଜ୍ୟମାନଙ୍କ ଠାରୁ ଇଣ୍ଡିଆ ରାଜ୍ୟମାନଙ୍କ ଠାରୁ ଇଣ୍ଡିଆ ରାଜ୍ୟମାନଙ୍କ ଠାରୁ ଇଣ୍ଡିଆ ରାଜ୍ୟମାନଙ୍କ ଠାରୁ ଇଣ୍ଡିଆ ରାଜ୍ୟମାନଙ୍କ ଠାରୁ ଇଣ୍ଡିଆ ରାଜ୍ୟମାନଙ୍କ ଠାରୁ ଇଣ୍ଡିଆ ରାଜ୍ୟମାନଙ୍କ ଠାରୁ ଇଣ୍ଡିଆ ରାଜ୍ୟମାନଙ୍କ ଠାରୁ ଇଣ୍ଡିଆ ରାଜ୍ୟମାନଙ୍କ ଠାରୁ ଇଣ୍ଡିଆ ରାଜ୍ୟମାନଙ୍କ ଠାରୁ ଇଣ୍ଡିଆ ରାଜ୍ୟମାନଙ୍କ ଠାରୁ ଇଣ୍ଡିଆ ରାଜ୍ୟମାନଙ୍କ ଠାରୁ ଇଣ୍ଡିଆ ରାଜ୍ୟମାନଙ୍କ ଠାରୁ ଇଣ୍ଡିଆ ରାଜ୍ୟମାନଙ୍କ ଠାରୁ ଇଣ୍ଡିଆ ରାଜ୍ୟମାନଙ୍କ ଠାରୁ ଇଣ୍ଡି,5.870948739862705
nf4,Odia,43,"ଏହା ଭିନ୍ନ ଅଟେ, ଯେଉଁଠାରେ 90 ଦିନ ପୂର୍ବରୁ 90 ଦିନ ପୂର୍ବରୁ 90 ଦିନ ପୂର୍ବରୁ 90 ଦିନ ପୂର୍ବରୁ 90 ଦିନ ପୂର୍ବରୁ 90 ଦିନ ପୂର୍ବରୁ 90 ଦିନ ପୂର୍ବରୁ 90 ଦିନ ପୂର୍ବରୁ 90 ଦିନ ପୂର୍ବରୁ 90 ଦିନ ପୂର୍ବରୁ 90 ଦିନ ପୂର୍ବରୁ 90 ଦିନ ପୂର୍ବରୁ 90 ଦିନ ପୂର୍ବରୁ 90 ଦିନ ପୂର୍ବରୁ 90 ଦିନ ପୂର୍ବରୁ 90 ଦିନ ପୂର୍ବରୁ 90 ଦିନ ପୂର୍ବରୁ 90 ଦିନ ପୂର୍ବରୁ 90 ଦିନ ପୂର୍ବରୁ 90 ଦିନ ପୂର୍ବରୁ 90 ଦିନ ପୂର୍ବରୁ 90 ଦିନ ପୂର୍ବରୁ 90 ଦିନ ପୂର୍ବରୁ 90 ଦିନ ପୂର୍ବରୁ 90 ଦିନ ପୂର୍ବରୁ 90 ଦିନ ପୂର୍ବରୁ 90 ଦିନ ପୂର୍ବରୁ 90 ଦିନ ପୂର୍ବରୁ 90 ଦିନ ପୂର୍ବରୁ 90 ଦିନ ପୂ",6.714380766394175
nf4,Odia,44,ଧର୍ମିକ ଧର୍ମିକ ଧର୍ମିକ ଧର୍ମିକ ଧର୍ମିକ ଧର୍ମିକ ଧର୍ମିକ ଧର୍ମିକ ଧର୍ମିକ ଧର୍ମିକ ଧର୍ମିକ ଧର୍ମିକ ଧର୍ମିକ ଧର୍ମିକ ଧର୍ମିକ ଧର୍ମିକ ଧର୍ମିକ ଧର୍ମିକ ଧର୍ମିକ ଧର୍ମିକ ଧର୍ମିକ ଧର୍ମିକ ଧର୍ମିକ ଧର୍ମିକ ଧର୍ମିକ ଧର୍ମିକ ଧର୍ମିକ ଧର୍ମିକ ଧର୍ମିକ ଧର୍ମିକ ଧର୍ମିକ ଧର୍ମିକ ଧର୍ମିକ ଧର୍ମିକ ଧର୍ମିକ ଧର୍ମିକ ଧର୍ମିକ ଧର୍ମିକ ଧର୍ମିକ ଧର୍ମିକ ଧର୍ମିକ ଧର୍ମିକ ଧର୍ମିକ ଧର୍ମିକ ଧର୍ମିକ ଧର୍ମିକ ଧର୍ମିକ ଧର୍ମିକ ଧର୍ମିକ ଧର୍ମିକ ଧର୍ମିକ ଧର୍ମିକ ଧର୍ମିକ ଧର୍ମିକ ଧର୍ମିକ ଧର୍ମିକ ଧର୍ମିକ ଧର୍ମିକ ଧର୍ମିକ ଧର୍ମିକ ଧର୍ମିକ ଧର୍ମିକ ଧର୍ମିକ ଧର୍ମିକ ଧର୍ମିକ ଧର୍ମିକ ଧର୍ମିକ ଧର୍ମିକ ଧର୍ମିକ ଧର୍ମିକ ଧର୍ମିକ ଧର୍ମିକ ଧର୍ମିକ ଧର୍ମିକ ଧର୍,3.71883593695948
nf4,Odia,45,ଏହା ଖେଳା ଖେଳା ଖେଳା ଖେଳା ଖେଳା ଖେଳା ଖେଳା ଖେଳା ଖେଳା ଖେଳା ଖେଳା ଖେଳା ଖେଳା ଖେଳା ଖେଳା ଖେଳା ଖେଳା ଖେଳା ଖେଳା ଖେଳା ଖେଳା ଖେଳା ଖେଳା ଖେଳା ଖେଳା ଖେଳା ଖେଳା ଖେଳା ଖେଳା ଖେଳା ଖେଳା ଖେଳା ଖେଳା ଖେଳା ଖେଳା ଖେଳା ଖେଳା ଖେଳା ଖେଳା ଖେଳା ଖେଳା ଖେଳା ଖେଳା ଖେଳା ଖେଳା ଖେଳା ଖେଳା ଖେଳା ଖେଳା ଖେଳା ଖେଳା ଖେଳା ଖେଳା ଖେଳା ଖେଳା ଖେଳା ଖେଳା ଖେଳା ଖେଳା ଖେଳା ଖେଳା ଖେଳା ଖେଳା ଖେଳା ଖେଳା ଖେଳା ଖେଳା ଖେଳା ଖେଳା ଖେଳା ଖେଳା ଖେଳା ଖେଳା ଖେଳା,2.389152258561951
nf4,Odia,46,2022-23 has been a year of transition for the Indian economy.,0.1666666666666666
nf4,Odia,47,ରାଜ୍ୟର ଧାରଣା ଧାରଣାରେ ରାଜ୍ୟର ଧାରଣାରେ ଧାରଣାରେ ଧାରଣାରେ ଧାରଣାରେ ଧାରଣାରେ ଧାରଣାରେ ଧାରଣାରେ ଧାରଣାରେ ଧାରଣାରେ ଧାରଣାରେ ଧାରଣାରେ ଧାରଣାରେ ଧାରଣାରେ ଧାରଣାରେ ଧାରଣାରେ ଧାରଣାରେ ଧାରଣାରେ ଧାରଣାରେ ଧାରଣାରେ ଧାରଣାରେ ଧାରଣାରେ ଧାରଣାରେ ଧାରଣାରେ ଧାରଣାରେ ଧାରଣାରେ ଧାରଣାରେ ଧାରଣାରେ ଧାରଣାରେ ଧାରଣାରେ ଧାରଣାରେ ଧାରଣାରେ ଧାରଣାରେ ଧାରଣାରେ ଧାରଣାରେ ଧାରଣାରେ ଧାରଣାରେ ଧାରଣାରେ ଧାରଣାରେ ଧାରଣାରେ ଧାରଣାରେ ଧାରଣାରେ ଧାରଣାରେ ଧାରଣାରେ ଧାରଣାରେ ଧାରଣାରେ ଧାରଣାରେ ଧାରଣାରେ ଧାରଣାରେ ଧାରଣାରେ ଧାରଣାରେ ଧାରଣାରେ ଧାରଣାରେ ଧାରଣାରେ ଧାରଣାରେ ଧାରଣାରେ ଧାରଣାରେ ଧାରଣାରେ ଧାରଣାରେ ଧାରଣ,3.5444664232220675
nf4,Odia,48,ଲିଖ୍ୟୁତା କାର୍ଯ୍ୟରେ ଖୁଲ ଖୁଲ ଖୁଲ ଖୁଲ ଖୁଲ ଖୁଲ ଖୁଲ ଖୁଲ ଖୁଲ ଖୁଲ ଖୁଲ ଖୁଲ ଖୁଲ ଖୁଲ ଖୁଲ ଖୁଲ ଖୁଲ ଖୁଲ ଖୁଲ ଖୁଲ ଖୁଲ ଖୁଲ ଖୁଲ ଖୁଲ ଖୁଲ ଖୁଲ ଖୁଲ ଖୁଲ ଖୁଲ ଖୁଲ ଖୁଲ ଖୁଲ ଖୁଲ ଖୁଲ ଖୁଲ ଖୁଲ ଖୁଲ ଖୁଲ ଖୁଲ ଖୁଲ ଖୁଲ ଖୁଲ ଖୁଲ ଖୁଲ ଖୁଲ ଖୁଲ ଖୁଲ ଖୁଲ ଖୁଲ ଖୁଲ ଖୁଲ ଖୁଲ ଖୁଲ ଖୁଲ ଖୁଲ ଖୁଲ ଖୁଲ ଖୁଲ ଖୁଲ ଖୁଲ ଖୁଲ ଖୁଲ ଖୁଲ ଖୁଲ ଖୁଲ ଖୁଲ ଖୁଲ ଖୁଲ ଖୁଲ ଖୁଲ ଖୁଲ ଖୁଲ ଖୁଲ ଖୁଲ ଖୁଲ ଖୁଲ ଖୁଲ ଖୁଲ ଖୁଲ ଖୁଲ ଖୁଲ ଖୁଲ ଖୁଲ ଖୁଲ ଖୁଲ ଖୁ,2.4596776726236262
nf4,Odia,49,ଭିନ୍ନ ତୁମ୍ଭର ତୁମ୍ଭର ତୁମ୍ଭର ତୁମ୍ଭର ତୁମ୍ଭର ତୁମ୍ଭର ତୁମ୍ଭର ତୁମ୍ଭର ତୁମ୍ଭର ତୁମ୍ଭର ତୁମ୍ଭର ତୁମ୍ଭର ତୁମ୍ଭର ତୁମ୍ଭର ତୁମ୍ଭର ତୁମ୍ଭର ତୁମ୍ଭର ତୁମ୍ଭର ତୁମ୍ଭର ତୁମ୍ଭର ତୁମ୍ଭର ତୁମ୍ଭର ତୁମ୍ଭର ତୁମ୍ଭର ତୁମ୍ଭର ତୁମ୍ଭର ତୁମ୍ଭର ତୁମ୍ଭର ତୁମ୍ଭର ତୁମ୍ଭର ତୁମ୍ଭର ତୁମ୍ଭର ତୁମ୍ଭର ତୁମ୍ଭର ତୁମ୍ଭର ତୁମ୍ଭର ତୁମ୍ଭର ତୁମ୍ଭର ତୁମ୍ଭର ତୁମ୍ଭର ତୁମ୍ଭର ତୁମ୍ଭର ତୁମ୍ଭର ତୁମ୍ଭର ତୁମ୍ଭର ତୁମ୍ଭର ତୁମ୍ଭର ତୁମ୍ଭର ତୁମ୍ଭର ତୁମ୍ଭର ତୁମ୍ଭର ତୁମ୍ଭର ତୁମ୍ଭର ତୁମ୍ଭର ତୁମ୍ଭର ତୁମ୍ଭର ତୁମ୍ଭର ତୁମ୍ଭର ତୁମ୍,3.0742713708555582
nf4,Odia,50,"ଏହା ତେବେ, ଏକ ତାର୍ଥ ତାର୍ଥ ତାର୍ଥ ତାର୍ଥ ତାର୍ଥ ତାର୍ଥ ତାର୍ଥ ତାର୍ଥ ତାର୍ଥ ତାର୍ଥ ତାର୍ଥ ତାର୍ଥ ତାର୍ଥ ତାର୍ଥ ତାର୍ଥ ତାର୍ଥ ତାର୍ଥ ତାର୍ଥ ତାର୍ଥ ତାର୍ଥ ତାର୍ଥ ତାର୍ଥ ତାର୍ଥ ତାର୍ଥ ତାର୍ଥ ତାର୍ଥ ତାର୍ଥ ତାର୍ଥ ତାର୍ଥ ତାର୍ଥ ତାର୍ଥ ତାର୍ଥ ତାର୍ଥ ତାର୍ଥ ତାର୍ଥ ତାର୍ଥ ତାର୍ଥ ତାର୍ଥ ତାର୍ଥ ତାର୍ଥ ତାର୍ଥ ତାର୍ଥ ତାର୍ଥ ତାର୍ଥ ତାର୍ଥ ତାର୍ଥ ତାର୍ଥ ତାର୍ଥ ତାର୍ଥ ତାର୍ଥ ତାର୍ଥ ତାର୍ଥ ତାର୍ଥ ତାର୍ଥ ତାର୍ଥ ତାର୍ଥ ତାର୍ଥ ତାର୍ଥ ତାର୍ଥ ତାର୍ଥ ତାର୍ଥ ତାର୍ଥ ତାର୍ଥ ତାର୍ଥ ତାର୍ଥ ତାର୍ଥ ତାର୍ଥ ତାର୍ଥ ତାର୍ଥ",3.75233814872746
nf4,Odia,51,ଭାରତୀୟ ରାଜ୍ୟମାନଙ୍କ ଠାରୁ ଏହା ଉତ୍ତର-ପୂର୍ବ ଭାରତୀୟ ରାଜ୍ୟମାନଙ୍କ ଠାରୁ ଉତ୍ତର-ପୂର୍ବ ଭାରତୀୟ ରାଜ୍ୟମାନଙ୍କ ଠାରୁ ଉତ୍ତର-ପୂର୍ବ ଭାରତୀୟ ରାଜ୍ୟମାନଙ୍କ ଠାରୁ ଉତ୍ତର-ପୂର୍ବ ଭାରତୀୟ ରାଜ୍ୟମାନଙ୍କ ଠାରୁ ଉତ୍ତର-ପୂର୍ବ ଭାରତୀୟ ରାଜ୍ୟମାନଙ୍କ ଠାରୁ ଉତ୍ତର-ପୂର୍ବ ଭାରତୀୟ ରାଜ୍ୟମାନଙ୍କ ଠାରୁ ଉତ୍ତର-ପୂର୍ବ ଭାରତୀୟ ରାଜ୍ୟମାନଙ୍କ ଠାରୁ ଉତ୍ତର-ପୂର୍ବ ଭାରତୀୟ ରାଜ୍ୟମାନଙ୍କ ଠାରୁ ଉତ୍ତର-ପୂର୍ବ ଭାରତୀୟ ରାଜ୍ୟମାନଙ୍କ ଠାରୁ ଉତ୍ତର-ପୂର୍ବ ଭାରତୀୟ ରାଜ୍ୟମାନଙ୍କ ଠାରୁ ଉତ୍ତର-ପୂର୍ବ ଭାରତୀୟ ରାଜ୍ୟମାନଙ୍କ ଠାରୁ ଉତ୍ତର-ପୂର୍ବ ଭାରତୀୟ ରାଜ୍ୟମାନଙ୍କ ଠାରୁ ଉତ୍ତର-ପୂର୍ବ ଭାରତୀୟ ରାଜ୍ୟମାନଙ୍କ ଠାରୁ,9.30317920373754
nf4,Odia,52,"ଲୁଗୁଫେଲ୍‌ ଟୁଟର (এলএনজি) ଉତ୍ତର-ପୂର୍ବ-ଭାରତୀୟ ରାଜ୍ୟମାନଙ୍କ ଠାରୁ ଉତ୍ତମ ରାଜ୍ୟ ଥାଏ, ଯେଉଁଠାରେ ରାଜ୍ୟ ଲୁଗୁଫେଲ୍‌ ଟୁଟର ଉତ୍ତର-ପୂର୍ବ-ଭାରତୀୟ ରାଜ୍ୟମାନଙ୍କ ଠାରୁ ଉତ୍ତମ ରାଜ୍ୟ ଥାଏ, ଯେଉଁଠାରେ ରାଜ୍ୟ ଲୁଗୁଫେଲ୍‌ ଟୁଟର ଉତ୍ତର-ପୂର୍ବ-ଭାରତୀୟ ରାଜ୍ୟମାନଙ୍କ ଠାରୁ ଉତ୍ତମ ରାଜ୍ୟ ଥାଏ, ଯେଉଁଠାରେ ରାଜ୍ୟ ଲୁଗୁଫେଲ୍‌ ଟୁଟର ଉତ୍ତର-ପୂର୍ବ-ଭାରତୀୟ ରାଜ୍ୟମାନଙ୍କ ଠାରୁ ଉତ୍ତମ ରାଜ୍ୟ ଥାଏ, ଯେଉଁଠାରେ ରାଜ୍ୟ ଲୁଗୁଫେଲ୍‌ ଟୁଟର ଉତ୍ତର-ପୂର୍ବ-ଭାରତୀୟ ରାଜ୍ୟମାନଙ୍କ ଠାରୁ ଉତ୍ତମ ରାଜ୍ୟ ଥାଏ, ଯେଉଁଠାରେ ରାଜ୍ୟ ଲୁଗୁଫେଲ୍‌ ଟୁଟର",9.795537077313217
nf4,Odia,53,ଏହା ରାଜ୍ୟମାନଙ୍କ ଠାରୁ ଉତ୍ତର-ପୂର୍ବ ଭାରତୀୟ ରାଜ୍ୟମାନଙ୍କ ଠାରୁ ଉତ୍ତର-ପୂର୍ବ ଭାରତୀୟ ରାଜ୍ୟମାନଙ୍କ ଠାରୁ ଉତ୍ତର-ପୂର୍ବ ଭାରତୀୟ ରାଜ୍ୟମାନଙ୍କ ଠାରୁ ଉତ୍ତର-ପୂର୍ବ ଭାରତୀୟ ରାଜ୍ୟମାନଙ୍କ ଠାରୁ ଉତ୍ତର-ପୂର୍ବ ଭାରତୀୟ ରାଜ୍ୟମାନଙ୍କ ଠାରୁ ଉତ୍ତର-ପୂର୍ବ ଭାରତୀୟ ରାଜ୍ୟମାନଙ୍କ ଠାରୁ ଉତ୍ତର-ପୂର୍ବ ଭାରତୀୟ ରାଜ୍ୟମାନଙ୍କ ଠାରୁ ଉତ୍ତର-ପୂର୍ବ ଭାରତୀୟ ରାଜ୍ୟମାନଙ୍କ ଠାରୁ ଉତ୍ତର-ପୂର୍ବ ଭାରତୀୟ ରାଜ୍ୟମାନଙ୍କ ଠାରୁ ଉତ୍ତର-ପୂର୍ବ ଭାରତୀୟ ରାଜ୍ୟମାନଙ୍କ ଠାରୁ ଉତ୍ତର-ପୂର୍ବ ଭାରତୀୟ ରାଜ୍ୟମାନଙ୍କ ଠାରୁ ଉତ୍ତର-ପୂର୍ବ ଭାରତୀୟ ରାଜ୍ୟମାନଙ୍କ ଠାରୁ ଉତ୍ତର-ପୂର୍ବ ଭାରତୀୟ ରାଜ୍ୟମାନଙ୍କ ଠାରୁ ଉତ୍ତର,6.472556222790625
nf4,Odia,54,ପାଣିମାନଙ୍କ ଠାରୁ ରାଜ୍ୟର ଧାରଣାରେ ରାଜ୍ୟର ଧାରଣାରେ ଧାରଣାରେ ଧାରଣାରେ ଧାରଣାରେ ଧାରଣାରେ ଧାରଣାରେ ଧାରଣାରେ ଧାରଣାରେ ଧାରଣାରେ ଧାରଣାରେ ଧାରଣାରେ ଧାରଣାରେ ଧାରଣାରେ ଧାରଣାରେ ଧାରଣାରେ ଧାରଣାରେ ଧାରଣାରେ ଧାରଣାରେ ଧାରଣାରେ ଧାରଣାରେ ଧାରଣାରେ ଧାରଣାରେ ଧାରଣାରେ ଧାରଣାରେ ଧାରଣାରେ ଧାରଣାରେ ଧାରଣାରେ ଧାରଣାରେ ଧାରଣାରେ ଧାରଣାରେ ଧାରଣାରେ ଧାରଣାରେ ଧାରଣାରେ ଧାରଣାରେ ଧାରଣାରେ ଧାରଣାରେ ଧାରଣାରେ ଧାରଣାରେ ଧାରଣାରେ ଧାରଣାରେ ଧାରଣାରେ ଧାରଣାରେ ଧାରଣାରେ ଧାରଣାରେ ଧାରଣାରେ ଧାରଣାରେ ଧାରଣାରେ ଧାରଣାରେ ଧାରଣାରେ ଧାରଣାରେ ଧାରଣାରେ ଧାରଣାରେ ଧାରଣାରେ ଧାରଣାରେ ଧାରଣାର,4.306199658266809
nf4,Odia,55,ଏହି ରାଜ୍ୟର ଘରୁ ଘର ପରି ରାଜ୍ୟର ଘରୁ ଘର ପରି ଘର ପରି ଘର ପରି ଘର ପରି ଘର ପରି ଘର ପରି ଘର ପରି ଘର ପରି ଘର ପରି ଘର ପରି ଘର ପରି ଘର ପରି ଘର ପରି ଘର ପରି ଘର ପରି ଘର ପରି ଘର ପରି ଘର ପରି ଘର ପରି ଘର ପରି ଘର ପରି ଘର ପରି ଘର ପରି ଘର ପରି ଘର ପରି ଘର ପରି ଘର ପରି ଘର ପରି ଘର ପରି ଘର ପରି ଘର ପରି ଘର ପରି ଘର ପରି ଘର ପରି ଘର ପରି ଘର ପରି ଘର ପରି ଘର ପରି ଘର ପରି ଘର ପରି ଘର ପରି ଘର ପରି ଘର ପରି ଘର ପରି ଘର ପରି ଘର ପରି ଘର ପରି ଘର ପରି ଘର ପରି ଘର ପରି ଘର ପରି ଘର ପରି ଘର ପରି ଘର ପରି ଘର ପରି ଘର ପରି ଘର ପରି ଘର ପରି ଘର ପରି ଘର ପରି ଘର ପରି ଘର ପରି ଘର ପରି ଘର ପରି ଘର ପରି ଘର ପରି,2.923847237548604
nf4,Odia,56,ରାଜ୍ୟର ତୁଣୁତ୍ରୀ ତୁଣୁତ୍ରୀ ତୁଣୁତ୍ରୀ ତୁଣୁତ୍ରୀ ତୁଣୁତ୍ରୀ ତୁଣୁତ୍ରୀ ତୁଣୁତ୍ରୀ ତୁଣୁତ୍ରୀ ତୁଣୁତ୍ରୀ ତୁଣୁତ୍ରୀ ତୁଣୁତ୍ରୀ ତୁଣୁତ୍ରୀ ତୁଣୁତ୍ରୀ ତୁଣୁତ୍ରୀ ତୁଣୁତ୍ରୀ ତୁଣୁତ୍ରୀ ତୁଣୁତ୍ରୀ ତୁଣୁତ୍ରୀ ତୁଣୁତ୍ରୀ ତୁଣୁତ୍ରୀ ତୁଣୁତ୍ରୀ ତୁଣୁତ୍ରୀ ତୁଣୁତ୍ରୀ ତୁଣୁତ୍ରୀ ତୁଣୁତ୍ରୀ ତୁଣୁତ୍ରୀ ତୁଣୁତ୍ରୀ ତୁଣୁତ୍ରୀ ତୁଣୁତ୍ରୀ ତୁଣୁତ୍ରୀ ତୁଣୁତ୍ରୀ ତୁଣୁତ୍ରୀ ତୁଣୁତ୍ରୀ ତୁଣୁତ୍ରୀ ତୁଣୁତ୍ରୀ ତୁଣୁତ୍ରୀ ତୁଣୁତ୍ରୀ ତୁଣୁତ୍ରୀ ତୁଣୁତ୍ରୀ ତୁଣୁତ୍ରୀ ତୁଣୁତ୍ରୀ ତୁଣୁତ୍ରୀ ତୁଣୁତ୍ରୀ ତୁଣୁତ୍ରୀ,3.3605635525577986
nf4,Odia,57,ବ୍ୟକ୍ତ ଧାରା 19.94 ଲକ୍ଷ ଟଙ୍କା 19.94 ଲକ୍ଷ ଟଙ୍କା 19.94 ଟଙ୍କା 19.94 ଟଙ୍କା 19.94 ଟଙ୍କା 19.94 ଟଙ୍କା 19.94 ଟଙ୍କା 19.94 ଟଙ୍କା 19.94 ଟଙ୍କା 19.94 ଟଙ୍କା 19.94 ଟଙ୍କା 19.94 ଟଙ୍କା 19.94 ଟଙ୍କା 19.94 ଟଙ୍କା 19.94 ଟଙ୍କା 19.94 ଟଙ୍କା 19.94 ଟଙ୍କା 19.94 ଟଙ୍କା 19.94 ଟଙ୍କା 19.94 ଟଙ୍କା 19.94 ଟଙ୍କା 19.94 ଟଙ୍କା 19.94 ଟଙ୍କା 19.94 ଟଙ୍କା 19.94 ଟଙ୍କା 19.94 ଟଙ୍କା 19.94 ଟଙ୍କା 19.94 ଟଙ୍କା 19.94 ଟଙ୍କା 19.94 ଟଙ୍କା 19.94 ଟଙ୍କା 19.94 ଟଙ୍କା 19.94 ଟଙ୍କା 19.94 ଟଙ୍କା 1,3.899061242485919
nf4,Odia,58,ଏହା ରାଜ୍ୟର ଉତ୍ତର-ପୂର୍ବ-ଭାରତୀୟ ରାଜ୍ୟମାନଙ୍କ ଠାରୁ ଉତ୍ତର-ପୂର୍ବ-ଭାରତୀୟ ରାଜ୍ୟମାନଙ୍କ ଠାରୁ ଉତ୍ତର-ପୂର୍ବ-ଭାରତୀୟ ରାଜ୍ୟମାନଙ୍କ ଠାରୁ ଉତ୍ତର-ପୂର୍ବ-ଭାରତୀୟ ରାଜ୍ୟମାନଙ୍କ ଠାରୁ ଉତ୍ତର-ପୂର୍ବ-ଭାରତୀୟ ରାଜ୍ୟମାନଙ୍କ ଠାରୁ ଉତ୍ତର-ପୂର୍ବ-ଭାରତୀୟ ରାଜ୍ୟମାନଙ୍କ ଠାରୁ ଉତ୍ତର-ପୂର୍ବ-ଭାରତୀୟ ରାଜ୍ୟମାନଙ୍କ ଠାରୁ ଉତ୍ତର-ପୂର୍ବ-ଭାରତୀୟ ରାଜ୍ୟମାନଙ୍କ ଠାରୁ ଉତ୍ତର-ପୂର୍ବ-ଭାରତୀୟ ରାଜ୍ୟମାନଙ୍କ ଠାରୁ ଉତ୍ତର-ପୂର୍ବ-ଭାରତୀୟ ରାଜ୍ୟମାନଙ୍କ ଠାରୁ ଉତ୍ତର-ପୂର୍ବ-ଭାରତୀୟ ରାଜ୍ୟମାନଙ୍କ ଠାରୁ ଉତ୍ତର-ପୂର୍ବ-ଭାରତୀୟ ରାଜ୍ୟମାନଙ୍କ ଠାରୁ ଉତ୍ତର-ପୂର୍ବ-ଭାରତୀୟ ରାଜ୍ୟମାନଙ୍କ ଠାରୁ,9.201753135159318
nf4,Odia,59,କାର୍ଯ୍ୟକାରୀୟ ରାଜ୍ୟର ଧାରଣାରେ ରାଜ୍ୟର ଧାରଣାରେ ଧାରଣାରେ ଧାରଣାରେ ଧାରଣାରେ ଧାରଣାରେ ଧାରଣାରେ ଧାରଣାରେ ଧାରଣାରେ ଧାରଣାରେ ଧାରଣାରେ ଧାରଣାରେ ଧାରଣାରେ ଧାରଣାରେ ଧାରଣାରେ ଧାରଣାରେ ଧାରଣାରେ ଧାରଣାରେ ଧାରଣାରେ ଧାରଣାରେ ଧାରଣାରେ ଧାରଣାରେ ଧାରଣାରେ ଧାରଣାରେ ଧାରଣାରେ ଧାରଣାରେ ଧାରଣାରେ ଧାରଣାରେ ଧାରଣାରେ ଧାରଣାରେ ଧାରଣାରେ ଧାରଣାରେ ଧାରଣାରେ ଧାରଣାରେ ଧାରଣାରେ ଧାରଣାରେ ଧାରଣାରେ ଧାରଣାରେ ଧାରଣାରେ ଧାରଣାରେ ଧାରଣାରେ ଧାରଣାରେ ଧାରଣାରେ ଧାରଣାରେ ଧାରଣାରେ ଧାରଣାରେ ଧାରଣାରେ ଧାରଣାରେ ଧାରଣାରେ ଧାରଣାରେ ଧାରଣାରେ ଧାରଣାରେ ଧାରଣାରେ ଧାରଣାରେ ଧାରଣାରେ ଧାରଣାରେ ଧାର,4.431169940225277
nf4,Odia,60,"ବ୍ୟକ୍ତ ଧାରା ଧାରଣାରେ, ଧାରଣାରେ ଧାରଣାରେ ଧାରଣାରେ ଧାରଣାରେ ଧାରଣାରେ ଧାରଣାରେ ଧାରଣାରେ ଧାରଣାରେ ଧାରଣାରେ ଧାରଣାରେ ଧାରଣାରେ ଧାରଣାରେ ଧାରଣାରେ ଧାରଣାରେ ଧାରଣାରେ ଧାରଣାରେ ଧାରଣାରେ ଧାରଣାରେ ଧାରଣାରେ ଧାରଣାରେ ଧାରଣାରେ ଧାରଣାରେ ଧାରଣାରେ ଧାରଣାରେ ଧାରଣାରେ ଧାରଣାରେ ଧାରଣାରେ ଧାରଣାରେ ଧାରଣାରେ ଧାରଣାରେ ଧାରଣାରେ ଧାରଣାରେ ଧାରଣାରେ ଧାରଣାରେ ଧାରଣାରେ ଧାରଣାରେ ଧାରଣାରେ ଧାରଣାରେ ଧାରଣାରେ ଧାରଣାରେ ଧାରଣାରେ ଧାରଣାରେ ଧାରଣାରେ ଧାରଣାରେ ଧାରଣାରେ ଧାରଣାରେ ଧାରଣାରେ ଧାରଣାରେ ଧାରଣାରେ ଧାରଣାରେ ଧାରଣାରେ ଧାରଣାରେ ଧାରଣାରେ ଧାରଣାରେ ଧାରଣାରେ ଧାରଣାରେ ଧାରଣାରେ",4.347438953680139
nf4,Odia,61,"ସମୟିକ ଧାରଣାରେ, ଧାରଣାରେ ଧାରଣାରେ ଧାରଣାରେ ଧାରଣାରେ ଧାରଣାରେ ଧାରଣାରେ ଧାରଣାରେ ଧାରଣାରେ ଧାରଣାରେ ଧାରଣାରେ ଧାରଣାରେ ଧାରଣାରେ ଧାରଣାରେ ଧାରଣାରେ ଧାରଣାରେ ଧାରଣାରେ ଧାରଣାରେ ଧାରଣାରେ ଧାରଣାରେ ଧାରଣାରେ ଧାରଣାରେ ଧାରଣାରେ ଧାରଣାରେ ଧାରଣାରେ ଧାରଣାରେ ଧାରଣାରେ ଧାରଣାରେ ଧାରଣାରେ ଧାରଣାରେ ଧାରଣାରେ ଧାରଣାରେ ଧାରଣାରେ ଧାରଣାରେ ଧାରଣାରେ ଧାରଣାରେ ଧାରଣାରେ ଧାରଣାରେ ଧାରଣାରେ ଧାରଣାରେ ଧାରଣାରେ ଧାରଣାରେ ଧାରଣାରେ ଧାରଣାରେ ଧାରଣାରେ ଧାରଣାରେ ଧାରଣାରେ ଧାରଣାରେ ଧାରଣାରେ ଧାରଣାରେ ଧାରଣାରେ ଧାରଣାରେ ଧାରଣାରେ ଧାରଣାରେ ଧାରଣାରେ ଧାରଣାରେ ଧାରଣାରେ ଧାରଣାରେ ଧାରଣାର",2.6250477554065244
nf4,Odia,62,"ଏହା ରାଜ୍ୟର ଧାରଣାରେ ଖୁଣିତ ଥାରେ, ଯେଉଁଠାରେ ଖୁଣିତ ଥାରେ ଖୁଣିତ ଥାରେ ଖୁଣିତ ଥାରେ ଖୁଣିତ ଥାରେ ଖୁଣିତ ଥାରେ ଖୁଣିତ ଥାରେ ଖୁଣିତ ଥାରେ ଖୁଣିତ ଥାରେ ଖୁଣିତ ଥାରେ ଖୁଣିତ ଥାରେ ଖୁଣିତ ଥାରେ ଖୁଣିତ ଥାରେ ଖୁଣିତ ଥାରେ ଖୁଣିତ ଥାରେ ଖୁଣିତ ଥାରେ ଖୁଣିତ ଥାରେ ଖୁଣିତ ଥାରେ ଖୁଣିତ ଥାରେ ଖୁଣିତ ଥାରେ ଖୁଣିତ ଥାରେ ଖୁଣିତ ଥାରେ ଖୁଣିତ ଥାରେ ଖୁଣିତ ଥାରେ ଖୁଣିତ ଥାରେ ଖୁଣିତ ଥାରେ ଖୁଣିତ ଥାରେ ଖୁଣିତ ଥାରେ ଖୁଣିତ ଥାରେ ଖୁଣିତ ଥାରେ ଖୁଣିତ ଥାରେ ଖୁଣିତ ଥାରେ ଖୁଣିତ ଥାରେ ଖୁଣିତ",5.228746373882688
nf4,Odia,63,"ତେକଣେ, ତେକଣେ, ତେକଣେ, ତେକଣେ, ତେକଣେ, ତେକଣେ, ତେକଣେ, ତେକଣେ, ତେକଣେ, ତେକଣେ, ତେକଣେ, ତେକଣେ, ତେକଣେ, ତେକଣେ, ତେକଣେ, ତେକଣେ, ତେକଣେ, ତେକଣେ, ତେକଣେ, ତେକଣେ, ତେକଣେ, ତେକଣେ, ତେକଣେ, ତେକଣେ, ତେକଣେ, ତେକଣେ, ତେକଣେ, ତେକଣେ, ତେକଣେ, ତେକଣେ, ତେକଣେ, ତେକଣେ, ତେକଣେ, ତେକଣେ, ତେକଣେ, ତେକଣେ, ତେକଣେ, ତେକଣେ, ତେକଣେ, ତେକଣେ, ତେକଣେ, ତେକଣେ, ତେକଣେ, ତେକଣେ, ତେକଣେ, ତେକଣେ, ତେକଣେ, ତେକଣେ, ତେକଣେ, ତେକଣେ, ତେକଣେ,",1.4561664190193164
