precision,language,idx,hyp,chrf
bf16,Hindi,0,"For service personnel, the uniform is a combination of many qualities, such as their shoes, clothes, ties, jewelry, hairstyle, makeup, watch, cosmetics, perfume, etc.",59.69320529936386
bf16,Hindi,1,The Ajanta Caves in Aurangabad district of Maharashtra are a collection of 19 Buddhist caves built between the first century BC and the fifth century AD.,41.05275372930623
bf16,Hindi,2,The influence of expansion makes the color of the body blend with the outer line.,36.16131803767833
bf16,Hindi,3,"Ashoka began to use stone for making statues and magnificent monuments, while before that, traditional use was wood and clay.",39.73914134646219
bf16,Hindi,4,"This delicious and famous dish of Maharashtra is made by mixing spices in aloo, making a layer of besan batter, and then deep-frying it well.",47.806935881030135
bf16,Hindi,5,Chettinad cuisine is the food of the Chettiar community or themselves called Nagerathars.,37.12621367076798
bf16,Hindi,6,"Cinnamon is native to India and is used in various forms, including as a flavoring agent and as a medicinal agent.",60.20281715153312
bf16,Hindi,7,Grind it in a dry grinder or grind it in a mortar and pestle.,41.10496855145795
bf16,Hindi,8,"Every city of Punjab has its own choice, like Amritsar people especially like Amritsar Kulche, Bhara Paratha and milk products.",41.25807221042981
bf16,Hindi,9,Send Ram with Rishi and also send Lakshman.,41.06489867951916
bf16,Hindi,10,But Captain Hanuman did this daring deed for the sake of a lofty and noble principle.,34.54726199256174
bf16,Hindi,11,"When onions are translucent, add some time-old meat and ground turmeric to the mixture of spices and fry them for 5-6 minutes until all the spices are absorbed.",53.3628319247167
bf16,Hindi,12,"The book is a book in which the worldly knowledge of birds, animals, and human beings is presented through the characters of birds, animals, and humans.",70.10620752933433
bf16,Hindi,13,It seems that the book aims to encourage the knowledge of proficiency and prudent behavior in Sanskrit expression.,59.618779477456286
bf16,Hindi,14,Professor Asit Kumar Bandopadhya has played a significant role in compiling the history of the entire city of Howrah in the first and second parts of the Howrah Shereer (first and second parts).,42.34983819797
bf16,Hindi,15,"The main chhatri of the temple is open on the front side, where a wooden building is visible and in some cases there is no main chhatri window.",33.488416585725965
bf16,Hindi,16,"The generations of maharajas and cooks (as they are traditionally called in India) have perfected these culinary arts for centuries, and now these culinary arts are being passed on through oral tradition for hundreds of years.",52.65479417532893
bf16,Hindi,17,"Traditionally, the preparation of food is done by the cooks, or by the head cook, assisted by the cooks.",36.62056754697341
bf16,Hindi,18,"Pav bhaji: This is a fast food dish from Maharashtra, in which a thick mixture of vegetables is cooked in butter and served with a soft bread roll (pav).",65.89873396475254
bf16,Hindi,19,"Haibakhtun and Lall-Dydi Kashmiri poetry is known for its spiritual tone and deep emotions, the poems of Mirabai in Rajasthan are popular for their unique devotion, the profound knowledge of Andal in Tamil and the words of Akka Mahadevi in Kannada are evidence of the widespread contribution of women in the literature of that time.",44.69223623030583
bf16,Hindi,20,"The tiger caves, which are decorated with Buddhist murals, are located 97 km from the town of Dahar in Madhya Pradesh.",53.46906273327424
bf16,Hindi,21,"In Sanskrit literature, the general meaning of a word is the root, but in a metaphorical sense, it can be any part or bottom of any object.",47.14102377570487
bf16,Hindi,22,The Indus Valley Civilization is known for its technological knowledge in various regions.,71.90485266198218
bf16,Hindi,23,All Kauravas die; only five Pandavas and Krishna survive.,67.24430982024292
bf16,Hindi,24,The war lasted for eighteen days and ended with the defeat of the Kauravas.,74.24098760695517
bf16,Hindi,25,"The central story of the Mahabharata is the struggle for the throne of Hastinapur, a state that is modern Delhi just to the north, and which is the ancestral home of the tribe known as Bharata.",54.914011985969815
bf16,Hindi,26,"In Karnataka, the number of vegetarians is more than the number of meat eaters; therefore, their food is mainly vegetarian.",53.79872870128762
bf16,Hindi,27,"They are from Sanjay, who is telling them what is happening in the battlefield, and they are from the north.",48.76413626066377
bf16,Hindi,28,"Two great Tamil epics, Silappadikaram and Manimekhalai, are available in Tamil.",44.24622295824048
bf16,Hindi,29,The use of chili powder in this region is carefully done.,69.23560102582348
bf16,Hindi,30,"Yoga is derived from the Sanskrit root yuj, which means to join or unite.",59.51605743590801
bf16,Hindi,31,"Odissi, which developed on the walls of temples in Odisha today, is a unique and different development from other northeastern Indian states.",31.212437628257213
bf16,Hindi,32,"Vishnupada now walked towards the king and spoke slowly: ""King, you do not look good when you promise something once and then break it.",30.98912451103898
bf16,Hindi,33,"Only when he understood the extent of Arjun's despair, Krishna changed his attitude and started teaching the secrets of religious conflicts in the world.",54.67246292693003
bf16,Hindi,34,"As you add rice flour to the character, occasionally add a little broken coconut.",33.70639676987624
bf16,Hindi,35,"You can start with a tablespoon of finely chopped coconut, then mix the rice flour well.",27.063745637921155
bf16,Hindi,36,"The beautiful and extraordinary Gurudwara was built in the vicinity of Nanded in 1835, due to the donation of Maharaja Ranjit Singh.",33.26009477522414
bf16,Hindi,37,The Samaveda is a collection of selected hymns that are arranged in a rhythmic tune by setting them in the notes of proposed verses or rhythmic tunes.,39.89983217902234
bf16,Hindi,38,The description of Ayodhya by Valmiki is clear that the ancient capital of Kausaly was not any less than the modern cities.,54.576309922156
bf16,Hindi,39,"Once you say that you will do it, there is no other option but to do it.",43.43993741338216
bf16,Hindi,40,"In recent years, the exchange rate of the rupee and the adequacy of foreign exchange reserves have been presented in different ways.",63.54821433705124
bf16,Hindi,41,"When a credit card account shows a three-day or more overdue balance, only the credit card companies (C.I.C.) can inform the late payment fees, etc., which may be imposed.",37.72066201903602
bf16,Hindi,42,The country can promote foreign direct investment to improve its economic situation.,44.41168791437023
bf16,Hindi,43,"However, if the approval of the package is implemented within 90 days of receiving the application from the bank, the status of the application can be re-established at the level of the bank when the application for re-classification is received.",50.68592514797524
bf16,Hindi,44,"Is the mobility of private capital accumulation essentially limited to a few people, or does it result in inequality as a result of the forces of development, competition, and technological progress?",50.702006679293845
bf16,Hindi,45,This market is designed to reduce volatility and prevent excessive growth of euphoria.,38.54631356007126
bf16,Hindi,46,The second quarter's high frequency data show that economic operations are still strong.,35.55347964470467
bf16,Hindi,47,"In the field of general economics, a nation is a subject matter and its markets are affected by each other in such a way that the economist calls it a comprehensive variable.",38.08003469854831
bf16,Hindi,48,"The meaning of the term ""cash"" is that the amount of financial assets that can be sold at a very small price in the short term is unlimited.",35.0703569812725
bf16,Hindi,49,"In general, the policy of recognition of income should be based on objective and recovery details rather than personal reasons.",53.752991469232526
bf16,Hindi,50,"Therefore, the interest rate is not due to the date of the deposit, and as a result, the interest is lost.",36.82874194870914
bf16,Hindi,51,"The possibility of improving payment systems with other jurisdictions, including the introduction of UPI, which is India's fastest payment system, is expected to bring about improvements in payment systems with other jurisdictions, including the introduction of UPI, which is India's fastest payment system.",53.228891151767655
bf16,Hindi,52,Liquefied Natural Gas (LNG) is becoming very important in the energy sector due to its use in power plants and industrial (food) plants.,49.27431147330165
bf16,Hindi,53,"However, marketing sites can help you increase sales, but they do not make you a very long-term company or a brand that is saleable.",33.16127759011311
bf16,Hindi,54,Payment processors (P.A.) were made liable under the rules in March 2022 and appointed as Payment System Operators (P.S.O.) due to their significant contribution to the payment system.,44.01452667688128
bf16,Hindi,55,The current regulations apply to the same payment groups that are involved in online or e-commerce transactions.,55.809305789597104
bf16,Hindi,56,"According to the records, a country will benefit from international trade in such goods in which the most profit was made, and in such goods in which it was relatively less (even if it was positive) in every way.",36.68939953325536
bf16,Hindi,57,"In the last six months of 2021, the bank's savings account grew at a rate of 16.2 percent year-on-year, compared to 6.7 percent a year earlier.",41.461495648986016
bf16,Hindi,58,"The cost of the expenses incurred before and after harvesting crops, such as sowing, weeding, cutting, thinning, classification and transportation of the products of the harvest, is paid for.",36.7654310681623
bf16,Hindi,59,Medium- to long-term loans are provided for the purchase of agricultural machinery for irrigation and other developmental works in the fields of agriculture.,58.57586239017344
bf16,Hindi,60,The banking inspector is trying to check the impact of shadow banks on traditional banks and is trying to limit it through better regulation of capital and current deposits in order to affect the general economy as well as the financial sector.,47.717711760342766
bf16,Hindi,61,The official area and more and better information are gathering and searching for vulnerabilities during the global financial crisis.,64.96279357211363
bf16,Hindi,62,Market price is determined by the equilibrium between supply and demand.,40.81549510697028
bf16,Hindi,63,"The equilibrium price and other characteristics (for example, income) of this equation determine the supply and demand level.",58.11522372305602
bf16,Hindi,64,The balance of payments is calculated by adding the net inflow of foreign exchange (such as interest and dividends from foreign investments or employees) and outflows (such as foreign aid) which are usually a small part of the total amount.,55.38808189766041
bf16,Hindi,65,The trade balance is the difference between the value of exports and imports of goods and services.,73.55053995514808
bf16,Hindi,66,"State Minister Shri Girija Singh, Small, Cottage and Medium Enterprises (MSME), (Independent Charge), according to the Department of MSME, who gave the keynote address at the 15th S.M.E. Global Summit held in New Delhi on December 19-20, 2018, has made the Ministry of MSME's efforts to improve our category in the global E.O.D.B. series a constant effort",43.467166341692
bf16,Hindi,67,"Taking into account these factors, the inflation is expected to remain at 6.7 percent for the year 2022-23, where the risks are balanced equally in the second quarter at 7.1 percent; in the third quarter at 6.5 percent; and in the fourth quarter at 5.8 percent.",61.12206264650256
bf16,Hindi,68,"India's import has been decreasing, but its export has been growing more than imports.",34.01789335674053
bf16,Hindi,69,"Currently, the growth accounting is mainly focused on economic performance (growth rate, fiscal deficit as a percentage of GDP, public debt as a percentage of GDP, tax revenue as a percentage of GDP, etc.), social performance (poverty, discrimination, employment level, nutritional status of the population, etc.).",75.58522062669563
bf16,Hindi,70,"The main topic of current economic discussions is to maintain a balance between social and economic performance, which is somewhat ignored in the relationship between environmental performance and these two.",62.83395878239752
bf16,Hindi,71,The current value of the cash flows of the current value of the cash flows of the current value of the cash flows of the current value of the cash flows of the current value of the cash flows of the current value of the cash flows of the current value of the cash flows of the current value of the cash flows of the current value of the cash flows of the current value of the cash flows of the current value of the cash flows of the current value of the cash flows of,19.81303513059692
bf16,Hindi,72,"In order to emerge from the current financial crisis and to maintain financial stability, the Reserve Bank of India has provided a special liquidity facility of Rs. 50,000 crore to the Marginal Standing Facility (MSF) to help restore confidence in the financial markets.",51.92162013708448
bf16,Hindi,73,"The recent sharp rise in the number of elderly people and the additional large number of elderly people have led to a worsening economic situation, a high degree of instability, and a growing reluctance to take risks.",32.14770061631346
bf16,Hindi,74,"Full value notes issued by RBI will be considered as cash in the Treasury Branches, while half-value notes and cancelled notes will be considered as presentation notes and processed accordingly.",46.054519992350926
bf16,Hindi,75,The amount of loans in India has increased very much.,22.23940565284492
bf16,Hindi,76,"Despite the turbulent global environment, India has remained a stable economic power.",41.10990475265004
bf16,Hindi,77,There is a panic in financial markets that could have potential effects on the real economy and financial stability.,63.71587421270948
bf16,Hindi,78,"When the number of notes given exceeds 5 and their total value exceeds 5,000, it is advised that the person who is giving the notes should send them to the branch of the bank with the bank account number, branch name, IFSC code, etc. along with a stamped envelope to the branch of the bank or go to the branch of the bank and exchange the notes themselves.",38.098138873985455
bf16,Hindi,79,"The court also considered that the privacy of personal information and facts is an extremely important component of the right to privacy and therefore it is mandatory to prioritize the best interests of citizens when collecting information for publication by C.B.D.C., and only those private information that are necessary can be collected, and the information can only be used for those purposes for which it was obtained.",49.24046978619708
bf16,Hindi,80,Cyber-attacks are attempts to gain unauthorized access to a computer or network in order to steal data or services.,47.69888408299296
bf16,Hindi,81,All packaged foods and dehydrated foods contain a lot of sodium because they are preserved by using salt as a preservative.,49.68133017149239
bf16,Hindi,82,"When the vehicle is moving at a speed, suddenly stopping, changing the speed of the vehicle or entering the inner part of an uncontrolled car in an accident, it can be dangerous.",39.159637128391175
bf16,Hindi,83,"But the same morning, a white prisoner who had been released by the British, reached General's camp and told him that he had heard that the fort would be vacated but only when he changed his mind.",36.46178325564481
bf16,Hindi,84,"At the time, General Robert Mountgomery was the main officer of the army in Lahore.",53.08544878329401
bf16,Hindi,85,"Although the number of British soldiers was four times as many as the Chinese soldiers in the Mian Mir camp, the British officers did not have any doubts about the presence of the Chinese soldiers in the camp until the news reached them, and when the news reached them, they were unable to determine whether they were in contact with the Chinese soldiers secretly or not.",44.019941528727536
bf16,Hindi,86,"Their addiction is not only harmful to their brains, but also has a negative impact on their minds.",38.4234146455706
bf16,Hindi,87,"Every day, new pieces of land were coming from both sides.",50.38978068702874
bf16,Hindi,88,"If any personal hatred exists, then the name of Mangal Pandey would not be on the list of martyrs, but on the list of murderers.",46.47265783659733
bf16,Hindi,89,"He looked at me for a moment and said politely, ""I'm sorry, we don't have any empty seats.""",36.68374988945666
bf16,Hindi,90,"Have you ever thought that if we do not remove garbage from our homes and surroundings, what would happen?",66.21290478303415
bf16,Hindi,91,"In recent years, the world around us has undergone a lot of changes due to the use of digital technology.",79.07475572806987
bf16,Hindi,92,"In the past, it took many days to get a letter, and each recipient received his own copy and responded separately.",56.563421850489846
bf16,Hindi,93,The revolutionary fervor in them is either considered holy or sinful depending on whether they are in favor of or against the principles of the theory.,34.44598550110212
bf16,Hindi,94,"Every time, after the death of his wife, Mahatma Gandhi married four times.",45.43624925298862
bf16,Hindi,95,This article has become a social responsibility for writers to write to make people aware of the concept of justice and freedom from slavery.,59.58485206963216
bf16,Hindi,96,The fact alone is enough to estimate their capacity and character.,54.36753831104214
bf16,Hindi,97,"We could see them clearly entering the city with the whole discipline, waving the flags and banners in the air, and following the rhythm of the military music.",44.12944472133542
bf16,Hindi,98,"They read together Ramayana and Mahabharata; they also read descriptions of the battles of Marathas, and they were both young hearts beating with great inspiration from the great stories of Hindu valour.",42.30910322518966
bf16,Hindi,99,The lack of sufficient amount of satellite data for monsoon season has been a major hindrance in using remote sensing data for agricultural applications.,47.90806273177458
bf16,Hindi,100,"When we click on a malicious advertisement on the internet, it can also reach our computer system.",79.78748915028612
bf16,Hindi,101,"He saw his cave in danger and ran out of his mother's cave to the open, and with his terrible claws he killed the enemy and made him a bloody mess.",41.36452099490948
bf16,Hindi,102,They left with him and threatened to attack Kanpur.,41.306566705912
bf16,Hindi,103,The Sheth and his officers surrounded me.,51.69712634332291
bf16,Hindi,104,"Then, Zaryj II ruled for a while.",25.20783360719451
bf16,Hindi,105,Both brothers were very fond of each other.,47.29076916179193
bf16,Hindi,106,"I thought that if they agreed to the proposal, it would be possible to explain it to others for them to agree.",53.486968034386464
bf16,Hindi,107,The most dynamic element of urban areas is the various means of transport.,69.4459102856631
bf16,Hindi,108,"Right-hand logging ensures that if the log is lost, the process of re-logging is systematically conducted to search for all complete and permanent changes in the cell storage on the basis of the advice of the log, or to set new values on the basis of the previous values.",36.42097724182052
bf16,Hindi,109,"The first thing that is most confusing is that if more than one thing is blocked, it takes more time to reach and open them, and the arguments for utility are more complex.",37.74555601554906
bf16,Hindi,110,"If there is a swimming pool, it can be practiced to save drowning people.",30.98242207841258
bf16,Hindi,111,Students should be encouraged to ask questions if they have any doubts about the process of first aid for swimming.,83.65122347362457
bf16,Hindi,112,It was important to find out whether the Punjab sepoys had awakened to the national freedom movement to the extent that they were patriotic.,48.66300098644548
bf16,Hindi,113,This kind of forgiveness was not easy for my father.,51.2806738278985
bf16,Hindi,114,This rebellion was a kind of a blessing for Henry because now he had a select and loyal army with the help of the British and the Indian troops and two Sikh and Hindu battalions which had been proved loyal in the crucible of tests.,36.99833878030403
bf16,Hindi,115,"The weapons were arranged in a systematic manner, breakfast was ready, and hungry people were chewing their first mouthful; cups of drinks were ready.",55.60932764865127
bf16,Hindi,116,"The British soldiers, you did not get your breakfast because of hard work, but because of hard work, you got your breakfast; so enjoy your breakfast with your army commanders in these common bean gardens!",41.40659689085813
bf16,Hindi,117,"You have seen plants growing in the nursery that then grow into plants, or you have seen dogs growing into puppies, or you have seen birds growing into chicks.",45.28479076659615
bf16,Hindi,118,Boys are also equally vulnerable to sexual harassment.,72.98534940609511
bf16,Hindi,119,"When the electricity went out in Jhansi and it was being cut off, when the son of the king was preparing to take his sword out of the mian, he threatened and said that if they took their swords out of the mian, he would inform the dacoits about their movements and then cut their heads.",32.56298599118696
bf16,Hindi,120,The film director who was responsible for popularizing dangerous stunts in films was G.B. Vadiya and his brother Homi Vadiya.,44.79277525142936
bf16,Hindi,121,"The train adventure film The Great Train Robbery (1932), which features many scenes of fist fights on the train's roof, became the king of this genre.",40.17249579468517
bf16,Hindi,122,"Assamese cinema is primarily Assamese cinema, which is seen mainly in Assam.",51.719432513910405
bf16,Hindi,123,The best translations are not as transparent as the original works.,38.62036520762664
bf16,Hindi,124,"It is a temporary hand washing, and it is clear that the intention is there.",29.989341538759835
bf16,Hindi,125,"They make the novel more than just a novel and result in a hybrid case, a mishmash of many genres.",38.69065403810967
bf16,Hindi,126,"The first online film appreciation course was started by F.T.I.I. on June 15 to July 11, 2020.",32.86475230882485
bf16,Hindi,127,"The course was prepared by the National Film Archive of India, Pune in collaboration with the National Film Archive of India, Pune.",65.49822117308078
bf16,Bengali,0,"The outward appearance is a group of characteristics of the person providing services, such as shoes, clothing, tie, jewelry, hairstyle, makeup, watch, perfume, etc.",53.563605016236416
bf16,Bengali,1,"The Ajanta Caves, located in Aurangabad district of Maharashtra, are adorned with 13th-century Buddhist and Jain sculptures and paintings from the first to the fifth centuries AD.",57.70858621063605
bf16,Bengali,2,"The color of the skin blends with the outline of the body, creating a sense of density.",34.20273933368158
bf16,Bengali,3,"Where the previous tradition was to build with wood and earth, Ashoka started using stone for building sculptures and monumental structures.",50.79861349457042
bf16,Bengali,4,"This delicious and popular dish is made by frying potatoes in a spicy batter, then deep-frying them in hot oil until they are golden brown.",28.82402439315082
bf16,Bengali,5,"Chettinad cuisine is a Tamil Nadu state cuisine, or their own name, called the city of the city.",37.18762562527586
bf16,Bengali,6,Darjeeling is primarily produced in India and is used as a fragrant substance from the beginning of its use as a medicinal substance.,32.957617870271186
bf16,Bengali,7,"Grind these into a dry, coarse powder.",23.778197073395223
bf16,Bengali,8,"Each city in Punjab has its own choice, such as Amritsar's people prefer Amritsari kulcha, poori and dairy products.",43.12317937336846
bf16,Bengali,9,Ram was with the Rishi and also with the Laksmna.,26.0713147390779
bf16,Bengali,10,But the heroic deeds of the Martian were done through the dedication to high and noble principles.,46.29258159849879
bf16,Bengali,11,"When the onions are translucent, add them to the meat and cook them for about 5-6 minutes with a little bit of turmeric powder.",47.52653120956404
bf16,Bengali,12,"Hitaopad is a book that explains the world of birds, animals and human beings through the character of the world.",53.6230427235098
bf16,Bengali,13,The purpose of this book is to encourage the development of the ability to express one's own opinion and to promote the teaching of knowledge-based rituals.,44.325236396142905
bf16,Bengali,14,"In his pioneering work on the history of the city of Howrah (first and second volumes), published in 1994 and 1995, Professor Asit Kumar Bandyopadhyay played a pioneering role in the history of the city of Howrah.",50.26633119793663
bf16,Bengali,15,"The front part of the courtyard of a traditional house is usually covered with a half-circular courtyard with a picture of a traditional house, and, in some cases, there is no courtyard window visible.",41.42681722874468
bf16,Bengali,16,The 'Maharaja' and 'Khan Samas' (the names of the experts in the field of cuisine in India) have perfected the recipes for generations and have been passed down orally for centuries.,42.48759988651396
bf16,Bengali,17,"Traditionally, a cook or a head cook with a team of assistants cooks the food.",26.815324105312836
bf16,Bengali,18,Pao Vadi: Pao is a soft roll of flour (pao) filled with a thick vegetable curry (vadi) in the form of a typical quick meal of Maharashtra.,36.45381207359151
bf16,Bengali,19,"The red deer and the Haba Khutun of Kashmir are known for their mystery and intense suffering, the poems of Maharaja Ratan Singh of Rajasthan are known for their unique devotional qualities, the mystery of the Andaman Islands in Tamil and the speech of Akka Mahadevi in Kannada are evidence of the great contributions of women in the literary world of the past.",47.2558925940869
bf16,Bengali,20,The Bhawagha cave where there are Buddhist wall paintings is 97 kilometers away from the district of Dhar in Madhya Pradesh.,46.90780585768037
bf16,Bengali,21,"The general meaning of the word ""trunk"" in the context of culture is a tree or a tree, but in the context of ornament, it is the lowest part or the lower part of a tree or a tree.",42.5893253035738
bf16,Bengali,22,The Indus civilization is known for its technological knowledge in various fields.,67.16959093281497
bf16,Bengali,23,All Kauravas died; only Pandava brothers and Krishna survived.,66.21744007982714
bf16,Bengali,24,The war lasted for eighteen days and the Kauravas were defeated with it.,52.8179540870168
bf16,Bengali,25,"The central story of the Mahabharata is the conflict between the Vratas, a male-line royal dynasty that ruled over modern Delhi, and the Vratas, a male-line royal dynasty that ruled over modern Delhi.",39.28117452488513
bf16,Bengali,26,"In Karnataka, the number of vegetarians is higher than that of meat-eaters, and therefore, vegetarian food is included in their cooking.",45.46762016037548
bf16,Bengali,27,He told me that he was describing what was happening on the battlefield.,46.73610573918175
bf16,Bengali,28,"The two epics, Silappadikaram and Manimekalai, are available in Tamil.",62.29056776162231
bf16,Bengali,29,"In this region, pepper is used with caution.",31.939289738911224
bf16,Bengali,30,"The word ""yoga"" is derived from the root ""yuj"" meaning ""to join"" or ""to unite"".",47.86918949471746
bf16,Bengali,31,Odishan culture has emerged from the endless sculptures carved on the walls of temples in Puri.,53.08946372519202
bf16,Bengali,32,"Bhishmadeva now turned his back on the king and respectfully said: ""King, if you refuse to do so once, it will be bad for you.""",31.7151113356758
bf16,Bengali,33,"After realizing the extent of Arjuna's disappointment, Krishna began to teach him about the mystery of religious duties on earth.",35.289899589225264
bf16,Bengali,34,"When adding rice flour to the pot, add a little coconut powder in it.",25.35796661969861
bf16,Bengali,35,"You can start with a teaspoon of coconut powder, then mix the rice flour well.",26.08845036831476
bf16,Bengali,36,"The magnificent Mandir of Nanda Devi was built by Maharaja Ranjit Singh in 1835 AD, which is a beautiful golden dome with exquisite carvings.",35.71378088132969
bf16,Bengali,37,"Samaveda is a collection of verses proposed by the Samavedic school, which maintains the rhythm of the verses and the rhythm of the verses.",32.04162146211309
bf16,Bengali,38,The description of Kosala from the Mahabharata clearly shows that the ancient city of Kosala was not inferior to modern-day cities.,48.97642646574963
bf16,Bengali,39,"Once you say 'I will do it', there is no other way to do it.",34.46024824817751
bf16,Bengali,40,There are various opinions on the exchange rate of the Indian rupee and the adequacy of foreign exchange reserves in our foreign currency.,54.3590504695466
bf16,Bengali,41,"If a credit card account is not paid in full for more than three days, it will be reported to the Credit Card Payment Information Agency (CICI) or fined, such as the fine for late payment.",37.947144944713614
bf16,Bengali,42,Countries can encourage inward investment for economic development by promoting it.,44.57049513279383
bf16,Bengali,43,"However, if the package is implemented within 90 days of the application for the package, the status of the classification of assets at the time of the application for the package will be restored.",43.29125683500087
bf16,Bengali,44,"Is personal capital accumulation necessarily concentrated in the hands of a small number of people, or does it balance the forces of growth, competition and technological progress?",49.83254172171927
bf16,Bengali,45,It intervenes in the market to maintain stability and keep hope alive.,50.207922613569565
bf16,Bengali,46,The second quarter of the year shows a stable economic activity in the high-use sector.,29.596141332793312
bf16,Bengali,47,"The main factor of aggregate economy is how a country and all markets connect to create a large phenomenon, which economists call aggregate demand.",40.13052629437736
bf16,Bengali,48,The limit of liquidity is used to indicate the limit of financial assets sold at a price close to the market value within a short period of time.,45.480999807162696
bf16,Bengali,49,"In broad terms, the policy of recognition of income should be based on a non-biased and evidence-based approach rather than a subjective and retrospective approach.",51.420752364626985
bf16,Bengali,50,"Therefore, there is no more interest on the part of the N.P.A. and the interest will be paid only when the date of the redemption of the N.P.A. is over.",35.680366443124946
bf16,Bengali,51,"The UPI system, which is similar to the other financial systems, will be linked to the inter-country payment system, which will improve cross-border payment systems that include remittance along with sending money.",36.98429952487059
bf16,Bengali,52,Liquefied Natural Gas (LNG) is of greater importance to the Energy Department due to its use in power plants and industrial (chemical) plants.,49.84396319817313
bf16,Bengali,53,"However, markets are not only helpful for increasing your sales, but they are not helpful for building a sustainable business and creating a marketable brand of your own.",49.8939630692161
bf16,Bengali,54,The money collectors (P.A.s) play an important role in the ecosystem and are therefore included in the law of the land in March 2020 and are called Money Collectors (P.S.O.).,41.66460623207065
bf16,Bengali,55,"However, the current rules apply only to those who process online or conduct electronic transactions.",37.21662330359601
bf16,Bengali,56,"Ricardo's insight was that a country, despite its comparative advantage, would export its largest free trade goods, and import its relatively less free trade goods to make a profit from trade.",39.33323936863854
bf16,Bengali,57,"As of September 9, 2022, the amount of deposits in the bank's savings account has increased by 16.2% annually, compared to 6.7% in the previous year.",29.382893899684
bf16,Bengali,58,"Their own crops, including pre-harvest and post-harvest activities, include spraying pesticides, weeding, harvesting, threshing, threshing and transportation.",57.85354745969728
bf16,Bengali,59,"Agricultural and other related activities will include the purchase of agricultural machinery, irrigation for agricultural activities, and other developmental works by farmers, farmers, and other agricultural activities.",57.52681044572272
bf16,Bengali,60,"The approval of the replication banks has been given by the financial department and the economy, which has led to the examination of the traditional banks by these banks and the attempt to restrain the banking regulators through the prudent capital and liquidity law.",41.69320266858728
bf16,Bengali,61,The government has been collecting more and more information and looking for hidden vulnerabilities since the start of the global financial crisis.,64.34814758373297
bf16,Bengali,62,The equilibrium price is determined by the demand for a certain amount of goods at a certain price.,42.922569948889794
bf16,Bengali,63,The equilibrium equations determine the level of supply and demand as the price and other variables (such as income and expenditure) as the supply and demand.,63.11461447069197
bf16,Bengali,64,"At that time, the amount in the account was the total factor income (i.e., interest, foreign investment dividends, or remittances sent by employees) and foreign aid, which are usually a small fraction of the total amount.",49.36493093348864
bf16,Bengali,65,The difference between exports and imports is the balance of trade.,37.51628373353672
bf16,Bengali,66,"The state minister for micro, small and medium enterprises (MSMEs) Shri Giriraj Singh said that the state has made significant progress in the last five years in terms of ranking in the World Bank's Enterprise Survey and in terms of being included in the World Bank's Global Supply Chain Council. He said that the state has made significant progress in the last five years in terms of ranking in the World Bank's Enterprise Survey and in terms of being included in the World Bank",29.722674293170915
bf16,Bengali,67,"In the first three months of the year, the inflation rate was 7.1 percent; in the second three months, it was 6.5 percent; and in the fourth three months, it was 5.8 percent, and it was maintained at 6.7 percent for the whole of 2022-23.",43.27847001982396
bf16,Bengali,68,"India's import growth has slowed down, but it has surpassed the growth of exports.",44.24746716126975
bf16,Bengali,69,"Currently, the growth rate is mainly based on economic activity (growth rate, percentage of GDP, percentage of government debt, percentage of GDP, percentage of tax revenue, etc.), and social activity (poverty, inequality, employment rate, population nutrition rate, etc.).",53.48191011096248
bf16,Bengali,70,"The current economic discussions are so much focused on the social and economic balance of the two, that the environmental aspect is somewhat neglected.",50.11914530868291
bf16,Bengali,71,"The repayment of the loan is represented by the current value of the cash flow representing the present value of the loan amount at the time of repayment, and the amount of capital is calculated as the appropriate maturity premium and risk premium for the borrower class at the time of repayment.",42.77784631899891
bf16,Bengali,72,"In the future, the Reserve Bank of India (RBI) has introduced a special liquidity facility for the Special Liquidations of the Foreign Exchange Market (SLF-MLF) with a special liquidity facility of Rs 50,000 crore for the Reserve Bank of India (RBI).",38.28111600915632
bf16,Bengali,73,"In recent years, the rate of extreme weather events has increased and the advance of the warning has led to the birth of financial instability, further uncertainty and risk aversion.",39.12595815526381
bf16,Bengali,74,Full-value banknotes will be considered as cash in the hands of the Central Bank of the Republic of India and as notes for the purpose of settlement in the hands of the Reserve Bank of India and will be processed accordingly.,35.99971465744001
bf16,Bengali,75,The amount of credit protection in India has increased significantly.,23.169157611474787
bf16,Bengali,76,"Despite the unstable world environment, the Indian economy is stable.",48.11455424095985
bf16,Bengali,77,There is a risk of a weak economic and financial market with a strong outcome of the real economy and financial stability.,55.18950366679031
bf16,Bengali,78,"If a person gives you a note with more than five, but not more than 5,000, then the note should be sent to the nearest branch of the bank with the account number, branch name, IFSC code, etc. of the person who gave it to you.",32.13171844766184
bf16,Bengali,79,The court also noted that the right to privacy is an essential part of the right to privacy and that it is therefore mandatory to prioritize the interests of the public in collecting information when issuing a C.B.D.C.,32.71952397667599
bf16,Bengali,80,Information or services are inactive or destroyed by a cyber criminal who attacks a computer or network to gain access to another computer or network.,52.92746759523803
bf16,Bengali,81,All packaged and canned food items contain high levels of sodium due to the presence of sodium bicarbonate as a preservative.,66.87852143044437
bf16,Bengali,82,"If you suddenly brake or cut across a car on a moving vehicle, it can fly in one direction from the other side.",19.74591336744179
bf16,Bengali,83,"But, the next day, a white prisoner, who was being forced to do the same thing, told the commander of the fortress that he would not leave the fortress without taking revenge.",28.528362037618997
bf16,Bengali,84,"In this period, the main military commander of the city of Lahore was Robert Montgomery.",52.787836850129096
bf16,Bengali,85,"In the camp of Mirzay Mair, the British officers were not in doubt about the number of Sepoys in the camp, even though they outnumbered the British soldiers by four, and it was difficult for them to know whether there was any secret communication between the Sepoys and Mirzay Mair before the news reached them.",46.321702199145136
bf16,Bengali,86,"These are not only addictive, but they also have harmful effects on the brain.",68.06403867997909
bf16,Bengali,87,"Day after day, new troops came from both sides.",65.23123843012435
bf16,Bengali,88,"If you have any personal grudge, the name of the moon is not the name of the martyrs, but the names of the murderers.",29.01105955365479
bf16,Bengali,89,"She looked at me for a moment and said, ""I'm very sorry, all of our seats are full.""",35.91933296665232
bf16,Bengali,90,Have you ever thought about what will happen if we don't throw garbage from our homes or surroundings?,71.63169517990298
bf16,Bengali,91,"In recent years, the use of digital technology has witnessed many changes in our surroundings.",46.86422862027646
bf16,Bengali,92,"In the past, it took a long time to send a letter, and each recipient would reply separately to their own letter.",43.844146578374136
bf16,Bengali,93,"The core principle is either profitable or harmful, and the profound nature of the revolution is either holy or profane according to the degree of proportionality.",33.51224531100135
bf16,Bengali,94,"He married his wife four times in a row, after losing his wife in every death.",39.4195148495509
bf16,Bengali,95,The novel was written to inspire the public to think about the idea of freedom from injustice and slavery.,31.795488526067317
bf16,Bengali,96,This information alone is enough to guess his power and character.,38.05652586904071
bf16,Bengali,97,"We entered the city with a perfect line of sepoys and military music, and we could see the different flags and flags being waved in the city.",33.839176256077664
bf16,Bengali,98,"Ramayana and Mahabharata are together; they have read the military exploits of the Maratha, and the epic of Hindu heroism has inspired their young hearts with noble inspiration.",47.04986467064414
bf16,Bengali,99,The main obstacle in using remote sensing information for agricultural applications in the rainy season is the lack of sufficient number of cloud-free optical satellite data.,52.31741151070097
bf16,Bengali,100,"If you click on any polluted advertisement on the internet, it may also reach our system.",57.8124920878044
bf16,Bengali,101,"When he saw his cave in danger, he ran away from his lair and stabbed his enemy with his terrible spear, and his blood flowed.",28.05991276505048
bf16,Bengali,102,They went to various places with him and threatened the attack of Kanpur.,36.43229491641552
bf16,Bengali,103,The Sheth and his employees gathered around me.,78.64143354522966
bf16,Bengali,104,"After him, he came to visit the second Jerzeg.",31.11544658245018
bf16,Bengali,105,The relationship between brothers was deep.,28.118377065417548
bf16,Bengali,106,"I think that if they agree to this proposal, others will also be willing to adopt the same method.",48.25570700815294
bf16,Bengali,107,The most noticeable feature of the urban area is the various types of transport.,62.644265605062834
bf16,Bengali,108,"The practice of keeping a log before writing anything is a guarantee that, in the event of any kind of damage, the entire process of restoring the store can be done systematically by using the log to find out the situation and bring it back to the old state or to make it new.",28.41369632098143
bf16,Bengali,109,"The first step is to find the balance between the two, and the more time is spent trying to find the right answer, the more complex the logic becomes.",30.597650450107995
bf16,Bengali,110,"If you have the opportunity to swim, you can practice the most effective way to save your life by using the drowning technique.",32.460827654482536
bf16,Bengali,111,Students should be encouraged to ask questions about any doubts regarding medical treatment during the first year of the course.,54.810545250503054
bf16,Bengali,112,It was necessary to see how much the Punjab Sepoy's nationalistic feeling was awakened.,45.42917137930117
bf16,Bengali,113,My father's kind of forgiveness was not normal for me.,43.11657274612392
bf16,Bengali,114,"The rebellion was apparently a happy one for Sir Henry, who was pleased with the selection of a British army and a cannon and a loyal and reliable army of Hindu and Sikh soldiers, and the two armies were tested by rigorous trials and examinations.",31.79096314800532
bf16,Bengali,115,"Armed with weapons, preparing breakfast, hungry mouths are chewing the first bite of food; ready to drink.",37.73050580089615
bf16,Bengali,116,"British soldiers, you have had your breakfast, your body is not drenched in sweat, but by the cold shade of the mango orchard, you are enjoying your breakfast with your commander.",48.9110991071303
bf16,Bengali,117,"You have probably seen seeds, seedlings, and trees from seedlings to full-grown trees, or puppies from puppies to full-grown dogs, cats from kittens to full-grown cats.",35.68664075511127
bf16,Bengali,118,Boys are equally vulnerable to sexual harassment in front of their parents.,73.02888163394873
bf16,Bengali,119,"When the electricity of the plane was destroyed, he saw his two sons ready to take the sword for freedom and said to them that if they took the sword, he would inform the returning pirates of their plan and advise them to cut their heads.",33.24362982806529
bf16,Bengali,120,"J. B. H. Wadia and his brother, Homai Wadia, are the filmmakers who made this stunt-filled film so popular that they are largely responsible for it.",60.131026246967366
bf16,Bengali,121,"A train on a moving train is full of scenes of fights on the platform, starting from the Thriller The Train (1929) to them becoming the kings of this genre.",40.25806247856183
bf16,Bengali,122,Assamese cinema is a film in Assamese language that is primarily seen in Assam.,54.85345411156557
bf16,Bengali,123,The acceptance of classic literature is not always clear.,18.41544873634112
bf16,Bengali,124,"More importantly, a quick-thinking hand and this way the goal is seen.",29.57292120953639
bf16,Bengali,125,They transform the novel into something else and the result is a blend of various genres.,59.24235830396589
bf16,Bengali,126,"F.T.I.I. started its first online film assessment course from June 15 to July 11, 2020.",28.68314487869531
bf16,Bengali,127,The curriculum was organized with the National Film Archives of India.,58.12874235098404
bf16,Tamil,0,"Appearance is a set of personal characteristics that a service employee wears, such as shoes, clothes, ties, jewelry, makeup, hair styling, perfumes, etc.",43.43036437061752
bf16,Tamil,1,"There are 29 caves in Ajanta and Bhaja in Aurangabad district of Maharashtra, which were carved in the 1st century BC to the 5th century AD.",36.7593264691115
bf16,Tamil,2,"It has a thick, rounded body with a prominent hump.",13.331775081875206
bf16,Tamil,3,"The use of stone was first started by Ashoka, but the use of wood and mud was the tradition before that.",32.32533444366909
bf16,Tamil,4,"In this famous Maharashtrian dish, the potatoes are fried in oil and then baked in a clay pot with spices.",28.73742441410357
bf16,Tamil,5,"The cuisine of the Chera country is the culinary skill of the Chera people, who are called themselves Chera or, as they themselves call themselves.",35.896336063574566
bf16,Tamil,6,"It is native to India, and it has many uses, from food to medicine.",31.804479096548416
bf16,Tamil,7,This is made by mixing flour with a stone or a wooden board.,27.396681590295508
bf16,Tamil,8,"Every city in Punjab has its own preferences, for example, Amritsar Kulche, Stuffed Parathas and Palak Achar for the people of Amritsar.",43.70656652987619
bf16,Tamil,9,"Take Ram and Lakshmana with you, and take Krishna and his brother with you.",36.406749401617816
bf16,Tamil,10,"However, the deeds of the Mangesh Pandey were an ideal and noble goal towards a higher and more sublime ideal.",26.718887134945238
bf16,Tamil,11,"When the color of the cauliflower changes, add cooked meat and sprinkle with turmeric powder, and cook for about 5-6 minutes, stirring continuously.",35.03920773057534
bf16,Tamil,12,"The Hito-dhyana is a book that teaches the world of wisdom through the characters of birds, animals and humans.",65.39584401928066
bf16,Tamil,13,The book is intended to promote the study of Sanskrit language and the practical knowledge of Vedantic philosophy.,34.60494378761506
bf16,Tamil,14,"Professor Asit Kumar Bandyopadhyay played a pioneering role in compiling a complete history of his hometown, Hauora, in his two-volume book Hauora Saharer Itipriyo (first and second volumes).",59.58252960709554
bf16,Tamil,15,"The front of the main door of the main temple is decorated with a half-moon-shaped front arch, with an open front with a wooden work on the outside, and there is no main door with a front arch in some places.",40.90937843593024
bf16,Tamil,16,"The Maharashtrian cuisine has been perfected over generations by the Maharashtrian families, and these culinary skills have been passed down through generations by word of mouth.",27.82065841964846
bf16,Tamil,17,"Traditionally, these dishes are prepared by the chief cook and his assistants, the Vassa.",26.07194505619883
bf16,Tamil,18,"Pav bhaji is a quick snack in Maharashtra, which is usually made with a thick vegetable curry (Pav) and a soft bread roll (Pav bhaji).",45.79161878189327
bf16,Tamil,19,"The Lallatut and Haba Kanthous of Kashmir are filled with intense expressions of grief and pain, and the Mira Bai poems in Rajasthani are unique in their devotional nature, and the Aanchal Mahadevi poems in Tamil are significant contributions made by women to the literary world of that period.",37.57975707334418
bf16,Tamil,20,"Buddhist cave paintings are found in the Tar district of Madhya Pradesh, 97 kilometers away from the cave.",47.21042636896742
bf16,Tamil,21,"The word ""mul"" in Sanskrit literature is a root meaning a plant or tree root, but in the code it means the base, bottom or bottom of something.",49.504223937478685
bf16,Tamil,22,The Indus Valley Civilization is famous for its technological knowledge in various fields.,67.58011793978493
bf16,Tamil,23,"All the gods and goddesses are dead, except Krishna and the Pandavas.",30.408395949482127
bf16,Tamil,24,"The war lasted for eighteen days, and finally the kings were defeated.",37.06331373244701
bf16,Tamil,25,"The dispute over who would inherit the throne of Asthina is the central theme of the Mahabharata, and the kingdom of Asthina was located to the north of modern Delhi, which is generally known as the Bharata clan's ancestral homeland.",49.827731287012455
bf16,Tamil,26,"In Karnataka, the number of people who eat vegetarian is higher than the number of people who eat non-vegetarian.",39.37656073125757
bf16,Tamil,27,"He replies to him, and tells him what is happening in the war.",32.649339328003784
bf16,Tamil,28,"Tamil is home to two epic poems, Silappadikaram and Manimekalai.",49.32423573706266
bf16,Tamil,29,Mustard powder is used with caution in this region.,42.82508957132069
bf16,Tamil,30,"Yoga is derived from the Sanskrit word ""Yuj"", which means ""to unite, to bind, or to unite.""",53.59234052462028
bf16,Tamil,31,"Odissi dance, which is today's Odissi dance, has developed from the numerous sculptures carved on the walls of temples in Odisha.",50.695405379190426
bf16,Tamil,32,"Vishishtra now turned to the king, ""King, if you give your word, then you shouldn't be surprised if you change your mind later.""",30.38585807705037
bf16,Tamil,33,"When Arjuna is able to see the extent of his arrogance, he begins to teach secret ways of performing good deeds in this world.",30.74743281402993
bf16,Tamil,34,You can add a little grated coconut in between the rice and the rice.,33.39776235112451
bf16,Tamil,35,"First, a spoonful of sugar is added to the inside of the tube, and then the rice flour and the beaten egg are mixed well.",30.455150329138693
bf16,Tamil,36,"I built a beautiful, mind-blowing, golden temple, which was carved in the style of the famous temple of the Maharaja Ranjit Singh, who gave me a gift of about 1835 AD.",29.179666384863403
bf16,Tamil,37,The specific rice varieties that are cultivated according to the plan of the Samaveda are called Samavaya.,23.0725151555672
bf16,Tamil,38,"The city of Kosala, according to the account of Valmiki, was not inferior to modern cities.",43.28817604767687
bf16,Tamil,39,"If I say I will do it, I have to do it. There is no other way.",30.237305489574663
bf16,Tamil,40,"Recently, there have been different opinions about the exchange rate of the rupee and whether our foreign exchange reserves are sufficient.",55.47645626729943
bf16,Tamil,41,"If a credit card account is not paid for three days after the due date, the credit card company can report the account as unpaid to credit information companies (CIBIL) and may impose any late payment charges, such as interest charges.",51.490865213162365
bf16,Tamil,42,Countries can welcome inward direct investment to improve their financial situation.,71.1759702696261
bf16,Tamil,43,"However, if the bank approves the application within 90 days of the date of the application for the second installment, the bank can restore the status of the property to the same as it was before the second installment was issued.",40.17217801970893
bf16,Tamil,44,"Private capital accumulation is a way of accumulating wealth in a few hands, or is it a force that can balance the rise and fall of development, competition, and technological progress?",48.57750104103484
bf16,Tamil,45,It aims to prevent excessive fluctuations in the market and to stabilize expectations.,49.10962673632133
bf16,Tamil,46,"The data for the second quarter is very fast-changing, and the economic activity continues to suffer from the impact.",34.737326261181614
bf16,Tamil,47,"It discusses the economic system of a country, how all the markets in that country are interconnected and how they form a large network of mutual dependencies that economists call the fundamental rules of economic exchange.",36.78966829209453
bf16,Tamil,48,"Ponzi schemes are schemes in which a person or group of people, usually a group of investors, invests money in a company or other business, and then sells the shares of the company at a higher price than the original price.",17.61185476597589
bf16,Tamil,49,"In a broad sense, the income recognition policy should be based on the experience of survival, not on the basis of any kind of emotionalism.",40.18132733191042
bf16,Tamil,50,"So these interest rates are not adjusted to the maturity date of the bond, so they do not become EBA-rated.",30.324070421926077
bf16,Tamil,51,"The possibility of linking the Indian payment systems with similar systems in other countries, including the establishment of a mechanism for the swift transfer of funds, including the transfer of money across borders, to improve the arrangements for the payment of money, including the transfer of money across borders, to improve the arrangements for the payment of money, including the transfer of money across borders, to improve the arrangements for the payment of money, including the transfer of money across borders, to improve the arrangements for the",41.50549021783301
bf16,Tamil,52,The energy sector is becoming more important due to the use of liquid natural gas (LNG) power plants and industrial plants to generate electricity.,34.572801036706
bf16,Tamil,53,"However, it does not help to develop a long-term business that can be used to promote markets and create a brand name.",30.38418004342485
bf16,Tamil,54,"The payment group officers (PAs) play a key role in the payment system, so they were renamed as payment system officers (PSOs) in March 2020.",39.51785746712211
bf16,Tamil,55,"However, the current regulatory framework applies to payment service providers that operate online or through electronic or electronic commerce transactions.",45.02266308729696
bf16,Tamil,56,"However, such a country, exporting the highest percentage of its total exports and importing the lowest percentage of its total exports (in a net positive), is the subtle point of Ricardo's theory.",27.96429611733804
bf16,Tamil,57,"The credit to the public sector increased from 6.7 percent of GDP in the pre-pandemic period to 16.2 percent of GDP in the current year, a 9-month increase of 16.2 percent.",30.279084280549505
bf16,Tamil,58,"The loan is for post-harvest and pre-harvest activities, including pest control, threshing, harvesting, grading, quality classification, transportation of produce from the farm, etc.",51.9994208428772
bf16,Tamil,59,"Agricultural and long-term loans for medium and long-term crops, including irrigation and other development projects for agricultural machinery, are also included.",48.41134161961666
bf16,Tamil,60,"Bank supervisors are examining the impact of the informal banking sector on the traditional banking sector, and are trying to control it by investing more and gambling with money, as this impact affects both the informal banking sector and the traditional financial sector.",45.44712095279329
bf16,Tamil,61,"Since the global financial crisis, the government has been collecting more, better information to search for hidden weaknesses.",60.16073637656719
bf16,Tamil,62,The market price is determined on the basis of the same quantity of production and demand.,37.11367471738063
bf16,Tamil,63,"These equations provide a measure of the equilibrium between production and demand, which is a measure of the price and other variables (e.g. income).",44.88459305229281
bf16,Tamil,64,The current account balance is the sum of the current account balance and net foreign exchange reserves (foreign exchange reserves from foreign investments or workers' remittances) and the sum of the total amount (foreign aid) received from foreign sources (foreign aid).,51.01761586844985
bf16,Tamil,65,Trade balance is the difference between the value of exports and imports.,52.24898320720223
bf16,Tamil,66,"On December 19-20, 2018, in collaboration with the Confederation of Indian Industry (CII), the Ministry of MSME organized the 15th World SME Summit, which was inaugurated by Shri Giriraj Singh, Minister of MSME, at the CII National Council Hall in New Delhi. In his address, he said that the many initiatives taken by the Government of India have resulted in the improvement of our rankings in the World Bank's",43.84358168621352
bf16,Tamil,67,"The inflation rate for the year 2022-23 was 6.7 percent, 7.1 percent for the second quarter, 6.5 percent for the third quarter, 5.8 percent for the fourth quarter, and 5.3 percent for the fifth quarter, according to the data released by the National Statistical Office (NSO).",35.05558557709706
bf16,Tamil,68,"India's import growth has been declining, but its export growth has been higher.",50.79928435135875
bf16,Tamil,69,"Currently, economic growth is the main factor for development, and social development (poverty, inequality, unemployment, food security, etc.) is used as a measure of social development (poverty, inequality, unemployment, food security, etc.).",34.125940655733075
bf16,Tamil,70,"Current debates on the economy focus on the balance between social and economic activities, and they do not pay much attention to the relationship between environmental activities.",38.51878033608603
bf16,Tamil,71,"The repayment premium and the interest rate on the loan are calculated on the basis of the current value of the loan, and the interest rate on the loan is calculated on the basis of the current value of the loan, and the repayment premium and the interest rate on the loan are calculated on the basis of the current value of the loan.",33.7235279525921
bf16,Tamil,72,"The Reserve Bank of India stepped in to provide a special currency swap facility of Rs 50,000 crore to ease the liquidity crunch and to safeguard the stability of the financial system.",43.98612815668413
bf16,Tamil,73,"In recent years, the price of land has increased sharply, and the situation is likely to worsen in the future due to the tightening of the financial situation, the tightening of the interest rate, and the need to avoid risk.",31.513526528843705
bf16,Tamil,74,"The full value of the notes is considered to be the import receipts of the RBI, while the portion of the value of the notes that is not considered to be the import receipts is considered to be the rejected import receipts, and accordingly action will be taken accordingly.",34.306706867486
bf16,Tamil,75,The number of credit papers in India has grown to an unprecedented level.,26.956290671753035
bf16,Tamil,76,"Despite the fact that the world is facing such a precarious situation, the Indian economy continues to suffer.",47.28121552357953
bf16,Tamil,77,"There is a lot of uncertainty in the financial market, which may have implications for the economic and financial stability of the country.",48.094917720694966
bf16,Tamil,78,"If the number of notes brought is more than five, but if the value is not more than 5,000, then the person should inform the nearest branch of the currency exchange or go directly to the branch to exchange the notes with the bank account details (account number, branch name, IFSC code, etc.) with the cash deposit.",43.18063588465081
bf16,Tamil,79,"Moreover, the right to privacy is an essential feature of a right to privacy, and therefore, it is necessary to prioritize the primary interests of the public when collecting data for the purpose of providing personal data, only collecting data for the purpose of the collection, and only using the data for the purpose of the collection.",44.26218163177587
bf16,Tamil,80,"A cyber criminal attacks or damages a computer or network in order to obtain or provide data, services, or information.",52.98243099126474
bf16,Tamil,81,"The sodium content in packaged and bottled foods is the highest of all, and it is also the most common additive.",27.03280573279818
bf16,Tamil,82,"If the car is moving and the brake is not connected, it may suddenly jerk when the car is stopped, or when it is moving or when an accident occurs.",24.604771006804967
bf16,Tamil,83,"But then, the British officer told the commander that he had heard that the Maharaja had said that he would liberate the fort after he had punished the prisoners.",31.97258473422069
bf16,Tamil,84,"At that time, Robert Mc Cormick was the chief of the Lahore Military.",41.439321557761
bf16,Tamil,85,"Although there were five British officers to every Indian soldier in the Meitei camp, the Meiteis did not suspect that the British officers had any secret relationship with the Meitei soldiers until the news came.",29.787039576485626
bf16,Tamil,86,These can also be harmful to the brain.,26.25824641957925
bf16,Tamil,87,"Daily, new icebergs were being dropped from both sides.",37.43176139102144
bf16,Tamil,88,"If he had been a personal thief, he would have been listed among the executioners rather than the martyrs.",38.36127432350785
bf16,Tamil,89,"He politely asked me to leave, saying, 'I'm sorry, there's no room here.'",29.812949947048292
bf16,Tamil,90,Have you ever thought about what would happen if we didn't clean our homes and surroundings?,63.65161832583812
bf16,Tamil,91,"In recent years, the use of digital technology has caused a number of changes in the world around us.",62.468979655040776
bf16,Tamil,92,"Letters sent for a long time, each recipient receives his own reply individually.",20.84419439265583
bf16,Tamil,93,"The doctrine that underlies the movement is what makes it a saint or a devil, depending on whether it is a good or bad thing.",21.132007609941414
bf16,Tamil,94,"After the death of each wife, he married her again and again to compensate for the loss.",23.85575960391385
bf16,Tamil,95,The idea of ​​awakening people to the idea of ​​freedom from slavery and justice has become a social responsibility of writers.,53.294374475870654
bf16,Tamil,96,This is all you need to know about him.,11.606943675572754
bf16,Tamil,97,"The thousands of soldiers marching in perfect order and formation, with their rifles and flags waving, entered the city through the mountain pass with the sound of the military band, and we could see them from the mountain pass.",37.84144276567776
bf16,Tamil,98,"They both read the Ramayana and the Mahabharata together, and they both read about the heroic deeds of the Marathas, and their youthful hearts were also filled with the same kind of divine inspiration that the Hindu epics were telling them.",48.644685215916006
bf16,Tamil,99,"There are no sufficient numbers of meteorological satellite data sets for cloud-free optical remote sensing, which is a major obstacle for remote sensing of agricultural applications during the rainy season.",58.349794949908905
bf16,Tamil,100,Clicking on the ad on the Internet can infect your computer.,28.58439123972164
bf16,Tamil,101,"It was aware that it was in danger of being attacked by its cave, and it came out of its cave in the Silli Valley and crushed its opponent with its claws.",23.44795418142628
bf16,Tamil,102,They followed them to the city of Kanpur and threatened to attack Kanpur.,39.35080670386141
bf16,Tamil,103,The trees and the trees around me surrounded me.,33.29375798004646
bf16,Tamil,104,"After him, the second Caesar briefly ruled.",28.950359461174173
bf16,Tamil,105,Brothers had a great deal of affection for each other.,34.74367964340131
bf16,Tamil,106,"I thought that if they accepted this proposal, then they would accept it for others too.",35.561000867301914
bf16,Tamil,107,The most striking feature of urban life is the variety of transportation.,46.97896014816044
bf16,Tamil,108,"If a crash occurs, a recovery process that involves looking at the cache of data and text stored in the memory, and then going through the process of restoring the data to the correct values or writing new values in the text, is ensured by the RAID-5 scheme.",35.57694436390994
bf16,Tamil,109,"One should give up both to overcome the financial crisis: first, the time spent in obtaining and releasing the barriers is much more than the time spent in obtaining and releasing the barriers; second, the arguments for the correctness of the arguments become more complicated.",44.190614168957474
bf16,Tamil,110,"If you have a swimming pool, try to learn how to save a drowning person by doing it in the water.",26.010906506690876
bf16,Tamil,111,"If you have any doubts about first aid procedures to be given to students during the monsoon, encourage them to ask questions.",54.31919714209605
bf16,Tamil,112,It was necessary to find out how much the spirit of independence movement was rising among the Punjabis.,56.32766855134758
bf16,Tamil,113,I have never forgiven my father for his pride.,27.050941322672223
bf16,Tamil,114,"This rebellion was in a way a kind of a match for Henry, because now he had a small loyal army in his hands, which was chosen by him as a small British army and a cannon regiment, which were two Sikh and Hindu Rajput regiments, who were proved loyal to him by severe tests.",38.22784426821564
bf16,Tamil,115,"The soldiers were positioned in a straight line, the food was ready, the hungry mouths were beginning to chew; the cups were filled with water.",46.234983044184055
bf16,Tamil,116,"British soldiers, you have been thinking about the merits of the sword, and you have shed blood from your heart, not from your mouth; so, join your commanders in the cool shade of the jungle and enjoy the cold water of the jungle!",46.1482281427701
bf16,Tamil,117,"Seeds grow into plants, or animals grow into plants, or animals grow into plants, or such things as you have seen.",34.414424550309455
bf16,Tamil,118,Women in Manipur are as much vulnerable to sexual violence as men.,45.05290013582833
bf16,Tamil,119,"In Jains, lightning strikes have caused devastation, and Panca warned her sons to prepare their swords for battle, saying that if they were to be cut off from their roots, they would reveal their plans to the foreigners and cut off their heads.",30.657137296854444
bf16,Tamil,120,"The producers of the famous Sandeepam films, J. B. Homi Virdi and his brother, were the pioneers of Sandeepam films.",29.30538086332508
bf16,Tamil,121,"They were in these films, and the first of them was the train-sabotage film ""The Train"" (1932), in which the train's roof was covered with many scenes of fights.",27.564198982847792
bf16,Tamil,122,"Assamese cinema is the name given to the Assamese films, which are primarily seen in Assam, India.",59.03977213445573
bf16,Tamil,123,The process of adapting a novel into a film is not always transparent.,34.83253002483738
bf16,Tamil,124,The most important thing is that there is a significant change in time and angle.,18.19627346359097
bf16,Tamil,125,They transform a novel into a hybrid of literary genres.,29.62649511155709
bf16,Tamil,126,The first online film review platform to start from the first day of the FTI and to continue till 11 July 2020.,30.20094447515135
bf16,Tamil,127,"This course was organized in collaboration with the National Film Archive of India, Pune.",74.15043389594815
bf16,Telugu,0,"The external appearance of a person is the sum of the characteristics of the clothes, shoes, belts, ornaments, hair accessories, makeup, jewelry, and other things that a person uses to serve.",33.35130426418536
bf16,Telugu,1,"The Ajanta and Ellora caves in Aurangabad district of Maharashtra are a collection of 208 Buddhist caves, which are believed to have been built between the 10th and 11th centuries.",32.25843548259417
bf16,Telugu,2,"The color of the body is combined with the hue of the body, and it is a solid body.",24.20819787217175
bf16,Telugu,3,"Ashoka sculptures, the widespread use of bronze for building, and the use of bamboo and wood in the past were replaced by the use of copper and bronze.",28.50155041645353
bf16,Telugu,4,"This delicious, famous dish is made by mixing Bengal gram with sesame seeds and then frying in oil.",25.87503428493555
bf16,Telugu,5,The Chikki Naadu cuisine is a style of cooking from the Chikki Naadu region of Tamil Nadu.,28.43674727315133
bf16,Telugu,6,"Jaggery is native to India, and its use extends from a sweetener to a medicinal tool.",39.52832625063019
bf16,Telugu,7,It can be made either as a dry or as a wet curry.,16.394959216883272
bf16,Telugu,8,"In Amritsar, each city has its own unique tastes, such as the Amritsar kulchas, stuffed parathas, and dairy products.",32.95458457956617
bf16,Telugu,9,Send Ram and Lakshmana to the demon king.,43.588279772630365
bf16,Telugu,10,"However, the story of the great scientist, Dr. Manmohan Pandey, is a story of devotion to the highest and most abstract of theories.",24.34666699756108
bf16,Telugu,11,"After peeling the garlic, add the turmeric and cook for 5-6 minutes until the garlic is cooked.",24.272763246763507
bf16,Telugu,12,"The Hito-Pans is a book that provides world knowledge through birds, animals, and human characters.",51.82198264620554
bf16,Telugu,13,This book aims to promote Sanskrit pronunciation and wisdom in the context of Sanskrit.,23.795918928811
bf16,Telugu,14,"Professor Asit Kumar Bandopadhyaya, his native town of Hyderabad, was the guide for the first and second parts of the book (the first and second parts) in compiling the history of Hyderabad with the help of the Sahar-i-Bith-i-Tahir.",35.35006986525694
bf16,Telugu,15,"The main entrance of the temple is a wooden door with a series of half-circular chaitanya arches before the main hall, and in some of them, the chaitanya arches are not present.",32.62154600851383
bf16,Telugu,16,"The traditional cooks of the 'Maharajas' and 'Khanas' (the name given to the skilled cooks in India) have been perfecting their recipes for generations, and these recipes have been passed down through oral tradition for thousands of years.",55.58295313549419
bf16,Telugu,17,The preparation of this dish is traditionally made by the housewives or the main cook.,33.11674238895183
bf16,Telugu,18,"Pav bhaji: It is a Marathi dish, in which a spicy vegetable curry is made with finely chopped vegetables and served with a soft bread roll (pav) in a tomato sauce.",47.281853601792776
bf16,Telugu,19,"Kashmiri literature such as Lallu Dheda and Makhdoom Sahib, the religious sentiment, the intense expression of the rebellious thoughts, the unique bhakti of Mirabai in Rajasthan, the Aandol of the Katha in Tamil, and the Mahadevi stanzas in Kannada are all examples of the great support of women in the literary tradition of the country.",35.772232241129366
bf16,Telugu,20,"The Baghi Caves, which are famous for their Buddhist sculptures, are located 97 km from the town of Dhar in central India.",46.43310755489906
bf16,Telugu,21,"In Sanskrit, the word ""mukh"" is generally used as a noun meaning a plant or tree, but in its secondary sense, it is used as a foot or any lower part or foot.",39.90938373027718
bf16,Telugu,22,The Indus Valley Civilization is known for its technological prowess in various fields.,65.1567930450502
bf16,Telugu,23,All the Kauravas die; only the five Pandava brothers survive.,82.17770130512768
bf16,Telugu,24,The war lasted for nine days and ended with the defeat of the Kauravas.,60.54407097266228
bf16,Telugu,25,"The Battle of Hastinapur, which is considered the main story of the Mahabharata, was a kingdom of the Kurukshetra clan that was located a little to the north of modern Delhi and fought for the throne of Hastinapur, which was called the Kurukshetra clan.",46.7620367825928
bf16,Telugu,26,"In Karnataka, the number of vegetarians is more than the number of meat eaters; therefore, their cuisine is more vegetarian than meat-based.",55.81740417057769
bf16,Telugu,27,The narrator explains to the hunter what is happening in the battlefield.,45.788970731637896
bf16,Telugu,28,Two great epics of Tamil Nadu are Silappadikaram and Manimekalai.,49.43073145483618
bf16,Telugu,29,"In this region, ginger is used with care.",27.47767292567735
bf16,Telugu,30,"Yoga is derived from the Sanskrit word ""Yuj"", which means to unite, to combine, to bind.",50.440011358118085
bf16,Telugu,31,The present Odisha is a unique art form that originated from the intricate sculptures carved on the pillars of temples in Odisha.,37.88668468763922
bf16,Telugu,32,"Vasishtha then spoke to the king in a courteous manner, ""Once you have spoken, you do not have to reject it.""",26.637488036617768
bf16,Telugu,33,"When he saw the despair of Arjuna, Krishna changed his behavior and began to teach the secrets of dharma to the world.",31.30328037283149
bf16,Telugu,34,You can also add a little bit of groundnut powder in between.,22.478781837788823
bf16,Telugu,35,"The dough is made by mixing a little rice flour with a little rice flour, and then the dough is kneaded with a little water.",22.36494157447881
bf16,Telugu,36,"The beautiful and awe-inspiring Gurudwara built in 1835 in the city of Keshgarh, near the city of Nanded, by the donation of Maharaja Ranjit Singh, was built on a silver-plated platform with delicate silver ornaments.",37.86307398414482
bf16,Telugu,37,This compilation of recipes is compiled with the intention of preserving the flavor and size of the original utensils.,26.417914642567204
bf16,Telugu,38,"The city of Kausalyas, as described by Valmiki in his epic, is clearly not comparable to modern cities.",31.76567246259492
bf16,Telugu,39,"Once you have said ""I will do it,"" there is no other option.",37.31134722567074
bf16,Telugu,40,"In recent years, opinions have been divided on the issue of the exchange rate and the foreign exchange reserves.",50.52979658778322
bf16,Telugu,41,"Banks can provide information to credit information companies (CICs) about credit card accounts that are more than the due date, or if a credit card account is more than three days past due, they can impose any late payment charges.",57.44022717081396
bf16,Telugu,42,Countries can promote inward investment to improve their economic situation by directly promoting it within.,53.4724376740814
bf16,Telugu,43,"If the package is approved within 90 days from the date of receipt of the application, the package will be implemented quickly, and the package will be upgraded to the status of the package received at the time of the package.",42.57200879385769
bf16,Telugu,44,"Are personal investment decisions, which are inevitable in the hands of some, the means to create wealth or to increase, compete, and technological progress, or are they the balance of power between inequality?",41.25325044162147
bf16,Telugu,45,It intervenes in the market to ensure that it does not fall short of expectations.,55.815112672771775
bf16,Telugu,46,The K2 project is expected to remain in a state of high operational readiness for the next 10 years.,18.579698844436773
bf16,Telugu,47,The way in which economists and other specialists interact to create a composite picture of the country and its economic development is a matter of general interest in the field of applied economics.,30.57932143230922
bf16,Telugu,48,The price at which a commodity is sold at a market price is the price at which it is worth the most.,21.490735060086894
bf16,Telugu,49,"The income tax system should be impartial and based on the actual income, not on any personal considerations.",36.79361086512112
bf16,Telugu,50,"Therefore, the amount of interest paid on the date of issue of the NPIs will not change if the interest rate is changed.",39.37240058346041
bf16,Telugu,51,"The first attempt to add other payment methods to the Indian payment system, including the UPI, along with other payment methods, such as those in other states, will improve the ease of payment for border-crossing transactions.",33.765341315133256
bf16,Telugu,52,The electricity sector is the most important sector in the use of natural gas (LNG) for the management of power plants and industrial (fertilizer) plants.,38.00822487379989
bf16,Telugu,53,"However, the markets may give you the opportunity to grow your business, but they do not give you the ability to create your own brand and sustain it.",44.86845401573815
bf16,Telugu,54,"Payment aggregators (PaaS) play a key role in the payment system, and they were brought under the purview of the Payment System Operators (PSOs) in March 2020.",55.69520629308082
bf16,Telugu,55,"Current regulations, including the payment aggregator's online analysis, or e-commerce transactions, are applicable.",54.05601769760511
bf16,Telugu,56,"According to the World Bank, the country can maximize its benefits by exporting products that are highly valued and importing products that are highly valued, and even more so if it is more favorable.",29.76856943060905
bf16,Telugu,57,"The credit growth in September 2022 was 16.2% higher than the previous year's 6.7%, and it was the highest growth in the last 16 years.",23.811074746103603
bf16,Telugu,58,"Before harvesting, the loans given for the next work are used for the purchase of seeds, threshing, harvesting, threshing, threshing, threshing, and transportation of their own crops.",37.43953551008691
bf16,Telugu,59,"Medium and long-term loans for agricultural and related activities are suitable for purchasing agricultural machinery, irrigation, other development projects.",52.6875317999129
bf16,Telugu,60,"Bank management auditors are trying to prevent the public disclosure of public sector banks to better investment and liquidity regulations, because public disclosure can cause public sector banks to lose their traditional financial sector and economic system.",42.59105500301937
bf16,Telugu,61,"Since the global economic crisis began, the government has become more, more, more, more, more, more, more, more, more, more, more, more, more, more, more, more, more, more, more, more, more, more, more, more, more, more, more, more, more, more, more, more, more, more, more, more, more, more, more, more, more, more, more",17.56103056053201
bf16,Telugu,62,"The price of the commodity is determined by the market clearing price, which is the price at which the market is willing to buy and the market is willing to sell.",41.14822298215897
bf16,Telugu,63,"The supply chain is determined by the supply chain, value and other factors (for example, profit).",34.66802484279796
bf16,Telugu,64,The current account balance is the difference between the value of the foreign assets and liabilities of a country and the value of the foreign currency assets and liabilities of a country.,30.11152132803179
bf16,Telugu,65,Trade balance is the difference between the value of exports and imports.,52.24898320720223
bf16,Telugu,66,"In 2018, December 19-20, the 15th SME World Summit, organized by the Ministry of MSME in collaboration with the Indian Institute of Management, Shillong, was inaugurated by Shri Giriraj Singh, Minister of MSME, Government of India, on the theme of ""Enhancing Competitiveness and Strengthening Linkages through MSMEs"".",33.899617472848085
bf16,Telugu,67,"The 7.1% of the GDP growth rate in 2022-23 was 6.7% in 2022-23, which was 6.7% in 2022-23.",11.82762469032938
bf16,Telugu,68,"India's import growth has been outpacing its export growth, but the latter has been growing more than the former.",50.98418353486789
bf16,Telugu,69,"Currently, the main focus of growth analysis is on economic performance (growth rate, GDP per capita, fiscal deficit, government debt, and tax revenue per capita), as well as social performance (poverty, inequality, employment, and nutritional status of the population).",54.8052960592336
bf16,Telugu,70,"Current economic discussions are more focused on the middle ground between social and economic management than on environmental management, which is largely negligent of the responses of the two.",43.341633401637885
bf16,Telugu,71,"The nominal value of the loan is the nominal value of the original plus the nominal value of the total amount of the loan before the restructuring, plus the nominal value of the current value of the loan to the Bank of India, which is equal to the nominal value of the loan to the restructuring group, plus the nominal value of the insurance for the life insurance and the nominal value of the insurance for the earthquake insurance.",31.26220179675872
bf16,Telugu,72,"In order to reduce the inflationary pressure and protect economic stability, the Reserve Bank of India has taken a step by injecting 50,000 crore rupees into the Special Liquidator Facility for Exchange Traded Funds (ETF) with the help of the Special Liquidator Facility for Exchange Traded Funds (ETF). This helped restore faith in the economy.",43.38104838450324
bf16,Telugu,73,"The recent price hike and the subsequent price hike are expected to lead to a severe economic downturn, instability, and a disaster.",25.116017388056484
bf16,Telugu,74,"Full value banknotes are considered as bearer payments at the Central Bank of India, while half-value banknotes and rejected banknotes are considered as legal tender according to the decision proposed by the Central Bank of India.",33.24142544384922
bf16,Telugu,75,The growth of the Indian economy is unprecedented in the history of the country.,25.43400261040555
bf16,Telugu,76,"Despite the fact that this tropical climate is a cause of worry, the Indian economy is still stable.",36.8123685262012
bf16,Telugu,77,There is concern about the possible impact of the economic crisis on the economic stability of the country.,24.41575198234183
bf16,Telugu,78,"A person who submits a note with more than five notes and less than 5,000 rupees is required to report the note to the nearest post office by submitting the details of his/her bank account (account number, branch name, IFSC code) through the teepad provided by the teepad operator or to change it at the post office itself.",36.06992780765008
bf16,Telugu,79,"The court also emphasized that the primary purpose of collecting personal information and facts is to ensure the best interests of the citizen, and that only the minimum necessary information should be collected for the purpose of obtaining the information.",35.16347650548647
bf16,Telugu,80,A cyber criminal uses a computer or network to take control of other computers or networks to prevent or damage information or services.,55.32331128873118
bf16,Telugu,81,"Salt is a very high-level preservative in packaged, jarred foods.",27.67905888403442
bf16,Telugu,82,"When a car is moving and suddenly brakes, turns, or falls into the car, the front part of the car can be thrown through the windshield.",24.337880308659447
bf16,Telugu,83,"But, the next morning, the British officer who was in the camp, hearing that the prisoner of war had said that he would free himself only after he had killed the British officer, told the general.",30.930344818804016
bf16,Telugu,84,"During this time, Robert Montgomery was the commander-in-chief of the Lahore garrison.",51.806281680594935
bf16,Telugu,85,"The British officers were not suspicious of the fact that the news of the battle of Meerut was coming to them from Meerut, but they were suspicious of the fact that they were having secret conversations with the Meerut sepoys.",31.02797796305977
bf16,Telugu,86,"They are addictive, but also have a negative effect on the brain.",60.64497387582936
bf16,Telugu,87,"Day by day, new armies are coming from both sides.",47.47459386288741
bf16,Telugu,88,"If you have a personal grudge, Mangal Pandey was not only in the list of heroes, but also in the list of criminals.",36.366564979373386
bf16,Telugu,89,"One day, he looked at me and said, ""Forgive me, I have no fish in my house.""",14.444501391423625
bf16,Telugu,90,Do you ever think about what would happen if we don't clean up the garbage from our homes and surroundings?,62.1408066703174
bf16,Telugu,91,"In recent years, the world has undergone many changes due to the widespread use of technological advances.",56.27918898703763
bf16,Telugu,92,"In the past, it took days to reach the north, and only those who were able to reach the north had the right to answer the question.",31.350165436951404
bf16,Telugu,93,"The sanctity of a movement is determined by the ratio of its inspiration to its principle, whether it is good or bad.",23.561567726966704
bf16,Telugu,94,"He married four times after his wife died, and he was married to Kamala Gandhi for four times in a row.",40.55976343645013
bf16,Telugu,95,The author's social responsibility is to write works that arouse the idea of ​​liberation from slavery.,37.120334814958056
bf16,Telugu,96,This is all that is needed to estimate his abilities and character.,35.62949194585419
bf16,Telugu,97,"Thousands of people walked in perfect discipline, chanting hymns, beating drums, and entering the city from the peak.",35.060019689432764
bf16,Telugu,98,"They read the Ramayana and the Mahabharata together; they read the stories of the battles between the Marathas, which inspired their young hearts to unite and create great inspiration for their heroes.",51.22120695783454
bf16,Telugu,99,The availability of cloud-free imagery supplementary information is a major obstacle for optical remote sensing applications for the use of visual remote sensing data in the rainy season.,46.96786034481649
bf16,Telugu,100,Any malicious advertisement on the Internet can also be in our system.,62.55356570662309
bf16,Telugu,101,"Seeing her in a cave, she came out of the cave and cut off her head with her sword and killed the enemy with her blood.",29.50142901096649
bf16,Telugu,102,He threatened to attack the city of Kanpur on the way to his wife's house.,31.810536296633213
bf16,Telugu,103,Seth and his followers surrounded him.,30.22250450926714
bf16,Telugu,104,"After him, the second Jherkies came.",32.598514002217875
bf16,Telugu,105,Brothers are deeply connected to each other.,55.32487843722642
bf16,Telugu,106,"I thought that they would agree to the proposal, and I would be able to persuade the rest of them.",43.237292566334006
bf16,Telugu,107,The most active aspect of the city is the various modes of transportation.,63.4051880111244
bf16,Telugu,108,"If a crash occurs, there is a way to recover, and the process of logging in and out, updating the storage, and restoring the state to the original state, but the records are updated or new records are added to the original location, or the rights-head-log protocol is used to keep track of the old records.",35.42544536749373
bf16,Telugu,109,"The first time that the agreement was signed, the first time that the agreement was signed, the first time that the agreement was signed, the first time that the agreement was signed, the first time that the agreement was signed, the first time that the agreement was signed, the first time that the agreement was signed, the first time that the agreement was signed, the first time that the agreement was signed, the first time that the agreement was signed, the first time that the agreement",14.00691246039064
bf16,Telugu,110,"If the beach is available, it is the best way to protect yourself from drowning.",29.635411465040058
bf16,Telugu,111,"If you have any doubts about the first therapeutic method of this topic, encourage students to ask questions.",50.26682923160363
bf16,Telugu,112,It is important to know how much the Indian National Freedom Struggle affected Punjabis.,22.603316765620807
bf16,Telugu,113,Such a great virtue is not a natural gift to my father.,36.51741345065896
bf16,Telugu,114,"Henry's rebellion was a way of making Henry happy, and he chose to have a regiment of the English, Sikh soldiers who had proved their loyalty to the British in many tests, and two regiments of Hindus and Muslims, both of which were religious.",38.67618277298075
bf16,Telugu,115,"Weapons were placed around the table, a meal was prepared, and the first morsel of food was swallowed; cups were made to hold the drinks.",33.06504637650761
bf16,Telugu,116,"You have earned your fortune by beating your enemies with your sword, not by the blood flowing from your body, so enjoy your meal in the shade of a cool coconut tree in the cool shade of a cool coconut tree.",43.14526446238165
bf16,Telugu,117,"They see plants growing as seeds, then growing into plants, or as puppies growing into puppies.",36.26765721425833
bf16,Telugu,118,Sexual harassment is equally harmful to boys as it is to girls.,26.92946924221969
bf16,Telugu,119,"When the lightning strike of Jhangsi destroyed the city, the bank was ready to throw his sons into the hands of the rebels, and if they were thrown, he would tell them that he would tell them about his own affairs and kill them.",29.80627246438703
bf16,Telugu,120,"The director of the famous stunt film, Vijay Babu, and his brother, Homi Babu, are responsible for the spread of the film.",35.57108658569935
bf16,Telugu,121,"The train journey depicted in this film is a thrilling drama, starting with the train journey on the track of the devastating typhoon Mail (1932), which made them kings.",36.87393814459541
bf16,Telugu,122,"Assamese cinema is a film in Assamese language, which is mainly seen in Assam, India.",63.0577470400299
bf16,Telugu,123,The Sanskrit phonemes are less transparent.,46.16623589358307
bf16,Telugu,124,"In particular, the hand is the most important part of the body and it is the most important part of the body.",18.52229189266607
bf16,Telugu,125,"They are published in various forms, resulting in a complex process, a mixture of styles.",28.064621550616906
bf16,Telugu,126,"The first online film course of the Film and Television Institute of India (FTII) was launched on June 15 to 11 July, 2020.",35.162982399228255
bf16,Telugu,127,"This course is jointly developed by the National Film Archive of India, Pune.",50.986962435067326
bf16,Odia,0,"The term ""Chehra"" is used to refer to the facial features of a person.",13.152787032184936
bf16,Odia,1,"The first day of the Hindu calendar is celebrated in the state of Meghalaya, and the state is also known as the ""Land of Clouds"".",19.52242986516377
bf16,Odia,2,The color of the skin is determined by the amount of melanin in the skin.,17.69098505770468
bf16,Odia,3,"The first use of the wheel was in the Neolithic period, and the wheel was used in the Indus Valley Civilization.",16.323513188073026
bf16,Odia,4,The most popular dish in the state is the steamed rice with a little bit of coconut milk and a little bit of salt.,16.404003702140454
bf16,Odia,5,"The name of the district is derived from the name of the village, which is also the name of the district.",17.41594991047176
bf16,Odia,6,"The state of Odisha is the largest producer of rice in India, and it is also the largest producer of rice in the world.",17.529117430298506
bf16,Odia,7,It is a very good way to get rid of the stress of the daily grind.,18.41034598446
bf16,Odia,8,"The people of Manipur are very fond of the local food, which includes the unique Manipuri kulcha, puri, and dhaba.",22.06850456399675
bf16,Odia,9,I want to make Ram happy and make Lakshman happy.,21.65797953626901
bf16,Odia,10,The Motherland Movement was a significant event in the history of India.,14.525968540843584
bf16,Odia,11,"The first time the sea was opened, it was a huge crater, and the sea was filled with the remains of the sea, and the sea was filled with the remains of the sea, and the sea was filled with the remains of the sea, and the sea was filled with the remains of the sea, and the sea was filled with the remains of the sea, and the sea was filled with the remains of the sea, and the sea was filled with the remains of the",15.926364633067438
bf16,Odia,12,"The island of Hiti is a sacred place for the Hindus, where they worship the gods and spirits through the medium of the sacred texts.",26.700140014701105
bf16,Odia,13,The author's main goal is to promote the spirit of creativity and the use of scientific knowledge.,27.07110943796574
bf16,Odia,14,"The first and second editions of the book were published in 1994 and 1995, respectively.",15.97064093215827
bf16,Odia,15,The most important feature of the Khola is the presence of a large number of people who are not related to each other by blood.,16.932842418408292
bf16,Odia,16,"The word ""Maharaja"" is derived from the Sanskrit word ""Maharaja"", which means ""King of Kings"".",8.701861995235856
bf16,Odia,17,The first and foremost feature of the festival is the presence of a large number of people who are called the 'Bhasma-Bhat' (the people who carry the fire).,20.88053995376273
bf16,Odia,18,"The word ""pao"" is derived from the word ""pao"" in the local language, which means ""to eat"".",11.4116662684359
bf16,Odia,19,The Lalla Devi and the Hawa Khataun's contribution to the development of the Indian classical music is immense.,15.013480097053424
bf16,Odia,20,"The Bhutia-Chithrimukhi temple is located in the middle of the district of Darjeeling, the highest district in the state of West Bengal.",26.417232425338128
bf16,Odia,21,"The word 'mool' is used in the context of a small amount of food, but in the context of a person, it means a small amount of money.",22.849035146949955
bf16,Odia,22,The Sindo-Chakma people are a unique ethnic group with their own distinct culture and language.,12.929280137473896
bf16,Odia,23,All the dead are buried in the same grave; even the great sage and the great king are still alive.,23.4932037303659
bf16,Odia,24,The people of the region are known for their hospitality and generosity.,20.58283802255097
bf16,Odia,25,"The main cuisine of the region is the traditional cuisine of the region, which is unique and different from other Northeastern Indian states.",18.326761498594944
bf16,Odia,26,"The population of the state of Sikkim is increasing rapidly, and the population of the state of Sikkim is increasing rapidly.",17.181899460745452
bf16,Odia,27,"The most famous of these are the <i>Sanjaya</i>, who are famous for their <i>ghot</i> (a type of <i>ghot</i>) and <i>ghot</i> (a type of <i>ghot</i>).",18.488806528000552
bf16,Odia,28,Tamil is a Dravidian language spoken in the Indian state of Tamil Nadu.,19.07254278461613
bf16,Odia,29,The use of rice is widespread in this region.,43.52137290021552
bf16,Odia,30,"The word 'Yojak' is derived from the Sanskrit 'Yuj', which means to unite or bind.",49.53937884858031
bf16,Odia,31,The ancient temples of the Northeast and the Northeast Indian states are unique and different from other Northeastern Indian states.,17.888455934800053
bf16,Odia,32,"The king of the state was a very kind and generous person, and he said to the king: ""I am a servant of the king and I will serve you with all my heart.""",23.01985770982617
bf16,Odia,33,"The author has been criticized for his views on the matter of the Virgin Mary, but he has now started to change his mind and is now studying the matter of the divine origin of the universe.",25.996465318317696
bf16,Odia,34,"The traditional way of making a pot of rice is to put the rice in a pot, cover it with a lid, and then stir it with a stick.",20.531207536198394
bf16,Odia,35,"The first restaurant in the city was a small restaurant in a shopping mall, and the first restaurant in the city was a small restaurant in a shopping mall.",14.879935815448894
bf16,Odia,36,The first and only nuclear power plant in India was built in the state of Maharastra in 1974.,12.72901356589942
bf16,Odia,37,The Samosa is a popular snack in India.,8.08477704257338
bf16,Odia,38,"The capital of Koshala was the capital of the ancient kingdom of Koshala, and it was indeed a great place for the ancient Indian civilization to live.",31.758520953748125
bf16,Odia,39,"I can't do it, I can't do it, I can't do it, I can't do it, I can't do it, I can't do it, I can't do it, I can't do it, I can't do it, I can't do it, I can't do it, I can't do it, I can't do it, I can't do",9.871659110747215
bf16,Odia,40,The 1990s saw the emergence of a new generation of young artists who were inspired by the works of the older generation.,20.47229019766841
bf16,Odia,41,The company's website is a good source of information about the company's products and services.,12.077397074735684
bf16,Odia,42,The Indian state of Meghalaya is a unique and different state in the country.,15.691144791835434
bf16,Odia,43,"The 90-day period of the 1990s was the most important period of the 1990s, when the 1990s were the most important period of the 1990s, when the 1990s were the most important period of the 1990s, when the 1990s were the most important period of the 1990s, when",18.536443596851377
bf16,Odia,44,The high altitude of the Himalayas is a major factor in the high altitude sickness of the people living in the region.,13.75747764384494
bf16,Odia,45,The market is a place where people can buy and sell goods.,18.29294722141427
bf16,Odia,46,The archaeological evidence shows that the Neolithic culture was spread across the entire region.,16.815050722935087
bf16,Odia,47,The country is a unitary parliamentary republic with a parliamentary system of government.,11.688778685394263
bf16,Odia,48,"The term ""Arthek Tarla"" is used to describe the most expensive and rare spices in the world.",14.122357991832008
bf16,Odia,49,The Mota-Mota is a unique and rare breed of cattle that is not found anywhere else in the world.,14.545169251165058
bf16,Odia,50,The date of the first appearance of the first appearance of the first appearance of the first appearance of the first appearance of the first appearance of the first appearance of the first appearance of the first appearance of the first appearance of the first appearance of the first appearance of the first appearance of the first appearance of the first appearance of the first appearance of the first appearance of the first appearance of the first appearance of the first appearance of the first appearance of the first appearance of the first appearance of the,11.356852785536578
bf16,Odia,51,The Indian Constitution is the supreme law of the land.,7.081280151392367
bf16,Odia,52,"The region is known for its high-quality tea, which is cultivated in the region and processed in the region.",15.168462201983534
bf16,Odia,53,The market is a place where people can buy and sell goods.,11.77242079070955
bf16,Odia,54,The 'Piemonte Group' is a group of Italian mountain villages that have been awarded the 'Piemonte's Best Village' award.,11.191530060733989
bf16,Odia,55,The Internet has become a great tool for the development of agriculture.,13.273070001727028
bf16,Odia,56,The main reason for the success of the company is the fact that it was founded by a man who was not only a businessman but also a philanthropist.,12.43472551725052
bf16,Odia,57,The 2020–21 season was the 10th season of the Indian Super League.,9.565076573651
bf16,Odia,58,"The main ingredients of the cuisine are rice, fish, meat, vegetables, and spices.",14.173123019166054
bf16,Odia,59,The cultivation and processing of rice and other agricultural products are the main occupations of the people of the Northeast.,24.61138598336412
bf16,Odia,60,"The most important thing is that the people of the region have been able to preserve their unique culture and language, and they have been able to preserve their unique culture and language, and they have been able to preserve their unique culture and language, and they have been able to preserve their unique culture and language, and they have been able to preserve their unique culture and language, and they have been able to preserve their unique culture and language, and they have been able to preserve their unique",17.411392638442884
bf16,Odia,61,"The state of Tripura is known for its unique and beautiful culture, and the state is also known for its beautiful and unique culture.",19.03735866353764
bf16,Odia,62,The market is a place where people can buy and sell goods.,16.431065977736566
bf16,Odia,63,The main purpose of the museum is to preserve the cultural heritage of the region and to provide a platform for the exchange of knowledge and ideas.,21.88041699513603
bf16,Odia,64,The account of the company is a good example of how to run a business in a small town.,12.204378876399815
bf16,Odia,65,The value of the exchange of goods and services is the difference between the value of the goods and services exchanged and the value of the goods and services provided.,66.47880783723133
bf16,Odia,66,"The 15th International Conference on the Development of the Indian Ocean Region (ICD) was held in New Delhi from December 19 to 21, 2018, with the participation of Shri. Narendra Modi, the Prime Minister of India, and Shri. Rajnath Singh, the Home Minister of India.",23.111175466199093
bf16,Odia,67,"The total area of the island is 1,100 square kilometers (420 square miles).",7.914613598387943
bf16,Odia,68,The Indian Ocean Rim Association (IORA) was established in 2013 to promote cooperation and integration among the countries of the Indian Ocean Rim.,15.074131625486151
bf16,Odia,69,"The main characteristic of the cuisine is the use of local ingredients, which are often used in combination with spices and herbs.",11.21805712737178
bf16,Odia,70,The traditional cuisine of Assam is unique and different from other Northeastern Indian states.,13.23061378799044
bf16,Odia,71,"The new currency will be issued in the form of a coin, which will be identical to the old currency in terms of its value.",12.047483188759111
bf16,Odia,72,"The first and only Indian company to be awarded the ""Space-like"" status by the International Space Station (ISS) is the Indian Space Research Organisation (ISRO).",14.43858148344182
bf16,Odia,73,"The area is rich in natural resources, including oil, gas, coal, and minerals.",12.921676505701582
bf16,Odia,74,The National Bank of India (NBI) is the central bank of India.,7.610538006261986
bf16,Odia,75,The population of India is the largest in the world.,19.633510477854752
bf16,Odia,76,The geographical location of the country is a great advantage for the country.,13.091059696190545
bf16,Odia,77,The market is a place where people can buy and sell goods.,13.575350438249789
bf16,Odia,78,"The number of people who have been killed in the conflict is estimated to be 100,000.",10.189272023105758
bf16,Odia,79,The court said that the main reason for the existence of the state is the unity of the people and the state.,12.57550507836201
bf16,Odia,80,"The term ""computer"" is derived from the Latin word ""computare"", which means ""to calculate"".",19.025580993389703
bf16,Odia,81,The unique and high-quality rice grown in the region is the main reason for its high nutritional value.,13.994533520065067
bf16,Odia,82,The high altitude of the Himalayas and the lack of rain and snow make the climate of the region very cold and dry.,15.826956198828452
bf16,Odia,83,"The first time I met him, he was a very polite and respectful person. He was very kind and considerate. He was very polite and respectful. He was very kind and considerate. He was very polite and respectful. He was very kind and considerate. He was very polite and respectful. He was very kind and considerate. He was very polite and respectful. He was very kind and considerate. He was very polite and respectful. He was very kind and considerate. He was very",13.55835275650841
bf16,Odia,84,"The current head of the Lahaul-Spiti administration is Ravneet Singh Manjot, who is a member of the Bharatiya Janata Party.",23.14104660945679
bf16,Odia,85,"The first recorded visit of the Jesuits to the region was in 1542, and the Jesuits were expelled from the region in 1750.",11.411125389016895
bf16,Odia,86,"The Eaglet is a rare bird, and it is not easy to find it.",13.687769853624044
bf16,Odia,87,The first European to visit the region was the Portuguese explorer Vasco da Gama in 1498.,14.452600945410296
bf16,Odia,88,"The name of the people of the region is derived from the name of the god of the region, and the people of the region are called the people of the god.",16.935978154848637
bf16,Odia,89,"I am sorry, but I am not a good person. I am a good person, but I am not a good person.",16.899851266565946
bf16,Odia,90,"If we are not able to live in harmony with nature, we will not be able to live in harmony with each other.",14.476651842725904
bf16,Odia,91,The use of digital technology has changed the way we live and work.,26.60243366080709
bf16,Odia,92,The first European to visit the island was the Portuguese explorer Ferdinand Magellan in 1521.,14.23335448669362
bf16,Odia,93,"The term ""Brahmin"" is derived from the Sanskrit word ""Brahmā"" which means ""the creator"".",12.59395788251232
bf16,Odia,94,He was a very kind and generous man. He would give his wife a gift of a goat every time he went to the market.,19.2477809908148
bf16,Odia,95,The 19th-century Bengali poet Rabindranath Tagore was a great advocate of the idea of ​​liberating the people from the bondage of the colonial power.,24.034143462987355
bf16,Odia,96,The only thing that kept him going was his loneliness and his desire to be free.,16.677942462325205
bf16,Odia,97,The 19th century was a time of great change in the lives of the people of the region.,10.997306942056854
bf16,Odia,98,"The Ramayana and Mahabharata were read by them, and they were the first to write the history of the Vedic religion. They were the first to write the history of the Vedic religion.",28.3128215885711
bf16,Odia,99,The main objective of the project is to develop a remote sensing-based data set for the assessment of agricultural productivity.,25.91644144060152
bf16,Odia,100,The Internet is a great tool for learning and sharing information.,19.52505215527562
bf16,Odia,101,The island of Chilly Island is a famous place in the history of the country.,15.012019769728177
bf16,Odia,102,"The two men were killed by the police, who also fired at them.",13.861757715783437
bf16,Odia,103,The people of the region were very hospitable and friendly.,18.77739954447189
bf16,Odia,104,"The next day, the ship sailed to the south, and the crew was relieved.",12.37455656255026
bf16,Odia,105,The people of this region are very hospitable and friendly.,15.601227623770107
bf16,Odia,106,"I believe that if they are treated as a nation, they will be treated as a nation.",24.045737372900582
bf16,Odia,107,The most important thing is that the entire region is a protected area.,25.685983925025035
bf16,Odia,108,"The most important thing is that the system is designed to be self-sustaining, and the system is designed to be self-sustaining, and the system is designed to be self-sustaining.",15.601373097776811
bf16,Odia,109,"The first thing to do is to make a list of all the things you want to do, and then to make a list of all the things you want to do, and then to make a list of all the things you want to do, and then to make a list of all the things you want to do, and then to make a list of all the things you want to do, and then to make a list of all the things you want to do, and then",16.097745706490198
bf16,Odia,110,The practice of fasting is a way of life for many people in the Northeast.,18.854555058814604
bf16,Odia,111,The first step in the development of the school was to provide free education to all children.,20.84981643174208
bf16,Odia,112,"The Javanese were the most advanced of the Javanese, and they were the most advanced of the Javanese.",14.552672760494776
bf16,Odia,113,My mother's cooking is unique and different from other Northeastern Indian states.,15.242307852781678
bf16,Odia,114,"The first of the two was the ""Satyagraha"" of Mahatma Gandhi, who was a great leader of the Indian independence movement.",14.918972982116038
bf16,Odia,115,"The island of Sri Lanka is a popular tourist destination, and the island is also a popular destination for Buddhist pilgrims.",12.444122755356702
bf16,Odia,116,"The British, who are the most advanced in the world in terms of science and technology, have a very different lifestyle from the rest of the world. They do not have to go to the sea to get clean water. They have their own well. They do not have to go to the hospital to get a healthy body. They have their own hospital. They do not have to go to the doctor to get a healthy body. They have their own doctor. They do not have",19.92921610274041
bf16,Odia,117,The ancient city of Angkor Wat is a UNESCO World Heritage Site.,5.946524161506996
bf16,Odia,118,Balinese cuisine is unique and different from other Indonesian cuisines.,10.806621781173686
bf16,Odia,119,"The <i>Bhagavad Gita</i> is a sacred text of Hinduism, and the <i>Bhagavad Gita</i> is a sacred text of Hinduism.",7.2833161457960784
bf16,Odia,120,"The first and most famous of the two was the ""Wabi-Tabi"" restaurant, which was opened by the two brothers, ""Wabi-Tabi"" and ""Homi Wabi-Tabi"".",19.127919061848704
bf16,Odia,121,"The film ""The Train"" (1932) by the Dutch filmmaker Jan de Vries is the starting point of this style, in which a train with a train conductor and a group of passengers is seen in a scene.",26.245992866651896
bf16,Odia,122,The first feature film in the Ahom language was made in 1914.,20.407067497036817
bf16,Odia,123,The unique and exquisite taste of the traditional cuisine of the Northeast is the result of the fusion of the local ingredients and the cooking techniques of the different ethnic groups.,14.65445428179769
bf16,Odia,124,The most important thing is that the people of the region are united and have a common goal.,18.72627036461613
bf16,Odia,125,"The island is a unique and different form of the archipelago, and the island is a mixture of different types of islands.",30.308816126901384
bf16,Odia,126,The first online course of the Indian Institute of Advanced Study was launched on 1 June 2020.,28.271981978146005
bf16,Odia,127,"The first Indian state to have a national theatre was the Indian National Theatre, which was founded in 1948.",27.542953523513663
nf4,Hindi,0,"For the service people, the uniform is a combination of many qualities, such as their shoes, clothes, ties, jewelry, hairstyle, makeup, watch, cosmetics, perfume, etc.",59.5257662174439
nf4,Hindi,1,The Ajanta Caves in Aurangabad district of Maharashtra are a group of 13 Buddhist caves that are dated to the 1st century BC to the 5th century AD and are decorated with Buddhist sculptures and paintings.,49.15183893667306
nf4,Hindi,2,The influence of the expansion makes the skin blend with the outer line.,33.796403209598765
nf4,Hindi,3,"Ashoka began to use stone to create statues and magnificent monuments, while before that traditional use was made of wood and clay.",37.70537661475722
nf4,Hindi,4,"This delicious and famous dish of Maharashtra is made by mixing spices in aloo, making a batter of gram flour, layering it with a layer of besan, and then deep-frying it.",44.43061834207053
nf4,Hindi,5,Chettinad cuisine is the food of the Chettiar community or themselves called Nargathar.,36.03524697544956
nf4,Hindi,6,"Cinnamon is native to India and is used in various ways, including as a flavoring and as a medicinal agent.",55.97659365870038
nf4,Hindi,7,Grind it in a dry grinder or in a mortar and pestle.,45.88352326050271
nf4,Hindi,8,"Every city of Punjab has its own choice, such as Amritsar people especially like Amritsari kulche, bhulla parathas and milk products.",46.925271077943215
nf4,Hindi,9,Send Ram to the sage and also send Lakshman.,49.4887205268064
nf4,Hindi,10,But the adventure of Mangal Pandey was done for the sake of a high and noble principle.,54.3363522291603
nf4,Hindi,11,"When onions are cooked in a curry, they are mixed with spices for a while and then add some chopped ginger and turmeric to the meat and cook for 5-6 minutes until all the spices are absorbed.",45.97544984167269
nf4,Hindi,12,"Hito-do is a book that presents the characters of birds, animals, and humans through the world of the world, and is presented through the world of the world.",67.0441055444083
nf4,Hindi,13,It seems that the book aims to encourage the reader to be proficient in Sanskrit and to be aware of the importance of good manners.,42.0073055882052
nf4,Hindi,14,"Professor Asit Kumar Bandopadhaya has played a significant role in compiling the history of his hometown, Howrah, in the first and second parts of his book, Howrah Shereer (first and second parts).",47.27156709946199
nf4,Hindi,15,"The front of the main chamber of the stupa is open and has a wooden roof, and in some of the chambers there is no main chamber roof.",32.42817663819235
nf4,Hindi,16,The generations of maharajas and maharajas (as they are traditionally called in India) have perfected these delicacies for centuries and now these delicacies are being passed on to the next generation through oral tradition.,51.05299770187976
nf4,Hindi,17,"Traditionally, the preparation of food is done by the cook, or by the head cook.",33.010863279342615
nf4,Hindi,18,"Pav Bhaji: This is a fast food dish from Maharashtra, which is a thick mixture of vegetables that is usually cooked in butter and served with a soft bread roll (pav) on top.",68.67363331610554
nf4,Hindi,19,"Habbakhat and Lall-Dyd Kashmiri compositions are known for their spiritual style and profound emotions, the Rajasthani poems of Mirabai are popular for their unique devotion, the Andal of Tamil is a profound knowledge of the wisdom of the Andaman and the Kannada of Akka Mahadevi are evidence of the widespread contribution of women in literature of the time.",45.35674405417421
nf4,Hindi,20,"The tiger caves, which are carved with Buddhist frescoes, are located 97 km from the town of Dahar in Madhya Pradesh.",49.97482693155227
nf4,Hindi,21,"The general meaning of Sanskrit literature is the root of a plant or tree, but in a metaphorical sense, it can be any part or bottom of a thing.",59.80245392708279
nf4,Hindi,22,The Indus Valley Civilization is known for its technological knowledge in various regions.,71.90485266198218
nf4,Hindi,23,All Kauravas are killed; only five Pandava brothers and Krishna are alive.,61.39743021261543
nf4,Hindi,24,The war lasted for 18 days and ended with the defeat of the Kauravas.,60.2521462815748
nf4,Hindi,25,"The central story of the Mahabharata is the story of a struggle for the throne of Hastinapur, a state that is modern Delhi and which is known as the Bharata tribe.",52.50162742083756
nf4,Hindi,26,"The number of vegetarians in Karnataka is more than the number of meat eaters; therefore, their food is mainly vegetarian.",58.44910860057646
nf4,Hindi,27,"They are told by Sanjay, who is telling them what is happening in the battlefield, to the north.",53.35613011213054
nf4,Hindi,28,"Two great epics in Tamil, Silappadikaram and Manimekalai are found.",55.39072571537172
nf4,Hindi,29,The use of powdered chili is carefully made in this region.,49.42224732624248
nf4,Hindi,30,"Yoga is derived from the Sanskrit word ""yoga"" which means to join or to unite.",60.96267955790324
nf4,Hindi,31,The temples of Odisha have evolved from a variety of carvings on the walls of various Hindu deities.,38.12092277097227
nf4,Hindi,32,"Vishnupada now walked towards the king and spoke slowly: ""King, you are not worthy of the thing you have promised, you should be ashamed of yourself.""",32.07148324639823
nf4,Hindi,33,"Only when they understood the limits of Arjuna's despair, Krishna changed his attitude and started teaching the secrets of religious conflicts in the world.",50.36085350490508
nf4,Hindi,34,"As you are adding rice flour, occasionally you can add a little coconut flour.",28.17468066919101
nf4,Hindi,35,"You can start by mixing a spoonful of coconut flakes in a bowl, then mix the rice flour well.",34.061979556170535
nf4,Hindi,36,"The Gurudwara was built in 1835 near Nanded by Maharaja Ranjit Singh, and is a beautiful and extraordinary Sikh temple with a complex carved dome.",34.780240385230115
nf4,Hindi,37,The Samaveda is a collection of selected hymns that are arranged in a rhythmic tune by setting them in the voice in accordance with the proposed verse or rhythm.,38.22195759791632
nf4,Hindi,38,"This is clear from the description of the capital of Koshala by Valmiki, which is not less than any modern city of our modern cities.",53.46025021619596
nf4,Hindi,39,"Once you have said that you will do it, there is no other option but to do it.",51.77473772670312
nf4,Hindi,40,"In recent years, different views have emerged regarding the exchange rate of the rupee and the adequacy of foreign exchange reserves of the Reserve Bank of India.",60.69786688734696
nf4,Hindi,41,"When a credit card account shows a balance of more than three days, only banks can inform credit card companies (C.I.C.) that it has a late payment fee, etc.",40.10294965490911
nf4,Hindi,42,The country can promote foreign direct investment to improve its economic situation.,44.41168791437023
nf4,Hindi,43,"However, as a form of encouragement for quick implementation of packages, if the package is implemented within 90 days of receiving the application by the bank, the classification status of the bank may be re-established at the level of the application received by the bank.",61.69117115705044
nf4,Hindi,44,"Is the ability to accumulate private capital essentially limited to a few people, or is inequality reduced as a result of the forces of development, competition, and technological progress?",46.34249574492521
nf4,Hindi,45,This market is designed to reduce and prevent excessive growth of the market and to reduce the risk of excessive growth.,30.440255573410504
nf4,Hindi,46,The second quarter's high frequency data shows that economic operations are still strong.,36.20863902536564
nf4,Hindi,47,"In the field of general economics, a nation is a subject and its markets are affected by each other that are called broad events which economists call general equilibrium.",38.34053777494564
nf4,Hindi,48,"The meaning of the word ""liquidation"" is to sell a financial asset at a very low price compared to the market value in a very short period of time.",35.35008748204718
nf4,Hindi,49,"Generally, the policy of the state should be based on personal reasons rather than objective and recovery details.",45.59053601772887
nf4,Hindi,50,"Therefore, the interest rate of such securities is not due in the event of the date of the interest, and as a result, the interest is lost.",37.03827161285313
nf4,Hindi,51,"The Indian payment system - UPI - which is the fastest payment system in the country, is expected to be linked to other payment systems in other states, including the same payment system, to improve payment arrangements with other states.",41.84076643557513
nf4,Hindi,52,Liquefied Natural Gas (LNG) is becoming very important in the energy sector due to its use in power plants and industrial (food) plants.,49.27431147330165
nf4,Hindi,53,"Marketing sites can increase sales, but they do not make you a company that is worth staying for long or a brand that is worth selling.",25.753009649311142
nf4,Hindi,54,Payment collectors (P.A.) are paid under the rules in March 2022 and are now appointed as Payment System Managers (PSOs) under the payment system.,39.051432828644735
nf4,Hindi,55,The current regulations apply to the payment processors that are involved in online or e-commerce transactions.,58.6822511825488
nf4,Hindi,56,"According to the record, a country that exports goods in a comparative advantage and buys goods in a relatively less favorable manner (even if it is still positive) will benefit from international trade.",36.60257684480238
nf4,Hindi,57,The bank deposit rate has increased by 16.2% in the annual growth rate in the 6.7% of the previous year.,16.832385754471385
nf4,Hindi,58,"The cost of the work of harvesting crops before and after the loan is sprayed, cleaned, cut, sorted and transported to the village, which is used for the cost of the work of harvesting crops before and after the loan.",28.968246548886672
nf4,Hindi,59,Medium and long-term loans are given for the purchase of agricultural machinery for irrigation and other developmental works for agricultural activities.,63.0444837358712
nf4,Hindi,60,The banking inspector is trying to check the impact of shadow banks on traditional banks and trying to limit it through better regulation of capital and current accounts to benefit the general public.,40.03028488722008
nf4,Hindi,61,Official areas are more and better than ever before and are looking for vulnerabilities.,32.99443205299518
nf4,Hindi,62,The market price is determined by the demand and supply being equal.,47.14676621987157
nf4,Hindi,63,"The equilibrium price and other factors (for example, supply and demand) determine the level of supply and demand.",57.364902395173885
nf4,Hindi,64,"The balance of the current account is added to the total amount of foreign investment or transfers by employees, which are usually a small part of the total amount, which is called net foreign assets.",41.3254224101175
nf4,Hindi,65,The trade balance between exports and imports is the difference between the value of goods exported and services provided.,61.68334375748893
nf4,Hindi,66,"Minister Shri Girija Singh, Small, Cottage and Medium Industries (MSME), (Independent Charge), who gave the keynote address at the 15th S.M.E. Global Summit held in New Delhi on December 19-20, 2018, has made the efforts of the Ministry of MSME, which has been continuously made, have improved our category in the list of S.M.E. Global Summit, which has been connected",40.44046424240095
nf4,Hindi,67,"Taking into account these factors, inflation is expected to remain at 6.7 percent for the year as a whole, with risks balanced equally in the second quarter at 7.1 percent; in the third quarter at 6.5 percent; and at 5.8 percent for the fourth quarter.",59.080207437394186
nf4,Hindi,68,"India's import has been decreasing, but its export has been increasing more than ever.",31.990906901984285
nf4,Hindi,69,"Currently, growth accounting is mainly focused on economic performance (as measured by the rate of economic growth, the percentage of the gross domestic product, the percentage of the government's budget deficit, the percentage of the government's budget deficit, etc.), and social performance (as measured by the percentage of poverty, discrimination, employment levels, the nutritional level of the population, etc.).",55.947872471106095
nf4,Hindi,70,"The current economic discussion is about maintaining a balance between social and economic performance, which is somewhat ignored in the relationship between environmental performance and their mutual relations.",64.2512196829735
nf4,Hindi,71,The current value of the current value of the current value of the current value of the current value of the current value of the current value of the current value of the current value of the current value of the current value of the current value of the current value of the current value of the current value of the current value of the current value of the current value of the current value of the current value of the current value of the current value of the current value of the current value of,17.650613898303323
nf4,Hindi,72,"In addition, the Reserve Bank of India (RBI) has provided a special loan facility of Rs 50,000 crore to the Reserve Bank of India (RBI) to restore confidence in the financial markets and to maintain financial stability.",47.01026113904757
nf4,Hindi,73,"The recent rapid increase in the number of elderly and the additional large elderly has led to a decline in economic conditions, a high degree of instability, and people are becoming more and more reluctant to take risks.",28.98903195437473
nf4,Hindi,74,"Full value banknotes issued by the Reserve Bank of India will be considered as cash in the Treasury Branches, while half-value banknotes and invalid banknotes will be considered as presentation notes and will be processed accordingly.",42.86134861791125
nf4,Hindi,75,The amount of loans in India has increased very much.,22.23940565284492
nf4,Hindi,76,"Despite the global atmosphere, Indian economy is still in a state of growth.",35.39250022219624
nf4,Hindi,77,There is a feeling of unease in financial markets that could have an impact on the real economy and financial stability.,59.4941126405075
nf4,Hindi,78,"When the number of coins given exceeds 5 and their total value exceeds 5,000, it is recommended that the person who gives the coins should send them to the bank branch with the bank account number, branch name, IFSC, etc. along with the postal address of the bank and the bank branch.",33.45207417044348
nf4,Hindi,79,"The court also noted that the privacy of personal information and the confidentiality of facts are an extremely important component of personal rights and therefore, the collection of information for the purpose of publishing the information should be given priority to protect the best interests of citizens, and only those personal data that are necessary should be collected and used for the purpose for which they were collected.",48.76850687210374
nf4,Hindi,80,Cyber-attacks are attacks that attempt to access other computers or networks to steal data or services.,41.24385412385833
nf4,Hindi,81,All packaged foods and processed foods contain a lot of sodium because they are preserved by adding salt.,40.20748665319887
nf4,Hindi,82,"When the speed is high, sudden braking, changing the speed or changing the direction of the vehicle in an accident can enter the inner part of the car in an uncontrolled C.R.S. vehicle.",42.56677521247105
nf4,Hindi,83,"But the same morning, a white prisoner who had been left by the British was brought into the camp and General was told that he had heard that the fort would be vacated but until then he would not leave.",37.0366757720244
nf4,Hindi,84,"At the time, the main commander of the army in Lahore was Robert Mountgomery.",53.602753301708525
nf4,Hindi,85,"Although the number of British soldiers in the Miyan Mir camp was four times as many as those in the other four, the news reached the British officer, and when the news reached them, they were unable to be sure whether they were in contact with the British officers in the camp or not.",40.03724969300696
nf4,Hindi,86,Their only addiction is not only addictive but also has a negative effect on their brain.,59.90975581207787
nf4,Hindi,87,"Every day, new pieces were coming in both directions.",47.32670552668077
nf4,Hindi,88,"If any personal hatred were to arise, the name of Mangal Pandey would not be on the list of martyrs but on the list of murderers.",46.34764626323101
nf4,Hindi,89,"He said, ""Sorry, we don't have any empty seats,"" and I was politely told, ""Sorry, we don't have any empty seats,"" and I was politely told, ""Sorry, we don't have any empty seats,"" and I was politely told, ""Sorry, we don't have any empty seats,"" and I was politely told, ""Sorry, we don't have any empty seats,"" and I was politely told, ""Sorry,",17.18623488634717
nf4,Hindi,90,Have you ever thought about what would happen if we didn't clean our homes and surroundings?,63.65161832583812
nf4,Hindi,91,"In recent years, the world has undergone a lot of changes due to the use of digital technology.",69.42837104399617
nf4,Hindi,92,"In the past, it took many days to send a letter, and each recipient would send his own copy and respond separately.",61.91568098312029
nf4,Hindi,93,The spirit of revolution is considered either holy or unholy depending on whether it is beneficial or harmful to the principles of the revolution.,45.28146893707975
nf4,Hindi,94,Gandhi married four times after the death of his wife.,42.27060661131395
nf4,Hindi,95,This article has become a responsibility of writers to make people aware of the concept of justice and freedom from slavery.,53.10759117861911
nf4,Hindi,96,Only this fact is enough to guess their capacity and character.,42.02130301712214
nf4,Hindi,97,"We could see them clearly entering the city with the clear sight of the entire discipline, with the accompaniment of thousands of soldiers, with the flags and banners fluttering, and with the whole discipline in the peak.",45.74688067789489
nf4,Hindi,98,"They read the Ramayana and the Mahabharata together; they read the descriptions of the battles of the Marathas and the great inspiration from the great stories of Hindu valour, which beat their young hearts together.",56.658224483791095
nf4,Hindi,99,The lack of sufficient satellite data for monsoon seasons makes it difficult to use remote sensing data for agricultural applications during the monsoon season.,51.625614698339525
nf4,Hindi,100,"When we click on a malicious advertisement on the Internet, it can also reach our computer system.",84.9427123799635
nf4,Hindi,101,"He saw his cave in danger and ran out of his mother's house to see his enemy and brutally beat him with his terrible blows, which made him lose his life.",33.44299285553695
nf4,Hindi,102,They went to Nani Bhoot and threatened to attack Kanpur.,37.02455471467045
nf4,Hindi,103,The king and his officials surrounded me.,32.20052814449104
nf4,Hindi,104,"Then, Zaryj II ruled for a while.",25.20783360719451
nf4,Hindi,105,Both brothers were very fond of each other.,47.29076916179193
nf4,Hindi,106,"I thought that if they agreed to the proposal, they could be persuaded to agree for others.",67.33998105797997
nf4,Hindi,107,The most dynamic element of urban areas is the various means of transport.,69.4459102856631
nf4,Hindi,108,"Right-hand logging ensures that if the crash occurs, the process of recovery is organized systematically so that all complete and intended changes in the cell can be searched and stored in the memory and the new values can be set on the basis of the situation or new values can be set.",40.95720348261821
nf4,Hindi,109,"The first thing that puzzles us is that if more than one thing is blocked, it takes more time to reach and open them, and the second, the arguments are more complicated.",37.3325778220817
nf4,Hindi,110,"If there is a facility for swimming, the practice of life-saving techniques can be done there to save people from drowning.",48.93063560734247
nf4,Hindi,111,Students should be encouraged to ask questions about the process of first aid for swimming if they have any doubts about the process of first aid for swimming.,76.64227558804926
nf4,Hindi,112,It was important to find out how much the national independence spirit was awakened among the Sikh soldiers.,48.57356661934236
nf4,Hindi,113,Such a noble forgiveness was not easy for my father.,48.93944516413454
nf4,Hindi,114,This rebellion was a kind of a blessing for Sir Henry because now he had a select and loyal army which consisted of the English Volunteers and the Artillery and the Sikhs and the Hindus had two loyalties which were proved by the tests of the severest ordeals.,43.87463162145481
nf4,Hindi,115,"The weapons were arranged in a row, the breakfast was ready, and the hungry people were chewing the first mouthful; cups filled with drinks were ready.",60.30920869413205
nf4,Hindi,116,"The British soldiers did not get their food from the blood they shed, but from hard work; so enjoy your breakfast with your generals!",31.353359438215744
nf4,Hindi,117,"You have seen plants growing in the field that then grow into plants, or you have seen dogs growing in the form of puppies or birds growing in the form of birds.",40.73518697511992
nf4,Hindi,118,Boys are equally vulnerable to sexual harassment.,81.77764809856058
nf4,Hindi,119,"When the electricity went out in Jhansi and it was being cut off, when the king's sons were preparing to take swords out of their hands to fight for independence, he ordered them to be cut off and said that if they did not take their swords out of their hands, he would inform the thieves about their movements and then cut their heads.",36.427983390483135
nf4,Hindi,120,The film makers who were responsible for making popular films involving dangerous stunts were G. B. H. Vadiya and his brother Homi Vadiya.,52.02641084403772
nf4,Hindi,121,"The train adventure film The Storm of the Train (1932), in which many scenes of fighting were filmed on the train's roof, made them the king of this genre.",34.294226523939074
nf4,Hindi,122,"Assamese cinema is primarily Assamese cinema, which is seen in Assam.",49.48397052028405
nf4,Hindi,123,The best translations are not as transparent as the original works.,38.62036520762664
nf4,Hindi,124,"It is a temporary hand washing, and it is intended to understand the intention.",31.885590557268884
nf4,Hindi,125,"They make a novel and result is a hybrid case, a mishmash of many genres.",38.56157976439122
nf4,Hindi,126,The first online film appreciation course was started by F.T.I.I. on June 15 to 11 July 2020.,36.74204535049024
nf4,Hindi,127,"The course is prepared by the National Film Archive of India, Pune.",55.36273155730893
nf4,Bengali,0,"The outward appearance is a group of characteristics of the person that the service provider is, such as his shoes, clothing, tie, jewelry, hairstyle, makeup, perfume, etc.",52.18859097979125
nf4,Bengali,1,"The thirteen caves and the Buddhist and Jain caves in the ancient period of the first century to the fifth century in the state of Aurangabad in Maharashtra are decorated with sculptures and paintings, which are the most beautiful in India.",53.00196738730043
nf4,Bengali,2,The outline of the body is formed by the combination of the color and the outline.,21.70852735790682
nf4,Bengali,3,"Where the previous tradition was to build with wood and stone, Ashoka started using stone in the construction of sculptures and great monuments.",56.0019067236925
nf4,Bengali,4,This delicious and popular dish is made by mixing boiled potatoes with spices and deep-frying it in oil until it is golden brown.,27.549854577345283
nf4,Bengali,5,Chettinad cuisine is unique and different from other Tamil Nadu region.,24.60201386571752
nf4,Bengali,6,Darjeeling is primarily produced in India and used as a fragrant substance to medicinal substances.,26.257304491348243
nf4,Bengali,7,Grind these into a dry powder.,22.866884933156207
nf4,Bengali,8,"Each city of Punjab has its own taste, such as Amritsar's Amritsari kulcha, Purvrat parantha and dairy products.",37.72339463705361
nf4,Bengali,9,Ram is also a Brahmin and a Brahmin is also a Brahmin.,12.750006254884369
nf4,Bengali,10,But the brave deeds of the Martian were done through the dedication to the lofty principles of the human race.,36.2490308966384
nf4,Bengali,11,"When the onions turn transparent, mix them with minced meat and fry it with mustard and all spices for 5-6 minutes until the meat is cooked.",30.78147939414688
nf4,Bengali,12,"Hito-dosh is a book that explains the world through the characters of birds, animals and humans.",62.58810077661617
nf4,Bengali,13,The purpose of this book is to encourage the development of the ability to express oneself in the form of literature and to promote the study of the culture of the people.,38.82116215307968
nf4,Bengali,14,"The history of the city of Hooghly (first and second volumes) published in 1994 and 1995 by Professor Asit Kumar Banerjee, who played a pioneering role in the compilation of the complete history of Hooghly city, is a landmark contribution to the history of Hooghly.",45.4745377645626
nf4,Bengali,15,"The front part of the courtyard of a temple is depicted in the image of a half-circular temple hill with a view of a courtyard, and, in some cases, there is no courtyard view in the courtyard.",39.97406440359239
nf4,Bengali,16,'Maharaja' and 'Khanzama' (the names of the experts in India - the names of the experts in India - the names of the experts in India - the names of the experts in India - the names of the experts in India - the names of the experts in India - the names of the experts in India - the names of the experts in India - the names of the experts in India - the names of the experts in India - the names of the experts,18.90559510486228
nf4,Bengali,17,"Traditionally, a village has a main cook or a group of cooks who prepare the food.",21.42070207136529
nf4,Bengali,18,"Pao Vadi: A quick and easy meal in Maharashtra, usually made with boiled vegetables and a soft roll (pao) filled with a thick vegetable curry (pao) in a soft roll (pao).",39.86106344017632
nf4,Bengali,19,The mystery and intense suffering of the mysterious and expressive sorrows of the mysterious and expressive sorrows of the mysterious and expressive sorrows of the mysterious and expressive sorrows of the mysterious and expressive sorrows of the mysterious and expressive sorrows of the mysterious and expressive sorrows of the mysterious and expressive sorrows of the mysterious and expressive sorrows of the mysterious and expressive sorrows of the mysterious and expressive sorrows of the mysterious and expressive sorrows of the mysterious and expressive sorrows of the mysterious and expressive sorrows of the mysterious and expressive sorrows of,16.004758365255796
nf4,Bengali,20,The Bhaggu Cave where Buddhist murals are located is 97 km away from the district of Dhar in the middle of Madhya Pradesh.,54.022324496998166
nf4,Bengali,21,"The general meaning of the word is a root, but in a decorative sense, the lower part or the bottom of something or the bottom of something.",41.02950480281243
nf4,Bengali,22,The Indus civilization is known for its technological knowledge in various fields.,67.16959093281497
nf4,Bengali,23,All the Kauravas died; only the Pandava brothers and Krishna survived.,80.75519108227688
nf4,Bengali,24,"The war lasted for 18 days and the Kauravas were defeated, and the war ended with it.",40.7653137056094
nf4,Bengali,25,"The central story of the Mahabharata is the story of a male-dominated kingdom of the Kauravas and the Pandavas, which is located in modern Delhi, and the story of the conflict over the throne of the king of the Kauravas and the Pandavas.",45.52128178624199
nf4,Bengali,26,"The number of vegetarians in Karnataka is higher than that of meat-eaters, so vegetarian food is included in their cooking.",43.20572554451172
nf4,Bengali,27,"He told us what was happening in the battlefield, which was the description of the war.",39.3814950728538
nf4,Bengali,28,The two epics in Tamil are Silappadikaram and Manimekalai.,71.41406046931463
nf4,Bengali,29,"In this region, the use of this spice is very careful.",35.415031429749874
nf4,Bengali,30,The word 'yoga' is derived from the root 'yuj' which means 'to join'.,38.17650186046636
nf4,Bengali,31,The endless sculptures carved on the walls of temples have been the origin of Odisha.,44.2105568301033
nf4,Bengali,32,"Now, the king is back and humbly says: ""King, if you refuse once, it will be bad for you.""",21.420497595724008
nf4,Bengali,33,"After realizing the extent of Arjuna's despair, Krishna began teaching him about the mystery of the Dharma, which is a great lesson for the world.",41.35275527985047
nf4,Bengali,34,"When adding rice powder to the pot, you can also add a little coconut powder in between.",32.60896557442687
nf4,Bengali,35,"Start by mixing a little coconut oil in a bowl, then add a little rice powder.",18.446805026245627
nf4,Bengali,36,"The Mandir was built in 1835 AD by the donation of Maharaja Ranjit Singh, which is a beautiful and elegant temple with exquisite carvings and a gilded dome.",35.572390370559354
nf4,Bengali,37,"Samaveda is a collection of verses proposed by the sage Samaveda, which maintains a rhyme or rhyme with the rhythm of the verses.",33.48324409058234
nf4,Bengali,38,The description of Kosala from the Vedas clearly shows that the ancient city of Kosala was not inferior to our modern city.,54.16616101212897
nf4,Bengali,39,"Once you say 'I will do it', there is no other way to do it.",34.46024824817751
nf4,Bengali,40,There are various opinions on the exchange rate of money and the adequacy of foreign exchange reserves in our country.,45.83956967497687
nf4,Bengali,41,"If you have a credit card account for more than three days, the bank will inform the credit card company (CICI) or issue a fine, such as a delay in payment, etc.",36.94444189243244
nf4,Bengali,42,Countries can be encouraged to promote inward investment through economic development.,41.08290846993816
nf4,Bengali,43,"However, the award-winning package will be implemented within 90 days of the application, and the status of the classification of assets will be restored to the position of the current situation when the application is received.",46.34172176442707
nf4,Bengali,44,"Is personal wealth accumulation inherently concentrated in the hands of a few people, or is it a force that promotes equality and competition and technological progress?",40.81881429279211
nf4,Bengali,45,It intervenes to keep the market stable and to keep hope alive.,34.39973588564868
nf4,Bengali,46,The second quarter indicates a stable economic activity that is in the high-use category.,38.88891694821336
nf4,Bengali,47,"The basic principle of the collective economy is that a country and all its markets are connected to each other in a large scale, economists call this the aggregate economy.",35.18487475730624
nf4,Bengali,48,The limit of the liquidity is used to indicate that the price of financial assets is close to the market value within a short period of time.,42.45907231971724
nf4,Bengali,49,"In a broad sense, the principle of recognition is to be based on a non-discriminatory and non-retrospective basis rather than a subjective and retrospective basis.",39.26362586261981
nf4,Bengali,50,"Therefore, there is still a lot of interest in the interest rate, and the interest rate is also still not due.",31.37653752692488
nf4,Bengali,51,The integration of India's fast financial system UPI with other fields will enhance the possibility of improving the financial system of India and the possibility of cross-border financial transactions with other fields.,33.51184827812453
nf4,Bengali,52,The liquefied natural gas (LNG) is given greater importance in the energy department due to its use in power plants and industrial (chemical) plants.,48.26270146864732
nf4,Bengali,53,"However, markets are not a good way to boost sales, but they are not a good way to create a sustainable business and create a marketable brand.",50.256824749361904
nf4,Bengali,54,The role of money collectors (P.A.) plays an important role in the economy and so they are included in the law of the year 2020 and the money collector (P.S.O.) is called.,29.045556698699045
nf4,Bengali,55,"However, the current rules apply to the merchants who process online or electronically or through electronic commerce.",33.87987334774327
nf4,Bengali,56,"Ricardo's insight was that a country, despite its size, would have the largest free trade and the most advantageous trade with its largest free trade goods and the most advantageous trade with its largest free trade goods.",28.289581326694734
nf4,Bengali,57,"The rate of growth of deposits in the bank account has increased at a rate of 16.2% annually, which is faster than the rate of growth of deposits of one year ago.",24.402230785263285
nf4,Bengali,58,"The activities of borrowing for the cultivation and harvesting of crops are included in the loan, which includes the application of pesticides, weeding, harvesting, threshing and transportation.",41.86448279592623
nf4,Bengali,59,"Agricultural and other related activities will include the purchase of agricultural machinery, irrigation and other developmental works taken by farmers and other farmers.",56.18773934397333
nf4,Bengali,60,"The practice of copying banks is a sign of financial and economic influence, and the banking regulator is trying to be more prudent through the deposit and liquidity law.",28.21882578935772
nf4,Bengali,61,Government departments are collecting more and more information and looking for hidden weaknesses during the time of the global financial crisis.,53.82291253506283
nf4,Bengali,62,The price is determined by the demand and the supply of the same amount.,39.67699099517216
nf4,Bengali,63,The equilibrium of the structure determines the level of supply and demand as a measure of price and other factors (such as income and other factors).,52.105896533652654
nf4,Bengali,64,"Then, the amount in the account is the total factor income (i.e., the sum of the foreign exchange earnings, foreign aid, or the amount sent to the country by foreigners) which is usually a small fraction of the total amount.",36.91767681371112
nf4,Bengali,65,The difference between trade balance is the difference between exports and imports.,44.13406636475858
nf4,Bengali,66,"The Minister of State for Micro, Small and Medium Enterprises (MSME) Shri Giriraj Singh on December 19-20, 2018, at the 15th Global MSME Summit organized by the Ministry of MSME in partnership with the Indian Institute of Management (IIM), New Delhi, said that the continuous efforts have resulted in the improvement of our ranking and the progress in the process of joining the G.V.C. in terms",58.27152245197574
nf4,Bengali,67,"Taking these factors into account, the decline in inflation has been 7.1 percent in the first three months, 6.5 percent in the second three months, and 5.8 percent in the third three months, with a balance of 6.7 percent in the fourth three months.",44.83634964661762
nf4,Bengali,68,"India's import growth has been sluggish, but it has surpassed the export growth.",52.18037591737812
nf4,Bengali,69,"Currently, the growth rate is mainly based on economic activity (growth rate, GDP as a percentage of revenue, government debt as a percentage of GDP, etc.), social activity (poverty, inequality, employment rate, etc.) and other social activities (nutrition rate, etc.).",53.31589690373575
nf4,Bengali,70,The current economic discussion is so much focused on the balance between social and economic development that the environmental aspect is somewhat neglected.,52.11714763596805
nf4,Bengali,71,The present value of the current value of the current value of the current value of the current value of the current value of the current value of the current value of the current value of the current value of the current value of the current value of the current value of the current value of the current value of the current value of the current value of the current value of the current value of the current value of the current value of the current value of the current value of the current value of,19.108412680724413
nf4,Bengali,72,"Later, to withstand the shock of liquefaction and to restore financial stability, the Reserve Bank of India has introduced a special Liquidation Facility (SLF) of Rs 50,000 crore to help the financial market regain confidence.",49.39330464249488
nf4,Bengali,73,"In recent years, the frequency of severe storms has increased and the frequency of more severe storms has increased, which has led to a rise in financial conditions, a further rise in uncertainty and a lack of risk aversion.",35.6610640872737
nf4,Bengali,74,"All banknotes issued by the Central Bank of India will be treated as currency and will be processed as per the provisions of the Reserve Bank of India Act, 1934.",28.41630891601645
nf4,Bengali,75,The amount of loan protection in India has increased significantly.,22.058757479007365
nf4,Bengali,76,"Despite the unstable world environment, Indian economy is stable.",41.079584882359285
nf4,Bengali,77,The real economy and financial market have concerns due to the strong consequences of economic stability and financial stability.,55.68734788213753
nf4,Bengali,78,"If the amount of notes given by a person is more than 5,000 and the maximum amount of the note is more than 5,000, then the bank should be advised to send the note to the nearest branch of the currency exchange or to change it there, or to send it to the person himself.",35.16669999608571
nf4,Bengali,79,"The court also saw that the right to privacy of personal information and truth is an essential part of the right to privacy and therefore it is mandatory that the information should be prioritized to protect the best interests of the citizens only for the purpose for which it is collected, and only those personal information will be collected for the purpose of which it is collected.",57.57042397071953
nf4,Bengali,80,Information or services are inactive or damaged by a cyber criminal who attacks a computer or network to gain access to another computer or network.,56.0475254837424
nf4,Bengali,81,The presence of sodium in all packaged and canned food is high due to the presence of sodium in all packaged and canned food.,43.82821689961538
nf4,Bengali,82,"If you suddenly brake, cut the road, or cause an accident in a car without a seat belt, the car can fly in one direction and the other side.",24.453698326584345
nf4,Bengali,83,"But, the next day, the commander of the fortress heard the voice of the tiger and said that he would not leave the fortress without taking revenge.",24.33552669675508
nf4,Bengali,84,"During this time, the main commander of the British army in Lahore was Robert Montgomery.",57.50741577145917
nf4,Bengali,85,"In the camp of Mirzapur, the number of soldiers against one person was more than four, but the news of the British officers did not doubt the presence of the British officers, and the news was difficult for the British officers to know whether there was any secret communication with Mirzapur's soldiers.",37.32827767659371
nf4,Bengali,86,These are not only addictive but also harmful to the brain.,66.58600766252547
nf4,Bengali,87,"Day by day, new troops came from both sides.",50.379177312733134
nf4,Bengali,88,"If you have any personal grudge, the name of the Moon is not the name of the martyrs, but the names of the murderers.",29.13863790360942
nf4,Bengali,89,"She looked at me for a moment and said, ""I'm sorry, we're all full, so we're leaving"", and she said goodbye to me.",37.56598458768184
nf4,Bengali,90,Have you ever thought about what will happen if we don't throw garbage in our homes or surroundings?,68.66908630841402
nf4,Bengali,91,"In recent years, the digital technology has witnessed many changes in our surroundings.",40.93440486820315
nf4,Bengali,92,"In the past, it took a long time to send a letter and each recipient would reply separately.",41.95525797341156
nf4,Bengali,93,"The underlying principle is either profitable or harmful, and the sacred or profane nature of the essence is proportionate to the degree.",30.97649916246768
nf4,Bengali,94,"After losing his wife four times, he married her again and again.",31.643220226130172
nf4,Bengali,95,The aim of this article is to encourage the public to think about the idea of freedom from injustice and slavery.,32.08903919390778
nf4,Bengali,96,Only this information is enough to guess his power and character.,31.04893070752552
nf4,Bengali,97,"We saw the clear entry of the city with the perfect discipline of the Nepalese army and the military sound of the parade, and the flag and the flag were waving in the city.",33.37151255524054
nf4,Bengali,98,"Ramayana and Mahabharata have been together; they have been told about the military exploits of the Maharashtrians, and the noble inspiration of their young hearts has been inspired by the great stories of Hindu valour.",48.78663059669609
nf4,Bengali,99,The main obstacle in the use of remote sensing for agricultural applications in the rainy season is the lack of sufficient number of cloud-free optical satellite data.,50.6421051767462
nf4,Bengali,100,Clicking any polluted advertisement on the internet can reach our system too.,49.37965934916287
nf4,Bengali,101,"When he saw his friend in danger, he ran out of his cave and beat his terrible boar with a blow, and his blood flowed.",28.76110392164489
nf4,Bengali,102,They were taken with them and embarked on a journey to various villages and threatened the attack of Kanpur.,33.26945846025646
nf4,Bengali,103,The Sheth and his servants came to me.,46.753239978974
nf4,Bengali,104,"After him, he came to visit the second Gezer.",31.24557982936197
nf4,Bengali,105,Brothers were deeply attached to each other.,87.82145617384967
nf4,Bengali,106,I think they will be willing to adopt the same approach if they agree to the proposal.,41.03488773653163
nf4,Bengali,107,The most noticeable feature of urban areas is the variety of transport.,43.86940541888808
nf4,Bengali,108,"The practice of logging before logging is a way to ensure that any kind of damage will be reported and the process of restoring the situation will be carried out in a systematic way, so that the complete and desired changes can be restored to the old state or new ones can be created according to the situation.",31.283982522855325
nf4,Bengali,109,"The first step is to find the right balance, and the second step is to find the right reason, which makes the right answer more complicated.",20.904650011954622
nf4,Bengali,110,"If you have the opportunity to swim, the best way to survive drowning is to practice it through the application of the drowning technique.",32.705156163225794
nf4,Bengali,111,Students should be encouraged to ask questions about any doubts regarding medical treatment during the course.,52.269054154781216
nf4,Bengali,112,It was necessary to see how much the nationalistic feeling of the Punjabis was awakened.,42.049665189826975
nf4,Bengali,113,My father's kindness was not normal in this way.,30.023307884292137
nf4,Bengali,114,"The rebellion was apparently pleasing to Sir Henry, who was pleased with the selection of a British army and a cannon and a loyal army and a tough test of the soldiers and the Hindu and Sikh soldiers were two armies.",30.1599913143464
nf4,Bengali,115,"The hungry mouths are chewing the first bite of the cup of drink, and the armed soldiers are preparing for the morning meal, and the hungry mouths are chewing the first bite of the cup of drink.",37.60248998065924
nf4,Bengali,116,"British soldiers, you have achieved breakfast by sweating your head, not by the blood flowing through your body, so enjoy breakfast with your commander in the cold shade of your garden.",46.28886043834594
nf4,Bengali,117,"You have probably seen seeds from plants to seedlings, and from seedlings to full-grown plants, or from puppies to full-grown dogs, cats, etc.",36.92217834319545
nf4,Bengali,118,Boys are also equally vulnerable to sexual harassment.,72.98534940609511
nf4,Bengali,119,"When the electricity of the plane is destroyed, he sees his two sons as a sword to be able to rule the kingdom and warns the returning refugees that they will be killed by the rebels.",18.658240977642805
nf4,Bengali,120,"The film was made by the stuntmen J. B. H. Wadija and his brother Homie Wadija, who are responsible for the film's stunt-filled style.",46.80332548842692
nf4,Bengali,121,"A series of thrilling train scenes, including a scene in which a train is stuck on a moving train, made this series a king of the genre.",26.80199097585651
nf4,Bengali,122,"Assamese films are mostly seen in Assam, which is predominantly in India.",34.075421679947844
nf4,Bengali,123,The acceptance of classic literature is not always clear.,18.41544873634112
nf4,Bengali,124,"More importantly, a quick and effective strategy is seen in this way.",22.74581461956521
nf4,Bengali,125,They transform the novel into something else and the result is a blend of a number of genres.,61.86298859874445
nf4,Bengali,126,"The first online film assessment course was launched by F.T.I. in June 15 to November 11, 2020.",29.074494941158203
nf4,Bengali,127,The curriculum was organized with the National Film Archives of Pune.,55.15320326068295
nf4,Tamil,0,"Appearance refers to the set of personal characteristics that a person is associated with, such as clothing, shoes, hair, jewelry, cigarettes, makeup, perfumes, etc.",37.307729798724246
nf4,Tamil,1,"The Ajanta Caves are located in Aurangabad district of Maharashtra, with 39 Buddhist and Hindu caves dating from the first century to the fifth century.",49.56777154466895
nf4,Tamil,2,The body is plump with a combination of dark and light.,13.863068564046053
nf4,Tamil,3,"The king of the ancient period used stone more and more, but the tradition of using wood and clay was already established before that.",30.722410722610523
nf4,Tamil,4,The famous Maharashtrian dish is made with spices and fried in coconut oil and then served in a banana leaf.,27.25933618151285
nf4,Tamil,5,"The cuisine of Chettinad is the cooking of the Chettiar community, who are called themselves, or the urbanites, the cooking skills of the community of Chettiar farmers.",42.19103207027938
nf4,Tamil,6,"It is said to be the birthplace of the lotus, and it has many uses, from a natural resource to a medicine.",26.825183304080014
nf4,Tamil,7,This is a batter that is pounded on a stone or a mill.,23.6677849830224
nf4,Tamil,8,"Each city in Punjab has its own preferences, for example, Amritsar Kulche, Stuffed Parathas and Paan are the favorite of the people of Amritsar.",46.67855815506898
nf4,Tamil,9,"Take Ram and Lakshmana with you, and take Krishna with you.",36.86237546546843
nf4,Tamil,10,"However, the deeds of the Mahajanapadas were an ideal and noble goal.",20.48611355691281
nf4,Tamil,11,"When the color of cauliflower changes, it is cooked with a little bit of turmeric and a little bit of salt, and the spices are well mixed in the meat, which is about 5-6 minutes.",35.4140477048724
nf4,Tamil,12,"The book that teaches world knowledge through characters of birds, animals and humans is called the ""Hito-dhyan"" (World View).",49.2474779707311
nf4,Tamil,13,The purpose of this book is to promote the study of Sanskrit language and the practical knowledge of wisdom.,43.99004013198506
nf4,Tamil,14,"Professor Asit Kumar Pandey was a pioneer in documenting the history of his own hometown, Haurā, in his comprehensive book, Haurā Sahāre (First and Second Edition).",38.16142500373007
nf4,Tamil,15,"The front of the main door of the temple is a semicircular front door with a carved wooden design, and there is no door in the front of the main door that is not open.",35.51185922252253
nf4,Tamil,16,The culinary traditions of Maharashtrians and Konkanis are unique and different from other Northeastern Indian states.,17.932423704241103
nf4,Tamil,17,"Traditionally, these dishes are cooked by the head chef and his assistants, the Vazha, who are responsible for the cooking.",29.612578912689813
nf4,Tamil,18,"Pav Bhaji is a quick food from Maharashtra, which is usually served with a thick curry (Pav) along with a soft bread roll (Pav Bhaji).",48.037766598148615
nf4,Tamil,19,"The Meghalaya and Pahalgam songs are a deep expression of religious devotion, which is different from other Kashmiri songs. The Amaravati songs of Raajaputra are unique in their devotional nature, and the Amaravati songs of Aakashmani are unique in their devotional nature, which is different from the literary contribution of women in the period of the same era.",32.35092463331862
nf4,Tamil,20,Buddhist cave paintings in the Thar district of Madhya Pradesh are 97 kilometers away.,44.00735437395
nf4,Tamil,21,"The word 'mulya' in Sanskrit literature is a plant or tree root, but in the context it means the base, the lower part or the bottom.",47.18258758560514
nf4,Tamil,22,The Indus Valley Civilization is known for its technological prowess in various fields.,65.1567930450502
nf4,Tamil,23,"All the gods are dead, and only Krishna and the Supreme Lord are alive.",28.49718311521945
nf4,Tamil,24,"The war lasted for 18 days, and finally the heroes were defeated.",23.743630201628505
nf4,Tamil,25,"The battle over who is the heir to the throne of Asta-Nupur is the central story of the Mahabharata, which was located in the north of the present-day Delhi, which is generally known as the Bharata tribe.",46.08677258543367
nf4,Tamil,26,"In Karnataka, the number of vegetarians is higher than the number of vegetarians in the state, so the food habits in the state are mostly vegetarian.",49.49922421825735
nf4,Tamil,27,He replies to the question and tells what is happening in the battlefield.,48.122708151409256
nf4,Tamil,28,"Tamil has two epics, Silappadikaram and Manimekalai.",53.78701436196256
nf4,Tamil,29,This region uses mustard powder with caution.,31.17983821645336
nf4,Tamil,30,"The word yoga comes from the Sanskrit word ""yuja"" and means to bind, to tie together or to unite.",44.40832265830065
nf4,Tamil,31,"Odissi dance, which is still practiced in Odisha, has evolved from various forms of Hindu temples, carved into the walls of the temple.",44.84211149741824
nf4,Tamil,32,"Vishishtra now turns to the king, ""King, if you promise, then you can't do it later"" and said softly.",28.12968765822996
nf4,Tamil,33,"When Arjuna is able to see the extent of his devotion, he begins to teach the secret ways of the world to the world, which are to be carried out in order to achieve righteousness.",28.448960939798862
nf4,Tamil,34,Sometimes you can add a little bit of rice and a little bit of mangoes.,14.68593476651023
nf4,Tamil,35,"First, a scoop of rice and a little bit of grated coconut should be put into the tube.",28.992004753400767
nf4,Tamil,36,"The magnificent golden dome of the temple was built by Maharaja Ranjit Singh in the 1830s, and the beautiful, mind-blowing, and architectural masterpiece of the temple was built by the architect of the temple, the great Pratap Singh.",30.66474217108913
nf4,Tamil,37,The specific rice cultivation that is maintained according to the plan of the Samadhi is called Samadhi.,20.512330900661947
nf4,Tamil,38,"The city of Kosala was not as large as modern cities, as described in the Mahabharata.",31.59127545835132
nf4,Tamil,39,"If you say 'I will do it', then you have to do it, there is no other way.",37.93312198140004
nf4,Tamil,40,"Recently, the exchange rate of the rupee has been discussed, and the question of whether our foreign exchange is sufficient has been debated.",45.15735251349573
nf4,Tamil,41,"If you do not pay the credit card bill on time, the credit card company will inform the credit card company that the credit card account has not been paid, and the credit card company may charge you a late payment fee, which is called a late payment fee.",31.632311009498533
nf4,Tamil,42,Countries can welcome direct foreign investment to improve their financial status.,58.93577163365576
nf4,Tamil,43,"However, if the bank grants the loan within 90 days of the date of the application, the bank may be able to restore the status of the property to the same as the current state of the property, which was in place when the application was submitted.",42.77723196529611
nf4,Tamil,44,"Does private capital accumulation lead to a balance between growth, competition, and technological advancement, or does it lead to a balance between growth, competition, and technological advancement?",44.54211708343823
nf4,Tamil,45,It intervenes in the market to prevent the change in the rate and to maintain expectations.,55.15024055707444
nf4,Tamil,46,The data for the second quarter is very fast and shows that economic activity continues to suffer.,41.20349062812565
nf4,Tamil,47,"The economy of a country is a great system that creates a large set of rules that link all its markets together to form a single unit, which economists call a great economic system.",33.0443579014413
nf4,Tamil,48,Money lending is the process of selling short-term assets to the market at a price close to the market price.,28.01800661901719
nf4,Tamil,49,"In a broad sense, the right to recognition is not only a matter of the past, but also a matter of the present and the future.",22.830635190306
nf4,Tamil,50,"So, the tax payments are not due on the basis of the date, so they do not change to B.E.",22.04187888275813
nf4,Tamil,51,"The possibility of linking India's payment systems with those of other countries, including the same kind of payment systems in foreign countries, to improve the payment systems of India, including the payment of money across borders, is being taken up to improve the payment arrangements of India with other countries.",49.64075056935712
nf4,Tamil,52,The energy sector is gaining more importance due to the use of liquid natural gas (LNG) for the production of electricity and industrial plants.,32.33468304358252
nf4,Tamil,53,"However, we do not develop a long-term business that can be used to promote trade, but it does not help to create a brand.",28.7102505311754
nf4,Tamil,54,"The payment group (PGA) is a key player in the payment system, so they were renamed as payment group (PSO) in 2020 March.",25.63491699117503
nf4,Tamil,55,"However, the current regulations apply to payment groups that allow online or electronic transactions.",45.705918732093096
nf4,Tamil,56,"However, such a country, with the highest exports and lowest imports, is also a net exporter of goods and imports less than its net exports, which is a subtle point of view.",20.373165774789737
nf4,Tamil,57,"The credit ratio, which was 6.7 percent before a year, has increased to 16.2 percent in the current year, which is a rapid increase compared to the annual growth rate of 9 percent.",31.72492795909312
nf4,Tamil,58,"For the purpose of post-harvest and pre-harvest activities, there are pesticides, insecticides, fertilizers, seeds, seeds, seeds, seeds, seeds, seeds, seeds, seeds, seeds, seeds, seeds, seeds, seeds, seeds, seeds, seeds, seeds, seeds, seeds, seeds, seeds, seeds, seeds, seeds, seeds, seeds, seeds, seeds, seeds, seeds, seeds, seeds, seeds, seeds, seeds, seeds, seeds, seeds",23.58361987046863
nf4,Tamil,59,Agricultural machinery for medium and long-term loans for agricultural activities such as irrigation and other development activities are also included.,55.22433448938669
nf4,Tamil,60,"Bank supervisors are trying to control the impact of the informal banking industry through the pressure of formal banking, and are trying to control it through the pressure of formal banking, which is particularly affecting the economy and the financial sector.",37.76752637152743
nf4,Tamil,61,"From the global financial crisis, the government has been collecting more and more reliable information and searching for hidden weaknesses.",63.97041838773893
nf4,Tamil,62,The price of the product is determined based on the principle that the price should be equal to the cost of production.,32.98706483252619
nf4,Tamil,63,"These equations provide a snapshot of the balance between production and demand, which is a measure of the price and other variables (e.g. income).",45.18853315373215
nf4,Tamil,64,"The net worth is the sum of current assets minus current liabilities, plus net worth (minus foreign investment or wages paid by employees) and minus net worth (minus foreign loans) plus net worth (minus foreign loans) minus net worth (minus foreign loans) minus net worth (minus foreign loans) minus net worth (minus foreign loans) minus net worth (minus foreign loans) minus net worth (minus foreign loans) minus net worth (minus foreign loans) minus net worth (minus",23.99485856199462
nf4,Tamil,65,"Trade deficit is the difference between the value of exports and imports, and the value of imports and exports.",58.15909114843174
nf4,Tamil,66,"On December 19-20, 2018, the Ministry of MSME in collaboration with the CII organized the 15th MSME Global Summit, the first of its kind in India, with the participation of the Union Minister for MSME Shri C. Rangarajan. In his address at the inaugural session of the summit, he said that the various initiatives taken by the Government of India have resulted in a positive change in the ranking of MSMEs",38.36400904308867
nf4,Tamil,67,"Considering these factors, the inflation rate for the year 2022-23 will be 6.7% overall, 7.1% in the second quarter, 6.5% in the third quarter, and 5.8% in the fourth quarter.",28.850458946728462
nf4,Tamil,68,"India's import growth has been declining, but its export growth has been higher.",50.79928435135875
nf4,Tamil,69,"Currently, economic performance (growth rate, GDP per capita, fiscal deficit, government debt, tax revenue, etc.) is used to measure social performance (poverty, inequality, unemployment, etc.) rather than economic performance (GDP per capita).",51.35670286035643
nf4,Tamil,70,"Current discussions on the economy focus on the balance between social and economic activities, which do not pay much attention to the relationship between the environment and the economy.",40.74468815433231
nf4,Tamil,71,"The repayment of the loan is calculated based on the current value of the loan, which is calculated in terms of the current value of the loan and the current value of the first and last, respectively, and the repayment premium and the loan interest rate is calculated from the current value of the loan and the current value of the first and last, respectively, and the repayment premium and the loan interest rate is calculated from the current value of the loan and the current value of the first and",30.8348863037429
nf4,Tamil,72,"This is followed by a special remittance facility to ease the pressure of currency devaluation and to maintain financial stability, the Reserve Bank of India has set up a special remittance facility worth Rs 50,000 crore to ease the pressure of currency devaluation and to maintain financial stability.",41.01453477787052
nf4,Tamil,73,"In recent years, the frequency of earthquakes has increased and the frequency of more powerful earthquakes is expected to increase in the future, which will lead to a tightening of the financial situation, a sharp increase in the cost of living and a more severe risk of earthquakes.",30.122879897897448
nf4,Tamil,74,"The full value of the notes is considered as foreign exchange, while the portion of the value of the notes that is not paid is considered as a rejected foreign exchange and the action will be taken accordingly.",35.60855285954958
nf4,Tamil,75,The number of loans in India has grown to an unprecedented level.,26.30877056705028
nf4,Tamil,76,"Despite the fact that such a unique environment is worldwide, India's economy continues to suffer.",45.75373928455926
nf4,Tamil,77,"There is a lot of uncertainty in the market, which may have consequences for the economic and financial stability of the country.",50.1113520123618
nf4,Tamil,78,"One can bring up to five notes but if the value is less than 5,000, then the person should go to the nearest branch of the bank and deposit the notes with the bank account details (account number, branch name, IFSC code etc.) along with the cash and send it to the branch or go directly to the branch and deposit the notes.",36.44720422418085
nf4,Tamil,79,"Moreover, the right to privacy is an essential feature of a right to privacy, and so the right to privacy should be given priority over the interests of the people, only the necessary personal identification data should be collected, only for the purpose of collecting the data, the data should be used only for the purpose of collecting the data, and the data should be used only for the purpose of collecting the data.",44.182430106668704
nf4,Tamil,80,"A hacker attacks a computer or network to disrupt or damage its services, and then uses it to attack other computers.",51.33764566292142
nf4,Tamil,81,"The sodium content in packaged and bottled foods is the highest of all, and is used as a preservative.",41.76749665424937
nf4,Tamil,82,"If you are driving and suddenly the brakes are not connected, the car will suddenly jerk, return or crash when the car is in the car.",20.964341901097537
nf4,Tamil,83,"But then, the British officer said that the king had said that he would be free to leave the fortress after he had punished the prisoners, and he would be free to leave the fortress.",27.263761874946702
nf4,Tamil,84,"At that time, Robert Mc Cormick was the military commander of the Lahore army.",37.72246668756342
nf4,Tamil,85,"Although the number of British soldiers was higher than Indian soldiers in the Meira camp, the news from Meira did not come until the British officers were able to confirm that the spies were in contact with the Meira soldiers, but the spies were not able to confirm that the Meira soldiers were spies.",34.31570488310013
nf4,Tamil,86,These can also be harmful to the brain.,26.25824641957925
nf4,Tamil,87,"Daily, new icebergs were floating into the two sides.",31.692113426928398
nf4,Tamil,88,"If there had been a personal grudge, the name of Thuggee would have been listed in the list of martyrs instead of the list of executioners.",50.7648955693209
nf4,Tamil,89,"He politely said, 'Sorry, there is no room here.'",18.9552111773253
nf4,Tamil,90,Have you ever thought about what would happen if we didn't clean up our homes and surroundings?,63.118514518608194
nf4,Tamil,91,"In recent years, there have been many changes in the world around us due to the use of digital technology.",64.241209710706
nf4,Tamil,92,It takes days to send a letter and each recipient will reply individually.,26.31646431053281
nf4,Tamil,93,"The doctrine that underlies the movement is whether it is good or bad, and the people who lead the movement are either saints or devils.",22.538001158208026
nf4,Tamil,94,"Every time a wife died, he married again and again to make up for the loss.",21.490739796687468
nf4,Tamil,95,The idea of ​​freedom from slavery has become a social responsibility of writers.,38.02968762547517
nf4,Tamil,96,Only one fact is enough to appreciate his talent and character.,32.64689152128046
nf4,Tamil,97,"The thousands of hills and flags were marched in perfect order and in a military style, and the soldiers marched in the valley, and the hills and flags were waved, and the hills and flags were waved, and the hills and flags were waved, and the hills and flags were waved, and the hills and flags were waved, and the hills and flags were waved, and the hills and flags were waved, and the hills and flags were waved, and the hills and flags were waved",21.78008134456816
nf4,Tamil,98,"They both read the Ramayana and the Mahabharata, and they both read the stories of the great warriors of the Maurya Empire, and their hearts were also filled with the spirit of the great stories of the Hindu gods.",43.08530128205727
nf4,Tamil,99,"There are no sufficient numbers of cloud-based satellite data to provide remote sensing data for agricultural purposes during the monsoon season, which is a major obstacle to the use of remote sensing data for agricultural purposes.",50.54377809912987
nf4,Tamil,100,"If you click on a virus in the Internet, it can spread to your computer.",32.75218658697333
nf4,Tamil,101,"It was aware that its cave was in danger and, having come to the village of Saling, it had broken its enemy with a blow from its spear.",23.14813012094289
nf4,Tamil,102,They were accompanied by the king and went to the capital to attack the city.,23.94020249745229
nf4,Tamil,103,His sword and his sword were surrounding me.,27.215770906028258
nf4,Tamil,104,"After him, the second Caesar briefly ruled.",28.950359461174173
nf4,Tamil,105,Brothers were very close to each other.,49.85319977286968
nf4,Tamil,106,"I thought that if they accepted this proposal, then other people would accept it too.",33.93233736668081
nf4,Tamil,107,The most important feature of urban areas is the mobility of people.,33.805630104029134
nf4,Tamil,108,"If a sudden shutdown occurs, a rescue process is to save the data and write everything that has been saved and written in the field, and the situation is suitable for the old values, or new values can be written to the old values, or the new values.",28.90009512857641
nf4,Tamil,109,"One should give up one thing to create a situation of financial pressure: first, the time spent in obtaining and releasing barriers is more; second, the arguments that are proved are more complicated.",38.58192266593509
nf4,Tamil,110,"If you have a swimming pool, you can learn the skill of saving a life by diving into the water.",24.740873354135203
nf4,Tamil,111,"For students, if they have any doubts about the first aid procedure to be given during the examination, they should be encouraged to ask questions.",71.05110254328548
nf4,Tamil,112,It was necessary to find out whether the spirit of independence was rising among the Sikh soldiers.,49.41309148427753
nf4,Tamil,113,I have never forgiven my father in such a way.,26.82299387316051
nf4,Tamil,114,"This revolution was in a way a favorite of Henry, because now he had a small loyal unit in his hands, which was a British unit and a cannon unit, which were two Sikh and Hindu units, who were subjected to severe tests to prove their loyalty to the British.",34.32161561453464
nf4,Tamil,115,"The soldiers were lined up in a straight line, the food was ready, the hungry mouths were chewing, and the cups were full.",45.90161273751336
nf4,Tamil,116,"British soldiers, you have been thinking about the coldness of the ground and the blood shed from the heart, not from the blood shed from the heart; so, enjoy the coldness of the ground with your comrades in the cool shade of the jungle!",41.165070762396105
nf4,Tamil,117,"Seeds grow into seedlings, trees grow into trees, ants grow into ants, and so on.",36.13548958895497
nf4,Tamil,118,Male and female are equally vulnerable to sexual abuse.,83.8672316396751
nf4,Tamil,119,"In Jains, lightning has caused devastation and destroyed the city, and the sons of Jaswant were worried that they would be forced to surrender their heads to the foreigners and be told that they would be chopped off if they did not surrender their heads.",27.629659041971312
nf4,Tamil,120,"The producers of the famous Sandeephi films, J. P. Hoshi and his brother, Homai Hoshi, are the ones who popularized Sandeephi films.",29.55468432596372
nf4,Tamil,121,"They were portrayed in these films, the first of which was the film The Flying Post (1932), which featured many scenes of the film, in which the train's roof was shown moving and the scenes of the film were shown.",31.62447070854969
nf4,Tamil,122,"Assamese cinema refers to Assamese films, which are primarily seen in Assam.",41.55706431432456
nf4,Tamil,123,The process of adapting a novel into a film is not entirely transparent.,33.7047679948262
nf4,Tamil,124,The most important thing is that there is a significant change in time and angle.,18.19627346359097
nf4,Tamil,125,"They transform the novel, resulting in a fusion of a genre of literature.",28.294128372438927
nf4,Tamil,126,The first online movie rating test started from the first day of the 15th of June to 11th of July 2020.,38.84560145939029
nf4,Tamil,127,This course is organized in collaboration with the Indian National Film Archive in Pune.,54.57536156167679
nf4,Telugu,0,"The outward appearance is the sum of the characteristics of the person who serves, such as shoes, clothes, ornaments, cosmetics, jewelry, and so on.",36.84757930213342
nf4,Telugu,1,"The Ajanta and Ellora Caves in Aurangabad district of Maharashtra are a collection of 188 Buddhist caves and 34 Hindu caves, carved in the 10th and 11th centuries.",32.630476611293055
nf4,Telugu,2,The presence of a color band with a heavy substance makes it a heavy substance.,15.007608997813549
nf4,Telugu,3,"As a result, the use of bronze and terracotta was introduced for the first time in the development of the great architectural works, while the use of wood and bamboo was used in the previous tradition.",36.56901921690733
nf4,Telugu,4,"This delicious, famous dish is made by mixing Bengal gram with coconut milk and then frying in oil.",24.4252759904028
nf4,Telugu,5,"The cuisine of the Chettinad region in Tamil Nadu is called Chettinad cuisine, which is a unique and different from other Northeastern Indian states.",42.0341078025006
nf4,Telugu,6,"Date palm is native to India, and its use is related to the use of medicinal products from the medicinal aspect to the use of cosmetics.",36.66008866268762
nf4,Telugu,7,Roast it on a stick or on a plate.,14.173267339552115
nf4,Telugu,8,"In Punjab, there are different tastes in every city, like the people of Amritsar have Amritsari kulchas, cold drinks, and milk products.",45.112130845773486
nf4,Telugu,9,Send Rama and also send Lakshmana.,47.15327702280712
nf4,Telugu,10,"However, the daring venture of Mahadev Pandey is a noble and noble idea.",24.03969710279762
nf4,Telugu,11,Garlic is also boiled with garlic and salt for a few minutes to peel the garlic.,14.281957332944671
nf4,Telugu,12,"The book is a chronicle of the world through the eyes of birds, animals, and human characters.",55.76066397784317
nf4,Telugu,13,The purpose of this book is to promote the virtues and virtues of being a person with a sense of pride and a sense of honor.,30.480936233733345
nf4,Telugu,14,"Professor Asit Kumar Badoi is the author of the first and second parts of the book (the first and second parts) of the book, which was compiled by him as a guide.",23.33493783907611
nf4,Telugu,15,"The front part of the cave is covered with a row of semicircular cave arches, and the cave is also equipped with a cave arch.",26.682969883582512
nf4,Telugu,16,The traditional cuisine of the 'Maharaja's' and 'Khanzamas' (a name given to the people who are skilled in cooking in India) has been passed down for centuries and has been prepared with the utmost precision.,33.9211763216803
nf4,Telugu,17,The preparation of this is traditionally made by local people or housewives.,32.092381556963545
nf4,Telugu,18,"Pav Bhaji: It is a Marathi dish, which is generally made with spicy vegetables in a soft bread roll (pav) with a spicy sauce.",40.12495842060321
nf4,Telugu,19,"Kashmiri literature such as Lallu Dheep and Kumaon, the spiritual essence, the expression of intense emotionality, the expression of the Rajasthani Miraabai literature, the unique devotional character of the Tamil Ondal and the Mahadevi verses of the Kannada literature are examples of the noble support of women in the literary tradition.",34.620242622819845
nf4,Telugu,20,"The Bhagarh caves, which are famous for their Buddhist frescoes, are located 97 kilometers from the district of Dhar in the state of Uttarakhand.",42.60209742267256
nf4,Telugu,21,"The word 'mula' in Sanskrit literature is generally used as a noun, meaning a plant or tree, but in a subordinate sense, it is used as a foot or any lower part or foot.",47.01388856269294
nf4,Telugu,22,The Indus Valley Civilization is known for its technological prowess in various fields.,65.1567930450502
nf4,Telugu,23,"All the Kauravas die; only the Pandava brothers, Krishna, live.",70.80049502098407
nf4,Telugu,24,The Battle of the Nine Days is a devastating battle that ends with the defeat of the Khurasani army with the help of the Khurasani commander.,45.28233345381288
nf4,Telugu,25,The Battle of the Battle of the Battle of the Battle of the Battle of the Battle of the Battle of the Battle of the Battle of the Battle of the Battle of the Battle of the Battle of the Battle of the Battle of the Battle of the Battle of the Battle of the Battle of the Battle of the Battle of the Battle of the Battle of the Battle of the Battle of the Battle of the Battle of the Battle of the Battle of the Battle of the Battle of the Battle of,10.449357059304106
nf4,Telugu,26,"In Karnataka, the number of vegetarians is more than the number of meat eaters; therefore, vegetarian dishes are more common in their cuisine.",59.15039096645979
nf4,Telugu,27,The narrator answers the question to the son of the warrior.,14.771193008440948
nf4,Telugu,28,"Two great epics of Tamil, Silappadikaram and Manimekalai.",48.43613844018647
nf4,Telugu,29,"In this region, cardamom is carefully used.",26.974761169070344
nf4,Telugu,30,"Yoga is derived from the Sanskrit word ""Yog"" which means to bring together, to unite, to bring together.",50.76990440689247
nf4,Telugu,31,The present Odisha is a unique art form that originated from the various themes carved on stone temples of the ancient Indian era.,33.169427130049264
nf4,Telugu,32,"Then, the king, who was so kind, said to the sage, ""Once you have spoken, you do not have to reject it.""",22.524969671930943
nf4,Telugu,33,The extent of the defeat of Arjuna is as great as the other northern Indian states.,20.742757143942484
nf4,Telugu,34,"You can also add a little bit of rice flour in the middle, and you can also add a little bit of rice flour.",28.3461232123618
nf4,Telugu,35,Start by making a small ball of rice flour and then mix it with the rice flour.,22.71173329557701
nf4,Telugu,36,"The beautiful and enchanting Gurudwara built with precious stones and gold donated by Maharaja Ranjit Singh in 1835 in the city of Nanded was built in the 1835 region of Nanded, a beautiful and enchanting Gurudwara with precious stones and gold donated by Maharaja Ranjit Singh.",36.54501389711913
nf4,Telugu,37,The collection of this cuisine is compiled in a way that preserves its unique flavor and size and its size and its size.,20.68179488984464
nf4,Telugu,38,The description of the city of Kosala by Valmiki is clear that it is not comparable to modern cities in our modern era.,53.08851901101751
nf4,Telugu,39,"Once you have said ""I will do it"", there is no other option.",38.02194831925812
nf4,Telugu,40,"In recent years, opinions have been divided on the impact of exchange rate fluctuations and foreign exchange fluctuations.",36.19143629688835
nf4,Telugu,41,"Banks can provide information to credit card companies (credit information companies) beyond the due date of a credit card account, or if any late payment charges are levied, credit card companies may charge any late payment charges beyond the due date of the credit card account.",47.651028976887446
nf4,Telugu,42,Countries can promote direct investment to improve their economic status.,56.72654449406873
nf4,Telugu,43,"If the package is implemented within 90 days from the date of receiving the application, the package will be implemented quickly, which will be encouraged, and the status of the wealth classification will be restored to the status of the application received.",51.39740193713696
nf4,Telugu,44,"Are individual investment decisions, which are the driving force of development, competition, and technological progress, creating a balance between inequality or not?",38.37581369454784
nf4,Telugu,45,It is a great way to keep the balance and keep the expectations high.,26.38860342155579
nf4,Telugu,46,The information on the 2nd quarter of the year is likely to be a good indicator of the economic activity of the country.,31.192069311661253
nf4,Telugu,47,"Generally, the country is a great thing to be built by the combination of various nationalities and economists, and the way they interact with each other is a solid meaning of the discipline.",29.11741488683557
nf4,Telugu,48,The degree of a country's wealth is the amount that a country's goods are sold at a market price close to the amount.,26.17027375860634
nf4,Telugu,49,The income tax should be based on the principle of proportionality and not on any individual consideration.,34.133330863418735
nf4,Telugu,50,"Therefore, the amount of money you will receive will not change depending on the date of the exam.",28.49087383064479
nf4,Telugu,51,"The ease of transferring money across borders with the help of the first-mover advantage, along with other border-crossing payments, makes it possible to add other border-crossing payments to the Indian payment system, which is also a step towards improving the ease of payments across borders.",28.132989474980995
nf4,Telugu,52,"Electricity generation and industrial (fertilizer) use are the highest importance in the electricity sector, which uses a large amount of natural gas (LNG).",36.86951522508547
nf4,Telugu,53,"However, the markets can provide you with the opportunity to expand your sales, but they cannot create the ability to establish your own brand and make it stable.",34.62810020180915
nf4,Telugu,54,"Payment aggregators (PaaS) play a key role in the payment system and are therefore brought under the purview of the Payment System Operator (POS) under the provisions of the Payment System Act, 2012.",46.08107556409607
nf4,Telugu,55,"The current standardization, in turn, applies to online payment aggregators and e-commerce transactions.",47.97827929453876
nf4,Telugu,56,"According to the RAND report, the country can make the most of its unique advantages by importing high-value products and importing low-value products that are more beneficial to it, and still have the opportunity to obtain more benefits than the latter.",30.01491492778116
nf4,Telugu,57,"The credit loan has risen to 16.2 percent from 6.7 percent last year, which is a significant increase compared to the previous year.",28.93592963245077
nf4,Telugu,58,"Before harvesting, the loans given for the next work are called 'charity', and the ploughing, threshing, harvesting, threshing, and transportation of their own crops are all suitable.",38.71259880211485
nf4,Telugu,59,"For medium and long-term loans for agricultural and related activities, there are expenses for purchasing agricultural machinery, irrigation, and other development projects.",53.1979255481303
nf4,Telugu,60,"Bank managers are trying to prevent the public sector banks from becoming exposed to the private sector, which is a good thing, but it also has the potential to cause widespread economic disruption.",23.66139546393211
nf4,Telugu,61,"Since the global economic crisis began, the government has become more effective in collecting information and combating child poverty.",39.84403711565114
nf4,Telugu,62,The price of goods to be sold at a reasonable price is determined by the market clearing price.,48.68614727353571
nf4,Telugu,63,"The supply chain level is determined by the supply chain, the value and other factors (for example, revenue) to determine the supply chain level.",38.505851275680655
nf4,Telugu,64,Electricity accounts are then a commercial account (foreign investment or wages paid to workers) and (foreign subsidies) payments that are generally a small part of the total.,32.39956264727154
nf4,Telugu,65,Commercial balance is the difference between the value of goods exported and the value of imports.,61.033000833204085
nf4,Telugu,66,"In 2018, on December 19-20, the 15th EMSM Conference organized by the Ministry of MSME in collaboration with the Indian Institute of Management, New Delhi, was inaugurated by Shri Girish Chandra Singh, Minister of MSME, with the theme of the global ODD, the development and linkage with GIS, which is the result of continuous efforts, he said.",34.57535831742491
nf4,Telugu,67,"Taking into account the loss of 7.1% in Q2; 6.5% in Q3; and 5.8% in Q4, the GDP growth rate in 2022-23 was 6.7%",26.56002338157029
nf4,Telugu,68,"India's import has increased, but its export has increased more.",31.46196034188617
nf4,Telugu,69,"Currently, the growth rate is primarily focused on economic performance (growth rate, GDP percentage, fiscal deficit, fiscal deficit, tax revenue, and population nutrition) and social performance (poverty, inequality, employment level, and population nutrition)",55.25805521593416
nf4,Telugu,70,"Current economic discussions are more focused on the balance between social and economic management than on environmental management, which is a response to their response to environmental management.",47.86774439661935
nf4,Telugu,71,"The current value of the loan's reasonable value is the current value of the loan, which is the total amount of the loan, which is the current value of the loan, which is the current value of the loan, which is the current value of the loan, which is the current value of the loan, which is the current value of the loan, which is the current value of the loan, which is the current value of the loan, which is the current value of",21.81242828611067
nf4,Telugu,72,"In addition, the Reserve Bank of India has taken steps to strengthen the economy by reducing the weight of the country and protecting it from economic instability, by taking advantage of the Special Liquidity Facility for MSMEs (SLF-MSME) worth Rs 50,000 crore, which has helped to restore faith in the economy.",46.95274389948906
nf4,Telugu,73,"The recent price increase and the subsequent increase in the price of goods is a sign of the future, indicating a gloomy future, a severe crisis, and a negative impact on the economy.",23.37106061724796
nf4,Telugu,74,"Full value banknotes are considered as bearer cheques by the Reserve Bank of India, while half-value banknotes and rejected notes are considered as legal tender and treated accordingly.",39.79319463492957
nf4,Telugu,75,The Indian subcontinent is experiencing a tremendous growth in terms of wealth.,38.61034851948023
nf4,Telugu,76,"Despite the worrying geographical conditions, the Indian economy continues to be resilient.",64.38047794395999
nf4,Telugu,77,The economic situation and economic stability of the country are likely to be concerned with the economic situation and economic stability.,24.670425854309205
nf4,Telugu,78,"A person's donation is worth more than 5 and less than 5,000 rupees, and the bank details (account number, branch name, and IFSC code) are sent to the nearest post office branch to be reported to the public, or they are instructed to change them at the branch themselves.",33.503219903733736
nf4,Telugu,79,"Personal information and privacy are the main issues in the publication of information, and the public interest is given priority when collecting information, and the information collected is only used for the purpose of the public interest, and only the information collected is used for the purpose of the public interest.",31.450604075731118
nf4,Telugu,80,"A cyber criminal, who disables or damages other computers to prevent or damage information or services, is called a cyber attack.",48.16872969451836
nf4,Telugu,81,"Sodium is very high in packaged, sealed foods because it is very easy to get.",24.337460931056512
nf4,Telugu,82,"When the vehicle is moving, it can be stopped suddenly, stopped, or even run over, and the interior of the vehicle can be passed through.",36.097912661260985
nf4,Telugu,83,"But, the British officer who was present at the Khaydi camp on the morning of the release of the white tiger, said that he had seen the tiger himself and said that he would not be released until he had satisfied himself.",35.432230135080545
nf4,Telugu,84,"During this time, Robert Montgomery was the main commander of Lahore.",47.15682791344784
nf4,Telugu,85,"In the Meghauli camp, the British officers were not surprised that the news of the war reached the British officers, but they were surprised that the British officers were having secret conversations with the Meghauli villagers.",27.99873595909511
nf4,Telugu,86,"They are not only harmful to the brain, but also have a negative effect on the brain.",61.78891365991367
nf4,Telugu,87,"Day by day, new armies are coming from both sides.",47.47459386288741
nf4,Telugu,88,"If you have a personal grudge, Mangal Pandey is not only in the list of heroes but also in the list of traitors.",36.09616412454915
nf4,Telugu,89,"One moment I saw you, and I said, ""Forgive me, I am sorry, we have no fish in our village,"" and I said goodbye.",30.83868303167025
nf4,Telugu,90,Have you ever thought about what would happen if we didn't clean up the garbage from our homes and surroundings?,73.99608961789123
nf4,Telugu,91,"In recent years, the world has undergone many changes due to the widespread use of technological devices.",56.522080945594
nf4,Telugu,92,"In the past, it took days to reach the north, and only those who could afford it could have their own unique identity, and those who could answer the question were the only ones.",33.63030681861456
nf4,Telugu,93,The sacredness or unholiness of a thing is determined by the degree to which it is a cause or an effect.,19.240743383831248
nf4,Telugu,94,"Every time he lost his wife, he married four times.",40.11714592308683
nf4,Telugu,95,"In the name of justice, the author became responsible for the idea of liberating the slave from slavery, which is the social responsibility of the writer.",48.27820168382506
nf4,Telugu,96,This is all that is needed to estimate his abilities and character.,35.62949194585419
nf4,Telugu,97,"Thousands of people are practicing perfect discipline and chanting hymns with a lot of devotion, and entering the city with a lot of color and color, it was clearly visible to us.",39.57997394631593
nf4,Telugu,98,"They read the Ramayana and the Mahabharata, they read the stories of the Mahabharata and the Mahabharata, which is a great inspiration for their young hearts, and they are united in the story of the Mahabharata.",48.027060187109896
nf4,Telugu,99,The availability of cloud-free imagery supplementary information is a major obstacle for optical remote sensing applications for the use of remote sensing information for the use of remote sensing applications for the use of remote sensing applications for the use of remote sensing applications for the use of remote sensing applications for the use of remote sensing applications for the use of remote sensing applications for the use of remote sensing applications for the use of remote sensing applications for the use of remote sensing applications for the use of remote sensing applications for,31.243880564658603
nf4,Telugu,100,Any harmful advertisement on the Internet can also be sent to our system.,52.37980148179929
nf4,Telugu,101,"Seeing the cave, he came out of the cave and killed the enemy with his sword and blood, which made him bleed.",38.20028237258461
nf4,Telugu,102,He threatened to attack him and take him to the beach and attack him on the way to Coorg.,36.11970870775597
nf4,Telugu,103,Shath and his followers were surrounded by him.,30.25049588812382
nf4,Telugu,104,"After him, the second Jersies came for a short time.",48.63141342286984
nf4,Telugu,105,Brothers are very close to each other.,42.06301439449005
nf4,Telugu,106,"I thought that they would agree to the proposal, but I was afraid that they would be able to do so for the rest of us.",36.579724106293824
nf4,Telugu,107,The most active aspect in a town is different types of transportation.,38.40735218908532
nf4,Telugu,108,"If a crash occurs, there is a way to recover, and the process of restoring the lost data is to restore the data to the original state, but to restore the data to the original state, the data is restored to the original state, but the data is restored to the original state, but the data is restored to the original state, but the data is restored to the original state, but the data is restored to the original state, but the data is restored to the",24.83208730030589
nf4,Telugu,109,"The first to obtain concessions in the form of a concession, and the time spent releasing the concessions is more than the time spent acquiring a concession, and the second is that the disputes become more and more contentious.",40.41465484446756
nf4,Telugu,110,"If the infrastructure is available, it is better to adopt a life-saving policy rather than to be buried.",30.55673549590019
nf4,Telugu,111,"If you have any doubts about the first Ayurvedic treatment, encourage them to ask questions.",45.49368429486079
nf4,Telugu,112,The question of how much the spirit of independence of Punjab is reflected in the national flag is worth knowing.,33.4397902198419
nf4,Telugu,113,Such a noble deed is not a common thing for my grandmother.,17.931249519976554
nf4,Telugu,114,"This rebellion was a way for Henry to be pleased, but at the moment he was the English Regent, the English troops, and the Sikhs, who had proved their loyalty to the British, and the Hindus, who were two regimes, were the two regimes of the British, and the two regimes of the British, and the two regimes of the British, and the two regimes of the British, and the two regimes of the British, and the two regimes of the British, and",37.01049915958725
nf4,Telugu,115,"Weapons were placed around them, a meal was prepared, and the hungry mouths first swallowed the first morsel; cups were made.",41.03214062670315
nf4,Telugu,116,"Your taste will be tasted and your soul will be satisfied, not from the blood that flows from your body, so enjoy the shade of the cool coconut groves with your soldiers, in the shade of the cool coconut groves, enjoy your soul.",41.77685965741858
nf4,Telugu,117,"From seeds to plants that grow or sprout, and then grow into plants, or grow into animals, or grow into humans, we see them growing.",35.3486763667358
nf4,Telugu,118,Sexual harassment is also a serious problem for men.,16.742858683667908
nf4,Telugu,119,"When the lightning strikes in Jhang, the kingdom of the king is destroyed, and the prince is ready to be sacrificed to the king, and if the prince is sacrificed, he will tell the people that he is ready to be sacrificed.",24.08740211733578
nf4,Telugu,120,"The makers of the film Stunt were responsible for the spread of the film, and the makers of the film Stunt were the makers of the film Stunt.",27.51655407675177
nf4,Telugu,121,"Many scenes of battles on the train are depicted in this train drama, which is called Thunder Mail (1932), and they became kings of this style.",32.012257402275395
nf4,Telugu,122,"Assamese cinema is a film in Assamese language, which is mainly seen in Assam in India.",56.787899854163925
nf4,Telugu,123,Sanskrit orthography is somewhat less transparent.,37.03918015648394
nf4,Telugu,124,"In particular, the hands are the most important and the meaning is clear.",18.969033415850404
nf4,Telugu,125,"They are created in a variety of ways, resulting in a complex process, a blend of different styles.",22.44945516683136
nf4,Telugu,126,"The first online film production course in India, from June 15 to July 11, 2020, has been launched by the Film and Television Institute of India.",33.27434718226203
nf4,Telugu,127,This lesson is based on the National Film Archive of India.,39.3063247806757
nf4,Odia,0,"The word ""chhera"" is derived from the word ""char"" and ""chhera"" means ""to clean"".",9.220436685599372
nf4,Odia,1,The first day of the first month of the year is the most important day of the year in the state of Meghalaya.,16.392564778319247
nf4,Odia,2,The color of the skin is the result of the interaction of the body's metabolic processes and the environment.,20.398240614223763
nf4,Odia,3,The first step in the development of the modern Indian cuisine was the use of stone and metal tools.,22.355460615914417
nf4,Odia,4,The food is very different from other Indian states.,8.522662193925587
nf4,Odia,5,The northeastern part of India is known as the 'Northeast India' and the 'North-East India'.,12.356820994418676
nf4,Odia,6,The cuisine of the northeastern part of India is unique and different from other Northeastern Indian states.,18.069153916683213
nf4,Odia,7,"The word ""ghillies"" is derived from the word ""ghillie"", which is a term used to describe a person who is in charge of a group of people who are in charge of a group of people who are in charge of a group of people who are in charge of a group of people who are in charge of a group of people who are in charge of a group of people who are in charge of a group of people who are in charge of a group of",10.211916563521896
nf4,Odia,8,The Northeast is a region with a unique and distinct culture.,9.372253985136828
nf4,Odia,9,"ଋଷିଙ୍କ ସାଙ୍ଗରେ ରାମଙ୍କୁ ପଠେଇ ଦିଅନ୍ତୁ, ଏବଂ ଲକ୍ଷ୍ମଣଙ୍କୁ ମଧ୍ୟ ପଠାନ୍ତୁ।",1.452164009111617
nf4,Odia,10,"The first recorded use of the word ""Madagascar"" is in 1515, when Portuguese navigator Pedro Álvares Cabral landed on the island.",15.944117579237291
nf4,Odia,11,"The first time the sea was seen, it was a great opportunity to see the sea, and the sea was a great opportunity to see the sea, and the sea was a great opportunity to see the sea, and the sea was a great opportunity to see the sea, and the sea was a great opportunity to see the sea, and the sea was a great opportunity to see the sea, and the sea was a great opportunity to see the sea, and the sea was a great",14.516610533195308
nf4,Odia,12,The Hindu religion is the oldest religion in India.,9.88273567321235
nf4,Odia,13,The ability to express oneself in a creative way and to use the right word at the right time is a gift that is worth cultivating.,20.04010239288929
nf4,Odia,14,The first and second edition of the book was published in 1994 and 1995 respectively.,15.786556000597868
nf4,Odia,15,The Khola is a unique and different type of river in the Northeast Indian region.,11.750259413160384
nf4,Odia,16,The Meghalaya region is the most important part of the Northeast India.,8.84988011425155
nf4,Odia,17,"The first time the word ""voice"" was used in the dictionary was by the British lexicographer Samuel Johnson in 1755.",16.79327967422899
nf4,Odia,18,"The word ""pao"" is a unique and different word from other Northeastern Indian states.",12.175515233651904
nf4,Odia,19,The history of the region is unique and different from other Northeastern Indian states.,9.983843627640534
nf4,Odia,20,The Brahmaputra River is the largest river in India and the world's 10th largest river.,13.656500592844184
nf4,Odia,21,"The word 'mool' is used in the context of a sacred text, but in a personal sense, it means a private conversation, but in a religious context, it means a private conversation.",21.49289287391278
nf4,Odia,22,The region is home to a variety of unique and different species of birds.,23.448057348361
nf4,Odia,23,The dead are buried in the same way; the dead are buried in the same way; the dead are buried in the same way; the dead are buried in the same way; the dead are buried in the same way; the dead are buried in the same way; the dead are buried in the same way; the dead are buried in the same way; the dead are buried in the same way; the dead are buried in the same way; the dead are buried in the,8.2094784908156
nf4,Odia,24,The people of the North-East are very hospitable and friendly.,19.432265786627354
nf4,Odia,25,The Khasi people are unique and different from other Northeastern Indian states.,9.762722044715764
nf4,Odia,26,The Khasi people are unique and different from other Northeastern Indian states.,12.96378299096042
nf4,Odia,27,The author is a well-known writer and broadcaster who has been writing about the history of the Northeast for many years.,17.65997766560491
nf4,Odia,28,Tamil is a Dravidian language spoken by 60 million people in India and Sri Lanka.,18.691466260606354
nf4,Odia,29,The use of rice is widespread in the northeast of India.,27.57169635859276
nf4,Odia,30,"The word 'yojoga' is derived from the Sanskrit word 'yoga', which means to unite or to bind.",52.10634385910545
nf4,Odia,31,The temples of the Northeast are unique and different from other Indian states.,18.46690396207195
nf4,Odia,32,"The king is the king of the land, and the people are the people of the land.",12.148691537558689
nf4,Odia,33,"The first time he was born, he was born in a different way, and he was born in a different way.",11.62615931209737
nf4,Odia,34,The most common dish is a mixture of rice and vegetables.,10.50665416617031
nf4,Odia,35,"The first time the British colonized India was as a colonialist, and the British left the country as a colony.",15.22011945506648
nf4,Odia,36,"The first successful attempt to build a submarine was made in 1839 by the French engineer, Jean-Pierre Blanchard, who was the first to build a submarine.",13.610614795910656
nf4,Odia,37,The Samudra is a vast ocean that covers a large part of Northeast India and other parts of the North-Eastern region of India.,19.152845535372613
nf4,Odia,38,The capital of the Kingdom of Kosala was a unique and different place from other Indian states.,27.40212443931312
nf4,Odia,39,"I can't do that, but I can do this.",11.797936025977494
nf4,Odia,40,"The Andaman Islands are a group of islands in the Bay of Bengal, which are located in the Andaman Sea.",15.795962295983715
nf4,Odia,41,"The most common form of payment is the credit card, which is used for everyday purchases.",15.054792546251242
nf4,Odia,42,The Indian state of Rajasthan is known for its unique and different cuisine from other Northeastern Indian states.,14.037722523185424
nf4,Odia,43,The 90-day period is the most important period for the development of the 90-day period.,9.202352186576498
nf4,Odia,44,The presence of the Himalayas is a unique and unique geographical feature of India.,10.075525998287157
nf4,Odia,45,The market is a place where people can buy and sell goods.,18.29294722141427
nf4,Odia,46,The archaeological evidence suggests that the Neolithic people were already living in the region.,17.34086143603119
nf4,Odia,47,The concept of the state is a unique and different concept from other Indian states.,14.020841959127878
nf4,Odia,48,"The term ""natural resources"" refers to the natural resources that are available in the form of minerals, forests, water, and other natural resources.",21.295692469861184
nf4,Odia,49,"The number of islands in the world is estimated to be 17,700.",9.981413498503372
nf4,Odia,50,The Earth's rotation is not the only reason for the formation of the Himalayas.,13.072842403685492
nf4,Odia,51,The Indian Constitution is the most important document in the world.,8.480585567142457
nf4,Odia,52,The region is known for its unique and delicious cuisine.,9.475029324816276
nf4,Odia,53,The most important thing is to be able to recognize the difference between the two.,11.265175389582131
nf4,Odia,54,The first ever international conference on the topic of 'Pioneers of the Earth' was held in 2020.,12.751122041347864
nf4,Odia,55,The internet has made it possible for people to communicate with each other in a way that was previously impossible.,17.063172768223918
nf4,Odia,56,The Indian subcontinent is the largest and most populous continent in the world.,7.773718694057155
nf4,Odia,57,"The 19th of September 2022 was the last day of the year 2022. The total number of votes cast was 1,06,76,000, which is 9.76% of the total number of voters.",18.0580486518731
nf4,Odia,58,The most important thing is that the people of the Northeast are very different from other people in India.,13.64198348313274
nf4,Odia,59,The Northeast is the most important region for the development of agriculture and animal husbandry.,23.40982218343037
nf4,Odia,60,"The most common species of birds in the region are the migratory birds, and the most common species of birds in the region are the migratory birds.",14.157793081763554
nf4,Odia,61,"The Himalayas are the highest mountains in the world, and the Himalayas are the most important mountain range in the world.",15.092926019900167
nf4,Odia,62,The market is a place where people can buy and sell goods.,16.431065977736566
nf4,Odia,63,The unique and different cuisine of Meghalaya is a unique and different cuisine from other Northeastern Indian states.,19.14260883131449
nf4,Odia,64,"The Indian Ocean is the largest ocean in the world, and the Indian subcontinent is the largest landmass in the world.",13.233216234880334
nf4,Odia,65,The value of the exchange of goods and services is the sum of the value of goods and services and the value of the donation.,58.59094030357134
nf4,Odia,66,The 19th and 20th centuries were the most important years for the development of the Indian subcontinent and other South Asian countries.,10.647713134260368
nf4,Odia,67,"The average number of people in the world is 7.1 billion, and the population of India is 1.3 billion.",12.436279955481192
nf4,Odia,68,"The Indian Ocean is the largest ocean in the world, and the Indian subcontinent is the largest landmass in the world.",14.963513268868404
nf4,Odia,69,The unique and different cuisine of the Northeast is a result of the unique and different geographical and cultural conditions of the region.,11.699522560264477
nf4,Odia,70,The Indian subcontinent is a unique and diverse region with a rich cultural heritage and a unique geographical location.,16.428704440132986
nf4,Odia,71,The first thing to remember is that the first thing to remember is that the first thing to remember is that the first thing to remember is that the first thing to remember is that the first thing to remember is that the first thing to remember is that the first thing to remember is that the first thing to remember is that the first thing to remember is that the first thing to remember is that the first thing to remember is that the first thing to remember is that the first thing to remember,14.967641495467026
nf4,Odia,72,"The first of its kind, the 50,000-square-kilometre (20,000 sq mi) 'Space for All' initiative, which would have been the largest in the world, would have been the first of its kind, the largest in the world, and would have been the first of its kind, the largest in the world, and would have been the first of its kind, the largest in the world, and would have",20.88563446307777
nf4,Odia,73,The region is home to a variety of rare and endangered species of plants and animals.,14.826346608631624
nf4,Odia,74,"The word ""currency"" comes from the Latin word ""currēns"" which means ""coin"".",7.557516021953075
nf4,Odia,75,The population of India is the largest in the world.,19.633510477854752
nf4,Odia,76,The climate of the Northeast is very different from the rest of India.,15.27855683990336
nf4,Odia,77,"The word ""market"" is derived from the Latin word ""mercatus"", which means ""a place where goods are sold"".",16.28426268788244
nf4,Odia,78,"The number of people who have been killed in the conflict is estimated to be 100,000.",10.189272023105758
nf4,Odia,79,The first thing to be noticed is that the people of the North-East are not a homogeneous group.,8.982554930568307
nf4,Odia,80,The internet is a great tool for communication and information exchange.,13.088465703995178
nf4,Odia,81,The unique and unique taste of the food is due to the unique and unique taste of the food is due to the unique and unique taste of the food is due to the unique and unique taste of the food is due to the unique and unique taste of the food is due to the unique and unique taste of the food is due to the unique and unique taste of the food is due to the unique and unique taste of the food is due to the unique and unique taste of the food,12.206014430199756
nf4,Odia,82,"The Indian subcontinent is a very hot place, and the Indian subcontinent is a very hot place, and the Indian subcontinent is a very hot place, and the Indian subcontinent is a very hot place, and the Indian subcontinent is a very hot place, and the Indian subcontinent is a very hot place, and the Indian subcontinent is a very hot place, and the Indian subcontinent is a very hot place, and the Indian subcontinent is a very hot place, and the Indian subcontinent is a very",12.58751575475811
nf4,Odia,83,"The first time he was seen, he was a man who was not a man, and he was a man who was not a man.",9.38529583901936
nf4,Odia,84,The current head of the United Nations was a member of the United Nations Military Staff Committee.,23.208840216631497
nf4,Odia,85,"The British were the first to establish a permanent settlement in the region, and the first to establish a permanent settlement in the region was the British.",15.578224078220904
nf4,Odia,86,The people of the Northeast are not very different from the people of the rest of India.,19.674127732617304
nf4,Odia,87,The new species was discovered in the 19th century.,14.90322155877799
nf4,Odia,88,The name of the Hindu god Shiva is not found in the names of the Hindu gods.,14.891971161254478
nf4,Odia,89,"I am sorry, but I am not happy with you. I am sorry, but I am not happy with you.",15.421021440486452
nf4,Odia,90,The difference between the two is that the two are different.,10.148482479001435
nf4,Odia,91,The use of digital technology has changed the way people communicate and interact with each other.,27.98140089874012
nf4,Odia,92,"The first human beings came to the Indian subcontinent from the north, and the first human settlements were located in the north.",17.920905098361413
nf4,Odia,93,"The word ""satyagraha"" is derived from the Sanskrit word ""saty"" which means ""truth"" and ""agraha"" which means ""to hold"".",13.362289766505716
nf4,Odia,94,The story of the great king of the ancient kingdom of Kalinga is a story of a great king who was killed by his own people.,14.856399618157356
nf4,Odia,95,The first step in the development of a nation is to provide education to its people.,16.714111603069874
nf4,Odia,96,The people of the Northeast are known for their hospitality and generosity.,17.03779907727704
nf4,Odia,97,"The first time I saw the people of the North East of India, I was shocked by their behaviour. They were so different from the rest of the country.",16.760491197402132
nf4,Odia,98,The Ramayana and the Mahabharata are the two most important books in India. They are the source of the Indian culture and the history of India.,26.1361605481408
nf4,Odia,99,The most important thing is that the climate is suitable for growing crops.,10.766005502704749
nf4,Odia,100,"The internet is a great source of information, but it is also a great source of distraction.",18.99680696241906
nf4,Odia,101,The island of Chola is a unique and different place from other Northeastern Indian states.,13.89648341460869
nf4,Odia,102,"The first time they were seen, they were attacked by a large group of people and were forced to walk on the ground.",19.745967205313377
nf4,Odia,103,The people of the Northeast are unique and different from other Northeastern Indian states.,19.393012592758748
nf4,Odia,104,The first time he was invited to the royal court was in 1998.,12.490689326038597
nf4,Odia,105,The people of the Northeast are very hospitable and friendly.,18.13401466011552
nf4,Odia,106,"I believe that if they are able to be kind to others, they will be rewarded.",29.96849761808085
nf4,Odia,107,"The most common form of communication is the written word, but there are also many other forms of communication.",28.810180023348654
nf4,Odia,108,The Earth's rotation and revolution around the Sun cause the seasons to change.,9.389050334826347
nf4,Odia,109,The first thing to remember is that the first thing to remember is that the first thing to remember is that the first thing to remember is that the first thing to remember is that the first thing to remember is that the first thing to remember is that the first thing to remember is that the first thing to remember is that the first thing to remember is that the first thing to remember is that the first thing to remember is that the first thing to remember is that the first thing to remember,12.942546736637686
nf4,Odia,110,The most important thing is to protect the environment and the natural resources that are being used.,16.306441048666944
nf4,Odia,111,The first step in the process of the development of the child is to be fed.,21.003503401433026
nf4,Odia,112,"The first European to visit the region was a Jesuit missionary, Father Antonio de Masary, in 1619.",16.094375552200155
nf4,Odia,113,The first time I saw my mother's homeland was in the summer of 2019.,18.12473226894348
nf4,Odia,114,The first European to visit the region was the Jesuit missionary Father Matteo Ricci in 1602.,9.317500568757096
nf4,Odia,115,"The first people to settle in the region were the Dravidians, who lived in the region for thousands of years.",19.066125714234637
nf4,Odia,116,"The British have a unique and different way of life from other Indian states. They have a lot of freedom to do whatever they want, and they have a lot of freedom to do whatever they want.",17.256219630950202
nf4,Odia,117,"The first thing that you will notice is the large number of islands in the Gulf of Bengal, which is a unique feature of the Northeast Indian region.",16.490803375141887
nf4,Odia,118,The Balinese are unique and different from other Indonesian tribes.,13.09688573086492
nf4,Odia,119,"The idea of ​​the ""sacred cow"" is a myth that has been passed down from generation to generation.",8.144231810970874
nf4,Odia,120,The first European to visit the island was a Dutch explorer named Pieter de Hond in 1616.,13.096452870246262
nf4,Odia,121,"The first train to travel through the Himalayas was the ""Telegraph"" (1853), and the first train to travel through the Himalayas was the ""Telegraph"" (1853), and the first train to travel through the Himalayas was the ""Telegraph"" (1853), and the first train to travel through the Himalayas was the ""Telegraph"" (1853), and the first train to travel through the Himalayas was the ""Te",14.443658183697089
nf4,Odia,122,The film is a historical drama that is set in the 19th century and is based on the life of the great Indian freedom fighter Mahatma Gandhi.,18.22230279184741
nf4,Odia,123,The unique and unique taste of the cuisine of the Northeast is the result of the unique geographical and climatic conditions of the region.,16.321853930876333
nf4,Odia,124,"The region is known for its unique and diverse culture, and the people are known for their hospitality.",18.25748989933883
nf4,Odia,125,The islands of the Andaman and Nicobar are a unique and different destination for tourism.,17.00347200384857
nf4,Odia,126,The first online school in India was started in 1817.,13.385092696875944
nf4,Odia,127,The Royal family of the Northeast Indian states is the oldest and most powerful royal family in India.,19.06685307738653
