precision,language,idx,hyp,chrf
bf16,Hindi,0,"The service-oriented people have a variety of traits, such as their shoes, clothes, ties, jewelry, hairstyle, makeup, perfume, cosmetics, etc.",50.84343167604902
bf16,Hindi,1,"The Ajanta caves in Aurangabad district of Maharashtra, which are about 2,000 years old, have sculptures and paintings of the first century BCE to the fifth century CE.",52.08725002636542
bf16,Hindi,2,The spread of the body's color is gradually absorbed into the outer lines.,26.9326352185903
bf16,Hindi,3,"Ashoka started to build statues and magnificent monuments using stone, while before that, he used to use wood and clay.",36.1315024265671
bf16,Hindi,4,"The delicious and famous Maharashtrian dish of masala aloo is made by mixing lentils with spices, then coating it with besan batter, and then deep-frying it.",41.71683195629005
bf16,Hindi,5,"Chettinad cuisine is the cuisine of the Chettinad region of Tamil Nadu, which is known as Chettiar or Nagarathar.",52.58801005173458
bf16,Hindi,6,Cardamom is a native of India and is used in sweet and medicinal forms.,26.46018134844824
bf16,Hindi,7,Grind it in a dry grinder or in a stone mortar.,47.61607202667894
bf16,Hindi,8,"Punjab's cities have their own preferences, such as Amritsar's people like Amritsari kulcha, boiled rice and milk products.",42.90469950568792
bf16,Hindi,9,"Send Ram with the rishi, and send Lakshman with the rishi.",55.294859578091845
bf16,Hindi,10,But Mangal Pandey did this heroic act with a great and noble purpose.,34.08125457163642
bf16,Hindi,11,"When the garlic is parboiled, it is mixed with some spices for a long time and then fried with some mustard and turmeric for 5-6 minutes until the meat is soaked up by all the spices.",34.336169019326555
bf16,Hindi,12,"The book is a treatise on the nature of animals, birds, and humans, presented through the characters of the animal kingdom.",60.492362289720845
bf16,Hindi,13,It seems that the book's purpose is to promote the knowledge of the art of writing and the wisdom of conduct.,36.41723100912478
bf16,Hindi,14,"Professor Asit Kumar Banerjee has played a significant role in compiling the history of the entire city of Howrah in the form of two volumes, namely, the first and the second, titled Hāvādār Ītīvṛt (the first and the second volume).",39.59421005191272
bf16,Hindi,15,"The Chaitanya mandapam in the front has a semi-circular Chaitanya chaap, which is open on the side where the main Chaitanya chaap is open, and there is no window in the main Chaitanya chaap.",32.69483068542826
bf16,Hindi,16,The royal families and the cooks (as they are called in India) of the past generations have perfected these recipes and now these recipes have been passed on through generations orally.,45.71840005524636
bf16,Hindi,17,"The traditional way of preparing vazhakkai, or the main chef, is with the help of a dal.",31.13630435400442
bf16,Hindi,18,"Pav Bhaji is a fast food dish from Maharashtra, consisting of a thick stew of vegetables, which is usually cooked in ghee and served with a soft bread roll (pav).",71.2486704234533
bf16,Hindi,19,"The Habbakuk and Lalla-Dyad of Kashmiri art are their spiritual and deep feelings expressed in their works, the Mira Bai of Rajasthan are famous for their unique bhakti in Tamil, the Andal of Kannada has profound knowledge of the age of the poets and the Akka Mahadevi of Kannada has a great contribution to the literature of women in the age of the poets.",39.047728231366094
bf16,Hindi,20,"The caves of the tiger, which have Buddhist paintings, are located in the district of Dharam in Madhya Pradesh, 97 km from the city of Dharam.",57.02306588714952
bf16,Hindi,21,"The root of a tree or a plant is the common meaning of the word in Sanskrit literature, but in a figurative sense, it can mean the lower part of any object.",53.34518660781368
bf16,Hindi,22,The Indus Valley Civilization is known for its technical knowledge.,59.33713746794199
bf16,Hindi,23,All the Kauravas die; only five Pandavas and Krishna survive.,75.94427437563334
bf16,Hindi,24,The war lasts for 18 days and the defeat of the Kauravas is the end of the war.,50.232131614963535
bf16,Hindi,25,"The central theme of the Mahabharata is the struggle for the throne of Hastinapura, a kingdom in the north of modern Delhi, and the kingdom is named after the legendary king Bharata.",48.48376749754994
bf16,Hindi,26,"The number of vegetarians in Karnataka is higher than that of meat-eaters, so their food is mainly vegetarian.",43.871214195022375
bf16,Hindi,27,"They are told by Sanjay, who is telling them what is happening in the battlefield.",56.70369665277127
bf16,Hindi,28,"Tamil has two great epics, Silappadikaram and Manimekalai.",49.68415024029717
bf16,Hindi,29,"In this region, the use of powdered chilli is done with caution.",54.14477331186753
bf16,Hindi,30,"The word yoga is derived from the Sanskrit root word yuj, which means to join or unite.",62.30594737416266
bf16,Hindi,31,The walls of Odisha temples are adorned with various sculptures depicting different forms of deities.,31.95156724833747
bf16,Hindi,32,"Vishweshwara, who had turned towards the king, said: ""O king, you do not give the glory you deserve by saying that you will never do such a thing again.",23.53478883633697
bf16,Hindi,33,"Only when Krishna understood Arjuna's despair, he changed his attitude and began to teach the mystery of religious conflict in the world.",43.61739361933139
bf16,Hindi,34,"As you add the flour to the rice, you will occasionally add a little coconut oil.",36.61027472440768
bf16,Hindi,35,"You can start by mixing a cup of coconut milk with a spoonful of rice flour, and then mix the rice flour with the coconut milk.",33.424638977659775
bf16,Hindi,36,"The construction of the magnificent gold dome of the Nanded Gurudwara was done by Maharaja Ranjit Singh in the 1830s, and it is a beautiful and unique example of the art of the Nanded region.",40.89476740428027
bf16,Hindi,37,"The Samaveda is a collection of selected hymns, each of which is arranged in a particular metre or mode and is sung in a particular tune.",26.453324354599328
bf16,Hindi,38,The description of the capital of Valmiki by the author of the Koshal gives a clear indication that Ayodhya was not a modern city like our modern cities.,57.08354395015283
bf16,Hindi,39,"Once you say that you will do it, there is no other option left.",27.36096485798522
bf16,Hindi,40,"In recent years, the exchange rate and foreign exchange reserves have been seen differently.",41.33627984509698
bf16,Hindi,41,"When a credit card holder has a past due balance of more than three days, only then can banks inform credit information companies (CICs) that the past due balance is or is not overdue.",43.34247294148636
bf16,Hindi,42,The country can improve its economic situation by attracting foreign direct investment.,36.48894265692842
bf16,Hindi,43,"However, the speedy implementation of the package is encouraged, if the package is approved by the bank within 90 days of the application being received. If the application is approved within the time limit of the second stage, the classification of the applicant will be reclassified to the second stage of the classification.",51.35313545328118
bf16,Hindi,44,"Is the dynamism of private capital investment necessary to limit the concentration of wealth to a few people, or does it contribute to development, competition, and technological progress, which in turn reduce inequality?",56.57132285300997
bf16,Hindi,45,"This market is characterized by high volatility and inflation, which is being curbed and controlled by intervention.",34.5626496163438
bf16,Hindi,46,The second quarter's high frequency data show that economic performance is still strong.,35.36815963670868
bf16,Hindi,47,"In the field of political economy, a country is a specific entity and its market is affected by the same events that affect other countries.",22.515944123606857
bf16,Hindi,48,"The meaning of the term ""chalanidhi"" is how much money can be made in a short period of time by selling a financial asset at a very low price.",27.18538684025564
bf16,Hindi,49,The income tax policy should be based on personal motives rather than on the basis of objective and objective information.,44.15843092607148
bf16,Hindi,50,"Therefore, the interest rate on the date of maturity of the bond is not payable, and the result is a loss of capital.",32.17096314081102
bf16,Hindi,51,India's fastest payment system - UPI - will be linked with other payment systems in the same way as in other countries. The possibility of linking payment systems in India with other countries' payment systems will also bring about a change in the payment systems in India.,43.9888191262053
bf16,Hindi,52,The use of liquefied natural gas (LNG) in power plants and industrial (chemical) plants has become very important in the energy sector.,37.81005322731529
bf16,Hindi,53,"Although marketing sites may help you sell, they do not help you build a long-term company or a brand that is worth buying.",23.81553271857141
bf16,Hindi,54,"The payment system has made a significant contribution to the payment system, and the payment system has been appointed as a payment system operator.",24.370944686926816
bf16,Hindi,55,The current law applies to all payment groups that transact online or e-commerce.,38.56502879727227
bf16,Hindi,56,"According to the record, this country is trading in a comparative way, importing goods that yield a large profit, and buying goods that yield a relatively small profit (even though they are still positive), and it will benefit from international trade.",35.65451512024099
bf16,Hindi,57,"The banking sector's deposit growth rate has increased by 16.2% in the last six months, compared to 6.7% in the previous year.",17.45997837745957
bf16,Hindi,58,"The cost of crop harvesting before and after the crop is paid for, the cost of irrigation, pruning, thinning, classification and transportation of the products of the gods, as well as the cost of the work of the priests, are paid for.",28.483501184848937
bf16,Hindi,59,Loans for agricultural and related operations are made for medium or long-term to purchase agricultural machinery for irrigation and other development works in the field of agriculture.,51.48583207336584
bf16,Hindi,60,"The banking inspector is checking the impact of banks on the shadow banks and trying to limit the flow of funds and capital through better regulation in order to limit the impact on the economy as a whole, which is also a shadow banking system.",38.21929753696601
bf16,Hindi,61,The global financial crisis has forced the government to collect more official data and to identify more and better gaps.,42.97340361042848
bf16,Hindi,62,The market price is determined by the need to balance supply and demand.,43.69939787701823
bf16,Hindi,63,This model and other parameters (such as supply and demand levels) determine the level of supply and demand.,44.54762020821252
bf16,Hindi,64,The current account surplus is the difference between the current account balance and the net capital and financial account balance.,24.76151708683941
bf16,Hindi,65,The trade in goods and services from Malaysia and the services from Malaysia to the world has a trade balance.,38.22228460138422
bf16,Hindi,66,"The Ministry of Micro, Small and Medium Enterprises (MSME) has been working continuously to improve its position in the global EODB ranking and has been able to do so by placing itself in the MSME category. The Ministry has also been able to address the difficulties faced by MSMEs in the process of joining the GVC.",34.0890231037266
bf16,Hindi,67,"The inflation rate for 2022-23 is expected to be 6.7 percent, where risks are equally balanced, the second quarter is expected to be 7.1 percent, the third quarter is expected to be 6.5 percent, and the fourth quarter is expected to be 5.8 percent.",39.076167576316536
bf16,Hindi,68,"India's imports are increasing, but exports are increasing more.",27.552047785562344
bf16,Hindi,69,"Currently, economic accounting is mainly focused on economic performance (GDP growth rate, government revenue, government debt, government expenditure, government revenue, etc.) and social performance (poverty, corruption, employment levels, nutrition levels, etc.) on the basis of which the country's economic and social development is evaluated.",54.35810136270919
bf16,Hindi,70,"The main topics of current economic discussions are the balance between social and economic work, and the relationship between social and economic work with environmental work. Some of these issues are not given enough attention.",51.45820300101713
bf16,Hindi,71,"After the restructuring, the fair value of the loan is calculated on the basis of the pre-restructuring interest rate and the date of restructuring, and the amount of the loan is calculated on the basis of the fair value of the loan as of the date of restructuring, and the date of restructuring, and the amount of the loan is calculated on the basis of the fair value of the loan as of the date of restructuring, and the date of restructuring, and the amount of the loan",42.45408873683298
bf16,Hindi,72,"The Reserve Bank of India (RBI) has provided a special liquidity facility of Rs 50,000 crore to the financial markets to restore confidence in the markets.",41.10725666204344
bf16,Hindi,73,"The recent sharp and rapid growths and additional large growths have resulted in a situation of unprecedented instability, and people are becoming more risk-averse.",32.80746272720425
bf16,Hindi,74,"The full value notes will be deposited in the Reserve Bank of India's treasury offices, while the half value and non-issued notes will be presented for deposit and will be processed accordingly.",43.7705639070369
bf16,Hindi,75,The amount of debt in India has increased significantly.,26.85996468925169
bf16,Hindi,76,"Despite the volatile global environment, India's economic position is still strong.",41.1383069535063
bf16,Hindi,77,"There is a sense of unease in the financial markets, which may have a real impact on the economy and financial stability.",55.448875171114295
bf16,Hindi,78,"When the number of notes given is more than 5 and their total value is more than 5000, the person who gives the note is advised to give the note in the form of a currency note to the bank. The note should be given in the form of a currency note to the bank. The bank may also ask the person to give the note in the form of a currency note to the bank. The bank may also ask the person to give the note in the",30.557477877664084
bf16,Hindi,79,"The court has also considered that the protection of privacy is an important component of the right to privacy and therefore the publication of information should be limited to the extent necessary to protect the interests of the individuals concerned, and only such information should be collected that is necessary and only for the purpose for which it is collected.",47.02354903497813
bf16,Hindi,80,Cybercriminals hack data or services to steal other computers or networks.,40.87330770292839
bf16,Hindi,81,All packaged foods and packed foods contain a lot of sodium because of the use of salt in them.,43.886080552385
bf16,Hindi,82,"When a vehicle is moving at a certain speed, sudden braking, changing the speed of a vehicle in a moving car or a sudden accident can enter the internal parts of an uncontrolled car.",39.36891724252342
bf16,Hindi,83,"But that morning, a white prisoner who had been released by General Singh, reached the English camp and informed General that he had heard that General Singh was going to leave the fort empty, but not until he had taken revenge.",51.80203147261666
bf16,Hindi,84,"At the time, the chief of the army was Robert Montgomery.",59.817987723447295
bf16,Hindi,85,"Although the number of British soldiers stationed in Meerut was four times that of Meerut, the news did not reach the British officers until after the news had reached Meerut, and it was difficult for them to determine whether the British officers were in contact with the Meerut soldiers or not.",38.98367506999663
bf16,Hindi,86,Their only problem is that their brains are not at all affected by their love.,25.004958507760257
bf16,Hindi,87,"Every day, new pieces were coming in from both sides.",57.26609005843657
bf16,Hindi,88,"If any person has personal hatred, then the name of Panditji should not be included in the list of martyrs, but in the list of murderers.",37.55072502308433
bf16,Hindi,89,"He looked at me for a moment and said, ""I'm sorry, we don't have any empty space,"" and then Alvida.",31.08645845984332
bf16,Hindi,90,"Have you ever thought that if we remove the garbage from our homes and surroundings, what will happen?",72.1464313543272
bf16,Hindi,91,"In recent years, there have been many changes in the world around us due to the use of digital technology.",64.241209710706
bf16,Hindi,92,"In the past, a letter took several days to reach its destination, and each recipient received his own copy and sent a reply.",51.79049401845904
bf16,Hindi,93,The revolutionary fervor of the movement is marked by its inherent philosophical and practical implications.,23.395371447077995
bf16,Hindi,94,"Every time his wife died, Kabir Ghandi married again.",24.94804445950087
bf16,Hindi,95,This article is the responsibility of the authors to make people aware of their rights and freedom from slavery.,44.29872805218294
bf16,Hindi,96,This is enough to estimate their capacity and character.,44.97699820730301
bf16,Hindi,97,We could see the soldiers marching in unison and waving flags and banners as we entered the city from the top of the hill.,35.50492021551838
bf16,Hindi,98,"They also read Ramayana and Mahabharata; they also read about the battles of Marathas and other works of Maratha history, and they were inspired by the great stories of Hindu valor that they read together.",37.1684926413655
bf16,Hindi,99,The lack of sufficient satellite data for crop applications during the monsoon season due to cloud cover is a major hindrance in using satellite data for crop applications.,43.96033957514619
bf16,Hindi,100,"When we click on a malicious advertisement on the Internet, it can also reach our computer system.",84.9427123799635
bf16,Hindi,101,"He ran away from his cave in a state of panic, and his mother's hand was injured in the battle, and he was left helpless.",22.58811881500083
bf16,Hindi,102,They took Nana Bithur with them and threatened to attack Kanpur.,43.08918886914269
bf16,Hindi,103,The butler and his boss grabbed me and held me there.,32.88671290641516
bf16,Hindi,104,"After that, Jarkia II ruled for a short time.",36.41445623046975
bf16,Hindi,105,The two brothers loved each other very much.,39.36360005920132
bf16,Hindi,106,"I think if they agree to the proposal, other people can be convinced to agree.",42.1533688636315
bf16,Hindi,107,The most dynamic factor in urban areas is transportation in various forms.,50.3416770109986
bf16,Hindi,108,"The Right-Ahead Log ensures that if a crash occurs, the log will provide advice on how to get back to the point of the crash, and the log will search for all full and complete changes in the log file and store them in the log storage, and if the situation requires it, it will set the log to the previous values or new values.",39.59422887299385
bf16,Hindi,109,"The first problem is that if there are multiple obstacles, it takes more time to reach and open them, and the second is more complex arguments.",32.951120735049486
bf16,Hindi,110,"If there is a swimming facility available, the life-saving technique of swimming can be practiced there.",62.35687934295762
bf16,Hindi,111,Students should be encouraged to ask questions if they have any doubts about swimming.,70.68392018187448
bf16,Hindi,112,It was necessary to find out how far the Punjab soldiers were moved by the spirit of national freedom.,72.82652940606775
bf16,Hindi,113,This kind of forgiveness was not easy for my father.,51.2806738278985
bf16,Hindi,114,"This revolt gave Henry joy because now he had a small and loyal army, consisting of a few English regiments and a Sikh and Hindu contingent, whose loyalty had been proved by trials.",40.89833674340828
bf16,Hindi,115,The weapons were arranged in a row and the food was ready and the hungry people were chewing the first morsel of food; the drink was ready to be poured.,50.55292729762725
bf16,Hindi,116,"English soldiers, you have not received your blood by any other means than hard work, so enjoy your breakfast in the gardens of your generals!",32.02964429427529
bf16,Hindi,117,"You have seen the seeds growing in the soil, which then grow into plants, or other animals grow with them, or dogs' puppies grow into dogs, or rats grow into rats.",49.24953206507939
bf16,Hindi,118,Boys are also equally vulnerable to sexual harassment.,72.98534940609511
bf16,Hindi,119,"When electricity was falling on Jhansi and it was trying to destroy it, then Baka, when his sons were ready to take the sword and the mian from them, he threatened them and said that if they would not take their swords and mian from them, then he would inform the rulers about their tricks and then he would cut their heads.",38.738177636664936
bf16,Hindi,120,Film producers who were primarily responsible for making dangerous stunts popular were G.B. Vyas and his brother H. Vyas of Vyas Movies.,41.563239374212486
bf16,Hindi,121,"The train romance film Tufan Mel (1932), in which many fights and beatings were filmed on the roof of the train, started from here.",31.124499749642126
bf16,Hindi,122,"Assamese cinema is mainly seen in Assam, the state where Assamese language is spoken.",52.68329399197883
bf16,Hindi,123,The best reworkings of masterpieces are not as transparent as masterpieces themselves.,28.86201210754873
bf16,Hindi,124,"It is a very important tool for cleaning the hands, and it is understood.",19.440520378881708
bf16,Hindi,125,"They make the novel into something else and the result is a tangled mess, many genres of cooking.",59.47816248328009
bf16,Hindi,126,"From June 15 to July 11, 2020, the first online film appreciation course was launched by the Film and Television Institute of India.",38.593497349634845
bf16,Hindi,127,"The curriculum was prepared by the National Film Archive of India, Pune, in collaboration with the National Film Archive of India, Pune.",56.904623811206434
bf16,Bengali,0,"The body shape is a feature that is unique to a person, such as the color of his/her clothes, the type of hat, the type of scarf, the type of shoes, the type of jewelry, the type of hair, the type of makeup, the type of clothes, the type of accessories, the type of food, the type of drink, the type of music, the type of dance, the type of art, the type of painting, the type of sculpture",26.326519869109088
bf16,Bengali,1,"The ancient temple of Angkor Wat in Cambodia is a masterpiece of Khmer architecture and art, and is one of the most visited tourist attractions in the world.",18.508909604452867
bf16,Bengali,2,The color of the skin with the color of the hair is mixed to create a dense texture.,24.91345438656674
bf16,Bengali,3,"The construction of temples and other architectural works in the state of Odisha was mainly done with stone and wood, and the construction of temples and other architectural works in the state of Odisha began with the use of stone and wood.",27.391452323200195
bf16,Bengali,4,"The preparation of the dish is done by boiling the lentils in a vessel with a little water, and then adding the spices and the oil. The dish is then cooked in a vessel with a little water and the oil. The dish is then cooked in a vessel with a little water and the oil.",20.25699316476861
bf16,Bengali,5,"The cuisine of Chennai is a fusion of Tamil, Telugu, and Malayali cuisines.",21.75526055796224
bf16,Bengali,6,"Daru chin is a traditional Indian medicine made from the bark of the Daru tree, which is found in the Indian subcontinent.",23.8859135491214
bf16,Bengali,7,"This is a kind of a fried rice or a fried noodle, which can be made with any kind of vegetables.",20.68146596496004
bf16,Bengali,8,"The people of Punjab like to eat different types of food, such as Amritsari kulcha, Purvahara Pora and Dhudhajati products, which are more popular.",32.76350549636343
bf16,Bengali,9,Ramakrishna was also taught by this sage and Lakshman also learned from him.,30.129910658453124
bf16,Bengali,10,"But the work of the great Pandit, the great thinker, the great man of action, the great man of the world, the great man of the world, the great man of the world, the great man of the world, the great man of the world, the great man of the world, the great man of the world, the great man of the world, the great man of the world, the great man of the world, the great man of the world,",8.806525304045223
bf16,Bengali,11,"If you cook chicken with a lot of spices, it will be red and will be very spicy. You can eat it with rice and other dishes for a long time without any pain.",17.868899913244686
bf16,Bengali,12,"The book is a collection of stories about animals, birds and humans, which is a part of the human knowledge of the world.",36.45943630249322
bf16,Bengali,13,The purpose of this book is to promote the skill of articulation and the art of worship in Sanskrit and to inspire the study of the art of worship.,39.12787324991447
bf16,Bengali,14,"The history of the city of Howrah, which is the birthplace of the author, is a very important part of the history of the city of Howrah.",18.50198990162591
bf16,Bengali,15,"The easternmost part of the continent is dominated by the Chittagong Hill Tracts, which is a unique and different from other Northeastern Indian states.",26.61703997453025
bf16,Bengali,16,"The cuisine of the Maharajas and Khansamah (the famous chefs of India) has been popularized by a number of chefs over the centuries, and has been kept alive for centuries by these chefs.",27.217590050231355
bf16,Bengali,17,The traditional way of cooking is to cook with a wazza (a large pot) or a wazza (a small pot) with a wazza (a large pot) or a wazza (a small pot) with a wazza (a large pot) or a wazza (a small pot) with a wazza (a large pot) or a wazza (a small pot) with a wazza (a large,19.01179131643245
bf16,Bengali,18,"Pao bhaji is a popular dish in Maharashtra, made with a spicy lentil-based stew (pao) and a thick, spicy, and sour tamarind chutney (pao).",27.8630967966719
bf16,Bengali,19,"The most famous of the Kashmiri poets are the poets of the Kashmiri language, who are known for their unique style of poetry and their deep love for nature. The most famous of the Tamil poets are the poets of the Tamil language, who are known for their unique style of poetry and their deep love for nature. The most famous of the Kannada poets are the poets of the Kannada language, who are known for their unique style of poetry and their deep love for nature",26.54713437141213
bf16,Bengali,20,"The temple of the Buddha in the cave of the Bakhla is located in the middle of the district of Medinipur in West Bengal, about 97 km from the city of Medinipur.",34.78970574941076
bf16,Bengali,21,"The word ""mango"" in Sanskrit means a leaf or a branch of a tree, but in the context of food, it refers to any kind of fruit, including a leaf or a branch of a tree.",30.10836078440195
bf16,Bengali,22,The Sindhu civilization was a great civilization in the history of India.,18.28367273414569
bf16,Bengali,23,All the people of Kauravas died; only Pandavas and Krishna survived.,54.99694577888158
bf16,Bengali,24,The glory of war lasted for 18 days and ended with the defeat of Kauravas.,50.106171214103846
bf16,Bengali,25,"The central narrative of Mahabharata is the story of the battle of Kaurava and Pandava brothers, which took place in the city of Hastinapura, which is now Delhi, India.",34.12800168798573
bf16,Bengali,26,"The number of people who eat amishashiri is much more than that of niramishashiri, so the main food of the people is not niramishashiri but amishashiri.",23.291259306060542
bf16,Bengali,27,"He gave him a name, and he said, ""In the war, what is happening?""",28.710267070945463
bf16,Bengali,28,The two Tamil books that are available in Tamil are Shilpa Dikaram and Manimekhala.,49.690226517672215
bf16,Bengali,29,"In this region, the bamboo shoots are eaten with great care.",23.360635875558238
bf16,Bengali,30,The word yag is used or is synonymous with the word or the word is synonymous with the word or the word is synonymous with the word or the word is synonymous with the word or the word is synonymous with the word or the word is synonymous with the word or the word is synonymous with the word or the word is synonymous with the word or the word is synonymous with the word or the word is synonymous with the word or the word is synonymous with the word or the word is,11.491593195015994
bf16,Bengali,31,The intricate carvings of the temple's doorway have been preserved in the form of a mural in the form of a mural in the form of a mural in the form of a mural in the form of a mural in the form of a mural in the form of a mural in the form of a mural in the form of a mural in the form of a mural in the form of a mural in the form of a mural in the form of a mural in the form of a,15.33268507674858
bf16,Bengali,32,"The king said, ""The king said, ""If you do not fulfill your promise, it will be bad for you.""",17.510225830724043
bf16,Bengali,33,"After the shock of the loss of his wife, Krishna changed his behavior to become a religious person.",20.104768650577316
bf16,Bengali,34,"When you chop the potato, you can add a little coriander, but not too much.",17.596300366951308
bf16,Bengali,35,"You can start with a small piece of lettuce and then add some shredded carrot to it. After that, you can add some shredded cabbage and then some shredded cucumber.",15.81758250382324
bf16,Bengali,36,"The most beautiful temple in the world, the Golden Temple in Amritsar, was built by Maharaja Ranjit Singh in 1835 AD, when he donated the land for the construction of the temple. The temple is decorated with the finest gold work and is a masterpiece of architecture.",35.26623292162998
bf16,Bengali,37,Sambeed is a musical composition or a composition in which the notes are arranged in a particular order or in a particular pattern.,17.935728915235018
bf16,Bengali,38,"The history of Kochi, the capital of Kerala, is well known. It was a small town in the ancient kingdom of the Chera dynasty, which was later absorbed into the Chola empire. The city was a major port and a trading center in the medieval period, and it was the capital of the Zamorin of Calicut, a powerful Muslim ruler who controlled the Malabar coast from the 14th to the 17th century. Kochi was a major",24.846358970258144
bf16,Bengali,39,Once I said 'I will do it' and there was no other option. There is no other option.,31.72313503725672
bf16,Bengali,40,The current exchange rate and the amount of foreign currency that we can get in return for our own currency are the subject of various opinions.,28.31370686741195
bf16,Bengali,41,"If a credit card is used for more than 30 days, it will be considered a non-charge card and will be reported to the credit bureau (SBI) as a charge card default.",26.424939246849544
bf16,Bengali,42,The economic growth model of the countries will be encouraged by the direct investment.,38.05701740051148
bf16,Bengali,43,"If the application is approved within 90 days of the date of the application, the application will be approved within 90 days of the date of the application, and the applicant will be able to reapply for the same project within 90 days of the date of the application.",33.51445121097018
bf16,Bengali,44,"The power of individual wealth accumulation is not necessarily transferred to the hands of the rich man, but it can also be increased, competed with, and promoted by the power of technology, competition, and the spirit of innovation.",36.84052423660058
bf16,Bengali,45,"The Russian market is the most affected by the pandemic, and the government is trying to prevent the spread of the virus by imposing restrictions on the movement of people.",23.29851698531936
bf16,Bengali,46,The second trimester is a period of high economic activity and economic growth.,28.517699238696785
bf16,Bengali,47,"The main theme of economic policy is to understand how a country can create a large national market, economic policy experts say.",27.284631372901057
bf16,Bengali,48,The short-term price of goods in the market is the limit of economic surplus.,16.166495925507963
bf16,Bengali,49,The principle of recognition of the right to rojgar is a principle of a non-ideological and non-ideological nature and is based on the principle of recognition of the right to reparation.,29.772842092794548
bf16,Bengali,50,"The amount of money that is left over after the payment of taxes is not much, and therefore, the tax payment date is not affected.",26.58264419931955
bf16,Bengali,51,"The Indian government's fast-track economic reforms, the UPA government's economic reforms, and the UPA government's economic reforms are all aimed at making India's economy more competitive.",17.479493432852593
bf16,Bengali,52,"The power and industrial sectors are being managed by the power and energy sector, which is gaining importance in terms of the availability of natural gas (LNG).",30.81442542277022
bf16,Bengali,53,"The market is a great help to your business, but it is not a good business for you to run and make a profit. It is a good business to make a profit and to create your own brand.",32.59862254810963
bf16,Bengali,54,"The P. A. R. Act, 2020, which was passed in March 2020, has made the P. A. R. Act, 2016, a statutory instrument.",14.594285821483648
bf16,Bengali,55,"However, the current rules are applicable to online transactions or transactions through electricity-based trade, which are helpful for the welfare of the people.",39.800112372713926
bf16,Bengali,56,"The largest exportable commodity of the country is the exportable commodity of the country, and the exportable commodity of the country is the exportable commodity of the country, and the exportable commodity of the country is the exportable commodity of the country, and the exportable commodity of the country is the exportable commodity of the country, and the exportable commodity of the country is the exportable commodity of the country, and the exportable commodity of the country is the export",13.943741236723358
bf16,Bengali,57,"The Bank of Bangladesh's deposit growth rate has increased by 16.2% in a year, compared to 6.7% in 2017-18.",20.282244745874006
bf16,Bengali,58,"The cultivation of the previous and the subsequent crops is financed by loans, the collection of which is done by the farmers themselves, the collection of which is done by the farmers themselves, the collection of which is done by the farmers themselves, the collection of which is done by the farmers themselves, the collection of which is done by the farmers themselves, the collection of which is done by the farmers themselves, the collection of which is done by the farmers themselves, the collection of which is",14.14440301264756
bf16,Bengali,59,"The loans of the middle and long-term periods will be used for agricultural and other development activities, including the purchase of agricultural machinery, the construction of farms, and other agricultural activities.",56.249237044953546
bf16,Bengali,60,The banks that have been declared as the most prestigious banks in the world are being scrutinized by the government and the best banks are being selected by the government to be the custodians of the country's wealth.,20.66930753115525
bf16,Bengali,61,"The government is also collecting more and more data on the poor and the underprivileged, and is looking for ways to find them.",29.496274319714765
bf16,Bengali,62,"The price of the product is equal to the cost of the product, and the difference is the profit.",20.53303046221882
bf16,Bengali,63,The cost of the furniture is determined by the value of the other items (such as gold) and the quantity of the items.,22.83753628882895
bf16,Bengali,64,"The total amount of foreign exchange earned by the country is the sum of the foreign exchange earned by the government and the foreign exchange earned by the private sector, and the foreign exchange earned by the government and the foreign exchange earned by the private sector, and the foreign exchange earned by the government and the foreign exchange earned by the private sector, and the foreign exchange earned by the government and the foreign exchange earned by the private sector, and the foreign exchange earned by the government and the foreign",19.6595138289909
bf16,Bengali,65,The difference between import and export of goods and services is the difference in the economic system.,45.9566352263341
bf16,Bengali,66,"Meghalaya is the second largest state in India in terms of area and the third largest in terms of population. It is also the only state in India that is not part of the Indian Union. Meghalaya is a state in the North-Eastern part of India. It is bordered by Bangladesh to the east, Assam to the west, Arunachal Pradesh to the north and the state of Manipur to the south. The state is divided into 21 districts",20.70807193683131
bf16,Bengali,67,"The currency devaluation of 2012-13 was the second largest in the world, and the third largest in the world in 2013-14.",13.476557716227102
bf16,Bengali,68,"India's growth in demand for imports has slowed down, but imports have increased.",26.97156140866854
bf16,Bengali,69,"The main economic indicators are mainly the growth rate of economic activity (growth rate, government revenue, government debt, government expenditure, etc.), and the social indicators (poverty, inequality, unemployment, etc.) are also important.",39.28325405819344
bf16,Bengali,70,The economic and social integration of the environment is more important than the environmental integration of the economy.,26.054573774495736
bf16,Bengali,71,"The amount of the loan after the repayment of the principal is the net amount of the loan at the time of the repayment of the principal, and the amount of the loan after the repayment of the principal is the amount of the loan at the time of the repayment of the principal, and the amount of the loan after the repayment of the principal is the amount of the loan at the time of the repayment of the principal, and the amount of the loan after the repayment of the principal",24.678181778285506
bf16,Bengali,72,"The MF-(ESL-MF) scheme provides special facilities for the export of 50,000 crore rupees worth of products.",14.717524092486755
bf16,Bengali,73,"The recent increase in the number of cyclones and the increase in the number of cyclones with a very high intensity, along with the increase in the level of uncertainty and risk, has led to the birth of a new type of disaster, which is the disaster of the disaster.",25.19452543246268
bf16,Bengali,74,"The full value of the notice is paid by the end of the year, and the half value of the notice and the cancellation notice are paid by the end of the year. The notice of the Arab Exchange Office is considered as a notice of the Arab Exchange Office, and the notice of the Arab Exchange Office is considered as a notice of the Arab Exchange Office, and the notice of the Arab Exchange Office is considered as a notice of the Arab Exchange Office, and the notice of the",23.920154242716563
bf16,Bengali,75,The amount of credit in India has increased significantly.,22.377163946698843
bf16,Bengali,76,This unique and fragile world is also very stable in terms of Indian economy.,23.958103325588045
bf16,Bengali,77,The real economy and economic stability are also affected by the growth of the economy and the growth of the economy.,28.76753752713595
bf16,Bengali,78,"If a person gives a note of more than 5,000 rupees, but less than 5,00,000 rupees, the bank will not accept it as a cheque. If the bank accepts it, it will be called a cheque. If the bank does not accept it, it will be called a draft. If the bank accepts it, it will be called a draft. If the bank does not accept it, it will be called a draft. If the",20.88091613015264
bf16,Bengali,79,"The court also sees that the personal information and truth of the matter is the most important part of the right to privacy, and that it is an inalienable part of the right to privacy, and that it is a duty-bound to protect the personal information of the citizens at the time of the collection of information, and that the right to privacy is the most important right of the citizens, and that the right to privacy is the most important right of the citizens, and that the",33.558817996305194
bf16,Bengali,80,"A cybercriminal who steals a computer or computer system, or an intruder who gains access to a computer or computer system.",38.10976515668623
bf16,Bengali,81,The presence of nux vomica in the food supply is responsible for the high content of sodium in almost all packaged and processed foods.,36.94363501702399
bf16,Bengali,82,"If a car breaks down, you can get out of it, or if there is an accident, you can get out of it, but if you are in a car that is not connected to a car, you can get out of it, but if you are in a car that is not connected to a car, you can get out of it, but if you are in a car that is not connected to a car, you can get out of it, but if you",17.837848795638212
bf16,Bengali,83,"But, at that time, the morning after the dawn of the new day, the Senapati of the Shibi, the English officer, who was a Bengali, came to know that the Senapati would not pay any price for the insult, and he would not go to the fort.",30.504338375423167
bf16,Bengali,84,"In this period, the main commander of the Lahore army was Robert Montgomery.",47.37707656975932
bf16,Bengali,85,"The news of the massacre of the Sepa in Meghalaya was first reported by the British colonialists, who were the only ones who had access to the area. The British colonialists were the only ones who had access to the area. The news of the massacre of the Sepa in Meghalaya was first reported by the British colonialists, who were the only ones who had access to the area. The British colonialists were the only ones who had access to the",21.82000980928939
bf16,Bengali,86,"These are not just a source of pleasure, but also affect the body on the surface of the brain.",44.24141614991412
bf16,Bengali,87,"The day after day, new soldiers were arriving.",38.87102259570981
bf16,Bengali,88,"The name of Mangal Pandey is not that of a martyr, but of a murderer.",23.754742931728508
bf16,Bengali,89,"She looked at me for a while and said, 'I'm very sad, all of us have been taken away', and then she left.",24.79433696188981
bf16,Bengali,90,"If you have not seen the beauty of nature, what will you do?",18.317687572212645
bf16,Bengali,91,"In recent times, digital technology has had a profound impact on all corners of the world.",34.549563756687604
bf16,Bengali,92,"A letter would take several days to reach the recipient, and each recipient would give a different response.",46.65377799927886
bf16,Bengali,93,The principle of non-violence is either beneficial or harmful depending on the relationship between the principle and the nature of the principle itself.,29.80890043653952
bf16,Bengali,94,"The wife of Mahatma Gandhi was killed by the British twice, and she married four times after that.",34.73135710514756
bf16,Bengali,95,The idea of emancipation and freedom of the common people was the main motive behind the writing of the authors.,27.348378106668704
bf16,Bengali,96,This information alone is enough to judge his power and character.,37.27884836270102
bf16,Bengali,97,"From the Shillong plateau, I saw hundreds of thousands of seapigs and various types of military flags and flags of various types, and I saw the city of the city of the city of the city of the city of the city of the city of the city of the city of the city of the city of the city of the city of the city of the city of the city of the city of the city of the city of the city of the city of the city",24.424159992401023
bf16,Bengali,98,"Ramayana and Mahabharata are two stories that have been read together; one story is about the Ramayana, and the other is about the Mahabharata, and the Ramayana is about the Ramayana, and the Mahabharata is about the Mahabharata, and the Ramayana is about the Ramayana, and the Mahabharata is about the Mahabharata, and the Ramayana is about",33.17728326844902
bf16,Bengali,99,The main problem in the use of remote sensing data in the case of crop yield estimation is the lack of sufficient data.,22.75183376338878
bf16,Bengali,100,"If you click on any dirty advertisement on the internet, it will also reach our system.",57.56001232206592
bf16,Bengali,101,"The villagers of Chilika, who are in a state of panic, see the tiger from their house and run to the tiger reserve to save their lives. The tiger attacks the man and kills him.",22.073023612019103
bf16,Bengali,102,They were also known to go to the north and south of the country to meet with the people and to take revenge on Kanpur.,18.75776953698807
bf16,Bengali,103,The people of Shillong and their workers are always busy.,19.14721036244477
bf16,Bengali,104,"He came back after a short time, the second Jeremias.",27.79623364930317
bf16,Bengali,105,The relationship between brothers was very close.,27.06044117579069
bf16,Bengali,106,"If they agree to this proposal, they will also agree to the same thing for others.",38.43241726986712
bf16,Bengali,107,The most notable feature of the urban area is the variety of transport.,55.89659300809336
bf16,Bengali,108,"The process of re-creation of a particular type of a product is carried out in a systematic way, taking into account the entire process of production, and the changes in the product are made in accordance with the current situation, and the product is re-issued.",23.122894138356404
bf16,Bengali,109,"The harmony of the first, two, three, four, five, six, seven, eight, nine, ten, eleven, twelve, thirteen, fourteen, fifteen, sixteen, seventeen, eighteen, nineteen, twenty, twenty-one, twenty-two, twenty-three, twenty-four, twenty-five, twenty-six, twenty-seven, twenty-eight, twenty-nine, thirty, thirty-one, thirty-two, thirty-three, thirty-four, thirty-five, thirty-six, thirty-seven, thirty-eight",14.1600600137359
bf16,Bengali,110,"If you have a good bow, you can use it to save your life.",9.8044747797144
bf16,Bengali,111,"If any of the students have any questions about the first aid given to them, they should be encouraged to ask.",56.43256565859821
bf16,Bengali,112,The idea of independence of the Sikh people was so strong that it was not possible to ignore it.,19.849868024554816
bf16,Bengali,113,This kind of abundance was not natural for my father.,45.603829947647405
bf16,Bengali,114,"The revolt was led by Sir Henry Lawrence, who was a British officer and a member of the Indian Civil Service, and was a member of the British Army and the Indian Army. The revolt was led by two Indian soldiers, one of whom was a member of the British Army and the other of the Indian Army.",25.39449338074081
bf16,Bengali,115,"The food is served in four directions, with morning tea, a fish soup, and a first course of rice and vegetables. The mouth is filled with water, and the glass is filled with water.",21.92117074900903
bf16,Bengali,116,"The British army, you have won the battle of your head, you have won the blood of your body, you do not want to bleed, so you sit in the cool shade of the umbrella, and your commander-in-chief, sit with you.",37.86820386833177
bf16,Bengali,117,"You will definitely have to plant a lot of vegetables from the jungle, or a lot of trees from the forest, or a lot of birds from the forest, and you will definitely see a lot of birds from the forest.",19.24031206151279
bf16,Bengali,118,Boys are also equally vulnerable to sexual harassment.,72.98534940609511
bf16,Bengali,119,"When electricity was cut off, the two sons of the king were seen carrying a barrel of water to the king's palace. The king's two sons were told that if they carried the barrel of water to the palace, the king would give them a reward. If they did not carry the barrel of water to the palace, the king would give them a punishment.",26.396327278969387
bf16,Bengali,120,"The Wadia brothers, J. B. and Homi Wadia, were the directors of the first Indian feature film, which was a religious film.",32.1458526333218
bf16,Bengali,121,A train passing through a tunnel with a view of a number of colorful flowers on a railway track in the Thrilayar Thufan Mel (1932) from the beginning to the end.,22.562984316806844
bf16,Bengali,122,"Assamese cinema is a film made in Assamese language, which is mainly seen in Assam, India.",63.01477081914939
bf16,Bengali,123,The literary works of Chirag Sahitya are not as perfect as they should be.,16.71036357814276
bf16,Bengali,124,Another important aspect of the game is the use of the hand and this is how the game is played.,22.94549637302176
bf16,Bengali,125,The novel is transformed into a different genre and its outcome is a mixture of a square and a square.,32.155749127443954
bf16,Bengali,126,"The first online film course of the year 2020, F.I.L.M. (Film Industry Learning Management System) was launched from 15th June to 11th July 2020.",51.18534958927052
bf16,Bengali,127,The National Film Archive of India's filmography is organized in a systematic manner.,41.26585893889224
bf16,Tamil,0,"The term ""traditional"" is used to describe the traditional clothing, food, and other aspects of the culture of the Meghalaya people.",16.856747378573154
bf16,Tamil,1,The Ajanta and Ellora caves are the most famous Buddhist and Hindu cave temples in India.,14.594501093915335
bf16,Tamil,2,The skin is colored with a variety of pigments.,15.55320585008691
bf16,Tamil,3,"The use of sticks for making jewelry was common in ancient times, but it was only after the use of iron that the use of sticks for making jewelry became obsolete.",22.70915988845402
bf16,Tamil,4,"The cuisine of Maharashtrian cuisine is famous for its seafood, especially the fish curry, and the combination of fish and rice.",24.092716708560157
bf16,Tamil,5,"The cuisine of the Chettinad region is a unique blend of Tamil, Malayali, and Muslim cuisines.",30.45341449802683
bf16,Tamil,6,"The use of betel nut in India is widespread, and it is used in many forms, from the traditional betel leaf to the modern betel nut.",22.36751533785933
bf16,Tamil,7,To grind the grain in a mortar and pestle.,23.93562122534777
bf16,Tamil,8,"Punjab has a variety of cuisines, with the most popular being Amritsari, Standard Punjabi, and Pahari.",24.067139649836964
bf16,Tamil,9,Ramana Maharshi and Lakshmanan were both great spiritual teachers.,28.256646886532483
bf16,Tamil,10,The Mughal Empire was a great empire that ruled over a large part of the Indian subcontinent and parts of Southeast Asia.,17.940427097038906
bf16,Tamil,11,The color of the banana is changed to yellow with the addition of turmeric and the taste is improved by adding spices.,20.056542285243665
bf16,Tamil,12,"The book is a collection of stories about the lives of animals, birds, and humans.",40.788403877546784
bf16,Tamil,13,"Sanskrit literature is a rich and diverse tradition, and the book is a good introduction to the subject.",25.601655469251263
bf16,Tamil,14,"The author, Ashit Kumar Poboy, in 1994 and 1995, wrote the complete history of his hometown, Havara, in the form of a book. He was the first author to write the history of Havara, and the book was titled ""Havara Saharir"" (Havara's first and second volumes).",36.04770879765948
bf16,Tamil,15,"The main feature of the Chittagong Hill Tracts is the Chittagong Hill Tracts National Park, which is a protected area in the Chittagong Hill Tracts of Bangladesh.",18.35214537409795
bf16,Tamil,16,The traditional headgear of the Meghalaya people is the 'Majuli' and the 'Kanchanjunga' (Indian states to this day are known for their traditional headgear).,22.193389296004234
bf16,Tamil,17,The cuisine of the state is very traditional and is very different from other states in the Northeast.,22.17300078331384
bf16,Tamil,18,The Maharashtrian cuisine is a unique and different from other states in the Northeastern part of India.,18.702702684852667
bf16,Tamil,19,The Meghalaya state is famous for its unique and different kind of cuisine.,7.75230061805678
bf16,Tamil,20,"The Buddhist stupas in the middle of the state of Pahang, Malaysia, are located 97 km (60 mi) from the capital city of Kuala Lumpur.",36.32156618452977
bf16,Tamil,21,"The word ""mulligatawny"" is used to refer to a dish made with curry leaves, chilies, and tamarind, and is used to refer to a dish made with curry leaves, chilies, and tamarind.",17.73186216154707
bf16,Tamil,22,The Sindhu Valley Civilization is a complex of ancient civilizations that flourished in the Indus Valley Civilization and the Harappan Civilization.,31.417404413214754
bf16,Tamil,23,"The people are very friendly, and the Pandavas and Srikrishna are the only two people who are still alive.",28.32907160757926
bf16,Tamil,24,"The war lasts for 10 days, and the final victory is celebrated with great joy.",23.275354299122768
bf16,Tamil,25,"The story of the Mahabharata, which is the main epic of the Indian subcontinent, is the story of the Pandavas and the Kauravas, who were the two main families of the royal dynasty of the Kuru Kingdom, which was located in the eastern part of the Indian subcontinent. The Kuru Kingdom was located in the eastern part of the Indian subcontinent, and the Kuru Kingdom was located in the eastern part of the Indian subcontinent",27.13656456662058
bf16,Tamil,26,"In Karnataka, the number of people who eat vegetarian food is much higher than the number of people who eat non-vegetarian food. This is because the food habits of the people in the state are more influenced by the religious beliefs of the people.",40.440962778879566
bf16,Tamil,27,"He is a great warrior, and he is a great fighter, and he is a great warrior, and he is a great fighter, and he is a great warrior, and he is a great fighter, and he is a great warrior, and he is a great fighter, and he is a great warrior, and he is a great fighter, and he is a great warrior, and he is a great fighter, and he is a great warrior, and he is a great fighter",10.68770106069577
bf16,Tamil,28,"Tamil has two different spellings for the same word, one of which is pronounced as ""mani-mekalai"" and the other as ""mani-mekalai"".",24.824832110689925
bf16,Tamil,29,"The cuisine of the region is based on the use of rice, fish, and vegetables.",32.647591265953984
bf16,Tamil,30,"The word yoj is derived from the Sanskrit word yuj, which means to unite, bind, or unite. It is used to describe the process of uniting two or more things.",48.15841087799268
bf16,Tamil,31,"The Odissi dance is a unique form of dance in Orissa, which is characterized by the use of a variety of musical instruments and the use of a variety of dance forms.",21.716374434153224
bf16,Tamil,32,"The Prime Minister said that if you vote for him, you will be given a new mandate, and if you do not vote for him, you will be given a new mandate.",16.651107421260207
bf16,Tamil,33,"Arjun is a great devotee of Lord Krishna, and he is a great devotee of Lord Krishna. He is a great devotee of Lord Krishna, and he is a great devotee of Lord Krishna.",17.322143535684127
bf16,Tamil,34,"When you eat rice with fish curry, you should also eat a small piece of fish curry.",19.714098588945102
bf16,Tamil,35,The first thing to do is to take a coconut and a banana leaf and make a turmeric leaf curry.,14.745043435420635
bf16,Tamil,36,"The most famous and most expensive of all the diamonds in the world, the Koh-i-Noor diamond, was cut by Maharaja Ranjit Singh in the 1830s and was made into a pendant.",23.90499649848522
bf16,Tamil,37,The list of the 10 most popular spices in India is a list of spices that are used in Indian cuisine.,15.79637980176283
bf16,Tamil,38,"The capital of Kochi, Kerala, is the largest city in the state and the second largest city in India.",23.19339413206608
bf16,Tamil,39,"I will do it, but I will not do it.",23.60001918084878
bf16,Tamil,40,"The rupee's value fluctuates according to the market, and there are many different opinions on this.",22.17928881324256
bf16,Tamil,41,"If a credit card is not used for at least three months, the bank will charge a penalty fee.",16.18109562541535
bf16,Tamil,42,Countries should be able to manage their own finances and make the best use of their resources.,31.738842322169177
bf16,Tamil,43,"The process of making a new bank note is a unique one, and the process of making a new bank note is different from other Indian states.",12.56631485494954
bf16,Tamil,44,The cultivation of the land is not a prerequisite for the development of the country. The development of the country is the result of the development of the country.,17.481069824740366
bf16,Tamil,45,"The speed of the vehicle is adjusted to the traffic situation, and the driver is also trained to respond to the situation.",19.685552136891637
bf16,Tamil,46,"The second century AD saw a significant change in the economy of the region, with the introduction of new technologies and the development of new trade routes.",17.045567026841564
bf16,Tamil,47,"The most important thing to know about the country is that it is a country of many different cultures and languages, and that it is a country of many different people.",18.98025978145896
bf16,Tamil,48,"The price of a commodity is determined by the market price, which is the price at which the commodity is bought and sold in the market.",19.56387276832101
bf16,Tamil,49,The basic principle of the budget is to provide a reasonable amount of money for the people to live a comfortable life.,16.801064111712552
bf16,Tamil,50,"The number of days in the year is not affected by the time of the year, so the year is divided into four seasons, each of which is named after a month.",21.45803940215385
bf16,Tamil,51,"The Indian food system is a complex and diverse system, which is a reflection of the country's rich cultural heritage and the diversity of its people.",16.049739700932083
bf16,Tamil,52,The mining industry is a major contributor to the economy of the state.,11.767698283343726
bf16,Tamil,53,We have not been able to develop a business model that would be able to sustain our business in the long run.,21.73983763247572
bf16,Tamil,54,The BPS (Bengali Professional Services) is the new name of the BPS (Bengali Professional Services) which was previously known as the BPS (Bengali Professional Services) in 2020.,14.351877781978766
bf16,Tamil,55,"The current system of food delivery is mostly through online platforms and mobile apps, which are used by food delivery service providers to deliver food to customers.",24.36979378744269
bf16,Tamil,56,"The country is famous for its unique and delicious cuisines, which are prepared in a traditional way.",11.95787411125792
bf16,Tamil,57,The average annual growth rate of the country's GDP is 16.2% as of September 2022.,19.187321847173376
bf16,Tamil,58,"The traditional methods of preparing and processing rice, such as pounding, grinding, boiling, steaming, drying, and roasting, are used in the preparation of rice.",26.58675338001809
bf16,Tamil,59,"The water resources of the region are used for irrigation, and the cultivation of rice, vegetables, and fruits.",20.84716249204895
bf16,Tamil,60,"The Meghalaya government has been trying to make the state a tourist destination, and has been successful in attracting tourists to the state. The state government has also been trying to make the state a tourist destination, and has been successful in attracting tourists to the state. The state government has also been trying to make the state a tourist destination, and has been successful in attracting tourists to the state. The state government has also been trying to make the state a tourist destination, and has",19.790479591055774
bf16,Tamil,61,The government has taken a more active role in collecting and disseminating information on the economy.,25.21308946044578
bf16,Tamil,62,The price of the goods and services is also determined by the level of competition in the market.,33.95889550931545
bf16,Tamil,63,"The prices of goods and services, as well as the level of income, are the main factors that determine the level of living.",32.84038697969809
bf16,Tamil,64,"The total number of people in the world is about 7.5 billion, and the number of people in the world is about 7.5 billion, and the number of people in the world is about 7.5 billion, and the number of people in the world is about 7.5 billion, and the number of people in the world is about 7.5 billion, and the number of people in the world is about 7.5 billion,",15.864864768162374
bf16,Tamil,65,The value of the food and services provided by the food and services sector is greater than the value of the food and services consumed by the population.,41.53177036252676
bf16,Tamil,66,"The 15th session of the United Nations Conference on Trade and Development (UNCTAD) was held in New Delhi, India, from 19 to 20 December 2018. The conference was attended by 15 member states of the Economic and Social Commission for Asia and the Pacific (ESCAP), including India, China, Japan, South Korea, and the United States. The conference was chaired by the Indian Minister of Commerce and Industry, Suresh Prabhu,",27.655539471474768
bf16,Tamil,67,"The total amount of rice production in 2022-23 was 6.7 million tonnes, which was 7.1 million tonnes in the second year, 6.5 million tonnes in the third year, and 5.8 million tonnes in the fourth year.",21.718309039335757
bf16,Tamil,68,"India's rate of growth in industrial production has been declining for some time now, but it is still higher than that of other countries.",23.422603226749374
bf16,Tamil,69,"The most important factors for economic growth are the availability of natural resources, the level of education, the level of technology, the level of infrastructure, the level of health, the level of social security, the level of political stability, the level of corruption, the level of foreign direct investment, the level of foreign trade, the level of foreign aid, the level of remittances, the level of remittances, the level of remittances, the level of remitt",24.61720265167773
bf16,Tamil,70,"The relationship between the environment and human activities is a very important issue, and the relationship between the environment and human activities is a very important issue, and the relationship between the environment and human activities is a very important issue, and the relationship between the environment and human activities is a very important issue, and the relationship between the environment and human activities is a very important issue, and the relationship between the environment and human activities is a very important issue, and the relationship between the environment and",17.375689622253475
bf16,Tamil,71,"The Meghalaya government has decided to implement a new tax on the sale of liquor, which will be called the Meghalaya Excise Tax. The tax will be levied on the sale of liquor in the state and will be collected by the state excise department. The tax will be collected from the sale of liquor in the state and will be collected by the state excise department. The tax will be collected from the sale of liquor in the state and will be collected",23.242018301121668
bf16,Tamil,72,"The Reserve Bank of India (RBI) has announced a special package of Rs. 50,000 crore to be given to the states for the development of infrastructure and the creation of employment opportunities.",27.195649740929163
bf16,Tamil,73,"The current economic situation is characterized by a decline in the value of the rupee, a rise in the cost of living, and a rise in the cost of living.",19.2283799446678
bf16,Tamil,74,The total amount of the amount of the amount of the amount of the amount of the amount of the amount of the amount of the amount of the amount of the amount of the amount of the amount of the amount of the amount of the amount of the amount of the amount of the amount of the amount of the amount of the amount of the amount of the amount of the amount of the amount of the amount of the amount of the amount of the amount of the amount of the amount,7.2993088452010895
bf16,Tamil,75,India's currency circulation is increasing rapidly.,12.671260986740926
bf16,Tamil,76,"The world's most densely populated country, India, is also the world's largest consumer of energy.",17.007498892813693
bf16,Tamil,77,The stock market is a major contributor to the economy of the country.,17.574961696143305
bf16,Tamil,78,"The number of noodles sold in a day is about 1,000, but the number of noodles sold in a year is 5,000. If you count the number of noodles sold in a day, it is not possible to count the number of noodles sold in a year. Therefore, it is not possible to count the number of noodles sold in a year.",20.223720737136457
bf16,Tamil,79,"Meghalaya is a state in the northeastern part of India, and is the only state in India that is not a part of the Indian Union. It is the only state in India that is not a part of the Indian Union. It is the only state in India that is not a part of the Indian Union. It is the only state in India that is not a part of the Indian Union. It is the only state in India that is not a part of the Indian",18.397186651203235
bf16,Tamil,80,A computer virus is a malicious program that can infect a computer and cause it to perform actions that the programmer did not intend.,26.275696405486364
bf16,Tamil,81,The use of beetroot in the preparation of various dishes is a common practice in the region.,17.46247637093429
bf16,Tamil,82,"If you drive a car in a country where the car is not registered, you will be fined. If you drive a car in a country where the car is registered, you will be fined. If you drive a car in a country where the car is not registered, you will be fined. If you drive a car in a country where the car is registered, you will be fined. If you drive a car in a country where the car is not registered, you will be",15.820297432172726
bf16,Tamil,83,"The British officer, Narbati Singh, who was imprisoned in the Angkorian fortress of Angkor, was released after a few days and was taken to the city of Angkor. He was then taken to the Angkor citadel and was told to go there and build a fort.",22.45545981775974
bf16,Tamil,84,The Maharaja of Lakhuri was the head of the Lakhuri Army.,18.3453226714449
bf16,Tamil,85,"The Meri Meri of the Mier tribe was the largest tribe in the area, and they were the most numerous tribe in the area. However, the British were able to control the area and the Meri Meri were forced to migrate to the Meri Meri of the Mier tribe.",21.03024695690384
bf16,Tamil,86,"These are not just a mere injury to the body, but also to the spinal cord.",32.99612154462399
bf16,Tamil,87,The new arrivals were new varieties of turmeric.,15.72603955588969
bf16,Tamil,88,"If a tiger is killed, the name of the tiger is included in the list of tigers, but if a tiger is killed, the name of the tiger is included in the list of tigers.",21.480808111551028
bf16,Tamil,89,"He said, ""You are welcome, but you are not welcome here. You are not welcome in this place.""",14.133106812143945
bf16,Tamil,90,"If you walk around your house or neighborhood, you will see many things that you have never seen before. What will you do with all these things?",23.14923523698057
bf16,Tamil,91,"The world has seen many changes in the last few decades, thanks to the development of digital technology.",36.87718158136009
bf16,Tamil,92,"A typical meal in the past was served to a guest in a single plate, and each guest would have his or her own personal plate.",33.11015349062079
bf16,Tamil,93,The way of life of the people is a way of life that is not only good but also noble.,12.96874285246153
bf16,Tamil,94,"Even after the death of a woman, the husband will continue to pay dowry in the form of gifts.",17.203467925422906
bf16,Tamil,95,The purpose of writing about the freedom struggle is to educate the people about the freedom struggle and to make them aware of the sacrifices made by the freedom fighters.,32.83347014877585
bf16,Tamil,96,His intelligence and talent are well known.,9.471969288786443
bf16,Tamil,97,"The army of the state of Meghalaya is a unique and powerful force, and the state is known for its rich culture and traditions.",17.26640001697384
bf16,Tamil,98,"They both read the Ramayana and the Mahabharata, and they also learnt about the battles of the Kauravas and the Pandavas.",28.866951108001917
bf16,Tamil,99,The Meghalaya rainforest is a unique ecosystem that is not found anywhere else in the world.,12.691493629440744
bf16,Tamil,100,"If you connect the Viruses in your computer, it will be a great help to us.",14.69355824406328
bf16,Tamil,101,"The king of the jungle, the tiger, is a symbol of the wild and untamed nature of the Indian subcontinent. The tiger is a symbol of the wild and untamed nature of the Indian subcontinent.",19.41601680940241
bf16,Tamil,102,"Nana had gone to Kanpur to meet his friend, and he was killed by the police.",18.267301103573576
bf16,Tamil,103,The people of the region are very friendly and welcoming.,18.935227302231965
bf16,Tamil,104,"After his second term, he served as the Prime Minister of the Republic of the Congo for a short period.",32.224011361397686
bf16,Tamil,105,The brothers were very fond of each other.,55.86881980252877
bf16,Tamil,106,"If they do this, they will also be able to help other people.",17.958153539658234
bf16,Tamil,107,The most popular means of transportation in the city is the public bus.,40.34394524158132
bf16,Tamil,108,The method of measurement used in Meghalaya is unique and different from other states of the Northeastern Indian region.,11.370873867474666
bf16,Tamil,109,"The second is to use the most effective and efficient methods of firewood collection, which is more effective and efficient than the first.",20.90775471288549
bf16,Tamil,110,"If you swim in a lake, you can catch fish and eat them.",10.876901211138057
bf16,Tamil,111,"If a student is in need of a first aid kit, he should be able to ask questions about it.",37.97119314650811
bf16,Tamil,112,"The Punjab uprising of 1857 was a major event in the history of India, and it was the first time that the Indian people had risen up against the British.",22.20955812977885
bf16,Tamil,113,This is a very important thing for my father.,26.885173661227142
bf16,Tamil,114,"The British Army was a small force, but it was very effective. It was led by a British officer, and it was led by a British officer. It was led by a British officer, and it was led by a British officer. It was led by a British officer, and it was led by a British officer. It was led by a British officer, and it was led by a British officer. It was led by a British officer, and it was led by a",15.636593357558564
bf16,Tamil,115,"The weapons were kept in the house, and the food was cooked in the morning. The smoke from the fire was used to clean the house. The pots were filled with water and the pots were filled with water and the pots were filled with water and the pots were filled with water and the pots were filled with water and the pots were filled with water and the pots were filled with water and the pots were filled with water and the pots were filled with water and the pots were filled",19.532796388042723
bf16,Tamil,116,"British people, you are welcome to eat the food of the people of Mynmar, the food of the people of Mynmar is not spicy, and the food of the people of Mynmar is not spicy, and the food of the people of Mynmar is not spicy, and the food of the people of Mynmar is not spicy, and the food of the people of Mynmar is not spicy, and the food of the people of Myn",17.84695787160377
bf16,Tamil,117,"The fruits are grown in a variety of ways, depending on the type of fruit. Some fruits are grown as vegetables, some as fruits, and some as vegetables and fruits.",18.85049405402709
bf16,Tamil,118,"The males are also known as the ""forest people"" and are considered to be the ""keepers of the forest"".",13.658257461098213
bf16,Tamil,119,"The father of the nation, Jawaharlal Nehru, was a great lover of nature and he was a great admirer of the beauty of the Himalayas. He was also a great lover of the people of the Himalayas and he was a great admirer of the people of the Himalayas. He was a great lover of the people of the Himalayas and he was a great admirer of the people of the Himalayas. He was a great lover of the",17.1049704352225
bf16,Tamil,120,"The most famous film producers in the industry, Vayoo and Homi Vayoo, are both from the same family.",15.909647126086824
bf16,Tamil,121,"The film Golochsin (1932) was the first film to show the battle between the railway and the city of Dhubri, which was the first railway station in Assam.",21.195028224640364
bf16,Tamil,122,"Assamese cinema is the most popular cinema in Assam, India.",50.93377453232707
bf16,Tamil,123,The method of making a movie out of a novel is a very common one.,9.68075494592315
bf16,Tamil,124,The most important feature of the movement is the change in direction and the change in the angle of the movement.,19.971344432961928
bf16,Tamil,125,The novel is a form of art that is a result of the combination of various literary genres.,29.912272857083067
bf16,Tamil,126,"The first ever online film industry training program by the Indian government, the Film and Television Institute of India (FTII) has been launched on 15 June 2020.",29.10649780812245
bf16,Tamil,127,The Indian National Film Development Corporation (INFC) and the National Film Development Corporation (NFDC) have joined hands to promote the film industry in India.,28.850482604639343
bf16,Telugu,0,"A person who is a bather, a bath, a towel, a brush, a comb, a brush, a comb, a comb, a comb, a comb, a comb, a comb, a comb, a comb, a comb, a comb, a comb, a comb, a comb, a comb, a comb, a comb, a comb, a comb, a comb, a comb, a comb, a comb, a comb, a comb, a",12.450999823975147
bf16,Telugu,1,"The Maharastra region of India has many caves, including the Ajanta and Ellora caves, which are UNESCO World Heritage Sites.",19.357632546932184
bf16,Telugu,2,The color of the body with the color of the sky is a beautiful sight.,21.55951309137947
bf16,Telugu,3,"Ashoka's stone sculptures, the grand stone structures, and the use of red sandstone for construction were the main features of the ancient Indian architecture.",29.95567936552575
bf16,Telugu,4,"The famous Maharashtrian dish, the masala dosa, is made with rice flour and is served with a spicy sambhar and coconut chutney.",24.610173910751715
bf16,Telugu,5,The cuisine of Tamil Nadu is a unique blend of South Indian and North Indian cuisines.,21.91782503802439
bf16,Telugu,6,"Dalchini is a spice that is used in Indian cooking, and it is also used in the preparation of tea.",20.496233693317517
bf16,Telugu,7,"The name is derived from the word ""Tiranga"" which means ""tricolour"" in Hindi. The flag is a tricolour of red, white and green, which is the national colours of India.",14.347816079824767
bf16,Telugu,8,"The people of Amritsar are very proud of their culture and traditions, and they are very fond of their food. They are fond of the food of the Punjab region, especially the food of Amritsar, which is known as the 'Punjab Special'.",30.88067103757732
bf16,Telugu,9,"Let Ramayana and Mahabharata be read to your children, and let Lakshmana and Draupadi be read to your children.",25.98457865703087
bf16,Telugu,10,"The most famous of all the temples in the world, the Golden Temple in Amritsar, is a place of pilgrimage for Sikhs.",11.965397360786142
bf16,Telugu,11,"The most popular and traditional dish of Meghalaya is the rice and meat curry, which is made with a variety of meats, including chicken, pork, beef, mutton, and fish.",18.650231142728632
bf16,Telugu,12,"The book is a collection of stories of the animals, birds, and humans, which are written in a way that makes the reader understand the importance of the environment and the need to protect it.",37.60459987551067
bf16,Telugu,13,"The Sanskrit word pravaayana is used to describe the process of awakening, and the awakening of the mind is the main theme of this book.",28.898239186623748
bf16,Telugu,14,"The first volume of the book was published in 1994 and the second in 1995, with the assistance of the British Council and the University of Hawaii.",19.537294382426733
bf16,Telugu,15,"The Chaitanya Chavadi, a circular arch, is a unique feature of the Chaitanya temple in the city of Vizag, Andhra Pradesh, India. It is a symbol of the Chaitanya movement, which is a form of Vaishnavism. The Chaitanya Chavadi is a symbol of the Chaitanya movement, which is a form of Vaishnavism.",22.96444874286089
bf16,Telugu,16,The 'Maharaja' and 'Khasamaal' (the name given to the non-Nishu people in India) are the names given to the people who are considered to be the most powerful and the most influential in the history of India. They are also known as the 'Nishu' people.,24.15352717982968
bf16,Telugu,17,The preparation of the dish is done with the help of the local people and the main ingredients are vegetables and fish.,26.945938656419425
bf16,Telugu,18,"Pav bhaji is a popular Indian street food, originating in the state of Maharashtra. It is made with a spicy tomato-based gravy, served with a variety of vegetables, and topped with a spicy, spicy, spicy, spicy, spicy, spicy, spicy, spicy, spicy, spicy, spicy, spicy, spicy, spicy, spicy, spicy, spicy, spicy, spicy, spicy, spicy, spicy, spicy, spicy, spicy, spicy, spicy, spicy, spicy,",26.45900030007377
bf16,Telugu,19,"The most important aspect of the Hindu religion is the concept of the divine feminine, which is represented by the goddesses. The most important aspect of the Hindu religion is the concept of the divine feminine, which is represented by the goddesses. The most important aspect of the Hindu religion is the concept of the divine feminine, which is represented by the goddesses. The most important aspect of the Hindu religion is the concept of the divine feminine, which is represented by the goddesses.",18.004806002557103
bf16,Telugu,20,"The Buddhist caves of Badami in Karnataka are located in the heart of the Deccan Plateau, 97 km from the city of Dharwad.",37.12580939885608
bf16,Telugu,21,"The most common meaning of the word ""mango"" is a fruit, but it can also refer to a tree, a plant, or a leaf.",29.374451432792032
bf16,Telugu,22,"Sindhu Valley is a region in the north of the Indian subcontinent, which is famous for its rich culture and heritage.",25.42277809484427
bf16,Telugu,23,"The four Pandavas, Krishna, Arjuna, Bhima and Nakula, are the only ones who are still alive.",27.590368192746272
bf16,Telugu,24,The war lasted for 10 days and was a great battle of the Kauravas and Pandavas.,41.02655358592423
bf16,Telugu,25,"The Mahabharata is the main epic of the ancient city of Hastinapura, which was ruled by the Kuru dynasty, and is considered to be the most important epic in the Indian subcontinent.",30.769194857247285
bf16,Telugu,26,"Karnataka has a large number of meat-eating communities, and the meat-eating habits of these communities are reflected in the food they eat. The meat-eating habits of these communities are reflected in the food they eat.",26.04700333735105
bf16,Telugu,27,"The war in the sky is a war of words, and the winner is the one who can win the most words.",17.473225869192063
bf16,Telugu,28,"Tamil is a language of two major dialects, Tamil and Dravidian languages, and is spoken by 65 million people in India and 10 million people in Sri Lanka.",19.89210728014988
bf16,Telugu,29,"This region is known for its rice, which is grown in the wet climate.",28.72679294465104
bf16,Telugu,30,"Yog is a Sanskrit word that means ""to meditate"". It is derived from the root word yuj, which means ""to join, unite, or bind"". The word yog is used in the context of meditation and spiritual practices.",41.77296021702846
bf16,Telugu,31,"The Orissa style of painting is a unique style of painting in Orissa, which is a state in eastern India.",15.369859760729124
bf16,Telugu,32,"The king said to the prince, ""Once, when I was talking to you, I forgot to mention something. I will tell you now. If you want to know what I forgot to say, ask me again.""",22.35902369922352
bf16,Telugu,33,Arjuna's journey to the end of the world is a metaphor for the journey of the soul to the end of the world.,18.562743060878624
bf16,Telugu,34,"If you are a fan of biryani, you can try it in the middle of the meal. If you are a fan of kofta, you can try it in the middle of the meal.",20.67652189133542
bf16,Telugu,35,"The first step is to make a small ball of the dough, then roll it out into a thin sheet, and then fold it into a triangle. After that, the dough is cooked in a pan with oil.",19.59024883602408
bf16,Telugu,36,"The Rajputana State was a princely state in the northwestern part of India, which was ruled by the Rajputana Rajputs. It was a part of the British Raj from 1843 to 1947.",14.260189888534384
bf16,Telugu,37,"The most famous of the Indian languages, Sanskrit, is a language of poetry and philosophy, and is the language of the Vedas, the oldest scriptures of Hinduism. It is also the language of the Upanishads, the oldest scriptures of Hinduism, and the Bhagavad Gita, the most famous of the Hindu scriptures. It is also the language of the Ramayana and the Mahabharata, the two most famous of the Hindu epics",15.830365370541594
bf16,Telugu,38,"The ancient city of Kosala, as described in the Mahabharata, is a city of the ancient Indian state of Magadha.",27.67495205273641
bf16,Telugu,39,"One day, I told you to do it, so do it.",22.74353303471128
bf16,Telugu,40,"The most important thing to know about the Indian rupee is that it is not a stable currency. It is a volatile currency, and its value fluctuates constantly.",16.350820072384128
bf16,Telugu,41,"A credit card is a card that is issued by a bank or other financial institution to a customer, which is used to make purchases. It is a convenient way to pay for goods and services, and it is also a useful tool for managing one's finances.",22.4903418450698
bf16,Telugu,42,The country's economic growth is largely dependent on foreign investment and trade.,24.149388511623847
bf16,Telugu,43,"If the bank account is credited with the amount of Rs. 90 within 90 days of the date of the account opening, the bank will be considered to have complied with the provisions of the Act and the bank will be able to issue a cheque in the name of the depositor.",31.32472324425752
bf16,Telugu,44,"The ability to make money from the sale of goods and services is a fundamental human right, and the ability to make money from the sale of goods and services is a fundamental human right, and the ability to make money from the sale of goods and services is a fundamental human right, and the ability to make money from the sale of goods and services is a fundamental human right, and the ability to make money from the sale of goods and services is a fundamental human right, and the",16.990837092742904
bf16,Telugu,45,The most important thing to do is to be patient and not to be too critical of the process.,18.93125672737837
bf16,Telugu,46,The economic status of the country is a major factor in determining the level of development of the country.,19.27217606026728
bf16,Telugu,47,The most common way of using the word is to refer to the economic and political situation of the country.,17.857876090682705
bf16,Telugu,48,The amount of money that you have in your pocket is a good indicator of how much you are earning.,12.353227325129668
bf16,Telugu,49,"The income tax system is based on the principle of equality, and the government is obliged to provide a tax-free allowance to all citizens.",24.3710816610304
bf16,Telugu,50,"The total amount of rice consumed in a day is calculated by adding the amount of rice consumed in the morning, noon, and evening.",19.84726876887809
bf16,Telugu,51,The first attempt to standardize the Indian method of consumption was made by the Union of India in 1950.,11.489640852063852
bf16,Telugu,52,"The use of electricity in the energy sector is increasing rapidly, and the demand for electricity is increasing at a faster rate than the supply of electricity. The use of electricity in the energy sector is increasing rapidly, and the demand for electricity is increasing at a faster rate than the supply of electricity.",21.27940111256672
bf16,Telugu,53,"The market is not a place where you can buy things, but a place where you can sell things.",17.205423320652834
bf16,Telugu,54,"The Meghalaya State Lottery Corporation (MSEC) was established in 2000 and is the state lottery authority of Meghalaya, India. It is a state government department of the Meghalaya government.",18.528046602088068
bf16,Telugu,55,"The current classification of the species, the Ecomars, is based on the ecological niche of the species, and not on the species' evolutionary history.",22.78215217570289
bf16,Telugu,56,"The country has a large number of natural resources, including minerals, oil, gas, and coal, and is a major exporter of these resources.",13.207412354982914
bf16,Telugu,57,"The Bank of India's September 9, 2022, balance sheet shows that the bank's assets have increased by 6.7% over the past year, while its liabilities have increased by 16.2% over the same period.",29.475705599428327
bf16,Telugu,58,"The most important crops in the region are rice, maize, and sugarcane. The most important crops in the region are rice, maize, and sugarcane.",17.754873533965625
bf16,Telugu,59,"The middle and long term financial costs of agriculture, irrigation, water supply, and other agricultural activities are covered by the income from the sale of agricultural products.",38.13060358230135
bf16,Telugu,60,The bank is a bank that is a bank that is a bank that is a bank that is a bank that is a bank that is a bank that is a bank that is a bank that is a bank that is a bank that is a bank that is a bank that is a bank that is a bank that is a bank that is a bank that is a bank that is a bank that is a bank that is a bank that is a bank that is a bank that is a,8.453740559223858
bf16,Telugu,61,"The economic downturn that began in 2008 has been reversed, and the government is now focusing on the revival of the economy.",16.17238696456336
bf16,Telugu,62,The most important thing to consider when buying a car is the market value of the car.,20.03839098341516
bf16,Telugu,63,"The system of rules, principles, and values (Rabadi) is used to determine the status of the above-mentioned items.",25.32321414666758
bf16,Telugu,64,The most important source of income for the people of the country is the export of goods and services. The export of goods and services is the main source of income for the people of the country.,17.906934179904482
bf16,Telugu,65,"Business ethics is the practice of doing the right thing, even when no one is watching.",14.283162933527263
bf16,Telugu,66,"The Meghalaya government has announced a 15-day state-level celebration of the 15th International Conference on Management of Environmental Indicators (EMEI) to be held in Shillong from December 19 to 20, 2018.",16.952653792672933
bf16,Telugu,67,The number of deaths due to COVID-19 in India in 2022-23 was 6.7% of the total deaths in 2022-23.,11.50108054314293
bf16,Telugu,68,The Indian cuisine is a fusion of various cultures and cuisines from different parts of the world.,13.729788244954817
bf16,Telugu,69,"The economic situation is improving, and the government is trying to improve the economy by increasing the number of jobs, increasing the number of people in the labor force, and increasing the number of people in the middle class.",18.745666299423487
bf16,Telugu,70,"The economic and social development of the country is more or less in the hands of the people, and the government is not involved in the management of the country's natural resources.",23.121765138816414
bf16,Telugu,71,"The amount of money in the bank account is the same as the amount of money in the bank account, but the interest rate is different.",14.309283334625588
bf16,Telugu,72,"The Reserve Bank of India (RBI) has launched a new digital currency called the Rupee Coin, which is a digital token that can be used to make payments and transact online. The coin is backed by the Indian government and is designed to be used in the country's digital economy.",26.6581402139946
bf16,Telugu,73,"The economic, social, and environmental conditions of the future are being determined by the current economic, social, and environmental conditions.",22.09039931360174
bf16,Telugu,74,"The official notification of the Arbi Act was issued by the Ministry of Home Affairs on 1 April 2017, and the notification was published in the Gazette of India on 2 April 2017. The notification was published in the Gazette of India on 2 April 2017. The notification was published in the Gazette of India on 2 April 2017.",18.002983151138498
bf16,Telugu,75,"The Brahmaputra River is the longest river in the world, and the largest river in the world by discharge.",18.59523894854884
bf16,Telugu,76,"The climatic conditions in India are very diverse, ranging from the tropical to the subarctic, and the country's economic development is also based on the economic development of the country.",22.491523116491173
bf16,Telugu,77,"The economic structure of the country is characterized by a high level of economic activity, a high level of economic activity, and a high level of economic activity.",18.100501392537264
bf16,Telugu,78,A bank account number is a unique number that identifies a bank account. It is a 9-digit number that is used to identify a bank account. It is a 9-digit number that is used to identify a bank account. It is a 9-digit number that is used to identify a bank account. It is a 9-digit number that is used to identify a bank account. It is a 9-digit number that is used to identify a bank account. It is,16.329727253160193
bf16,Telugu,79,The personal information and the legal rights and obligations are the main aspects of the legal system.,11.847330317263111
bf16,Telugu,80,A computer virus is a malicious program that can infect a computer and cause damage to it.,26.42007076390597
bf16,Telugu,81,"The consumption of fish is very high in the country, and the consumption of fish is very high in the country.",18.26151280451864
bf16,Telugu,82,"If a car is damaged, it is usually repaired by a garage. If the car is damaged beyond repair, it is scrapped.",10.2480416199409
bf16,Telugu,83,"The British colonialists had a great impact on the culture of the region, and the British Raj is still visible in the architecture and culture of the region.",17.079707217810196
bf16,Telugu,84,"In this period, the commander of the Lahore-based army, Robert Montgomery, was.",44.26965257473319
bf16,Telugu,85,"The Meghalaya government has been trying to get the British government to recognize the state as a British colony, but the British government has not yet done so.",12.8797981569332
bf16,Telugu,86,"These are not only aesthetically pleasing, but also have a strong impact on the body.",52.28544390045328
bf16,Telugu,87,"The army is on the move again, this time in the north.",13.915979323118508
bf16,Telugu,88,"The name of the month Mangal Paandey is mentioned in the list of the Amavasya of the Hindu calendar, but the name of the month is not mentioned in the list of the Amavasya of the Hindu calendar.",27.600851996086977
bf16,Telugu,89,"I was a little kid when I saw this, and I was told that it was a ""no go"" area. I was told that it was dangerous, and that I should not go there. I was told that it was a no go area.",12.605775376579942
bf16,Telugu,90,What happens when you cut down a tree?,10.727424511155004
bf16,Telugu,91,"During the middle ages, the development of technology in our country was due to the fact that we were in contact with the rest of the world.",33.37697127770509
bf16,Telugu,92,"In the past, it was a common practice to give a gift to a person on the occasion of his or her birth, marriage, or death. This custom is still followed in some parts of India.",27.375768839327243
bf16,Telugu,93,"The number of people who are involved in the struggle for independence is called the ""number of people who are involved in the struggle for independence"".",19.626272367304736
bf16,Telugu,94,"After his wife died, Gandhi married again and had six more children.",29.01625210108662
bf16,Telugu,95,The purpose of writing these articles is to help the readers to understand the social problems of the country and to help the readers to understand the social problems of the country.,30.519370495937046
bf16,Telugu,96,His strength and character are the basis of his success.,27.45991280150498
bf16,Telugu,97,"The songs of the Sipai people are sung with the utmost care and devotion, and the Rangaranga flag is flown from the top of the hilltops to the city.",23.73741517795596
bf16,Telugu,98,"They read Ramayana and Mahabharata, and they read the history of the Maratha war. They read the history of the Hindu war and the Vedic hymns, and they read the poems of the young minds.",34.6223477811371
bf16,Telugu,99,"The number of unique products that can be produced from the agricultural products of the region is very high, and the agricultural products of the region are also very diverse.",21.55133954836192
bf16,Telugu,100,"If you click on a link that is harmful to your system, it will also harm your system.",27.764363060000164
bf16,Telugu,101,"After the earthquake, she was terrified and ran away from her home, and then she was attacked by a group of people who were angry with her for being a Hindu. She was attacked and her blood was spilled.",21.71231307403616
bf16,Telugu,102,He ran to his house and locked the door. He then went to Kanpur and attacked the police station.,21.345795474913388
bf16,Telugu,103,The Shet and the Guma are two of the most beautiful rivers in the world.,23.2200008884484
bf16,Telugu,104,"After a few days, the second Jersey was released.",17.974208359017798
bf16,Telugu,105,The relationship between two people is very strong.,15.519429862214368
bf16,Telugu,106,"If they agree to it, they can also agree to it.",18.15179753909644
bf16,Telugu,107,"The most active modes of transport in the urban areas are public transport, private vehicles, and bicycles.",43.78358171348369
bf16,Telugu,108,"When a certain amount of rain falls, it is called a monsoon. The monsoon is a natural phenomenon that occurs in the Indian subcontinent and other parts of the world. The monsoon is a natural phenomenon that occurs in the Indian subcontinent and other parts of the world. The monsoon is a natural phenomenon that occurs in the Indian subcontinent and other parts of the world. The monsoon is a natural phenomenon that occurs in the Indian subcontinent and other parts of",19.120102597053563
bf16,Telugu,109,"The first two are the most important, and the third is the most controversial.",14.178513984844834
bf16,Telugu,110,The district is well known for its natural beauty and is a popular tourist destination.,12.716839095229016
bf16,Telugu,111,The first medical treatment method for the first time in the world was the method of the students who were asked questions about it.,29.98926634363818
bf16,Telugu,112,"Punjab's statehood was granted for a limited period of time, and the people of Punjab have been able to enjoy the fruits of their hard work and sacrifices.",22.341252440266064
bf16,Telugu,113,The most important virtue of my son is that he is not selfish.,19.705979080573407
bf16,Telugu,114,"The last war was fought by the British Empire, and the British Empire was defeated by the Japanese Empire.",12.059290276000173
bf16,Telugu,115,"Weapons were used in a variety of ways, from the simple to the complex, and the most common were the bow and arrow, the spear, and the sling. The first of these was used for hunting, and the second for hunting and warfare. The third was used for hunting and warfare, and the fourth was used for hunting and warfare. The fourth was used for hunting and warfare, and the fourth was used for hunting and warfare.",20.160749317539896
bf16,Telugu,116,"The only difference between your blood and the blood of the British soldiers is that your blood is not red, and the British soldiers' blood is not red either. If you are a soldier, you will fight with your blood, and if you are a civilian, you will fight with your mind.",28.895336199767595
bf16,Telugu,117,"The most common types of vegetables are leafy vegetables, root vegetables, and tubers.",11.249108290297569
bf16,Telugu,118,Abhayilakku is a common term for the sexual act of a man and a woman.,17.257184073507627
bf16,Telugu,119,"The Bangladeshi government has banned the sale of beef in the country, and the ban is still in effect.",10.37520581154471
bf16,Telugu,120,"The film industry has been a major contributor to the economy of the country, and the film industry has been a major contributor to the economy of the country, and the film industry has been a major contributor to the economy of the country, and the film industry has been a major contributor to the economy of the country, and the film industry has been a major contributor to the economy of the country, and the film industry has been a major contributor to the economy of the country, and",12.579146581690168
bf16,Telugu,121,"The train is a symbol of the Indian Railways, and the train is a symbol of the Indian Railways.",14.30916575511395
bf16,Telugu,122,"Assamese cinema is a form of cinema that originated in the state of Assam, India. It is the second oldest form of cinema in India after Bollywood.",46.6900647772671
bf16,Telugu,123,The scientific revolutions are not very popular in the world.,22.908057420148957
bf16,Telugu,124,"The main purpose of the hand is to hold things, and the hand is the most important part of the body.",19.997931013347745
bf16,Telugu,125,"The novel is a unique blend of different genres, and the story is told in a very simple and easy-to-understand manner.",29.01888683122637
bf16,Telugu,126,"The first ever online course of the Institute of Advanced Studies in Physics, AP, India, from 15 June 2020 to 11 July 2020.",33.51306037600711
bf16,Telugu,127,This is a National Film Archive of India (NFAI) of India's National Film Archive of India (NFAI) of India.,33.2433589719444
bf16,Odia,0,"The Chaher is a unique form of cooking, which is a combination of the traditional Chaher and the modern Chaher. It is a combination of the traditional Chaher and the modern Chaher. It is a combination of the traditional Chaher and the modern Chaher. It is a combination of the traditional Chaher and the modern Chaher. It is a combination of the traditional Chaher and the modern Chaher.",12.67625476348966
bf16,Odia,1,"The earliest known depiction of the Chittagong Hill Tracts is the 10th-century Chittagong Hill Tracts Painting, which is a part of the Chittagong Hill Tracts Painting Collection at the National Museum, Dhaka.",18.80640234382716
bf16,Odia,2,"The colour of the skin of the body is mixed with the blood, which is a sign of the blood circulation.",26.56904907726461
bf16,Odia,3,"The earliest form of the Mughal cuisine was the Mughal cuisine, which was a combination of Persian, Turkish, and Indian cuisines.",17.280443569129993
bf16,Odia,4,"The most popular and famous dishes of Meghalaya are the ones made with rice, which is served with a variety of vegetables, and the famous 'Buddha' rice, which is a combination of rice and vegetables.",25.22190974164553
bf16,Odia,5,The cuisine of Chettinad is unique and different from other states of Tamil Nadu.,25.50814170943452
bf16,Odia,6,"The medicinal properties of the Dalli Chini tree are well known, and it is used as a source of medicine in the region.",21.039468649438923
bf16,Odia,7,"The Hemis monastery is a Buddhist monastery in the Hemis region of Ladakh, India.",17.19695720409382
bf16,Odia,8,The cuisine of Punjab is unique and different from other states of India.,13.221594053415672
bf16,Odia,9,"The Ramayana is a great epic of India, and the story of Rama is a great story of love and sacrifice.",23.39967631789467
bf16,Odia,10,"The most famous of the Meghalaya dishes is the Mughalai curry, which is a combination of spices and meat.",14.6392282992582
bf16,Odia,11,"The Mariner's Feast is a traditional dish of the Marathi people, consisting of a variety of dishes, including fish, meat, vegetables, and rice. It is usually served with a variety of condiments, including chutney, pickle, and curry.",18.43794753462
bf16,Odia,12,"The book is a scientific treatise on the birds, animals, and humans of the Himalayan region.",40.897158791640656
bf16,Odia,13,The book is an attempt to explain the scientific basis of the traditional knowledge of the people of Meghalaya.,31.075779996989677
bf16,Odia,14,"The history of the city of Hyderabad is a fascinating one, and the city is a great tourist destination.",16.036272310340333
bf16,Odia,15,"The main characteristic of the cuisine of the Chittagong Hill Tracts is the use of local ingredients, such as fish, vegetables, and fruits, and the use of local spices, such as turmeric, chilli, and ginger.",19.21837301218807
bf16,Odia,16,The Meghalaya cuisine is unique and different from other Northeastern Indian states.,10.256644649890582
bf16,Odia,17,The fact that the chief minister of the state is a well-known personality is a great asset for the state.,18.887130752175068
bf16,Odia,18,"Pau is a popular dish in the state of Meghalaya, which is made from a variety of vegetables, including cauliflower, brinjal, and eggplant, and is usually served with a spicy sauce.",29.000174671809937
bf16,Odia,19,The cuisine of Meghalaya is unique and different from other Northeastern Indian states.,8.873521536554318
bf16,Odia,20,"The Bodo tribe is a tribal group in the northeastern Indian state of Assam. The Bodo people speak the Bodo language, which is a member of the Tibeto-Burman language family. The Bodo people are divided into two subgroups, the Bodo and the Kachari. The Bodo people are known for their distinctive clothing, which includes a distinctive headgear called a bodo, which is made of a mixture of wool and cotton.",17.86426261317876
bf16,Odia,21,"The meaning of the word 'mool' in Sanskrit literature is a kind of tree, but in the context of the book, it means a kind of tree that is used for making shoes, and in the context of the book, it means a kind of tree that is used for making shoes, and in the context of the book, it means a kind of tree that is used for making shoes, and in the context of the book, it means a kind of tree",33.65162528163019
bf16,Odia,22,"The Sinhuo (Chinese: 西湖; pinyin: Xīhú) is a lake in the city of Hangzhou, Zhejiang, China. It is located in the south of the city, and is the largest lake in Hangzhou.",16.62973245737574
bf16,Odia,23,The death of a cow is a great loss; it is also a great loss for the cow and the cowherd.,15.772295899969588
bf16,Odia,24,The Battle of Bharatpur was fought between the Mughal Empire and the Maratha Empire in 1761.,22.71944524870105
bf16,Odia,25,The story of the Mahabharata is the most popular and well-known epic in the world. It is also the most popular and well-known epic in the world. It is also the most popular and well-known epic in the world.,26.71679741432118
bf16,Odia,26,The number of people in the state of Arunachal Pradesh is more than the number of people in the state of Assam.,27.44038260136096
bf16,Odia,27,"The war of 1812 was a war fought between the United States and Great Britain, and it was the first war between the two countries. The war was fought in the North American continent, and it was fought between the United States and Great Britain.",13.988228128407318
bf16,Odia,28,"Tamil is spoken by two types of people in India, one in the south and the other in the north. The former is the language of the south, and the latter is the language of the north.",18.572745666911583
bf16,Odia,29,The people of the region are known for their love for the game of cricket.,19.312948643004532
bf16,Odia,30,"The word 'yoga' is derived from Sanskrit word 'yuj', which means to join or unite. It is the union of the individual with the universal consciousness.",44.27002160085664
bf16,Odia,31,The unique and traditional dishes of Assam and Arunachal Pradesh are being prepared in the kitchens of the Assam and Arunachal Pradesh temples.,18.82133941776822
bf16,Odia,32,"The king of the land, who is the head of the state, is the one who is the most powerful and the most respected. He is the one who is the most respected and the most powerful. He is the one who is the most respected and the most powerful. He is the one who is the most respected and the most powerful. He is the one who is the most respected and the most powerful. He is the one who is the most respected and the most powerful",10.957720609327676
bf16,Odia,33,"When Krishna's name is mentioned, it is difficult to forget the fact that he is the Supreme Lord of the universe. He is the Supreme Lord of the universe, and he is the Supreme Lord of the universe. He is the Supreme Lord of the universe, and he is the Supreme Lord of the universe. He is the Supreme Lord of the universe, and he is the Supreme Lord of the universe. He is the Supreme Lord of the universe, and he is the Supreme Lord",16.36440129707725
bf16,Odia,34,"When the weather is hot, the people of Meghalaya prefer to go to the hills for a cool breeze. When the weather is cold, they prefer to go to the hills for a warm breeze.",16.474736568579008
bf16,Odia,35,"The first step was to make a coriander seed paste and then mix it with the chowneka. After that, the chowneka was made with the coriander paste and then served.",13.94423488183533
bf16,Odia,36,"The 18th century was a golden age for the art of painting in the region, and the most famous artists of the time were the greats of the region, such as Raja Ravi Varma, who was born in the region.",18.620490801898427
bf16,Odia,37,"The Sam cuisine is a unique and traditional cuisine of Meghalaya, which is made of rice, vegetables, and fish.",13.8667169767836
bf16,Odia,38,The city of Bishnupur is famous for its traditional architecture and is a UNESCO World Heritage Site.,14.86060630014506
bf16,Odia,39,"When you say ""I will make this for you"", you are not saying that you will make it for yourself.",19.57438830733487
bf16,Odia,40,"The average temperature in the northern part of the country is 20 °C, and the average temperature in the southern part of the country is 30 °C.",24.05921179836889
bf16,Odia,41,The Meghalaya cuisine is unique and different from other Northeastern Indian states.,8.322553240632258
bf16,Odia,42,The best way to get to know the country is to visit the places where the people live.,16.71122455229748
bf16,Odia,43,"The Meghalaya government has been trying to revive the traditional practice of the 'Pakhi' festival, which is celebrated in the state every year. The festival is celebrated in the state every year, and the festival is celebrated in the state every year. The festival is celebrated in the state every year. The festival is celebrated in the state every year. The festival is celebrated in the state every year. The festival is celebrated in the state every year. The festival is celebrated",20.07231041982613
bf16,Odia,44,The most important reason for the lack of a strong and healthy body is the lack of physical exercise.,12.66496601069808
bf16,Odia,45,The government is trying to make the country a tourist destination by promoting the tourism industry and by providing facilities for tourists.,20.30182057637932
bf16,Odia,46,The concept of the prehistoric past is being revived in the country.,13.75964103064242
bf16,Odia,47,"The concept of a state is a generalization of the idea of a nation, and the state is a political entity that is recognized by the international community.",25.41052215133473
bf16,Odia,48,The term 'artificial' refers to the fact that the price of the product is lower than the actual cost of production.,22.45417941469262
bf16,Odia,49,The most important thing to remember is that the most important thing to remember is that the most important thing to remember is that the most important thing to remember is that the most important thing to remember is that the most important thing to remember is that the most important thing to remember is that the most important thing to remember is that the most important thing to remember is that the most important thing to remember is that the most important thing to remember is that the most important thing to remember is that,8.999354719151931
bf16,Odia,50,The time of the year when the mangoes are ripe is the best time to visit the mango orchards.,15.035584325576188
bf16,Odia,51,"The Indian government's policy of promoting the use of the local language in the public sector is a good idea, but it is not enough. The government should also promote the use of the local language in the private sector.",17.074860987626717
bf16,Odia,52,"The most important and popular form of traditional Nepalese cuisine is the preparation of momos, a kind of dumpling made from a mixture of flour, water, and salt, stuffed with a variety of fillings, including meat, vegetables, and cheese.",19.837190026727683
bf16,Odia,53,"The Meghalaya government has taken several steps to promote the state's tourism industry, including the establishment of a tourism board and the creation of a tourism department.",18.77243730958392
bf16,Odia,54,"The Meghalaya government has announced that it will be implementing the 'Pema Singtam' (P.S.) scheme, which is a special scheme for the development of the state.",15.879006608000228
bf16,Odia,55,"The most common types of insects in the area are termites, ants, and cockroaches.",15.934595054183236
bf16,Odia,56,The Meghalaya cuisine is unique and different from other Northeastern Indian states.,8.048919672824379
bf16,Odia,57,The annual average temperature of the region has increased by 6.7 degrees Celsius in the last six years.,15.45591646539877
bf16,Odia,58,The cuisine of the states of the north-eastern part of India is unique and different from other states of the country.,14.064897753645464
bf16,Odia,59,"The most important crops grown in the region are rice, wheat, maize, and sugarcane.",11.47083455414016
bf16,Odia,60,"The most common type of bamboo in Meghalaya is the bamboo tree, which is also known as the bamboo tree.",9.22043052326835
bf16,Odia,61,"The world's largest and most famous cricket stadium, the Wankhede Stadium in Mumbai, is also the largest cricket stadium in the world.",16.543030713994803
bf16,Odia,62,The most important and unique feature of the Bajra and Jowar is that they are grown in the same field and the same season.,19.313496719037136
bf16,Odia,63,The Meghalaya cuisine is unique and different from other Northeastern Indian states.,16.37378909168909
bf16,Odia,64,"The most common type of food in Meghalaya is a combination of rice, vegetables, and meat, with a variety of spices and herbs added to the mix.",14.539470816701913
bf16,Odia,65,The cost of a meal in a restaurant is a combination of the cost of the food and the service.,21.71036257233431
bf16,Odia,66,The Meghalaya State Assembly passed a resolution on 15th August 2018 to declare the state as a 'Green State'.,7.951853633376219
bf16,Odia,67,"The Meghalaya government has decided to increase the minimum wage for the state's workers by 6.5% to 5.8% and 5.7% respectively, effective from 2022-23.",16.64020005069806
bf16,Odia,68,"The pace of growth in India's economy has slowed down to a great extent, and the country's industrial growth has also slowed down.",26.67904901857369
bf16,Odia,69,Meghalaya cuisine is unique and different from other Northeastern Indian states.,6.9540747180722455
bf16,Odia,70,"The most important aspect of the Meghalaya cuisine is the use of local ingredients, which are available in abundance in the state.",15.811920319277794
bf16,Odia,71,The Meghalaya government has decided to implement the new land revenue system from the next financial year.,7.615675599689229
bf16,Odia,72,The Meghalaya government has launched a 'Meghalaya State Livelihood Mission' to provide livelihood to the people of the state.,11.701408925786874
bf16,Odia,73,The Meghalaya cuisine is unique and different from other Northeastern Indian states.,12.759662489448209
bf16,Odia,74,"The Naga people are a tribal group in the northeastern part of India, and the Naga Hills are the largest and most important of the Naga Hills. The Naga Hills are a mountain range in the northeastern part of India, and the Naga Hills are the largest and most important of the Naga Hills. The Naga Hills are a mountain range in the northeastern part of India, and the Naga Hills are the largest and most important of the Naga Hills.",15.399384878772498
bf16,Odia,75,"The Indian subcontinent is the birthplace of the world's most popular and widely consumed alcoholic beverage, beer.",20.634906163922462
bf16,Odia,76,"The situation of the world's largest democracy is such that it is not only the most populous democracy in the world, but also the most corrupt and the most unequal.",15.21486301557491
bf16,Odia,77,The most important feature of the Indian Ocean is the fact that it is the only ocean that is not connected to the Pacific Ocean.,16.270019950370383
bf16,Odia,78,The Meghalaya State is the only state in India where the Meghalaya cuisine is unique and different from other Northeastern Indian states.,11.568664524853803
bf16,Odia,79,The Corbett National Park is a tiger reserve in the Indian state of Uttarakhand. It is the only tiger reserve in the state and is the only tiger reserve in the entire country that is not a national park. It is also the only tiger reserve in the country that is not a protected area.,20.494310205011
bf16,Odia,80,"A person who is a victim of sexual assault or a service provider who is not able to provide services due to the victim's inability to pay, is not able to provide services due to the victim's inability to pay, or is not able to provide services due to the victim's inability to pay, is not able to provide services due to the victim's inability to pay, or is not able to provide services due to the victim's inability to pay, is not able to provide",17.61132264222701
bf16,Odia,81,"The most popular dishes of the region are the Luhun, a kind of rice, and the Luhun, a kind of rice, and the Luhun, a kind of rice, and the Luhun, a kind of rice, and the Luhun, a kind of rice, and the Luhun, a kind of rice, and the Luhun, a kind of rice, and the Luhun, a kind of rice, and",13.912467792807725
bf16,Odia,82,"The Yatra is a unique form of travel in India, where you can experience the beauty of the country in a different way.",16.729460379124596
bf16,Odia,83,"The news of the death of the great sage Narapati was spread by the news of the death of the great sage Narapati, and the news of the death of the great sage Narapati was spread by the news of the death of the great sage Narapati.",18.96411432828416
bf16,Odia,84,"The chief of the Lakhimpur Kheri district, who was a member of the Rashtriya Swayamsevak Sangh, was killed in a road accident.",27.97311631716708
bf16,Odia,85,"The Meghalaya government has been trying to make the state a tourist destination, but the state has not been able to attract tourists due to the lack of infrastructure and facilities.",14.509763791206314
bf16,Odia,86,"The weather in Assam is very unpredictable, and the state is known for its extreme weather conditions.",17.411025654557978
bf16,Odia,87,"The day is over, and the new soldiers are on duty.",17.1175165835041
bf16,Odia,88,"If a person is not a victim of any crime, he/she should not be named as a victim of crime in the list of victims of crime.",25.63532784684204
bf16,Odia,89,"He is one of those who are not happy with me, and he is also very angry with me. He says, ""I am very sad, and I am very angry with you.""",24.07300230929704
bf16,Odia,90,"If you don't know what to do, then you can't do it.",8.972365699140399
bf16,Odia,91,"The world's largest digital library, Wikidata, is a free, open-source, multilingual knowledge base that is accessible to everyone, and is a great resource for anyone interested in learning about the world.",21.96547648443135
bf16,Odia,92,The festival was celebrated with great pomp and show in the state.,13.594021411620622
bf16,Odia,93,"The concept of the soul is a very old one, and it is found in many cultures and religions. In the Indian subcontinent, the concept of the soul is found in the Vedas, the Upanishads, and the Puranas.",17.465474423368835
bf16,Odia,94,"The practice of marrying off a girl to a man who has already had a child with her is called ""kanyadaan"" in India.",14.61054830614597
bf16,Odia,95,The purpose of the book is to provide a comprehensive account of the social and cultural aspects of the people of Meghalaya.,30.95780601955125
bf16,Odia,96,The truth is that the government is not interested in the welfare of the people.,15.276665712856952
bf16,Odia,97,The Meghalaya cuisine is unique and different from other Northeastern Indian states.,12.592563050055588
bf16,Odia,98,"The Ramayana and Mahabharata are the two most important epics of the Indian epic tradition. The Ramayana is the story of Rama, the seventh incarnation of Vishnu, and the Mahabharata is the story of the Pandavas and Kauravas, the two most powerful families of the Indian epic tradition.",31.69876304266775
bf16,Odia,99,The Meghalaya government has decided to allow the use of the term 'appalachian' for the state's cuisine.,12.422969799357588
bf16,Odia,100,"I am not a fan of any particular kind of climate change, but I am a fan of the climate change that is happening right now.",16.015676946884835
bf16,Odia,101,"The Chilililaan waterfall is located in the Brahmaputra River, which is a tributary of the Ganges River, and is one of the most beautiful waterfalls in the world. The waterfall is located in the Brahmaputra River, which is a tributary of the Ganges River, and is one of the most beautiful waterfalls in the world. The waterfall is located in the Brahmaputra River, which is a tributary of the",20.147096388064583
bf16,Odia,102,"They can go to the hills and mountains of Meghalaya, and can also visit the caves of the Khasi Hills.",15.30373971921657
bf16,Odia,103,The people of Shillong and Meghalaya are very friendly and hospitable.,18.83521498207718
bf16,Odia,104,The British Raj - 2nd was the most successful period of the British Raj in India.,11.185944370883249
bf16,Odia,105,The people of this state are known for their hospitality and are very friendly.,17.240685081886152
bf16,Odia,106,"If you are a fan of the film, you will be happy to know that the film is being remade in Telugu, Tamil, Malayalam, Kannada, and Hindi.",17.75730965504609
bf16,Odia,107,"The most popular food items in the state are rice, fish, vegetables, and meat.",23.008716321504263
bf16,Odia,108,"Meghalaya is a state in the northeastern part of India, and is known for its unique cuisine.",8.701803253851653
bf16,Odia,109,"The first thing to do is to get a good quality of the rice, which is the most important part of the meal. The rice is cooked in a pot with a lot of water, and the rice is then served with a variety of vegetables, which are cooked in a separate pot. The rice is then served with a variety of vegetables, which are cooked in a separate pot. The rice is then served with a variety of vegetables, which are cooked in a separate pot.",19.38748927676496
bf16,Odia,110,"If you want to live a healthy life, then you should take care of your health. The best way to do so is to follow a healthy diet.",16.78615517508439
bf16,Odia,111,"The treatment of the first and second year students of the school is not a problem for the teachers, but the teachers are not able to solve the problem of the third and fourth year students.",23.717541349888435
bf16,Odia,112,The freedom struggle in Punjab was a major factor in the emergence of the Indian nation.,24.514178387779538
bf16,Odia,113,The climate of the father's land was not very favourable for the growth of the tree.,26.524017095001675
bf16,Odia,114,"The British Indian Army was the largest and most powerful of the British Indian Army, and the Indian Army, which was formed in 1921, was the largest of the Indian Army.",17.765714781086807
bf16,Odia,115,"The most famous of the 16th century, the Chittagong Hill Tracts, is a region of Bangladesh, which is a part of the Chittagong Hill Tracts Autonomous Region, which is a part of the Chittagong Hill Tracts Autonomous Region, which is a part of the Chittagong Hill Tracts Autonomous Region, which is a part of the Chittagong Hill Tracts Autonomous Region, which is a part of the Ch",14.281970721312284
bf16,Odia,116,"The British Army, which was the first to use the term ""tum"" in the 18th century, has been using it ever since, and it is now a part of the British Army's training.",16.859780271461812
bf16,Odia,117,The Meghalaya cuisine is unique and different from other Northeastern Indian states.,10.719407667391238
bf16,Odia,118,The young are not safe from the dangers of the world.,11.25534324632512
bf16,Odia,119,The Meghalaya cuisine is unique and different from other Northeastern Indian states.,6.989211892518313
bf16,Odia,120,"If a film director is known for a particular film, he or she is called a 'star' of that film. If a film director is known for a particular film, he or she is called a 'star' of that film. If a film director is known for a particular film, he or she is called a 'star' of that film. If a film director is known for a particular film, he or she is called a 'star' of that film.",14.630644413849186
bf16,Odia,121,"The first film of the series, titled Tufan Mel, was released in 1932, and the series was led by the great actor, Tufan Mel, who was the master of the series. He was the master of the series, and he was the master of the series. He was the master of the series, and he was the master of the series. He was the master of the series, and he was the master of the series. He was",15.6405475505946
bf16,Odia,122,"The Asamiya Cinema is a film, which is made in the Asamiya language, which is spoken in Assam, India.",46.98690282201781
bf16,Odia,123,The unique and traditional craft of the Khasi people of Meghalaya is the Khasi wood carving.,16.598381326951042
bf16,Odia,124,"A unique form of handloom weaving, which is a form of traditional handloom weaving, is called ""Uddheshya"".",19.56522159245781
bf16,Odia,125,"The story of the Senghuik is a unique one, and it is a mixture of many different stories, some of which are true and some of which are not.",28.540427688422653
bf16,Odia,126,"The first full-length animated film of the year, Aaliya, was released on 15 June 2020.",20.989840930906414
bf16,Odia,127,The film industry of India has been a major contributor to the country's economy and has been a source of pride for the country.,22.517750885522474
nf4,Hindi,0,"The service industry is a combination of many factors, such as their footwear, clothes, jewelry, makeup, hair style, cosmetic, perfume, etc.",41.56515927339992
nf4,Hindi,1,Ajanta caves in Aurangabad district of Maharashtra are among the first century BCE to the 5th century CE.,37.28469222514544
nf4,Hindi,2,The spread of the body's color is gradually absorbed into the outer lines.,26.9326352185903
nf4,Hindi,3,"Ashoka started to build large statues and magnificent monuments using stone, while it was earlier done using wood and clay.",35.775671886331885
nf4,Hindi,4,"The famous and well-known Maharashtrian dish of rice with spices, besan (tapioca flour) and curry, is prepared in Maharashtra.",30.07899711421985
nf4,Hindi,5,The cuisine of Chettinad in Tamil Nadu is called Nagarathar and is said to be the cuisine of the Nattukottai Chettiar community.,43.93644400464337
nf4,Hindi,6,"Dalchini is a native of India and is used in various forms, from the sweet to the medicinal.",31.995565734899984
nf4,Hindi,7,Dry grinding or grinding on stone mills is the best way to make the powder.,31.691719470083324
nf4,Hindi,8,"Punjab's cities have their own preferences, like Amritsar's people prefer Amritsari kulchas, fried bread and curd.",36.11679421884582
nf4,Hindi,9,"Send Ram to the Rishis, and send Lakshman to the Rishis, too.",51.51846194519941
nf4,Hindi,10,But M. Pandey has taken a courageous step in this direction by sacrificing a better and more perfect theory.,20.289907218084487
nf4,Hindi,11,"When the potatoes are parboiled, they are mixed with some spices for a few minutes with some salt and turmeric and then they are cooked for 5-6 minutes until all the spices are soaked in.",38.49214914471812
nf4,Hindi,12,"Hitaopadesh is a book in which the character of birds, animals, and humans is presented through the spiritual knowledge.",66.0530866394868
nf4,Hindi,13,It seems to be that the purpose of the book is to promote the awareness and skill of the art of speaking and behaving in a dignified manner.,33.94725691757184
nf4,Hindi,14,"Professor Asit Kumar Banerjee, who lived in his ancestral home in Hugli, has written a comprehensive history of the city of Hugli (the first and second volumes) titled Hugli City History.",30.88390579287508
nf4,Hindi,15,"The front of the Chaity Temple is arched, with the arched part facing the front, and the front part of the temple is open, with a wooden building facing the front, and some of the temples have no main entrance.",30.505403029726093
nf4,Hindi,16,The kings and their cooks (as they are called in the traditional way in India) have passed down for generations the various recipes of the pak-ways and now these pak-ways are passed on through generations through the spoken tradition.,39.76102660690265
nf4,Hindi,17,"Traditional preparation of the vaj is done with the help of the dal of the chef, the vaj, or the chief chef.",33.467482901901406
nf4,Hindi,18,"Pav Bhaji is a fast food dish from Maharashtra, consisting of a thick curry made from vegetables, which is then fried and served with a soft bread roll (pav).",69.80592018492197
nf4,Hindi,19,"The Kabuli and Lallu-Dyad of Kashmiri cuisine are unique and their spiritual and deep emotions are expressed in their art. The Mira Bai of Rajasthan is famous for her unique bhakti in Hindi, the Andal of Tamil Nadu has profound knowledge of the Vedas and the Akka Mahadevi of Kannada has the wisdom of the Vedas in her verses.",29.795224066566178
nf4,Hindi,20,"The caves of the Bengal tiger, which have Buddhist paintings, are located in the Dharampur district of Madhya Pradesh, 97 km from the city of Dharampur.",61.55704413195499
nf4,Hindi,21,"The meaning of the word 'root' in Sanskrit literature is a general term for any plant or tree, but in a literal sense, it can mean the lower part or the lower part of any object.",50.65203167783133
nf4,Hindi,22,The Sindhu Valley civilization is known for its technical knowledge.,49.36039755134445
nf4,Hindi,23,All the Kauravas die; only five Pandavas survive and Krishna lives.,67.7162959717675
nf4,Hindi,24,The war lasted for 14 days and the defeat of the Kauravas was the end of the war.,49.74979121814835
nf4,Hindi,25,"The central theme of the Mahabharata is the struggle for succession to the throne of Hastinapura, a state in the north of modern Delhi, and known as Bharat, a tribe of the Vedic people.",56.294993956032776
nf4,Hindi,26,"The number of vegetarians in Karnataka is more than that of meat-eaters; therefore, their food includes mainly vegetarian dishes.",57.45264150882563
nf4,Hindi,27,"They are Sanjay, who is telling them what is happening in the battlefield.",53.38351419987396
nf4,Hindi,28,"Tamil has two epic poems, Silappathikaram and Manimekalai.",54.20729126425074
nf4,Hindi,29,"In this region, powdered chilli is used with caution.",41.441956543078426
nf4,Hindi,30,"The word yoga is derived from the Sanskrit root yuj, which means to join or join or unite.",63.0054840759508
nf4,Hindi,31,"Today, Odisha's temples' walls are decorated with various carvings of different forms.",24.69853211985899
nf4,Hindi,32,"Vishweshth now turned and slowly said: ""King, you do not get the glory of having said a promise once, which you have now broken.""",32.152091256947834
nf4,Hindi,33,"Only when they understood the tragedy of Arjuna, Krishna changed his stance and began to reveal the mystery of religious strife in the world.",35.45078163566853
nf4,Hindi,34,"As you mix the rice flour with the rice, you add a little coconut oil in between.",40.17092327098332
nf4,Hindi,35,"You can start by grinding a handful of coconut into a paste, which you then mix with the flour.",29.091906826104413
nf4,Hindi,36,"The construction of the magnificent gold dome of the Gurudwara built by Maharaja Rangit Singh in Nanded in the 1830s, when the British East India Company was in power, is the reason for the construction of the beautiful and elaborate gold dome of the Gurudwara in Nanded.",36.74671774308245
nf4,Hindi,37,"The Samaveda is a collection of selected verses, each of which is set to a specific rhythm or meter, and arranged in a specific order.",34.57766523198039
nf4,Hindi,38,The description of the capital of Vālmīki by Vālmīki himself shows that the ancient capital of Yodhā was not very different from our modern cities.,49.569909946632
nf4,Hindi,39,"Once you say 'I will do it', there is no other option but to do it.",49.94095209082518
nf4,Hindi,40,"In recent years, the rupee's exchange rate and foreign exchange reserve have been seen differently.",41.94727885380692
nf4,Hindi,41,"When a credit card holder has a three-day or more past-due balance, only then can banks inform credit card companies that the past-due balance is or is not overdue.",28.682900395581477
nf4,Hindi,42,The country can improve its economic condition by attracting foreign direct investment.,36.12129206166881
nf4,Hindi,43,"However, the rapid implementation of the package is encouraged, if the package is approved by the bank within 90 days of the application being received. If the application is approved by the bank within the time limit of the application, the classification of the asset can be restructured again at the level of the asset.",55.64556761212701
nf4,Hindi,44,"Is the dynamism of private capital's mobility inescapable, as it limits the concentration of wealth, or does it contribute to the development, competition, and technological progress of the economy?",51.661848258665074
nf4,Hindi,45,This market is characterized by high volatility and excessive price increase.,34.9437490000841
nf4,Hindi,46,The second quarter's high frequency data shows that economic activity is still strong.,45.30487940019161
nf4,Hindi,47,"In the field of political economy, a country is a specific subject and its market is affected by the broader events that it generates.",27.11412394716655
nf4,Hindi,48,The meaning of the term 'chakna' is that as much as possible of the market value of the entire business can be sold at a low price.,32.689579397079704
nf4,Hindi,49,"In general, the policy of income recognition is based on personal reasons rather than on the basis of the description and collection of income.",47.24910933818364
nf4,Hindi,50,"Therefore, the date of payment of interest is not liable to be considered as a loss, and the result is an unproductive loss.",36.25358860878048
nf4,Hindi,51,The fastest payment system in India - UPI - should be linked with other payment systems in the same way as other states of the country.,25.935233395600736
nf4,Hindi,52,Electricity generation and industrial (chemical) plants in the area of natural gas liquefaction (LNG) energy sector are very important.,31.37033227185338
nf4,Hindi,53,"Although they may promote your business, they do not make you a long-term company or a company that is suitable for retail.",27.74676815073085
nf4,Hindi,54,The payment system in the country has made a significant contribution to the payment gatekeepers (P. A.) and has been renamed as payment service providers (P. S. O.) under the provisions of the March 2022 regulations.,33.550516013738715
nf4,Hindi,55,The current regulations apply to the payment groups that are transacting online or e-commerce.,51.51495843850217
nf4,Hindi,56,"According to the record, this country has grown at a rate comparable to that of other countries, and has made a profit by importing and exporting goods in which the most profitable (even though it is not necessarily so) is the international trade.",28.78903843913382
nf4,Hindi,57,"Six years ago, the 6.7% of the total deposits was 9.7% of the total deposits as of September 2022.",19.343956077680183
nf4,Hindi,58,"The cost of crop harvesting before and after the crop is given for the various agricultural activities like irrigation, land preparation, threshing, etc. for the farmers.",27.333182405465838
nf4,Hindi,59,"For agricultural operations, medium or long-term loans are given for irrigation and other developmental works in the field of agriculture.",46.411230129053365
nf4,Hindi,60,The Reserve Bank of India is checking the shadow banking practices of the traditional banks and trying to improve the regulation of the money and capital markets in order to limit the impact of this discovery because this discovery has affected the general economy.,39.77565907311556
nf4,Hindi,61,"In the wake of the global financial crisis, the official sector and better information are being collected and the gaps in knowledge are being sought.",57.42561209115088
nf4,Hindi,62,The market price is determined by the need to equate supply and demand.,44.74202436993918
nf4,Hindi,63,This model and other variables (e.g. price) are used to determine the level of supply and demand.,52.18863618132127
nf4,Hindi,64,The balance of trade in merchandise (foreign investment or employees transferred by foreign exchange) and foreign exchange (such as interest and profit) that is usually a small part of the total balance of payments is added to the current account.,47.70225293739188
nf4,Hindi,65,The trade in goods and services between Malaysia and the rest of the world has a trade balance deficit.,39.6254363520135
nf4,Hindi,66,"The Ministry of Micro, Small and Medium Enterprises (MSME) has been working tirelessly to improve its ranking in the World Economic Forum's (WEF) E-Commerce and Digital Economy (EoD) index. The Ministry has been working to improve its ranking in the EoD index by improving its digital economy and e-commerce capabilities. The Ministry has been working to improve its ranking in the EoD index by improving its digital economy and e-commerce capabilities. The Ministry",29.23765575611362
nf4,Hindi,67,"These factors, taken into account, indicate that the inflation rate in 2022-23 will be 6.7 percent, where risks are equally balanced and inflation is expected to be 7.1 percent in the second quarter, 6.5 percent in the third quarter, and 5.8 percent in the fourth quarter.",50.16852085801295
nf4,Hindi,68,"India's imports are increasing, although they are not increasing as much as exports. This is because imports are increasing.",29.295948522832987
nf4,Hindi,69,"Presently, economic growth is mainly based on economic performance (GDP growth rate, GDP per capita growth rate, government debt, government debt to GDP ratio, government debt to GDP ratio, government debt to GDP ratio, government debt to GDP ratio, government debt to GDP ratio, government debt to GDP ratio, government debt to GDP ratio, government debt to GDP ratio, government debt to GDP ratio, government debt to GDP ratio, government debt to GDP ratio, government debt to GDP",29.552337538531305
nf4,Hindi,70,"The main topic of current economic discussions is the balance between social and economic activities, which includes some environmental activities in the context of their interrelations.",50.44865343730475
nf4,Hindi,71,"After reorganization, the fair value of the loan is to be calculated on the basis of the appropriate interest rate on the basis of the reorganization date and the date of the reorganization of the bank's BPLR. The current fair value of the loan and the date of the reorganization of the bank's BPLR will be shown in the current fair value of the loan and the date of the reorganization of the bank's BPLR will be shown in the",38.09967097066907
nf4,Hindi,72,"The Reserve Bank of India (RBI) has provided special liquidity facilities of Rs. 50,000 crore to the capital market to restore confidence in the financial markets.",41.04573696133792
nf4,Hindi,73,"The recent rapid growth and the additional rapid growth of the economy have resulted in the economic situation of the country to be precarious, the extraordinary volatility of the stock market has increased, and people are becoming more risk-averse.",29.62173422866492
nf4,Hindi,74,"Full value notes issued by RBI at the RBI's Treasury Department will be transmitted to the Treasury Branches through the RBI's Treasury Department. While the value of the note will be declared, the value of the note will be declared, and the note will be declared, and the note will be declared, and the note will be declared, and the note will be declared, and the note will be declared, and the note will be declared, and the note will be declared, and",24.88443081879676
nf4,Hindi,75,The growth of lending in India has been very high.,30.89828343719824
nf4,Hindi,76,"Despite the global political climate, India's economic position is still strong.",28.01579125073745
nf4,Hindi,77,"The financial markets are in a state of panic, which is the real economy and the financial stability of the economy.",51.04694107425997
nf4,Hindi,78,"When the number of notes issued by the bank exceeds 5 and their total value is more than 5000, the person who is to be given the note is advised to inform the bank that he wants to change the note. He can do so by depositing the note in the bank's cash deposit office or by depositing the note in the bank's cash deposit office himself.",30.834406292186813
nf4,Hindi,79,The court has also taken note of the importance of privacy of personal information and the importance of personal information in the context of the right to privacy. It is therefore necessary to collect personal information only for the purpose for which it is collected and only for the purpose for which it is collected. Only such personal information should be collected which is necessary and only such personal information should be collected which is necessary for the purpose for which it is collected. Only such personal information should be collected which is,48.79964502353095
nf4,Hindi,80,Cyber criminals hack data or services to reach other computers or networks.,47.17714446625745
nf4,Hindi,81,All packaged foods and packaged meals contain a high amount of sodium because of the use of salt in the preparation.,47.24006485563324
nf4,Hindi,82,"When the vehicle's speed is high, sudden braking, changing the vehicle's speed or an accident may occur in an uncontrolled car's internal parts.",40.7731106954712
nf4,Hindi,83,"But that morning, a white prisoner who had been released by General Singh, arrived at the English camp and informed General that he had heard that the prisoner, Narapati Singh, was going to surrender the fort to the English, but not until he had changed sides.",53.32351150319713
nf4,Hindi,84,"At this time, the chief of the army was Robert Mounthomegomer.",57.77799327438801
nf4,Hindi,85,"Although the number of British soldiers in Mir Shivalay was four times that of the Sikh soldiers, there was no reason to suspect that the British officer would not be in touch with the Sikh soldiers of Meerthar.",24.381945975827204
nf4,Hindi,86,"Their only drug is not just a drug, but their brain also experiences a peculiar effect.",27.49577865960069
nf4,Hindi,87,"Every day, new items were arriving from both sides.",42.43453287301221
nf4,Hindi,88,"If anyone has personal hatred, then the name of Pandit M. G. R. should be in the list of assassins, not of martyrs.",44.37116936519161
nf4,Hindi,89,"He looked at me for a second and said, ""I'm sorry, we have no empty space,"" and Alvida.",24.72900751830901
nf4,Hindi,90,"Have you ever thought that if our houses and surroundings were not cleared of waste, what would happen?",48.5780791786782
nf4,Hindi,91,"In recent years, we have seen a lot of change in our world due to the use of digital technology.",61.04630399592311
nf4,Hindi,92,"In the past, it took many days to reach a letter, and each recipient received his own copy and replied separately.",55.51976584392639
nf4,Hindi,93,"The revolutionary fervor of the people is the underlying principle of the good or bad, depending on whether it is a pro or anti party.",32.16541092227712
nf4,Hindi,94,Kabir Ghandhi married his wife four times.,33.36376483040865
nf4,Hindi,95,This article is the responsibility of the authors to make people aware of the need to be free from slavery and injustice.,40.67954950723397
nf4,Hindi,96,Only this fact is enough to estimate their capacity and character.,47.58871994767668
nf4,Hindi,97,We can see hundreds of soldiers marching in unison and in bright colors with the national flag and banners flying high on the top of the city.,25.413692111688302
nf4,Hindi,98,They also read Ramayana and Mahabharata; they also wrote about the battles of Marathas and they also read about the Hindu prowess and they were inspired by the great stories of Mahabharata.,31.106449260100327
nf4,Hindi,99,The lack of sufficient satellite data for crop applications during the monsoon season due to cloud cover is hindering the use of satellite-derived cloud cover data for crop applications.,39.57260594503275
nf4,Hindi,100,"When we click on a suspicious advertisement on the internet, it can reach our computer system as well.",63.70979168325469
nf4,Hindi,101,"After seeing his cave in a precarious situation, he ran away from Chiliwai and his mother's rice to the other side and his big toe was so badly injured that he could not walk.",26.8553211370535
nf4,Hindi,102,They took Nana Bither with them and left for Kanpur and threatened to attack.,43.95323198358325
nf4,Hindi,103,The Sheth and his staff grabbed me and held me.,47.580119205180026
nf4,Hindi,104,"After that, Jarkiahs ruled for a short period.",33.79965532913924
nf4,Hindi,105,The two brothers loved each other very much.,39.36360005920132
nf4,Hindi,106,"I thought that if they agreed to the proposal, other people could agree to it.",54.44378520962319
nf4,Hindi,107,"The most dynamic component of urban areas is transport, which is diverse.",42.728058417196216
nf4,Hindi,108,"Right-Ahead Log ensures that if a crash occurs, the log will provide guidance on how to retrieve the data, in a systematic and orderly manner, from the storage area, and in the event of an emergency, the data will be restored to the previous state or to a new state, as appropriate.",39.36744714878958
nf4,Hindi,109,"The first problem is that if more than one thing is blocked, it takes more time to reach and open them, and the second, the logic of etiquette is more complex.",37.18511703165821
nf4,Hindi,110,"If there is a facility to swim, the life-saving technique of the technique of survival can be practiced there.",49.01899489151877
nf4,Hindi,111,Students should be encouraged to ask questions if they have any concerns about the first aid procedure for swimming.,75.33148201572372
nf4,Hindi,112,It was necessary to find out where in Punjab the feeling of national freedom was at its peak.,52.56793332558106
nf4,Hindi,113,This kind of forgiveness was not easy for my father.,51.2806738278985
nf4,Hindi,114,"This revolt gave them a sense of satisfaction because now they had a choice and loyal army, which included the English pickets and the artillery, and the Sikhs and Hindus, whose loyalty was very strong.",36.54938194703261
nf4,Hindi,115,"The weapons were arranged in a row, the breakfast was ready, and the hungry people were eating first; the drink was filled in the cups.",49.95231358102067
nf4,Hindi,116,"English soldiers, you have not got blood from your body, but because of hard work, you have got your breakfast; so, enjoy your breakfast in the company of your generals!",44.3287267289996
nf4,Hindi,117,"You have seen the seeds grow into plants, which then grow into other plants, or other animals with their puppies, or the dogs' puppies, or the lizards' puppies.",42.51283256777613
nf4,Hindi,118,Boys are also sexually harassed in the same way as girls.,31.72983919552122
nf4,Hindi,119,"When electricity was being dropped in Jhansi and it was being torn away, then Bānkā saw his sons ready to take the sword and he warned them and said that if they took their swords away from them, he would inform the Fijians about their plans and then he would cut off their heads.",32.5809066199494
nf4,Hindi,120,"Film director who mainly worked in the genre of action films, he was responsible for making the film industry popular, G.B. Vaidya and his brother Homi Vaidya.",39.75174022351592
nf4,Hindi,121,"The train romance film Tufan Mel (1932), in which many scenes of a train's roof were filmed on the top of a train, began with this.",27.12203573224214
nf4,Hindi,122,"Assamese cinema is mainly seen in Assam, the state of Assam, where Assamese is the main language.",50.31856467822335
nf4,Hindi,123,The best rewrites are not transparent.,33.43744287632513
nf4,Hindi,124,"Important, this is a similar kind of hand washing and the purpose is understood.",24.50743297090512
nf4,Hindi,125,"They write the novel in a different way and the result is a narrow case, many different types of cuisine.",39.2976663542573
nf4,Hindi,126,"From June 15 to July 11, 2020, the Film and Television Institute of India (FTII) has launched the first online film appreciation course.",42.235027022723855
nf4,Hindi,127,"The curriculum was prepared by the National Film Archive of India, Pune.",50.25542165034096
nf4,Bengali,0,"The shape of the body is a single feature, such as the jutti, jama, tika, goni, churli, prasada, sugga, etc.",18.65858912389656
nf4,Bengali,1,Meghalaya's Arangabad district is the first Christian church in the 16th century and the 16th century and the 16th century and the 16th century and the 16th century and the 16th century and the 16th century and the 16th century and the 16th century and the 16th century and the 16th century and the 16th century and the 16th century and the 16th,22.44831379058448
nf4,Bengali,2,The color of the river is mixed with the skin of the person.,22.81034710261049
nf4,Bengali,3,"The ancient tradition of making bricks and mortar, and carving statues and monuments in the state of Odisha, was the most common practice.",27.898460351145264
nf4,Bengali,4,"The preparation of the dish is done in the state of Maharashtra, which is famous for its spicy and delicious food.",32.06057028978891
nf4,Bengali,5,The cuisine of the Chettinad region of Tamil Nadu is unique and different from other states in the North-Eastern part of India.,36.55954616147997
nf4,Bengali,6,Daru chin is a traditional Indian medicine and its use is a herbal drug from Arsenic.,22.90086710191598
nf4,Bengali,7,This is a fried rice with a lot of fried onions and curry leaves.,20.541691118023344
nf4,Bengali,8,"The people of Meghalaya prefer to eat a variety of dishes, such as Amritsar's Lohachara, Purvahara Pora and Dhuljhadi Jat, which are more popular in the state of Meghalaya.",25.06986370160307
nf4,Bengali,9,The story of Rama and Lakshmi was told to me by Rama and Lakshmi.,25.34314914308096
nf4,Bengali,10,"The Bengali Pandit's contribution to the cause of the Bengali language, the high and wide thoughts of the Bengali people, was made through the medium of the Bengali language.",27.32008046569161
nf4,Bengali,11,The meat of the paddy rice is eaten with the dark brown curry and the curry is mixed with the curry of the mutton and the curry of the chicken and the curry of the fish and the curry of the shrimp and the curry of the crab and the curry of the lobster and the curry of the prawn and the curry of the squid and the curry of the octopus and the curry of the mussels and the curry of the clams and the curry of the o,19.908399164642077
nf4,Bengali,12,"The book is a collection of stories about the characters of the world of animals, birds and humans.",47.31883516619696
nf4,Bengali,13,This book is intended to promote the culture of the people of the state of Meghalaya and to teach the art of performing the traditional rites and ceremonies.,24.427856249667208
nf4,Bengali,14,"The history of the city of Howrah, the largest city in West Bengal, is a unique and important chapter in the history of Bengali literature.",20.11034106098132
nf4,Bengali,15,"The eastern part of the Chittagong Hill Tracts is dominated by a circular, half-circular, and rectangular Chittagong Hill Tract hill tribe village plan, with a few villages having a circular village plan, and a few villages having a rectangular village plan.",25.37733359596476
nf4,Bengali,16,"'The King' and 'The Khanzama' (Vedic scholars of India)-the names of the most famous chefs of the 20th century, have been popularized by the name of the most famous chefs of the 20th century, have been popularized by the name of the most famous chefs of the 20th century, have been popularized by the name of the most famous chefs of the 20th century, have been popularized by the name",20.936932087859173
nf4,Bengali,17,"The traditional way of cooking is to have a cook and a helper, who is a cook and a helper, who is a cook and a helper, who is a cook and a helper, who is a cook and a helper, who is a cook and a helper, who is a cook and a helper, who is a cook and a helper, who is a cook and a helper, who is a cook and a helper, who is a cook and a helper, who is",16.441606595587736
nf4,Bengali,18,"Pao bhaji is a popular dish in the state of Maharashtra, India. It is made with a mixture of rice, lentils, and spices, and is often served with a curry.",31.85686146390222
nf4,Bengali,19,"The Lal Ded and Haba Haba are the two most popular folk songs in Kashmiri, and the Haba Haba is the most popular folk song in the state of Jammu and Kashmir. The Lal Ded is a folk song in the Kashmiri language, and the Haba Haba is a folk song in the Tamil language. The Lal Ded and Haba Haba are the two most popular folk songs in Kashmiri, and the Haba Haba is the most",23.155501089886688
nf4,Bengali,20,"The temple of the goddess of the elephant is located in the middle of the state of West Bengal, about 97 km from the district of the city of Kolkata.",32.39929178125408
nf4,Bengali,21,"The most common word in Sanskrit is the root word, which means a tree or a forest, but the literal meaning of the word is a piece of wood or a piece of wood or a piece of wood or a piece of wood or a piece of wood or a piece of wood or a piece of wood or a piece of wood or a piece of wood or a piece of wood or a piece of wood or a piece of wood or a piece of wood or a piece of",31.619957472065263
nf4,Bengali,22,The Sindhu civilization is a unique and different from other states in the North-Western part of India.,19.85128574899281
nf4,Bengali,23,The people of Kaurabadi died; only their father-in-law and Krishna were left.,33.32236743771234
nf4,Bengali,24,The glory of war lasted for 90 days and the defeat of Kauravas with the help of Pandavas.,47.02699340199416
nf4,Bengali,25,"The main story of the Mahabharata is the battle of the Pandavas and Kauravas, which is the most famous battle in the history of India.",26.298724426943043
nf4,Bengali,26,"The number of people in Karnataka is more than that of Amishashish, as the main food of the people of Karnataka is not rice, but rice-based food.",29.437931905075555
nf4,Bengali,27,"He gave the north to the north, who gave the war in the field, who gave the account of the war in the field.",20.575193468900824
nf4,Bengali,28,The two most famous dishes of Tamil cuisine are shilappathikaram and manimekhalaai.,43.028994759410246
nf4,Bengali,29,This region is known for its black pepper cultivation.,26.79647512530967
nf4,Bengali,30,"The word ""Yoga"" is a Sanskrit word, meaning ""to unite"" or ""to join"" or ""to unite"" or ""to join"" or ""to unite"" or ""to join"" or ""to unite"" or ""to join"" or ""to unite"" or ""to join"" or ""to unite"" or ""to join"" or ""to unite"" or ""to join"" or ""to unite"" or ""to join"" or ""to unite",28.759340325949367
nf4,Bengali,31,"The interior of the temple is decorated with various types of carved stone, which is still in use today.",27.619774808663184
nf4,Bengali,32,"The king said, ""You have been a good son, and you have been a good son, and you have been a good son, and you have been a good son, and you have been a good son, and you have been a good son, and you have been a good son, and you have been a good son, and you have been a good son, and you have been a good son, and you have been a good son, and you have been",9.326554052509644
nf4,Bengali,33,"After the death of Arjuna, his religious duty was to start a new religion in the world.",21.617824130028783
nf4,Bengali,34,"The middle of the plate, the meat, the small amount of coriander, the small amount of parsley.",17.8142497853471
nf4,Bengali,35,"This banana leaf is a good way to start, then you can mash the banana leaf.",10.682208147609984
nf4,Bengali,36,"In 1835, the Maharaja Rangachand Singh, the father of the Nanda dynasty, gave birth to a unique and rare gold plated bronze idol, which is a small bronze idol with a small gold plated bronze gilded head.",23.21189210580816
nf4,Bengali,37,Sambeed is a musical genre of the Northeastern Indian states.,14.108368802880491
nf4,Bengali,38,"The history of the city of Kochi, Kerala, is a very interesting one. It is said that the city was founded by the Portuguese in the 16th century, and that the city was named after the Portuguese king, Dom João, who was the son of King Henry the Navigator. The city was later named after the Dutch East India Company, which was founded by the Dutch East India Company in 1602. The city was later named after the British East India",18.49202663338865
nf4,Bengali,39,"Once I said I would do it, I did it. There is no alternative.",20.94270413792903
nf4,Bengali,40,"At present, the exchange rate of our currency and the foreign exchange rate of our currency are different.",34.68752417695233
nf4,Bengali,41,"Credit card, which is the most common form of payment in the world, can be used for a maximum of 30 days. If the card is used for more than 30 days, the bank will charge a penalty of Rs. 1000 per day. If the card is used for more than 90 days, the bank will charge a penalty of Rs. 2000 per day. If the card is used for more than 180 days, the bank will charge",27.35866737499084
nf4,Bengali,42,The economic downturn has made the countries in the region more competitive in terms of their business.,23.524924358177504
nf4,Bengali,43,"The approval process for the bank's revival is completed in 90 days, and the revival plan is approved by the bank's board of directors. The bank's revival plan is approved by the board of directors, and the bank's board of directors approves the revival plan. The bank's board of directors approves the revival plan, and the bank's board of directors approves the revival plan. The bank's board of directors approves the revival plan, and the bank's board of directors approves",26.21452743564169
nf4,Bengali,44,"The personal wealth of a person who is a member of a caste is not restricted by the caste system, but is instead increased, strengthened, and improved by the caste system, and by the caste system, and by the caste system, and by the caste system, and by the caste system, and by the caste system, and by the caste system, and by the caste system, and by the caste system, and by the caste system, and by the caste system, and",16.340199853721916
nf4,Bengali,45,"The most common form of the disease is the spread of the disease through the air, and the disease is treated by taking a shot in the arm.",17.833257527755364
nf4,Bengali,46,The second trimester is a period of high economic activity and economic activity.,29.096048634827827
nf4,Bengali,47,"The main objective of the economy is to be the largest market economy in the world, and the economy is the largest market economy in the world.",22.064184126078096
nf4,Bengali,48,The short-term price of the stock market is the sum of the economic value of the stock market.,18.769114452490506
nf4,Bengali,49,The principle of recognition of the right of possession of the right of possession of the right of possession of the right of possession of the right of possession of the right of possession of the right of possession of the right of possession of the right of possession of the right of possession of the right of possession of the right of possession of the right of possession of the right of possession of the right of possession of the right of possession of the right of possession of the right of possession of the,13.036654364245653
nf4,Bengali,50,"The amount of interest is not the same as the interest rate, and the interest rate is not the same as the interest rate.",27.285291423103185
nf4,Bengali,51,The speed of the Indian economy is faster than the speed of the other countries of the world. The Indian economy is also faster than the speed of the other countries of the world. The Indian economy is also faster than the speed of the other countries of the world. The Indian economy is also faster than the speed of the other countries of the world. The Indian economy is also faster than the speed of the other countries of the world. The Indian economy is also faster than the speed,15.748057131382026
nf4,Bengali,52,The power sector and the industrial complex (chemical industry) are being managed by the large power generation units.,19.0613490196491
nf4,Bengali,53,"If you are a retailer, you can help by buying from the market, but you should not create a brand for yourself.",21.85634687605701
nf4,Bengali,54,The role of the P. A. R. (P. A. S. O.) is to collect and manage the funds of the P. A. R. (P. A. S. O.) and to manage the funds of the P. A. R. (P. A. S. O.) and to manage the funds of the P. A. R. (P. A. S. O.) and to manage the funds of the P.,13.151550397261556
nf4,Bengali,55,"However, the current norms are being implemented online or through e-commerce, which helps the vendors to earn money.",33.79927042216283
nf4,Bengali,56,"The most important of the country's exports is the export of the country's most important export, and the most important of the country's exports is the export of the country's most important export, and the most important of the country's exports is the export of the country's most important export, and the most important of the country's exports is the export of the country's most important export, and the most important of the country's exports is the export of the country's most",14.17978947052225
nf4,Bengali,57,The annual growth rate of Bangladesh has increased by 16.2% from 6.7% in 2012.,13.79144901177709
nf4,Bengali,58,"The most common method of payment for the purchase of food is to pay in cash, which is then used to buy other food items, which are then used to buy other food items, and so on.",15.4952235485105
nf4,Bengali,59,"The most important crops in the middle and long term are rice, wheat, maize, sugarcane, and other crops.",16.313024056095657
nf4,Bengali,60,The bank's legal status as a bank is being challenged by the Reserve Bank of India (RBI) and the government of India.,11.914195902098148
nf4,Bengali,61,The government is also increasing its efforts to collect more data and to find out the causes of blindness.,20.166547776989777
nf4,Bengali,62,The price of the main commodity is determined by the demand and supply of the commodity.,35.792776616556885
nf4,Bengali,63,The cost and value of the goods and services (such as rojgari) is calculated by the rate of exchange and the demand and supply of the goods and services.,24.721772961121083
nf4,Bengali,64,"At present, the amount of mithun in the capital is 1,000,000,000,000,000,000,000,000,000,000,000,000,000,000,000,000,000,000,000,000,000,000,000,000,000,000,000,000,000,000,000,000,000,000,000,000,000,000,000,000,",6.235863323463311
nf4,Bengali,65,The difference between the production and import/export of goods and services is the economic policy of a country.,45.68076997553467
nf4,Bengali,66,Meghalaya's Meghalayan cuisine is unique and different from other Northeastern Indian states.,6.010641108944084
nf4,Bengali,67,"The first three months of the year 2018-19, the average rainfall in the country is 5.8% of the average rainfall in the country.",14.183966589502736
nf4,Bengali,68,"The pace of growth in India's population has slowed down, but the pace of urbanization has increased.",23.938986881371875
nf4,Bengali,69,The main focus of economic development is the main focus of economic development is the main focus of economic development is the main focus of economic development is the main focus of economic development is the main focus of economic development is the main focus of economic development is the main focus of economic development is the main focus of economic development is the main focus of economic development is the main focus of economic development is the main focus of economic development is the main focus of economic development is the main focus of economic,14.771163214251564
nf4,Bengali,70,The economic and social impact of environmental degradation is more pronounced than the impact of environmental degradation on the environment.,25.679813638328845
nf4,Bengali,71,The final balance of the account is to be calculated after the final settlement of the account.,10.634255466915745
nf4,Bengali,72,The MF (ESBL) group of antibiotics is a special type of antibiotic that is used to treat infections caused by bacteria.,11.466664070222391
nf4,Bengali,73,"The rapid growth and increase in the number of people with diabetes, as well as the risk of developing diabetes, has led to a decline in the number of people with diabetes, as well as the risk of developing diabetes, has led to a decline in the number of people with diabetes, as well as the risk of developing diabetes, has led to a decline in the number of people with diabetes, as well as the risk of developing diabetes, has led to a decline in the number",15.459773394274148
nf4,Bengali,74,"The value of the face value of the note is called the face value of the note, and the value of the face value of the note is called the face value of the note, and the value of the face value of the note is called the face value of the note, and the value of the face value of the note is called the face value of the note, and the value of the face value of the note is called the face value of the note, and the",14.92080182819206
nf4,Bengali,75,The amount of credit in India has increased significantly.,22.377163946698843
nf4,Bengali,76,This unique and beautiful world of nature is also a victim of the Indian economy.,27.80689947115555
nf4,Bengali,77,The economic and economic stability of the country is being affected by the rise in the stock market.,24.37567649587745
nf4,Bengali,78,"The number of notes issued by a person is more than 5,000, but the number of notes issued by a person is not more than 5,000. The person's bank account number is a unique number. The person's bank account number is a unique number. The person's bank account number is a unique number. The person's bank account number is a unique number. The person's bank account number is a unique number. The person's bank account number is",28.244697691210614
nf4,Bengali,79,"The right to privacy is also a fundamental right, and the right to privacy is a fundamental right, and the right to privacy is a fundamental right, and the right to privacy is a fundamental right, and the right to privacy is a fundamental right, and the right to privacy is a fundamental right, and the right to privacy is a fundamental right, and the right to privacy is a fundamental right, and the right to privacy is a fundamental right, and the right to privacy is",19.56374094717862
nf4,Bengali,80,"A computer hacker who commits a computer crime, such as a computer virus, is an online criminal.",27.332514681442856
nf4,Bengali,81,The consumption of nuts is a major cause of the presence of all types of nuts and nuts in the food industry.,29.69448840515024
nf4,Bengali,82,"A car accident can happen at any time, from any direction, or from any cause.",12.59786542807688
nf4,Bengali,83,"But, at that time, the Nrupatthi Sena, the chief of the Nrupatthi tribe, asked the British officer, ""Sir, if you don't give me a reward, I will kill you.""",15.97262817796712
nf4,Bengali,84,"In the 19th century, the most important military commander of Lahaur was Robert Montgomery.",38.72387713387695
nf4,Bengali,85,The story of the Meghalaya is unique and different from other Northeastern Indian states.,8.776624338994665
nf4,Bengali,86,"This is not a mere cosmetic effect, but also affects the body of the uterus.",25.72585494592835
nf4,Bengali,87,The new army units arrived from the east.,12.030011517541238
nf4,Bengali,88,"The name of the man who killed the Bangladeshi Hindus is not Mangal Pandey, but the name of the terrorist who killed the Hindus of Bangladesh.",24.34750397819705
nf4,Bengali,89,"I was so sad that I could not even speak to my friend, and she said, ""I am so sorry, I have lost all my friends.""",19.02256132864264
nf4,Bengali,90,We have been living in the house or the village from where we have not been able to see anything.,16.35326681522357
nf4,Bengali,91,The recent past has seen a lot of changes in our planet.,33.40542816855836
nf4,Bengali,92,The process of collecting a letter takes a lot of time and each person receives a different letter.,19.580315026882065
nf4,Bengali,93,"The concept of the law of the land is either a blessing or a curse, depending on the nature of the law.",16.006559481192248
nf4,Bengali,94,The death of a woman is the reason for which she is married 4 times by Kabbagangadi.,23.930690510744483
nf4,Bengali,95,The purpose of this article is to highlight the social responsibility of writers.,36.21164477821137
nf4,Bengali,96,This is only a brief summary of his strength and character.,32.937603442456364
nf4,Bengali,97,"From Meghalaya, we have a thousand years of history and culture, and we have a variety of traditional costumes and traditional music, and we have a variety of traditional weapons and martial arts, and we have a variety of traditional food and traditional drinks, and we have a variety of traditional festivals and traditional games, and we have a variety of traditional architecture and traditional handicrafts, and we have a variety of traditional handicrafts and traditional handicrafts, and we have",19.07419294285119
nf4,Bengali,98,"Ramayana and Mahabharata have been read together; they have been read together about the military career of Marathas, and the story of Hindu heroism has been inspired by the Mahabharata.",42.07463282076424
nf4,Bengali,99,The main drawback of the use of remote sensing data is the lack of sufficient number of images.,22.28743683940949
nf4,Bengali,100,"If you click on any of the ads on our website, it will take you to our system.",27.34421155607017
nf4,Bengali,101,"The girl was in danger of being seen by her, the Chilika, and then she ran away from her, and the enemy shot her.",21.126528194598176
nf4,Bengali,102,They went to their friends and ate a lot of rice with a variety of insects.,16.34840534281948
nf4,Bengali,103,The people of Shat and their workers came to me from four sides.,21.442794860132256
nf4,Bengali,104,"After a short time, he arrived at the second Jericho.",28.14057712963206
nf4,Bengali,105,The middle of the family was a very close relationship.,14.974636476195087
nf4,Bengali,106,They have agreed to vote for my party if they are convinced that my party will be the only party to support their cause.,29.12703300426111
nf4,Bengali,107,The most important feature of this area is the fact that it is a major transport hub.,36.40521489263893
nf4,Bengali,108,"The practice of writing a letter before the event is known as the ""Meghalayan letter writing style"" and is unique to Meghalaya.",12.343556969310516
nf4,Bengali,109,"The law of the first, second, and third talas is the first, second, and third talas, respectively, which is the most important, the most important, and the most important, respectively, which is the most important, the most important, and the most important, respectively, which is the most important, the most important, and the most important, respectively, which is the most important, the most important, and the most important, respectively, which is the",19.26690093752646
nf4,Bengali,110,The benefits of the benefits of the benefits of the benefits of the benefits of the benefits of the benefits of the benefits of the benefits of the benefits of the benefits of the benefits of the benefits of the benefits of the benefits of the benefits of the benefits of the benefits of the benefits of the benefits of the benefits of the benefits of the benefits of the benefits of the benefits of the benefits of the benefits of the benefits of the benefits of the benefits of the benefits of the benefits of,6.83791018893255
nf4,Bengali,111,The first thing to do in case of any question regarding the curriculum of the school is to ask the students.,31.207303289965218
nf4,Bengali,112,"The Sepahi of Meghalaya were among the first to declare their independence, and they were not in a state of suspended animation.",23.329996148180552
nf4,Bengali,113,This kind of generosity was not common in my father's house.,29.76875349376532
nf4,Bengali,114,"The revolt was led by a certain Sar Hakim, who was a British soldier and a member of the Indian Army, and the two Indian soldiers were also there.",19.949891134695804
nf4,Bengali,115,"The first course is a salad with vegetables, fruits, and spices, and the second course is a rice dish with spices.",15.747691669271832
nf4,Bengali,116,"The British Army, you have to carry your head with a gun on your shoulder, you don't have to carry a blood vessel in your body, so you have to wear a helmet, so you don't have to carry a blood vessel in your body, so you have to wear a helmet, so you don't have to carry a blood vessel in your body, so you have to wear a helmet, so you don't have to carry a blood vessel in your body,",23.74900672554993
nf4,Bengali,117,"You are probably already aware of the fact that the leaves of the banana, the mango, and the coconut tree, respectively, are the most popular vegetables in the world.",16.392900047514313
nf4,Bengali,118,The sexual harassment of women is equally as much as that of men.,25.555164963791476
nf4,Bengali,119,"They saw their two sons, who were drinking water from a well, and they were afraid that they would die if they drank water from the well. They were afraid that they would die if they drank water from the well. They were afraid that they would die if they drank water from the well. They were afraid that they would die if they drank water from the well. They were afraid that they would die if they drank water from the well. They were afraid that they would",20.72552922016355
nf4,Bengali,120,"The two brothers, Jeevibhushan and Homi Wadia, are the directors of the Wadia Studios, which produced many Bollywood films.",24.942178289774567
nf4,Bengali,121,A train passing through a dense forest with a view of a railway bridge over a river in the Thirilai area of the Meghalaya state in the 1930s.,21.702805632198096
nf4,Bengali,122,"The film is mainly in the Assamese language, which is seen in the state of Assam in India.",47.4395760534416
nf4,Bengali,123,The literary works of Chirayat are not precise.,14.872004641130792
nf4,Bengali,124,A more important and unique technique of hand-washing and this is how it is intended to be seen.,23.24393920415636
nf4,Bengali,125,"The result of the interaction of the two is a mixture of a single, large, and well-defined group.",32.65001311036296
nf4,Bengali,126,"The first online film festival, which was launched on June 15, 2020, and will run until July 11, 2020.",27.028815907696195
nf4,Bengali,127,The National Film Archive of India and its film archive have been brought together.,37.105787126078525
nf4,Tamil,0,The work of the artisans is the main source of livelihood for the people of Meghalaya.,11.07188087563555
nf4,Tamil,1,The Ajanta and Ellora caves are the most famous of the Buddhist and Hindu caves in India.,15.971442890630923
nf4,Tamil,2,The skin color is a combination of many colors.,11.777782764168649
nf4,Tamil,3,"The largest of the three species of the genus, the largest of the three species of the genus, the largest of the three species of the genus, the largest of the three species of the genus, the largest of the three species of the genus, the largest of the three species of the genus, the largest of the three species of the genus, the largest of the three species of the genus, the largest of the three species of the genus, the largest of the three species",10.803489393491905
nf4,Tamil,4,The cuisine of the state of Maharashtra is a blend of the Marathi and Gujarati cuisines.,20.283755498187368
nf4,Tamil,5,The cuisine of the state of Meghalaya is unique and different from other states in the Northeastern part of India.,21.73423508647342
nf4,Tamil,6,"Lavangapatti is a popular tourist destination in the state of Tamil Nadu, India.",18.087096235715936
nf4,Tamil,7,"This is a ball, which is rolled or tossed in a circle or a ring.",17.837264520278747
nf4,Tamil,8,"The Amritsar Sikh community has a rich history and culture, and the Amritsar Sikh community has a rich history and culture.",21.0328303851167
nf4,Tamil,9,"Ramnami is a village in the state of Maharashtra, India. It is located in the Western Ghats mountain range. It is a popular tourist destination.",15.644326484174275
nf4,Tamil,10,The Meghalaya state in India is famous for its unique and different kind of culture and tradition.,14.627584294783208
nf4,Tamil,11,"The color of the rice is changing, and the color of the rice is mixed with the color of the iron. The rice is mixed with the color of the iron. The rice is mixed with the color of the iron. The rice is mixed with the color of the iron. The rice is mixed with the color of the iron. The rice is mixed with the color of the iron. The rice is mixed with the color of the iron. The rice is mixed with the color",14.173920226559371
nf4,Tamil,12,"The Hithopadesam is a collection of stories about animals, humans and other creatures.",30.99421599641081
nf4,Tamil,13,"The book is about the various forms of Tamil literature, including the Tamil language, the Tamil script, the Tamil language and literature, the Tamil language and literature, the Tamil language and literature, the Tamil language and literature, the Tamil language and literature, the Tamil language and literature, the Tamil language and literature, the Tamil language and literature, the Tamil language and literature, the Tamil language and literature, the Tamil language and literature, the Tamil language and literature, the Tamil language and",11.412421514373264
nf4,Tamil,14,"The author, Ashok Mitra, is a well-known historian and author of several books on the history of the state of Meghalaya. He has also written a book on the history of the state of Meghalaya, which is a must for all the history lovers.",18.09622370589484
nf4,Tamil,15,The Meghalayan cuisine is unique and different from other Northeastern Indian states.,11.95152847788108
nf4,Tamil,16,The Meghalayan cuisine is unique and different from other Northeastern Indian states.,10.47427164011634
nf4,Tamil,17,"The head of the state, the head of the state, the head of the state, the head of the state, the head of the state, the head of the state, the head of the state, the head of the state, the head of the state, the head of the state, the head of the state, the head of the state, the head of the state, the head of the state, the head of the state, the head of the state,",11.006086944735666
nf4,Tamil,18,The Meghalayan cuisine is a unique and different from other Northeastern Indian states.,13.271151258728928
nf4,Tamil,19,The Meghalayan cuisine is unique and different from other Northeastern Indian states.,8.478057813296786
nf4,Tamil,20,"The Paharia people of Meghalaya are the largest tribe in the state, with a population of 1,000,000.",17.021852715414244
nf4,Tamil,21,"The word ""mud"" is used in the Tamil language to refer to a variety of soil types, including clay, loam, and sand. Mud is a generic term for soil, and it is used to refer to the soil types in the Tamil language.",21.41626732127649
nf4,Tamil,22,"The industry of the island of Sindh, which is located in the south of the country, has been developed for more than 200 years, and the industry of the island of Sindh has been developed for more than 200 years, and the industry of the island of Sindh has been developed for more than 200 years, and the industry of the island of Sindh has been developed for more than 200 years, and the industry of the island of Sindh has",11.079468724019646
nf4,Tamil,23,"The people of the region are very friendly and welcoming, and the people of the state are very friendly and welcoming.",16.078530819796743
nf4,Tamil,24,"The war of the 10th century is being fought in the 21st century, the victory of the Kauravas is being celebrated by the Kuravas.",30.177691388640287
nf4,Tamil,25,"The story of the great king of the Rajputana, who ruled over the land of the Rajputana, is told in the epic of the great king of the Rajputana, who ruled over the land of the Rajputana, is told in the epic of the great king of the Rajputana, who ruled over the land of the Rajputana, is told in the epic of the great king of the Rajputana, who ruled over the land of",19.793178782777307
nf4,Tamil,26,"In the state of Karnataka, the consumption of Siva's food is more than the consumption of other food items.",20.10425693941784
nf4,Tamil,27,"The war in the Philippines is going on for a long time, and the people there are suffering a lot.",18.54961679349506
nf4,Tamil,28,Tamil is a language spoken in the southern part of India.,18.04986371530489
nf4,Tamil,29,"In this part of the continent, the use of mica and ironstone is common.",25.06487640897555
nf4,Tamil,30,"The word Yog is derived from the Sanskrit word Yuj, which means to bind or unite. The word Yuj is also used in the Samskrit language to describe the process of binding or unifying the mind.",47.53416687242834
nf4,Tamil,31,"The dance is a traditional dance of the state of Meghalaya, which is a part of the Indian state of Assam.",14.35497808373345
nf4,Tamil,32,The government is trying to make the people understand that the government is not a party to the dispute.,16.94774413900553
nf4,Tamil,33,"Arjun is a very popular name in India, and he is a hero in the Indian epic Mahabharata. He is also a character in the Tamil epic Adi Kaviyam. He is also a character in the Tamil epic Adi Kaviyam. He is also a character in the Tamil epic Adi Kaviyam. He is also a character in the Tamil epic Adi Kaviyam. He is also a character in the Tamil",17.377680979800118
nf4,Tamil,34,"When rice is served with fish, the rice is first mixed with the fish, and then the fish is mixed with the rice.",15.990525815663853
nf4,Tamil,35,"The first step is to take a small, round, flat, and flat, flat, flat, flat, flat, flat, flat, flat, flat, flat, flat, flat, flat, flat, flat, flat, flat, flat, flat, flat, flat, flat, flat, flat, flat, flat, flat, flat, flat, flat, flat, flat, flat, flat, flat, flat, flat, flat, flat, flat, flat,",6.316640406813927
nf4,Tamil,36,"The most famous and well-known of the 18th century, the Maharaajah Rajah Singh, who was born in 1835, is known for his love of gold. He is known for his love of gold. He is known for his love of gold. He is known for his love of gold. He is known for his love of gold. He is known for his love of gold. He is known for his love of gold. He is known for",15.011932116049662
nf4,Tamil,37,"The process of making the rice balls is called ""sawarangam"" and the rice balls are made by using the rice balls made by the ""sawarangam"" process.",17.748640393687296
nf4,Tamil,38,"The ancient capital of Kochi, Kochi, is the capital of the state of Kerala in India. Kochi is a major port and a commercial and industrial hub of the state. Kochi is the largest city in Kerala and the second largest city in the state of Kerala after Thiruvananthapuram. Kochi is the largest city in Kerala and the second largest city in the state of Kerala after Thiruvananthapuram. Kochi is the largest",21.85819273160981
nf4,Tamil,39,"I will be doing it, but I will not do it, so I will not do it, so I will not do it, so I will not do it, so I will not do it, so I will not do it, so I will not do it, so I will not do it, so I will not do it, so I will not do it, so I will not do it, so I will not do it, so I will not do it",12.477089724785111
nf4,Tamil,40,"The currency of India is the Indian rupee, which is divided into 100 paise. The rupee is the official currency of India, and it is the currency of the Indian states of Rajasthan, Gujarat, Maharashtra, Madhya Pradesh, Chhattisgarh, Odisha, West Bengal, and Jharkhand. The rupee is also the currency of the Union territories of Andaman and Nicobar Islands, Lakshadweep, and Dadra and Nagar",20.203958331203797
nf4,Tamil,41,The Kerala State Government has announced a new policy to promote Kerala's traditional cuisine. The Kerala State Government has announced a new policy to promote Kerala's traditional cuisine. The Kerala State Government has announced a new policy to promote Kerala's traditional cuisine. The Kerala State Government has announced a new policy to promote Kerala's traditional cuisine. The Kerala State Government has announced a new policy to promote Kerala's traditional cuisine. The Kerala State Government has announced a new policy to promote Kerala's traditional cuisine.,14.055855498587668
nf4,Tamil,42,The government is trying to improve the living conditions of the people in the country.,28.166591029394837
nf4,Tamil,43,The Meghalayan cuisine is unique and different from other Northeastern Indian states.,8.16259993928111
nf4,Tamil,44,The most important factor in the success of the above-mentioned methods is the use of the most appropriate method of the most appropriate method of the most appropriate method of the most appropriate method of the most appropriate method of the most appropriate method of the most appropriate method of the most appropriate method of the most appropriate method of the most appropriate method of the most appropriate method of the most appropriate method of the most appropriate method of the most appropriate method of the most appropriate method of the most appropriate method,12.048854392533189
nf4,Tamil,45,The speed of the change is so fast that it is difficult to predict the future.,15.039736313110938
nf4,Tamil,46,The second wave of the pandemic is a very difficult time for the world. The world is facing a very difficult time. The world is facing a very difficult time. The world is facing a very difficult time. The world is facing a very difficult time. The world is facing a very difficult time. The world is facing a very difficult time. The world is facing a very difficult time. The world is facing a very difficult time. The world is facing a very difficult time.,9.337750787858074
nf4,Tamil,47,"The most popular and famous food in Meghalaya is the Meghalayan cuisine, which is a fusion of the local cuisine and the cuisine of the neighboring states of Assam and Tripura. The Meghalayan cuisine is a fusion of the local cuisine and the cuisine of the neighboring states of Assam and Tripura. The Meghalayan cuisine is a fusion of the local cuisine and the cuisine of the neighboring states of Assam and Tripura. The Meghalayan cuisine",15.818737520507437
nf4,Tamil,48,"The price of a car is determined by the car's price, which is determined by the car's price, which is determined by the car's price, which is determined by the car's price, which is determined by the car's price, which is determined by the car's price, which is determined by the car's price, which is determined by the car's price, which is determined by the car's price, which is determined by the car's price, which is",9.092007056888283
nf4,Tamil,49,"The process of making the traditional rice cakes is called ""kalam"" and the process of making the traditional rice cakes is called ""kalam"".",16.11393888398366
nf4,Tamil,50,"The population of the country is estimated to be 1.3 billion, and the population of the country is estimated to be 1.3 billion.",17.555829931104796
nf4,Tamil,51,The Meghalaya State Government has taken the initiative to develop a tourism policy for the state. The Meghalaya Tourism Policy 2004-2008 is a comprehensive document which has been prepared by the Tourism Development Corporation of Meghalaya (TDCM) and the Meghalaya State Tourism Development Corporation (MSTDC). The Meghalaya Tourism Policy 2004-2008 is a comprehensive document which has been prepared by the Tourism Development Corporation of Meghalaya,17.770531545743562
nf4,Tamil,52,The process of making the iron ore pellets is called the reduction process. The iron ore pellets are made by reducing the iron ore with carbon in the form of coke. The iron ore pellets are made by reducing the iron ore with carbon in the form of coke. The iron ore pellets are made by reducing the iron ore with carbon in the form of coke. The iron ore pellets are made by reducing the iron ore with carbon in the form of coke. The iron ore pellets are made,12.452648541252472
nf4,Tamil,53,"We are not going to be a part of the global economy, we are going to be a part of the global economy, we are going to be a part of the global economy, we are going to be a part of the global economy, we are going to be a part of the global economy, we are going to be a part of the global economy, we are going to be a part of the global economy, we are going to be a part of the global economy",12.024272975193444
nf4,Tamil,54,The main role of the BPL (Bengali People's Party) is to provide a platform for the BPL (Bengali People's Party) to provide a platform for the BPL (Bengali People's Party) to provide a platform for the BPL (Bengali People's Party) to provide a platform for the BPL (Bengali People's Party) to provide a platform for the BPL (Bengali People's Party),12.64932042634812
nf4,Tamil,55,The government has taken steps to improve the quality of life of the people by providing them with a variety of services.,15.593649358816212
nf4,Tamil,56,The cuisine of Meghalaya is unique and different from other Northeastern Indian states.,8.030015276181507
nf4,Tamil,57,"The annual rainfall in the state is 16.2 inches, and the average temperature is 78.6 degrees Fahrenheit.",15.293349053787477
nf4,Tamil,58,"The process of preparing the rice, the rice is washed, the rice is cleaned, the rice is sorted, the rice is graded, the rice is weighed, the rice is packed, the rice is packed, the rice is packed, the rice is packed, the rice is packed, the rice is packed, the rice is packed, the rice is packed, the rice is packed, the rice is packed, the rice is packed, the rice is packed, the rice is packed",11.69584214164817
nf4,Tamil,59,"The water supply in the area is provided by the river, which is a major source of water for the people of Meghalaya. The water is collected in the tanks and then distributed to the people through the water pumps. The water is also used for irrigation and for the cultivation of crops. The people of Meghalaya have a tradition of using the water from the tanks for the cultivation of crops. The people of Meghalaya have a tradition of using the water from the",24.95478798079945
nf4,Tamil,60,The Meghalayan cuisine is unique and different from other Northeastern Indian states.,8.39971973677985
nf4,Tamil,61,The government has taken steps to make the public aware of the benefits of the various types of electronic devices.,14.54277073159716
nf4,Tamil,62,"The price of the day is determined by the market price, and the price of the day is determined by the market price, and the price of the day is determined by the market price, and the price of the day is determined by the market price, and the price of the day is determined by the market price, and the price of the day is determined by the market price, and the price of the day is determined by the market price, and the price of the day",23.32920949428895
nf4,Tamil,63,The prices of the goods and services are determined by the demand and supply (Economy) of the country.,27.36425892652028
nf4,Tamil,64,"The number of people in the world is increasing, and the number of people in the world is increasing, and the number of people in the world is increasing, and the number of people in the world is increasing, and the number of people in the world is increasing, and the number of people in the world is increasing, and the number of people in the world is increasing, and the number of people in the world is increasing, and the number of people in the world is",15.736047370037356
nf4,Tamil,65,"The weight of the shoulder is the weight of the shoulder, and the weight of the shoulder is the weight of the shoulder, and the weight of the shoulder is the weight of the shoulder, and the weight of the shoulder is the weight of the shoulder, and the weight of the shoulder is the weight of the shoulder, and the weight of the shoulder is the weight of the shoulder, and the weight of the shoulder is the weight of the shoulder, and the weight of the shoulder",15.64210824884297
nf4,Tamil,66,The Meghalayan cuisine is unique and different from other Northeastern Indian states.,6.065548625861466
nf4,Tamil,67,"The 6.7, 7.1, 6.5, 5.8, and 4.3 earthquake magnitudes of 2022-23 are estimated to be 6.7, 7.1, 6.5, 5.8, and 4.3, respectively.",14.41105619767901
nf4,Tamil,68,"India's agricultural growth has been slow, but it is growing at a faster rate than the rest of the world.",24.130271324623013
nf4,Tamil,69,"The government of Meghalaya has taken several steps to improve the livelihood of the people, including the introduction of Meghalayan cuisine, which is unique and different from other Northeastern Indian states.",17.49463006801823
nf4,Tamil,70,"The relationship between the two sectors is not always clear, and the relationship between the two sectors is not always clear, and the relationship between the two sectors is not always clear, and the relationship between the two sectors is not always clear, and the relationship between the two sectors is not always clear, and the relationship between the two sectors is not always clear, and the relationship between the two sectors is not always clear, and the relationship between the two sectors is not always clear, and",15.789060011289363
nf4,Tamil,71,The Meghalayan cuisine is unique and different from other Northeastern Indian states.,7.192479602563324
nf4,Tamil,72,"The Rs. 50,000 crore (US$7.5 billion) Special Economic Zone (SEZ) project in Chennai, India, was launched in 2005. The project was developed by the Government of India and the Government of Tamil Nadu. The project is located in the city of Chennai, Tamil Nadu, India. The project is a joint venture between the Government of India and the Government of Tamil Nadu. The project is located in the city of Chennai, Tamil",23.10189520800441
nf4,Tamil,73,The Meghalaya state government has taken a number of steps to protect the state's heritage and culture. The state government has also taken steps to protect the state's heritage and culture. The state government has also taken steps to protect the state's heritage and culture. The state government has also taken steps to protect the state's heritage and culture. The state government has also taken steps to protect the state's heritage and culture. The state government has also taken steps to protect the state,13.65186886529592
nf4,Tamil,74,The total amount of damage done by the earthquake is estimated to be around 1.5 trillion dollars. The damage done by the tsunami is estimated to be around 1.5 trillion dollars. The damage done by the tsunami is estimated to be around 1.5 trillion dollars. The damage done by the tsunami is estimated to be around 1.5 trillion dollars. The damage done by the tsunami is estimated to be around 1.5 trillion dollars. The damage done,15.96584933758887
nf4,Tamil,75,"India's economy is growing at a rate of 7.5% per annum, and the country's GDP is expected to reach $1.5 trillion by 2015.",19.000164554394665
nf4,Tamil,76,"The Indian economy is still in the process of recovery from the global financial crisis, and the government is trying to revive the economy by increasing the investment in infrastructure and the manufacturing sector.",30.96848255745955
nf4,Tamil,77,"The dance is a form of entertainment, and the dance is a form of entertainment.",16.1519290920574
nf4,Tamil,78,The Meghalayan cuisine is unique and different from other Northeastern Indian states.,7.442253479666528
nf4,Tamil,79,Meghalayan cuisine is unique and different from other Northeastern Indian states.,6.551058851656173
nf4,Tamil,80,A computer virus is a malicious program that can infect a computer and damage its operating system or corrupt its files.,27.48220380419798
nf4,Tamil,81,"The popularity of the sweet potato is increasing in the world, and it is a very important food in many countries.",19.95361012206025
nf4,Tamil,82,"If a car is traveling at a high speed, it will be damaged by the impact of the road. If a car is traveling at a low speed, it will be damaged by the impact of the road. If a car is traveling at a high speed, it will be damaged by the impact of the road. If a car is traveling at a low speed, it will be damaged by the impact of the road. If a car is traveling at a high speed, it will",14.919568104841268
nf4,Tamil,83,"The man who was brought to the prison by the police, was brought to the prison by the police, and he was brought to the prison by the police, and he was brought to the prison by the police, and he was brought to the prison by the police, and he was brought to the prison by the police, and he was brought to the prison by the police, and he was brought to the prison by the police, and he was brought to the prison by the",16.774371431626534
nf4,Tamil,84,The head of the Lakur Royal Army was Raptor Manomeri.,16.744185097229852
nf4,Tamil,85,The Meghalaya cuisine is unique and different from other Northeastern Indian states.,8.178205860783198
nf4,Tamil,86,"The head is usually covered with a turban, and the body is covered with a long, loose, and voluminous garment.",17.82027320307175
nf4,Tamil,87,The new turpentine was brought in by the new turpentine.,14.100591926972507
nf4,Tamil,88,"If the name of the village is not given, the name of the village will be given to the village.",16.40354151081991
nf4,Tamil,89,"He said, ""Come, let us go to the place where the land is flat and the time is not long"" (Tamil).",13.089838343331657
nf4,Tamil,90,"If we are going to do it, we will do it. We will do it.",7.3106567365792605
nf4,Tamil,91,"The digital economy has been a major contributor to the growth of the Indian economy. The digital economy is a broad term that includes the Internet, mobile phones, social media, cloud computing, and online advertising.",21.3234421070285
nf4,Tamil,92,"The process of cooking is called ""kottum"" in Tamil, and the process of cooking is called ""kottum"" in Tamil, and the process of cooking is called ""kottum"" in Tamil, and the process of cooking is called ""kottum"" in Tamil, and the process of cooking is called ""kottum"" in Tamil, and the process of cooking is called ""kottum"" in Tamil, and the process of cooking is called",12.64638916903244
nf4,Tamil,93,"The people who are called ""Yakshis"" or ""Yakshas"" are the people who are worshipped as the gods of the forest and the people who are worshipped as the gods of the sea.",16.909173496953706
nf4,Tamil,94,"The bride is given a dowry, and the groom is given a dowry, and the couple is married in a ceremony called ""Kapali Kani"" (Kapali Kani means ""three marriages"").",18.21022396659792
nf4,Tamil,95,"The process of writing is a social process, and the writing community is a social group.",17.815721120501493
nf4,Tamil,96,His talent and skill is also reflected in his cooking.,15.203703249782732
nf4,Tamil,97,The sound of the music of the Sipai tribe is unique and different from other tribes in the Northeastern Indian states.,16.06768392375321
nf4,Tamil,98,"They both fought for the Meghalayan people, and the two of them fought for the Mahabharata and the Ramayana.",23.114715199886994
nf4,Tamil,99,The rainfall in the Meghalaya region is heavy and the rainfall is very high in the monsoon season. The rainfall in the monsoon season is very high in the Meghalaya region. The rainfall in the monsoon season is very high in the Meghalaya region. The rainfall in the monsoon season is very high in the Meghalaya region. The rainfall in the monsoon season is very high in the Meghalaya region. The rainfall in the monsoon,19.021106080469487
nf4,Tamil,100,"The virus is spreading through the internet, and we will be able to detect it on our computers.",20.969776661618088
nf4,Tamil,101,"The man was in a state of shock, and he was unable to speak. He was taken to the hospital, where he was diagnosed with a brain injury. He was in a coma for a long time, and he was unable to speak or move his body. He was in a coma for a long time, and he was unable to speak or move his body.",21.235405227461783
nf4,Tamil,102,"The people of Naini were asked to come to the Patti to the Kanchenjunga, and they were forced to go to the Kanchenjunga, and they were forced to go to the Kanchenjunga, and they were forced to go to the Kanchenjunga, and they were forced to go to the Kanchenjunga, and they were forced to go to the Kanchenjunga, and they were forced",14.335241675783733
nf4,Tamil,103,The people of the state are very friendly and welcoming.,18.246108960457757
nf4,Tamil,104,"After the second census, he took over the administration of the third census.",16.570325741624284
nf4,Tamil,105,The two brothers fought each other over a piece of food.,36.829998070087896
nf4,Tamil,106,"If they do this, then others will also do it. I will do it.",16.441579840314564
nf4,Tamil,107,The most common mode of transport in the city is the public transport.,33.95518648640552
nf4,Tamil,108,"If the earthquake is strong enough, the building will collapse, and the earthquake will be felt in the surrounding area.",11.15978498958627
nf4,Tamil,109,"The second step is to cut the root of the tree, and the third step is to cut the root of the tree. If the tree is cut, the tree will die. If the tree is not cut, the tree will not die. If the tree is cut, the tree will die. If the tree is not cut, the tree will not die.",17.067951035411273
nf4,Tamil,110,"If the water is not clear, the water will be muddy. If the water is muddy, the water will be muddy. If the water is muddy, the water will be muddy. If the water is muddy, the water will be muddy. If the water is muddy, the water will be muddy. If the water is muddy, the water will be muddy. If the water is muddy, the water will be muddy. If the water is muddy, the water will be muddy",11.519047903667582
nf4,Tamil,111,"If a child is in need of help, the parents should not be too harsh on them, but should be kind and gentle.",22.863021920454333
nf4,Tamil,112,The rebellion of the Panchayat in the middle of the 20th century was a major event in the history of the state.,17.381009335311088
nf4,Tamil,113,This is a kind of a custom that we have with our father.,22.41271332100948
nf4,Tamil,114,"The Sri Lankan government has been trying to get the country out of the economic crisis, but it has failed to do so. The country is in a dire economic situation, and the government has been trying to get the country out of the economic crisis, but it has failed to do so. The country is in a dire economic situation, and the government has been trying to get the country out of the economic crisis, but it has failed to do so. The country is in",20.845515968523134
nf4,Tamil,115,"The houses were built in the traditional style, with the roof being the main feature. The houses were built in the traditional style, with the roof being the main feature. The houses were built in the traditional style, with the roof being the main feature. The houses were built in the traditional style, with the roof being the main feature. The houses were built in the traditional style, with the roof being the main feature. The houses were built in the traditional style, with the",16.078117654391438
nf4,Tamil,116,"The British colonial period in India was marked by the introduction of the British Raj, which lasted from 1858 to 1947. The British Raj was the period of British colonial rule in India, which lasted from 1858 to 1947. The British Raj was the period of British colonial rule in India, which lasted from 1858 to 1947. The British Raj was the period of British colonial rule in India, which lasted from 1858 to",18.70121440907237
nf4,Tamil,117,"The process of changing from a tree to a fruit, from a fruit to a nut, from a nut to a seed, from a seed to a grain, from a grain to a seed, from a seed to a grain, from a grain to a seed, from a seed to a grain, from a grain to a seed, from a seed to a grain, from a grain to a seed, from a seed to a grain, from a grain to a seed, from",15.86108335719077
nf4,Tamil,118,The males and females of the hill tribes are also able to hunt and fish.,20.088314615875447
nf4,Tamil,119,"The Janjityl (Janjityl) is a traditional festival of the Jangshyil tribe of Meghalaya, which is celebrated in the month of January. The festival is celebrated with great enthusiasm and fervor. The festival is celebrated with great enthusiasm and fervor. The festival is celebrated with great enthusiasm and fervor. The festival is celebrated with great enthusiasm and fervor. The festival is celebrated with great enthusiasm and fervor. The festival is celebrated",17.232190299449833
nf4,Tamil,120,The most popular and famous of the three major cuisines of the state of Meghalaya is Meghalayan cuisine. Meghalayan cuisine is unique and different from other Northeastern Indian states.,19.520307883908902
nf4,Tamil,121,"The train in the above picture is a Rajdhani Express, which is a superfast train in India. It is a luxury train, and it runs between New Delhi and Mumbai. The train is decorated with a lot of Rajasthani costumes, and the train is decorated with a lot of Rajasthani costumes.",20.573295228800387
nf4,Tamil,122,The Assam State Film Awards are given to the best Assamese films.,21.26657514368481
nf4,Tamil,123,The film is a remake of the Tamil film of the same name.,10.688928453312762
nf4,Tamil,124,"The most important aspect of the cuisine is the use of spices, which is a very important part of the cuisine.",17.66842712842121
nf4,Tamil,125,The art of making paper is a traditional art in the state of Meghalaya.,16.626498926816925
nf4,Tamil,126,"The first ever Malayalam film, Eppadi, directed by the famous Malayalam film director Sreekumar, was released on 15 June 2020.",21.513826592554903
nf4,Tamil,127,The film industry in India is a major industry in the country. The film industry in India is a major industry in the country. The film industry in India is a major industry in the country. The film industry in India is a major industry in the country. The film industry in India is a major industry in the country. The film industry in India is a major industry in the country. The film industry in India is a major industry in the country. The film industry in India,11.579171497055272
nf4,Telugu,0,The above is a list of the various types of traditional food in India.,10.311478635693168
nf4,Telugu,1,"Maharastra has a number of caves, including the famous Ajanta and Ellora Caves, which are among the most important tourist attractions in the world.",24.087307059906912
nf4,Telugu,2,"The body is covered with a thick layer of sand, which is called the sand beach, and the sand is very soft and smooth.",19.294210525736048
nf4,Telugu,3,"Ashoka's stone inscriptions, carved in the rock, are considered to be the most beautiful in the world. The stone inscriptions of Ashoka are considered to be the most beautiful in the world. The stone inscriptions of Ashoka are considered to be the most beautiful in the world. The stone inscriptions of Ashoka are considered to be the most beautiful in the world. The stone inscriptions of Ashoka are considered to be the most beautiful in the world. The",16.99214883701276
nf4,Telugu,4,"Maharastra is famous for its sweet rice, which is made from rice and jaggery. The rice is cooked in a special way, and then it is mixed with jaggery and coconut. The rice is then cooked in a special way, and then it is mixed with jaggery and coconut. The rice is then cooked in a special way, and then it is mixed with jaggery and coconut. The rice is then cooked in a special way, and",19.98163690850024
nf4,Telugu,5,"The cuisine of Chennai is a fusion of the cuisines of the South Indian states of Tamil Nadu and Karnataka, with a few influences from the cuisines of the neighbouring states of Kerala and Andhra Pradesh.",32.19150380543498
nf4,Telugu,6,"The Dalai Lama is a spiritual leader of the Gelugpa order of Tibetan Buddhism, and is the exiled spiritual leader of the Tibetan people.",14.846549348567237
nf4,Telugu,7,This is the way to do it.,9.075842735053907
nf4,Telugu,8,"Punjab is a state in India with a rich culture and heritage. It is also a state with a large population of Muslims, who are known as Amritsaris. They are also known as the Sikh community. They are also known as the Sikh community. They are also known as the Sikh community. They are also known as the Sikh community. They are also known as the Sikh community. They are also known as the Sikh community. They are also known as the Sikh community",17.839386774216546
nf4,Telugu,9,Ramdini and Lakshminath are the two most popular festivals in the state.,25.420160425876347
nf4,Telugu,10,"The most famous and the most popular of the three, the most famous and the most popular of the three, the most famous and the most popular of the three, the most famous and the most popular of the three, the most famous and the most popular of the three, the most famous and the most popular of the three, the most famous and the most popular of the three, the most famous and the most popular of the three, the most famous and the most popular of",7.120602402028046
nf4,Telugu,11,"The 5-6 hour long process of making the traditional rice and lentil dish, known as ""Mysore Pak"" is a very laborious process, and the end result is worth the effort.",19.902763840320112
nf4,Telugu,12,The concept of human perception is a concept that is not well understood by the general public. It is a concept that is not well understood by the general public. It is a concept that is not well understood by the general public. It is a concept that is not well understood by the general public. It is a concept that is not well understood by the general public. It is a concept that is not well understood by the general public. It is a concept that is not well,12.188340324883496
nf4,Telugu,13,The book is an attempt to understand the meaning of the word 'pragathi' in the context of the Sanskrit literature.,28.073927140842507
nf4,Telugu,14,"The first and second volumes of the book were published in 1994 and 1995 respectively, with the third volume being published in 2000.",19.27405473692096
nf4,Telugu,15,"The arch is a common feature of the Chaiti arches, which are found in the Chaiti region of the state of Chhattisgarh.",18.134827517459005
nf4,Telugu,16,The Meghalaya cuisine is unique and different from other Northeastern Indian states.,10.256644649890582
nf4,Telugu,17,The process of making the traditional rice wine is done by the village of the village of the village of the village of the village of the village of the village of the village of the village of the village of the village of the village of the village of the village of the village of the village of the village of the village of the village of the village of the village of the village of the village of the village of the village of the village of the village of the village of the,15.283900793417146
nf4,Telugu,18,"The Maharashtrian version of the Pav Bhaji is a popular street food in Mumbai, and is a staple in the city's street food culture. It is a spicy, curry-based dish, made with potatoes, onions, tomatoes, and spices, and is served with a thick, spicy, red sauce. The Pav Bhaji is a popular street food in Mumbai, and is a staple in the city's street food culture. It is a spicy, curry-based dish,",30.6140347440878
nf4,Telugu,19,"The Lalla Deed, the Andalay Bhavay, the Mahadevi Vachanam, the Kannada language, and the Tamil language are all unique in their own ways.",15.673409761410277
nf4,Telugu,20,The Boudh district of Odisha is famous for its beautiful caves and rock-cut temples.,20.01134645279344
nf4,Telugu,21,"The most common form of the word is the root word, which is also the name of the tree, and the name of the fruit, and the name of the seed, and the name of the pod, and the name of the nut, and the name of the kernel, and the name of the grain, and the name of the seed, and the name of the seed, and the name of the seed, and the name of the seed, and the name of the",21.718474366745568
nf4,Telugu,22,The Sindhu Valley is a region in the north of the state of Himachal Pradesh in India.,20.088242932333443
nf4,Telugu,23,"The Kauravas, the Pandavas, and Krishna are the only three characters in the Mahabharata who are still alive.",41.27375001491878
nf4,Telugu,24,"The war of 1962 was fought between India and China, and the war was fought in the Himalayas, and the war was fought in the Himalayas, and the war was fought in the Himalayas, and the war was fought in the Himalayas, and the war was fought in the Himalayas, and the war was fought in the Himalayas, and the war was fought in the Himalayas, and the war was fought in the Himalayas, and the war",11.882688887252348
nf4,Telugu,25,"Mahabharata is the epic of the ancient Indian state of Hastinapura, which is the most famous of the four major kingdoms of ancient India. It is also the most famous of the four major kingdoms of ancient India. It is also the most famous of the four major kingdoms of ancient India. It is also the most famous of the four major kingdoms of ancient India. It is also the most famous of the four major kingdoms of ancient India. It is also the",27.244209800338563
nf4,Telugu,26,"Karnataka has a large number of meat-eating households, and the consumption of meat is a major part of their diet. The consumption of meat is a major part of their diet.",26.64920746820904
nf4,Telugu,27,The war in the sky is a war of the gods. The name of the god is Yudhisthira. He is the son of the king of the gods. He is the son of the king of the gods. He is the son of the king of the gods. He is the son of the king of the gods. He is the son of the king of the gods. He is the son of the king of the gods. He is the son of the,11.68587461094091
nf4,Telugu,28,"The two major Tamil literary works, the Silappatikaram and the Manimekalai, are both epic poems.",43.09862706988474
nf4,Telugu,29,This region is known for its production of rice and other agricultural products.,28.46960930420214
nf4,Telugu,30,"The word yog is derived from the Sanskrit root yuj, which means to bind or unite. The word yog is used in the Indian subcontinent to refer to the practice of meditation.",48.71416238504788
nf4,Telugu,31,"The Orissa state is famous for its rock-cut temples, which are among the best in the world.",20.395444232986097
nf4,Telugu,32,"The king, after having taken a sip, then asks the prince, ""What do you want to drink?"" The prince replies, ""I want to drink."" The king then asks, ""What do you want to drink?"" The prince replies, ""I want to drink."" The king then asks, ""What do you want to drink?"" The prince replies, ""I want to drink."" The king then asks, ""What do you want to drink?"" The prince replies, """,15.387394914831551
nf4,Telugu,33,"Arjuna's bow, which he used to kill the demon, is the most famous weapon in the world of Hinduism.",19.569363298264022
nf4,Telugu,34,"The middle part of the body is covered with a thick layer of fat, which is called the subcutaneous fat. The subcutaneous fat is also called the adipose tissue. The subcutaneous fat is also called the adipose tissue. The subcutaneous fat is also called the adipose tissue. The subcutaneous fat is also called the adipose tissue. The subcutaneous fat is also called the adipose tissue. The subcutaneous fat is also",13.664493288172968
nf4,Telugu,35,"The process of making the famous Bengali sweet, binga, is a very simple one. The first step is to make a dough of rice flour, sugar, and water. The dough is then kneaded and rolled out into a thin sheet. The sheet is then cut into small pieces and placed in a pan. The pieces are then fried in a pan. The fried pieces are then mixed with milk and sugar and the mixture is then poured into a pan. The mixture",20.49896847345928
nf4,Telugu,36,"The Rajah of Rangit Singh, who was the first to establish a fort in the region, built a fort in 1835, and the fort was built with the help of the sun, and the fort was built with the help of the sun, and the fort was built with the help of the sun, and the fort was built with the help of the sun, and the fort was built with the help of the sun, and the fort was built with the",16.175905174974538
nf4,Telugu,37,"The name of the language is derived from the name of the language, which is derived from the name of the language, which is derived from the name of the language, which is derived from the name of the language, which is derived from the name of the language, which is derived from the name of the language, which is derived from the name of the language, which is derived from the name of the language, which is derived from the name of the language, which is",11.133444997835875
nf4,Telugu,38,"The city of Kolkata, the capital of West Bengal, is a major commercial and industrial hub of India. It is also a major tourist destination.",27.176208421763597
nf4,Telugu,39,"One day, I will tell you, ""I am going to do it."" After that, you will have to do it.",30.4854454743202
nf4,Telugu,40,The Indian rupee is the currency of India. It is divided into 100 paise. The rupee is the official currency of India. The rupee is the official currency of India. The rupee is the official currency of India. The rupee is the official currency of India. The rupee is the official currency of India. The rupee is the official currency of India. The rupee is the official currency of India. The rupee is the official currency,15.700089018234324
nf4,Telugu,41,The Bank of India is a scheduled commercial bank in India. It is the largest bank in India by total assets and total deposits. It is the largest bank in India by total assets and total deposits. It is the largest bank in India by total assets and total deposits. It is the largest bank in India by total assets and total deposits. It is the largest bank in India by total assets and total deposits. It is the largest bank in India by total assets and total deposits.,13.162846153929287
nf4,Telugu,42,The government of India has been trying to reduce the number of people living below the poverty line by providing them with employment.,17.216066335420464
nf4,Telugu,43,"The bank note was issued in 1990, and the paper currency was issued in 1991. The bank note was issued in 1990, and the paper currency was issued in 1991.",11.704668351275426
nf4,Telugu,44,The personification of the spirit of the people is a very important aspect of the culture of the people. It is a very important aspect of the culture of the people. It is a very important aspect of the culture of the people. It is a very important aspect of the culture of the people. It is a very important aspect of the culture of the people. It is a very important aspect of the culture of the people. It is a very important aspect of the culture of,14.63790193103087
nf4,Telugu,45,The process of the jaggery is called jaggery making. The jaggery is made from the sap of the jaggery tree. The jaggery is made from the sap of the jaggery tree. The jaggery is made from the sap of the jaggery tree. The jaggery is made from the sap of the jaggery tree. The jaggery is made from the sap of the jaggery tree. The j,9.12025195291944
nf4,Telugu,46,"The economic growth rate of the country is 7.5% per annum, which is the highest in the world.",18.7517767908482
nf4,Telugu,47,"The most common form of the word is the English word ""archery"" which is derived from the Latin word ""arcus"" which is derived from the Greek word ""arkos"" which is derived from the Latin word ""arcus"" which is derived from the Greek word ""arkos"" which is derived from the Latin word ""arcus"" which is derived from the Greek word ""arkos"" which is derived from the Latin word ""arcus"" which is derived from",10.708327343036425
nf4,Telugu,48,"The term ""drift"" is used to describe the movement of a commodity or service in a market, which is caused by the market's own forces, such as supply and demand, or by external forces, such as government policies or economic cycles.",20.86023531752142
nf4,Telugu,49,"The government of India has been trying to promote the tourism industry in the state of Meghalaya, which is located in the northeast of India. The state government has been trying to promote tourism in the state of Meghalaya, which is located in the northeast of India. The state government has been trying to promote tourism in the state of Meghalaya, which is located in the northeast of India. The state government has been trying to promote tourism in the state of Meghal",13.996516645088024
nf4,Telugu,50,The Meghalaya State Government has announced that the state will be celebrating the 100th year of the statehood on 1st January 2018. Meghalaya is the only state in India to celebrate its 100th year of statehood.,18.027037760256786
nf4,Telugu,51,"The first step towards the long-term goal of the Indian government is to introduce a new system of land revenue collection, which will be based on the principle of land titling. The second step is to introduce a new system of land revenue collection, which will be based on the principle of land titling. The third step is to introduce a new system of land revenue collection, which will be based on the principle of land titling. The fourth step is to introduce a new system",22.28831797539943
nf4,Telugu,52,The most important reason for the success of the nuclear power plant is the availability of cheap and reliable nuclear power.,16.926097654167492
nf4,Telugu,53,The business of the company is to sell its products to the customers.,13.015130970179795
nf4,Telugu,54,The Meghalaya State Government has announced that the state government will be implementing the new PEMS (Meghalaya Emergency Management System) from 1st April 2020.,20.84308241274461
nf4,Telugu,55,The current government is trying to make the country a developed country by 2025. The government is also trying to make the country a developed country by 2025.,20.72467333672214
nf4,Telugu,56,"The government of India has been trying to promote the tourism industry in the state of Meghalaya, which is located in the northeast of India. The state is famous for its scenic beauty and the state government has been trying to promote tourism in the state. The state government has been trying to promote tourism in the state. The state government has been trying to promote tourism in the state. The state government has been trying to promote tourism in the state. The state government has been trying",16.658413622338866
nf4,Telugu,57,"The 6.7 earthquake on September 9, 2022, at 6.7 on the Richter scale, was the largest earthquake in the world in 2022, and the second largest earthquake in the world in 2022, after the 7.1 earthquake on 22 February 2023, in the Indian Ocean.",26.57568539560003
nf4,Telugu,58,"The process of planting seeds in the garden, which is called sowing, is done by hand. The seeds are sown in the garden, and the seeds are sown in the garden, and the seeds are sown in the garden, and the seeds are sown in the garden, and the seeds are sown in the garden, and the seeds are sown in the garden, and the seeds are sown in the garden, and the seeds are sown in",15.868873275625006
nf4,Telugu,59,"The average income of the people in the state is Rs. 1,000 per month, and the average income of the people in the state is Rs. 1,000 per month, and the average income of the people in the state is Rs. 1,000 per month, and the average income of the people in the state is Rs. 1,000 per month, and the average income of the people in the state is Rs. 1,000",15.291919835799694
nf4,Telugu,60,The bank is a unique and different from other Northeastern Indian states.,7.624014480363715
nf4,Telugu,61,"The economy of the country has been growing since the 1990s, and the government has been trying to reduce the unemployment rate.",17.378303411734873
nf4,Telugu,62,The market price of the commodity is determined by the market price of the commodity.,37.59728165189292
nf4,Telugu,63,"The 2011 Census of India, conducted by the Registrar General of India, is the first census in India to use the 2011 version of the 12th edition of the Census of India. The Census of India is the largest population census in the world, conducted every 10 years. The 2011 Census of India was conducted from 16 March 2011 to 15 April 2011. The Census of India is the largest population census in the world",16.579620632042044
nf4,Telugu,64,"The most common form of currency in the world is the paper currency, which is issued by the government. The most common form of currency in the world is the paper currency, which is issued by the government. The most common form of currency in the world is the paper currency, which is issued by the government. The most common form of currency in the world is the paper currency, which is issued by the government. The most common form of currency in the world is the paper",17.16522900438539
nf4,Telugu,65,The trade-off between the two is the price of the goods and services.,35.110559870174065
nf4,Telugu,66,"The Ministry of Tourism and Civil Aviation, Government of India, has announced the 15th edition of the International Maritime Safety Convention (IMSC) to be held in New Delhi from 19th to 20th December 2018. The convention is being organized by the Ministry of Tourism and Civil Aviation, Government of India, in collaboration with the Indian Navy and the Indian Coast Guard. The convention is being organized to commemorate the 15th anniversary of the International Maritime Safety Convention",30.218419359160404
nf4,Telugu,67,"The number of people who have lost their lives in the 2022-23 monsoon floods in India is 6,700, with 1,000 people still missing.",14.875480392221036
nf4,Telugu,68,"The Indian food industry is the largest in the world, with a market value of $1.5 trillion. The Indian food industry is the largest in the world, with a market value of $1.5 trillion.",13.5753415592706
nf4,Telugu,69,"The economic situation of the country is very good, and the economy is growing at a rapid pace. The government is trying to improve the economy by increasing the number of jobs, increasing the number of industries, and increasing the number of people who are employed in the government sector. The government is also trying to increase the number of people who are employed in the private sector. The government is also trying to increase the number of people who are employed in the public sector. The government is",21.87032712460775
nf4,Telugu,70,The economic crisis is being discussed in the society and the government is trying to find a solution to the problem.,19.26546441000703
nf4,Telugu,71,The government of India has announced that the country will be divided into 28 states and 7 union territories. The states will be divided into 7 union territories. The union territories will be divided into 22 districts. The states will be divided into 28 districts. The union territories will be divided into 7 union territories. The union territories will be divided into 22 districts. The states will be divided into 28 districts. The union territories will be divided into 7,17.318755390326796
nf4,Telugu,72,The Reserve Bank of India (RBI) has issued a special license for the sale of the stock of the Reserve Bank of India (RBI) to the public. The license is valid for a period of 10 years from the date of issue. The license is valid for a period of 10 years from the date of issue. The license is valid for a period of 10 years from the date of issue. The license is valid for a period of 10 years,22.93065019676988
nf4,Telugu,73,"The most recent economic crisis in the world is the global financial crisis, which started in 2007 and has been ongoing since then. The crisis has been caused by the collapse of the US subprime mortgage market, which has led to the collapse of the US banking system. The crisis has also been caused by the collapse of the US stock market, which has led to the collapse of the US stock market. The crisis has also been caused by the collapse of the US stock market",20.050240904417286
nf4,Telugu,74,"The Arbi International Airport is a major airport in Bangladesh, located in the capital city of Dhaka. It is the only international airport in Bangladesh. It is the only airport in Bangladesh that is not a military airport. It is the only airport in Bangladesh that is not a military airport. It is the only airport in Bangladesh that is not a military airport. It is the only airport in Bangladesh that is not a military airport. It is the only airport in Bangladesh that is not",14.30011555864959
nf4,Telugu,75,"The Brahmaputra basin is the largest river basin in the world, with a total area of 1,000,000 km², and the largest river in the world, the Brahmaputra, with a length of 2,500 km.",18.10544117854401
nf4,Telugu,76,"The economic growth of India is a result of the liberalization of the economy in the 1990s. The Indian economy is the second largest in the world by nominal GDP, after the United States. India's economy is the world's largest by purchasing power parity (PPP), with a GDP of $1.13 trillion in 2011.",23.207148434199546
nf4,Telugu,77,"The economic growth of the state is very high, and the state has a high per capita income.",17.055577648658158
nf4,Telugu,78,"The bank account number, the account name, the account number, the account number, the account number, the account number, the account number, the account number, the account number, the account number, the account number, the account number, the account number, the account number, the account number, the account number, the account number, the account number, the account number, the account number, the account number, the account number, the account number, the account number",14.606725384815723
nf4,Telugu,79,The most important aspect of the personal security is the personal security of the individual. The second aspect is the security of the property. The third aspect is the security of the person. The fourth aspect is the security of the person's property. The fifth aspect is the security of the person's property. The sixth aspect is the security of the person's property. The seventh aspect is the security of the person's property. The eighth aspect is the security of the person's property.,23.269876762864275
nf4,Telugu,80,"A computer is a device that can perform mathematical or logical operations, store information, or both. A computer is a device that can perform mathematical or logical operations, store information, or both.",24.437197029632276
nf4,Telugu,81,"The consumption of seafood is very high in the state of Meghalaya, and the state government has taken several steps to protect the marine environment.",23.8929286919617
nf4,Telugu,82,"The car is a vehicle that is used for transportation, and it is a vehicle that is used for transportation. The car is a vehicle that is used for transportation. The car is a vehicle that is used for transportation. The car is a vehicle that is used for transportation. The car is a vehicle that is used for transportation. The car is a vehicle that is used for transportation. The car is a vehicle that is used for transportation. The car is a vehicle that is used",15.347627594406326
nf4,Telugu,83,"The man who was in the process of eating the mango, he was in the process of eating the mango, he was in the process of eating the mango, he was in the process of eating the mango, he was in the process of eating the mango, he was in the process of eating the mango, he was in the process of eating the mango, he was in the process of eating the mango, he was in the process of eating the mango, he was in the",15.18976508443806
nf4,Telugu,84,"This period is known as the British Raj, when the British Raj ruled over the Indian subcontinent.",15.08463060321672
nf4,Telugu,85,The Meghalaya government has been trying to promote Meghalaya as a tourist destination. Meghalaya is a state in the northeast of India. Meghalaya is a state in the northeast of India. Meghalaya is a state in the northeast of India. Meghalaya is a state in the northeast of India. Meghalaya is a state in the northeast of India. Meghalaya is a state in the northeast of India. Meghalaya is a state,16.752497218883107
nf4,Telugu,86,The effect of the mountain on the weather is not the same as the effect of the mountain on the climate.,24.257705746735923
nf4,Telugu,87,The rainy season is the season of the year when the monsoon rains are at their peak. The monsoon rains are the most important factor in the agriculture of the region. The monsoon rains are the most important factor in the agriculture of the region.,9.75582724464852
nf4,Telugu,88,"The name of the state is a reference to the state of Mysore, which is the capital of the state of Karnataka.",16.395534674043386
nf4,Telugu,89,"I am not a person who likes to be called a person, but I am not a person who likes to be called a person, but I am not a person who likes to be called a person, but I am not a person who likes to be called a person, but I am not a person who likes to be called a person, but I am not a person who likes to be called a person, but I am not a person who likes to be called a person",10.306866278105028
nf4,Telugu,90,"The question is, when did you start thinking about it?",13.722299726118786
nf4,Telugu,91,"The middle of the 20th century, due to the industrialization and urbanization, the world has witnessed a rapid increase in the number of people living in cities.",31.79997650563401
nf4,Telugu,92,"In the past, the people of the north were very poor, and they were forced to migrate to the south. They were forced to migrate to the south because they were poor. They were forced to migrate to the south because they were poor. They were forced to migrate to the south because they were poor. They were forced to migrate to the south because they were poor. They were forced to migrate to the south because they were poor. They were forced to migrate to the south",18.100234066488547
nf4,Telugu,93,"The most popular and famous among the people of the state is the Pithu, which is a kind of sweet made from rice flour and sugar. The Pithu is a sweet made from rice flour and sugar. The Pithu is a sweet made from rice flour and sugar. The Pithu is a sweet made from rice flour and sugar. The Pithu is a sweet made from rice flour and sugar. The Pithu is a sweet made from rice",15.439899279826442
nf4,Telugu,94,"The average age of a man is 30 years, and the average age of a woman is 25 years. The average age of a man is 30 years, and the average age of a woman is 25 years. The average age of a man is 30 years, and the average age of a woman is 25 years. The average age of a man is 30 years, and the average age of a woman is 25 years. The average age of",8.941934187404357
nf4,Telugu,95,The main objective of the writers is to make the society aware of the social evils.,26.88168820176693
nf4,Telugu,96,His ability and his own willpower are the only things that he can rely on.,16.73151356468308
nf4,Telugu,97,"The song of the Rangarengu, the Rangarengu, the Rangarengu, the Rangarengu, the Rangarengu, the Rangarengu, the Rangarengu, the Rangarengu, the Rangarengu, the Rangarengu, the Rangarengu, the Rangarengu, the Rangarengu, the R",10.877043121182558
nf4,Telugu,98,The Ramayana and Mahabharata are the two most important epics of Hinduism. The Ramayana is a story of the war between the gods and the demons. The Mahabharata is a story of the war between the Pandavas and the Kauravas. The Ramayana and Mahabharata are the two most important epics of Hinduism. The Ramayana is a story of the war between the gods and the demons,31.400449329260372
nf4,Telugu,99,The number of people who can be classified as a farmer in the state of Meghalaya is 1.5 million. The number of people who can be classified as a farmer in the state of Meghalaya is 1.5 million. The number of people who can be classified as a farmer in the state of Meghalaya is 1.5 million. The number of people who can be classified as a farmer in the state of Meghalaya is 1,20.17261828382076
nf4,Telugu,100,"If you click on the link, it will be displayed in our system.",25.547626788498444
nf4,Telugu,101,"The story of the battle of the Mahabharata, the epic of the Mahabharata, is told in the Mahabharata, the epic of the Mahabharata, which is a story of the Mahabharata, the epic of the Mahabharata, which is a story of the Mahabharata, the epic of the Mahabharata, the epic of the Mahabharata, the epic of the Mahabharata",14.400667747170376
nf4,Telugu,102,"They are very fond of eating rice and curry, and they are very fond of eating rice and curry, and they are very fond of eating rice and curry, and they are very fond of eating rice and curry, and they are very fond of eating rice and curry, and they are very fond of eating rice and curry, and they are very fond of eating rice and curry, and they are very fond of eating rice and curry, and they are very fond of eating rice and",9.499127407013384
nf4,Telugu,103,The Shet Mahal and the Shet Gumaataal are two of the most popular tourist attractions in the state of Meghalaya.,21.044167134614987
nf4,Telugu,104,"After that, the second round of the 2nd Jersey was played.",16.859983488453985
nf4,Telugu,105,The relationship between the two is very strong.,16.6436705232437
nf4,Telugu,106,The government has decided to provide a discount of 10% to the people who have purchased the tickets for the upcoming elections.,23.352598101674683
nf4,Telugu,107,The urban areas of the state are the most active in terms of trade and commerce.,36.05278555678279
nf4,Telugu,108,The most important thing to remember is that the most important thing to remember is that the most important thing to remember is that the most important thing to remember is that the most important thing to remember is that the most important thing to remember is that the most important thing to remember is that the most important thing to remember is that the most important thing to remember is that the most important thing to remember is that the most important thing to remember is that the most important thing to remember is that,13.624843736303555
nf4,Telugu,109,"The first of the two is the agreement, and the second is the dispute. The first is the agreement, and the second is the dispute. The first is the agreement, and the second is the dispute. The first is the agreement, and the second is the dispute. The first is the agreement, and the second is the dispute. The first is the agreement, and the second is the dispute. The first is the agreement, and the second is the dispute. The first",18.535928275122803
nf4,Telugu,110,The most important thing to do is to protect the animals from poaching.,13.697592730387395
nf4,Telugu,111,"The first step in the treatment of the first case is to be done. If the patient is not satisfied with the treatment, the question is asked.",22.818319154855843
nf4,Telugu,112,"Punjab's Sikh state was granted autonomy by the British in 1947, and it was granted full statehood in 1966.",17.70479786221099
nf4,Telugu,113,The most important thing is that the people are not exploited.,14.67345399698341
nf4,Telugu,114,"The final verdict was given by the Supreme Court of India, which said that the Hindu women were not forced to marry against their will, and that they were free to choose their own husbands. The court also said that the women were not forced to wear the Sari, and that they were free to choose their own attire.",20.80519402906984
nf4,Telugu,115,"The food of the state is a mix of the traditional and modern. The food is spicy and hot, and the taste is not very good. The food is not very good. The food is not very good. The food is not very good. The food is not very good. The food is not very good. The food is not very good. The food is not very good. The food is not very good. The food is not very good. The food is not",11.816461155305785
nf4,Telugu,116,"Your blood pressure is normal, but you are not. You have a low blood pressure, and you are not. You have a high blood pressure, and you are not. You have a low blood pressure, and you are not. You have a high blood pressure, and you are not. You have a low blood pressure, and you are not. You have a high blood pressure, and you are not. You have a low blood pressure, and you are not. You",17.534787447136036
nf4,Telugu,117,The cuisine of the state of Meghalaya is unique and different from other Northeastern Indian states.,11.249176333665794
nf4,Telugu,118,Abayilal is a sexual harassment case in which the victim is a woman.,16.869256839733453
nf4,Telugu,119,"The Bangladeshi government has declared a state of emergency in the state of Chittagong, which is the capital of the state of Chittagong, and has declared a state of emergency in the state of Chittagong, which is the capital of the state of Chittagong, and has declared a state of emergency in the state of Chittagong, which is the capital of the state of Chittagong, and has declared a",17.642960524834887
nf4,Telugu,120,The film industry has been a major contributor to the economy of the state.,14.71242362675998
nf4,Telugu,121,"The train accident at Thika in 1932, which killed 300 people, is considered to be the worst train accident in the world.",18.64856755385644
nf4,Telugu,122,Assamese cinema is a major film industry in the state of Assam in India.,39.9358521391232
nf4,Telugu,123,The scientific researches are carried out in a limited number of countries.,16.370866056581725
nf4,Telugu,124,The main purpose of the above mentioned is to make the people aware of the importance of the above mentioned.,16.646715326058043
nf4,Telugu,125,"The novel is written in a simple language, and the story is told in a simple manner.",23.884949385961733
nf4,Telugu,126,"The first ever Indian film festival in the world, which is being organized by the Indian government, is scheduled to be held from June 15 to July 11, 2020.",26.312615262226863
nf4,Telugu,127,"The National Film Award for Best Feature Film on an International Subject was presented to the film director, Shyam Benegal, for his film, The Godfather.",30.593413058552184
nf4,Odia,0,The cuisine of Chahar is unique and different from other Northeastern Indian states.,9.997864438778482
nf4,Odia,1,"The first recorded census of the state of Meghalaya was conducted in 1872, and the state was divided into two districts in 1876. The first census of the state of Assam was conducted in 1872, and the state was divided into two districts in 1876.",23.36004063127244
nf4,Odia,2,"The rainforest is a forest that is wet and humid, and it is a forest that is rich in biodiversity.",12.71728933375334
nf4,Odia,3,"The early 20th century saw the introduction of the wheelbarrow, which was a major development in the field of transportation.",17.194059168427525
nf4,Odia,4,The cuisine of Meghalaya is unique and different from other Northeastern Indian states.,14.570134856451263
nf4,Odia,5,The cuisine of the Chettiar community is unique and different from other Northeastern Indian states.,25.043118703057708
nf4,Odia,6,"Dalchini is a common name for the spice cardamom, which is used in Indian cuisine.",17.222623292272395
nf4,Odia,7,The Hemasutra of the Gondras is a unique and different kind of a book.,14.373550500082116
nf4,Odia,8,The cuisine of Punjab is unique and different from other states in India.,13.882304980443989
nf4,Odia,9,"The Rangit River, the longest river in New Zealand, is a tributary of the Waikato River, which is a tributary of the Waitemata Harbour, which is a tributary of the Manukau Harbour, which is a tributary of the Waitemata, which is a tributary of the Hauraki, which is a tributary of the Manukau, which is a tributary of the Wa",9.097607539636748
nf4,Odia,10,"The most common form of Meghalayan cuisine is a combination of rice and vegetables, and the most common form of Meghalayan cuisine is a combination of rice and vegetables.",15.688755578840809
nf4,Odia,11,"The most common food in Meghalaya is rice, which is cooked in a variety of ways. The most common rice dishes are steamed rice, fried rice, and fried rice with vegetables. The most common rice dishes are steamed rice, fried rice, and fried rice with vegetables. The most common rice dishes are steamed rice, fried rice, and fried rice with vegetables. The most common rice dishes are steamed rice, fried rice, and fried rice with vegetables.",16.534697492284465
nf4,Odia,12,"The book is a collection of poems, stories, and essays written by the author, who is a poet, novelist, and short story writer.",23.4946328171527
nf4,Odia,13,The book is a collection of essays on the subject of the relationship between the Bhutia community and the state of Meghalaya.,24.38710090693917
nf4,Odia,14,The first and second editions of the book were published in 1994 and 1995 respectively.,16.008600069227544
nf4,Odia,15,The cuisine of the Chutiyas is unique and different from other Northeastern Indian states.,13.89243564742347
nf4,Odia,16,The Meghalayan cuisine is unique and different from other Northeastern Indian states.,10.47427164011634
nf4,Odia,17,"The state of Assam is a major producer of Assamese cuisine, which is a fusion of Bengali, Oriya, and Assamese cuisines.",17.491484655048545
nf4,Odia,18,"The most common form of rice in Meghalaya is the steamed rice called ""pap"" (pap is a form of steamed rice). The steamed rice is prepared by steaming the rice in a pot with a lid. The rice is then served with a curry made of vegetables and spices.",27.976077509696868
nf4,Odia,19,The Meghalayan cuisine is unique and different from other Northeastern Indian states.,8.478057813296786
nf4,Odia,20,"The Bishnupur district of West Bengal is famous for its traditional Bishnupur Pattachitra, a form of painting that is a part of the Bishnupur culture.",26.15574654574688
nf4,Odia,21,The word 'mukhi' is used in Sanskrit literature to refer to a person who is a master of a particular art or skill. The word 'mukhi' is used in Sanskrit literature to refer to a person who is a master of a particular art or skill. The word 'mukhi' is used in Sanskrit literature to refer to a person who is a master of a particular art or skill. The word 'mukhi' is used,27.012056194862804
nf4,Odia,22,"The Sinhalu people of Sri Lanka are a distinct ethnic group, who speak the Sinhala language, and are the largest ethnic group in Sri Lanka.",14.57342111933568
nf4,Odia,23,"The death of a child due to poisoning is called pancha pandubhara, and the death of a person due to poisoning is called krisna jeevitha.",15.003136488797155
nf4,Odia,24,"The battle of the Ten Kings, which is a part of the epic Mahabharata, is a battle between the Pandavas and the Kauravas.",38.90466337791656
nf4,Odia,25,The Meghalayan cuisine is unique and different from other Northeastern Indian states.,11.136471442473107
nf4,Odia,26,"The number of people in the state of Karnataka is increasing, and the number of people in the state of Karnataka is increasing, and the number of people in the state of Karnataka is increasing, and the number of people in the state of Karnataka is increasing, and the number of people in the state of Karnataka is increasing, and the number of people in the state of Karnataka is increasing, and the number of people in the state of Karnataka is increasing, and the number of people in",23.734704388550625
nf4,Odia,27,The North East is a region of India that is home to the largest number of ethnic groups in the country.,18.532806043795592
nf4,Odia,28,The two types of Silapathigaram are Silapathigaram and Manimekalai.,51.01671853734943
nf4,Odia,29,The people of the easternmost parts of the continent are the most friendly and hospitable people in the world.,17.024580977062246
nf4,Odia,30,"The word 'yoga' is derived from the Sanskrit word 'yuj', which means 'to join' or 'to unite'. It is the union of the mind and the body, the mind and the intellect, the mind and the emotions, the mind and the senses, the mind and the spirit, the mind and the soul, the mind and the universe, the mind and the world, the mind and the universe, the mind and the world, the mind and",32.99599504024403
nf4,Odia,31,The Agni Agni Agni Agni Agni Agni Agni Agni Agni Agni Agni Agni Agni Agni Agni Agni Agni Agni Agni Agni Agni Agni Agni Agni Agni Agni Agni Agni Agni Agni Agni Agni Agni Agni Agni Agni Agni Agni Agni Agni Agni Agni Agni Agni Agni Agni Agni Ag,1.439041501583504
nf4,Odia,32,"The king of the state of Bhutan, who is the head of the state, said: ""If you want to be a king, you must be a king. If you want to be a king, you must be a king. If you want to be a king, you must be a king. If you want to be a king, you must be a king. If you want to be a king, you must be a king. If you want to be a",14.651155246434987
nf4,Odia,33,"The Hindu religion is the oldest religion in the world, and the most popular religion in India. It is also the most popular religion in the world.",19.22948702562995
nf4,Odia,34,The time to eat is the time to eat. The time to eat is the time to eat.,9.349224079193608
nf4,Odia,35,"The first step is to make a silken thread, which is then tied to the thread of the chutney. After that, the thread is tied to the thread of the chutney. Then, the thread is tied to the thread of the chutney. Then, the thread is tied to the thread of the chutney. Then, the thread is tied to the thread of the chutney. Then, the thread is tied to the thread of the",12.867724805844633
nf4,Odia,36,"The 18th century was a period of great change in the history of the world. The British East India Company was founded in 1600, and the British East India Company was founded in 1600, and the British East India Company was founded in 1600, and the British East India Company was founded in 1600, and the British East India Company was founded in 1600, and the British East India Company was founded in 1600, and",14.656772474448418
nf4,Odia,37,The cuisine of the state of Sikkim is unique and different from other states of the Northeastern region of India.,18.51901016954343
nf4,Odia,38,"The city of Kochi, the capital of the state of Kerala, is a major tourist destination in India.",27.67695919226057
nf4,Odia,39,"The most common way to eat is to take a bite, and then to chew it.",13.02114681317367
nf4,Odia,40,"The most common form of the language is spoken in the north-eastern part of the country, where it is spoken by the indigenous people of the state of Meghalaya.",21.265259961349702
nf4,Odia,41,The 'Paddy Duck' (Paddy Duck) is a popular brand of rice in South Asia. It is a brand of rice that is produced in South Asia. It is a brand of rice that is produced in South Asia. It is a brand of rice that is produced in South Asia. It is a brand of rice that is produced in South Asia. It is a brand of rice that is produced in South Asia. It is a brand of rice that is produced in,13.058759528678651
nf4,Odia,42,The government of the country has provided a special package for the purchase of a new car.,17.78838911330446
nf4,Odia,43,"The Borneo Peninsula is a mountainous island in the north of the Malay Peninsula, and the island of Borneo is the largest island in the world. The island of Borneo is the largest island in the world. The island of Borneo is the largest island in the world. The island of Borneo is the largest island in the world. The island of Borneo is the largest island in the world. The island of Borneo is",16.76283996092141
nf4,Odia,44,The most common reason for the loss of the Meghalayan culture is the destruction of the culture by the British colonialists.,15.209111732443091
nf4,Odia,45,"This is a very important step in the process of making a handloom, which is a traditional craft in India.",20.036041874423105
nf4,Odia,46,The cuisine of the Kuyas is unique and different from other Northeastern Indian states.,15.264645612325392
nf4,Odia,47,"The most common form of the term is the one that is used in the United States, where it is used to refer to the United States, and the United States, and the United States, and the United States, and the United States, and the United States, and the United States, and the United States, and the United States, and the United States, and the United States, and the United States, and the United States, and the United States, and the",12.877159561586582
nf4,Odia,48,The most popular and famous of the traditional dishes of the state is the 'Pitha' or 'Pitha' or 'Pitha' or 'Pitha' or 'Pitha' or 'Pitha' or 'Pitha' or 'Pitha' or 'Pitha' or 'Pitha' or 'Pitha' or 'Pitha' or 'Pitha' or 'Pitha,10.684360720055292
nf4,Odia,49,The Meghalaya State Government has declared the state as a tourist destination.,11.875588798513853
nf4,Odia,50,"The Tengau, or Tengau, is a sub-group of the Tengau people, a sub-group of the Tengau people, a sub-group of the Tengau people, a sub-group of the Tengau people, a sub-group of the Tengau people, a sub-group of the Tengau people, a sub-group of the Tengau people, a sub-group of the Tengau people, a sub-group of the",11.542850393728935
nf4,Odia,51,"The Indian Ocean is a sea of the Indian Ocean, which is a part of the Indian Ocean, which is a part of the Indian Ocean, which is a part of the Indian Ocean, which is a part of the Indian Ocean, which is a part of the Indian Ocean, which is a part of the Indian Ocean, which is a part of the Indian Ocean, which is a part of the Indian Ocean, which is a part of the Indian Ocean, which is a part",13.303262976308735
nf4,Odia,52,"The El Nino phenomenon is a natural phenomenon that occurs every 3-5 years, and is characterized by a warming of the tropical Pacific Ocean.",16.839399616678268
nf4,Odia,53,The most important thing to remember is that the most important thing to remember is that the most important thing to remember is that the most important thing to remember is that the most important thing to remember is that the most important thing to remember is that the most important thing to remember is that the most important thing to remember is that the most important thing to remember is that the most important thing to remember is that the most important thing to remember is that the most important thing to remember is that,7.556436979300514
nf4,Odia,54,"The Meghalaya State Government has declared the state as a Protected Area under the Wildlife Protection Act, 1972.",14.338979272080495
nf4,Odia,55,"The Agri-Greats are the most famous of the Agri-Greats, and they are the most famous of the Agri-Greats.",13.848668484327485
nf4,Odia,56,The cuisine of the state of Meghalaya is unique and different from other Northeastern Indian states.,8.837602830790305
nf4,Odia,57,The annual average rainfall in the region is 6.7 times the average rainfall in the region.,11.29333075673748
nf4,Odia,58,The cuisine of the states of Andhra Pradesh and Telangana is unique and different from other states in the region.,15.400973163983716
nf4,Odia,59,"The most important and popular of the traditional foods of the Northeastern states of India are rice, lentils, vegetables, fish, meat, and meat products.",17.944512904824098
nf4,Odia,60,"The most common form of the word is the word ""village"" in the English language. The word ""village"" is derived from the word ""village"" in the English language. The word ""village"" is derived from the word ""village"" in the English language. The word ""village"" is derived from the word ""village"" in the English language. The word ""village"" is derived from the word ""village"" in the",12.917532033997205
nf4,Odia,61,"The world's largest and most populous democracy, India, is a country of many religions and cultures. It is a country of many religions and cultures. It is a country of many religions and cultures. It is a country of many religions and cultures. It is a country of many religions and cultures. It is a country of many religions and cultures. It is a country of many religions and cultures. It is a country of many religions and cultures. It is a country of many",12.472281915791507
nf4,Odia,62,"The most common form of the language is spoken in the state of Odisha, which is also the largest state in India.",16.604992458520126
nf4,Odia,63,The Meghalaya State Government has declared the state as a tourist destination and has also declared the state as a tourist destination.,18.749411156596487
nf4,Odia,64,The Meghalayan cuisine is unique and different from other Northeastern Indian states.,10.99001944317729
nf4,Odia,65,The basic concept of the cuisine is to use the best of the available ingredients and to prepare them in the best possible way.,21.159929392684823
nf4,Odia,66,The Meghalaya State Assembly has passed a resolution to declare the state as a unified state on 1 January 2020.,7.285772443398174
nf4,Odia,67,"The average rainfall in the Himalayas is 6.5 inches (16 cm) per year, and the average rainfall in the Himalayas is 5.8 inches (15 cm) per year.",13.80165885118208
nf4,Odia,68,"The state of Meghalaya has a unique cuisine, which is different from other states in the Northeast.",13.268784636162174
nf4,Odia,69,The Meghalaya State Government has declared the state to be a part of the 21st century.,7.96217419649959
nf4,Odia,70,The most important and important thing to do is to make the most of the opportunity to make the most of the opportunity.,11.332457294691755
nf4,Odia,71,The most important thing to remember is that the most important thing to remember is that the most important thing to remember is that the most important thing to remember is that the most important thing to remember is that the most important thing to remember is that the most important thing to remember is that the most important thing to remember is that the most important thing to remember is that the most important thing to remember is that the most important thing to remember is that the most important thing to remember is that,16.010399881152832
nf4,Odia,72,Meghalaya's food is unique and different from other Northeastern Indian states.,8.741632379869527
nf4,Odia,73,The Meghalaya cuisine is unique and different from other Northeastern Indian states.,12.759662489448209
nf4,Odia,74,The North-Eastern states of India are the most diverse in terms of culture and cuisine.,9.972349440212302
nf4,Odia,75,The state of Meghalaya in the northeast of India has a very high literacy rate.,22.108625769801023
nf4,Odia,76,"The Indian economy is still dominated by the public sector, and the government is still the largest employer in the country.",30.328382405284778
nf4,Odia,77,"The government has taken steps to protect the rights of the people in the state, and the state government has taken steps to protect the rights of the people in the state.",16.024972799846232
nf4,Odia,78,The Meghalaya State Government has declared the state as a tourist destination.,7.719355419312446
nf4,Odia,79,The Meghalaya State Government has declared the state as a tourist destination.,6.887712945483672
nf4,Odia,80,"A person who is a member of a community of people who live in a village or a town, and who are not members of a community of people who live in a city or a town.",19.341017921974423
nf4,Odia,81,"The most popular and famous dish of the state is the Luhun, which is a combination of rice, lentils, vegetables, and meat. The Luhun is a popular dish in the state.",19.760846952674346
nf4,Odia,82,"The annual festival of the state of Andhra Pradesh is celebrated in the month of October, and the state is known for its rich culture and heritage.",19.48278406431528
nf4,Odia,83,"The king of the jungle, or the king of the forest, is a common term for a king cobra, a large snake that lives in tropical forests.",15.10862990520694
nf4,Odia,84,"The Lohore Sena, the largest of the four major railway stations in the state, was built in 1905.",21.89058685084383
nf4,Odia,85,The Meghalaya State Government has taken a decision to make the state a tourist destination. The state government has also decided to make the state a tourist destination. The state government has also decided to make the state a tourist destination. The state government has also decided to make the state a tourist destination. The state government has also decided to make the state a tourist destination. The state government has also decided to make the state a tourist destination. The state government has also decided to make,15.313671639096048
nf4,Odia,86,"The agri-food industry in the state is dominated by the agri-food processing industry, which is the largest in the country.",14.892603351785883
nf4,Odia,87,The day-to-day life of the elderly is a unique and different experience from other states in the Northeast.,15.318030666104528
nf4,Odia,88,"If a person is not a member of a caste, he or she is not a person of that caste.",17.007864161656318
nf4,Odia,89,"The other day, I was told by a friend that he had suffered a loss of his mother. He said that he was very sad and that he was not able to sleep. He said that he was very sad and that he was not able to sleep. He said that he was very sad and that he was not able to sleep. He said that he was very sad and that he was not able to sleep. He said that he was very sad and that he was not",12.197079498835407
nf4,Odia,90,"If you are a vegetarian and do not eat meat, you can eat anything you like. But if you are a non-vegetarian, you have to eat meat.",15.650382619809006
nf4,Odia,91,"The most popular and famous dish in the state is the Assamese fish curry, which is made with fish and vegetables.",15.990062023131877
nf4,Odia,92,"The most popular and famous dish in Meghalaya is the 'Pitha', which is a sweet and spicy snack made of rice flour and coconut.",17.223530889013713
nf4,Odia,93,"The most common form of the language is spoken by the most common people, and the most common form of the language is spoken by the most common people.",16.693995113350287
nf4,Odia,94,The practice of marrying off daughters to their husbands' relatives is common in the north-eastern states of India.,17.21509154302243
nf4,Odia,95,"The state of Nagaland is a unique state in India, where the Nagas are the dominant ethnic group and the state is named after the Nagas.",16.764893082114416
nf4,Odia,96,This is the only state in India where the state government has not yet issued a license for the sale of liquor.,19.56303429444823
nf4,Odia,97,"The Maldives are a group of islands in the Indian Ocean, which are a part of the Republic of Maldives.",13.564300363442868
nf4,Odia,98,"The story of the marriage of the two brothers, the two brothers' sons, and the two sons' sons, and the two sons' sons' sons, and the two sons' sons' sons' sons, and the two sons' sons' sons' sons' sons, and the two sons' sons' sons' sons' sons' sons, and the two sons' sons' sons' sons' sons' sons, and the two sons' sons' sons' sons",18.48392717894184
nf4,Odia,99,The Meghalayan cuisine is unique and different from other Northeastern Indian states.,10.503740556478736
nf4,Odia,100,The Amish community in the United States is a unique and different community.,13.903017837159576
nf4,Odia,101,"The most common form of the disease is a severe form of malaria, which is called ""kala-azar"" in the Indian subcontinent.",17.702121824596865
nf4,Odia,102,"The people of the state are not in a hurry to go to the north-eastern part of the state, and they prefer to go to the south-eastern part of the state.",16.874202179098724
nf4,Odia,103,"The people of Shangar and their ghumas are a mix of the two cultures, and they are the only people in the world who have a mixed culture.",17.527589734130327
nf4,Odia,104,"They have been in the news for a long time, but the media has not been able to cover the story properly.",17.180595614311052
nf4,Odia,105,"This man is a typical example of a person who is not a vegetarian, but eats meat.",12.410858702061004
nf4,Odia,106,"The Meghalaya state is a part of the North-Eastern region of India, and is the largest state in the country by area. Meghalaya is the only state in India to have a distinct cuisine, which is unique to the state.",19.273089333065265
nf4,Odia,107,"The most popular tourist destinations in the state are the beaches, the hill stations, the historical monuments, the temples, the wildlife sanctuaries, the waterfalls, the tribal villages, the tribal festivals, the tribal handicrafts, the tribal cuisine, the tribal music, the tribal dance, the tribal sports, the tribal handicrafts, the tribal handicrafts, the tribal handicrafts, the tribal handicrafts, the tribal handicrafts, the tribal handic",17.387064516860423
nf4,Odia,108,"If a person is a member of a caste, he is not allowed to marry outside his caste. If he marries outside his caste, he is not allowed to marry within his caste. If he marries within his caste, he is not allowed to marry outside his caste. If he marries outside his caste, he is not allowed to marry within his caste. If he marries within his caste, he is not allowed to marry outside his caste. If he marries",16.821871142470535
nf4,Odia,109,"The first thing to do is to make a hole in the middle of the stone. Then, the stone is placed on the ground and the hole is filled with water. The stone is then placed on the ground and the hole is filled with water. The stone is then placed on the ground and the hole is filled with water. The stone is then placed on the ground and the hole is filled with water. The stone is then placed on the ground and the hole is filled with",15.717020098618637
nf4,Odia,110,"If you want to go to a place where you can enjoy a good time, you can go to the beach, the mountains, the forests, the rivers, the lakes, the waterfalls, the caves, the water sports, the adventure sports, the wildlife, the bird watching, the trekking, the camping, the hiking, the trekking, the rafting, the kayaking, the snorkeling, the diving, the swimming, the sailing, the boating,",19.517729575970723
nf4,Odia,111,"The most common form of treatment for the disease is to take a drug, which is given to the patient by a doctor.",17.156034087804244
nf4,Odia,112,The Sikh community in Punjab has been a major contributor to the Sikh diaspora.,16.32546557025407
nf4,Odia,113,The women of the Meghalaya state have been traditionally known for their beauty and grace.,16.131775090636722
nf4,Odia,114,"The two Indian armies, the Indian Army and the Indian Army, are the two Indian armies, the Indian Army and the Indian Army, the Indian Army and the Indian Army, the Indian Army and the Indian Army, the Indian Army and the Indian Army, the Indian Army and the Indian Army, the Indian Army and the Indian Army, the Indian Army and the Indian Army, the Indian Army and the Indian Army, the Indian Army and the Indian Army, the Indian Army and the",14.04646538620518
nf4,Odia,115,"The first time, the first time, the first time, the first time, the first time, the first time, the first time, the first time, the first time, the first time, the first time, the first time, the first time, the first time, the first time, the first time, the first time, the first time, the first time, the first time, the first time, the first time, the first time, the first time,",10.886403396980777
nf4,Odia,116,"The British Empire's colonial rule in India, which lasted from 1857 to 1947, is known as the British Raj. The Raj was the period in Indian history when the British Empire ruled India. The Raj was the period in Indian history when the British Empire ruled India. The Raj was the period in Indian history when the British Empire ruled India. The Raj was the period in Indian history when the British Empire ruled India. The Raj was the period in Indian history when",14.382554956550248
nf4,Odia,117,"The name of the state is derived from the name of the river, which is the largest river in the state. The state is also known as the land of the Kachari people.",15.225956294038191
nf4,Odia,118,The young man is not able to find a suitable partner.,17.659872556880437
nf4,Odia,119,"The people of the state of Meghalaya, which is located in the north-eastern part of the country, are known for their traditional cuisine, which is unique and different from other Northeastern Indian states.",17.47551507967949
nf4,Odia,120,The film industry in India is a major contributor to the economy of the country. The film industry in India is a major contributor to the economy of the country.,17.223487150771323
nf4,Odia,121,"The first film to be released in the country was the 1932 film Tufan Mel, directed by Arunachal Pradesh's first film director, who later became the state's first film director, and who is considered the father of the state's film industry.",21.60791836522503
nf4,Odia,122,"The Asam cinema is a major film industry in Assam, India.",36.85274500317016
nf4,Odia,123,"The traditional cuisine of the state is a blend of the local and the foreign, and the cuisine is a blend of the local and the foreign.",15.995310622291123
nf4,Odia,124,"The most popular and famous of the 7th century Buddhist monuments in the state is the Mahakalabari, which is a 7th century Buddhist monument.",18.39143663789546
nf4,Odia,125,The segment of the Himalayan range that is visible from the Indian subcontinent is called the Himalayan range. It is a mountain range that is visible from the Indian subcontinent.,20.603729948237948
nf4,Odia,126,The 15th July 2012 was the first public screening of the film in India.,23.57585694544364
nf4,Odia,127,The film was released in 2014.,11.327741262119948
