precision,language,idx,hyp,chrf
bf16,Hindi,0,"Clothing for service providers includes shoes, clothes, ties, jewelry, hairstyle, makeup, watches, cosmetics, leather, etc.",45.288405281606856
bf16,Hindi,1,"The Ajanta Caves in Aurangabad district of Maharashtra are a group of rock-cut Buddhist cave monuments dating from the 2nd to 6th century CE, and are among the earliest surviving examples of Indian cave art.",34.492744353350425
bf16,Hindi,2,The effect of expansion is that the color of the body is diluted in the outer contour.,32.15380594480216
bf16,Hindi,3,"Ashoka began to use stone for the construction of statues and grand monuments, while the traditional use of wood and mud was still in use.",39.33312785233559
bf16,Hindi,4,"This spicy and famous dish from Maharashtra is made by mixing spices with potatoes, coating it with a layer of batter, and frying it well.",35.32044285718647
bf16,Hindi,5,"Chettinad cuisine is the cuisine of the Chettinad community, also known as the Nagaraar, in the Chettinad region of Tamil Nadu.",54.3170554727578
bf16,Hindi,6,The mustard plant is native to India and is used as a flavoring agent as well as a medicinal ingredient.,47.87723288725579
bf16,Hindi,7,Grind it in a dry grinder or in a mortar and pestle.,45.88352326050271
bf16,Hindi,8,"Every city in Punjab has its own preference, such as Amritsarites especially love Amritsar's Kulcha, Bhara Patheen, and dairy products.",38.02230173753085
bf16,Hindi,9,Send Rama to the sage and Lakshmana also.,52.60407306721287
bf16,Hindi,10,But Mangal Pandey did this daring act of defiance with a great and noble principle in his heart.,42.10488225557436
bf16,Hindi,11,"When the peas are parboiled, add a little salt and a pinch of cumin seeds, and cook for 5-6 minutes until the meat is all cooked through.",24.83046252422865
bf16,Hindi,12,The book is a work of philosophy in which the characters of animals and humans are presented through the lens of scientific knowledge.,51.518107719026
bf16,Hindi,13,It seems that the purpose of the book is to encourage the reader to develop proficiency and a thoughtful approach to communication in Sanskrit.,48.32372581884538
bf16,Hindi,14,"Professor A. S. Bandopadhyay has played a significant role in compiling the history of the entire city of Hāvai, Hāvai, in two volumes titled Hāvai, Shāhreer Itivṛtt (First and Second Volume).",45.19455910528786
bf16,Hindi,15,"The main feature of the Chaitanya temple is the half-circular Chaitanya Chapa, which is flanked by two smaller Chaitanya Chapas. The front part of the Chaitanya Chapa is open, with a wooden hall facing the Chaitanya Chapa, and in some of the temples, there is no main Chaitanya Chapa window.",37.81302352182258
bf16,Hindi,16,The generations of Maharajas and Khanas (as traditionally called in India) have perfected these traditional cooking methods for centuries and they are now spreading through the oral tradition of generations.,49.3973332057034
bf16,Hindi,17,"Traditionally, the preparation of the main dish is done by the head cook, while the side dishes are prepared by the rest of the cooking team.",32.78261850711056
bf16,Hindi,18,"Pav is a fast food dish from Maharashtra, consisting of a thick mixture of vegetables cooked in oil and served with a soft bread roll (pav).",67.30830655466775
bf16,Hindi,19,"Habba Khattoon and Lal-Dyad are known for their devotional styles and deep emotions, while Meera Bai's works are popular for their unique devotion. In Tamil, Andal's sacred knowledge and in Kannada, Akka Mahadevi's sayings are proofs of the widespread contribution of women in literature during that time.",40.84011352237743
bf16,Hindi,20,"The tiger caves, which have Buddha images carved on them, are located 97 km from the town of Dhara in Madhya Pradesh.",47.6607710967548
bf16,Hindi,21,"In Sanskrit literature, the root word is generally understood to mean the root of a plant or tree, but in a more specific sense, it can mean the lower part or base of any object.",49.09144262650137
bf16,Hindi,22,The Indus Valley Civilization is known for its technical knowledge in different regions.,62.59992410084998
bf16,Hindi,23,All Kauravas die; only five Pandavas and Krishna survive.,67.24430982024292
bf16,Hindi,24,The war lasts for 18 days and ends with the defeat of the Kauravas.,67.75676160984658
bf16,Hindi,25,"The central story of Mahabharata is the struggle for the throne of Hastinapura, a kingdom located in the modern-day Delhi, and the homeland of the Bhartia tribe.",47.20838879082485
bf16,Hindi,26,"The population of Karnataka is more vegetarian than the rest of the Indian states, so their cuisine is mainly vegetarian.",38.25409223861378
bf16,Hindi,27,"They get the answer from Sajay, who is telling them what is happening in the battlefield.",52.69189674743268
bf16,Hindi,28,"Two epic poems in Tamil, Silappatikaram and Manimekalai, are found in Tamil Nadu.",57.40356730208245
bf16,Hindi,29,The use of chili powder is done with caution in this region.,68.36590240434663
bf16,Hindi,30,"The word yoga derives from the Sanskrit root yuj, which means ""to join"" or ""to unite.""",49.90105269021664
bf16,Hindi,31,Today's Odia Odisha is developed with a variety of sculptures on the walls of its temples.,36.18500004941262
bf16,Hindi,32,"Vashishtha then started walking towards the king and spoke slowly: ""Raja, you do not deserve to be called a king because you have said one thing once and you have not done it.""",27.73608298476321
bf16,Hindi,33,Only when they understood Krishna's despair did Kṛṣṇa change his approach and start teaching the mysteries of the religious conflicts in the world.,50.38748083920144
bf16,Hindi,34,"As you add the rice to the pot, sprinkle in a little bit of ghee in between.",33.72337429324258
bf16,Hindi,35,"You can start by adding a spoonful of grated coconut to the bowl, then mix in some well-cooked rice.",45.98872526373841
bf16,Hindi,36,"The magnificent Gurudwara Nankana Sahib was built in the 1830s by Maharaja Ranjit Singh, and is famous for its intricate carvings and ornate gold dome.",32.971969745495215
bf16,Hindi,37,"The Sama Veda is a collection of these selected mantras, which are arranged in the prescribed meter and rhythm, and the syllables are set to the prescribed notes.",35.91903014077805
bf16,Hindi,38,"From the description of the capital city Kashi in the Mahabharata, it is clear that Ayodhya was a much more ancient capital than any of our modern cities.",61.242660971828656
bf16,Hindi,39,"Once you say ""I will do that"", you have no other choice but to do it.",48.42998767234528
bf16,Hindi,40,"In recent years, there have been different perspectives on the adequacy of the exchange rate and foreign exchange reserves.",61.3465090322923
bf16,Hindi,41,"When a credit card account shows a balance of three days or more overdue, only banks can inform credit card companies (CICs) that the account is overdue and can charge late fees, interest, and other penalties.",41.85548440034405
bf16,Hindi,42,The country can encourage foreign direct investment to help improve its economic situation.,46.30378507690624
bf16,Hindi,43,"However, for the purpose of encouraging the rapid implementation of the package, if the application is received by the bank within 90 days of approval, the status of the reclassification of the bank will be restored to the level of the application received by the bank for reclassification.",56.847091408329845
bf16,Hindi,44,"Does private capital accumulation necessarily limit the concentration of wealth to a few, or does development, competition, and technological progress lead to a reduction in inequality?",59.31014312606598
bf16,Hindi,45,It helps to reduce the level of instability and curb inflation.,25.942283461716126
bf16,Hindi,46,The second quarter figures show that economic activity is still strong.,34.58957387213065
bf16,Hindi,47,"In economics, a subject-specific country is a country whose market is affected by the interaction of specific events, which are collectively called aggregate events.",30.315266770904888
bf16,Hindi,48,"The term ""liquidity"" means how much of the total market value of the financial assets can be sold in a short period of time at a price close to the current market value.",50.59384738761192
bf16,Hindi,49,"In general, the principle of income tax should be based on the individual's personal reasons rather than on the details of the transaction.",38.093843814404536
bf16,Hindi,50,"Therefore, the interest amount does not remain dormant for such periods, and as a result, the interest-bearing asset is created.",31.674727215666543
bf16,Hindi,51,The Indian payment system - UPI - is being linked with other payment systems of the country with the possibility of further enhancing the payment systems across borders with the flow of money with the border crossing.,36.27531997670759
bf16,Hindi,52,Liquid natural gas (LNG) is a major source of energy in the transportation and industrial (fuel) sectors.,29.664052757855917
bf16,Hindi,53,"Although distribution channels can help you increase sales, they do not help you build a long-term company or a sales-qualified brand.",28.28078008337665
bf16,Hindi,54,"Payment systems have played a significant role in the payment ecosystem, and as a result, payment service providers (PSPs) were deregulated in March 2022 and appointed as payment system operators (PSSOs).",43.71105376233748
bf16,Hindi,55,The current regulations apply to those payment groups that conduct online or e-commerce transactions.,54.812424790991855
bf16,Hindi,56,"According to the record, a country will benefit from its comparative advantage in trade, exporting goods in which it enjoys the greatest benefit, and importing goods in which it enjoys a relatively small but still positive benefit.",45.3317714836927
bf16,Hindi,57,"Compared to 6.7% in the previous year, the bank capital has increased by 16.2% year-on-year as of September 2022.",25.008606717081005
bf16,Hindi,58,"The cost of the activities such as planting, harvesting, threshing, reaping, sorting, and transportation of the produce is paid.",41.42052494345992
bf16,Hindi,59,Loans for agriculture and related activities are provided for the purchase of irrigation equipment and other development works in the field of agriculture.,49.31911857988835
bf16,Hindi,60,"The banking regulator is examining the impact of shadow banks on traditional banks and is trying to limit it through better regulation of capital and liquidity, as the disclosure has affected the traditional financial sector and more generally the financial system.",57.47253326424711
bf16,Hindi,61,The official area and more and better information is being collected and the less obvious differences are being found.,38.07128914079271
bf16,Hindi,62,The price of a market basket is determined by the point at which supply and demand are equal.,42.09318383270733
bf16,Hindi,63,"The level of supply and demand for this product is determined by the price and other variables (such as income), in the supply and demand equation.",58.8969657700667
bf16,Hindi,64,"Then, the balance of payments is the sum of the current account, which includes the balance of trade, and the capital account, which includes the balance of payments on current transfers, which are usually a small part of the total amount.",38.40960447368983
bf16,Hindi,65,The difference between the value of exports and the value of imports is called the trade balance.,62.505250877152754
bf16,Hindi,66,"The Minister of State, Shri Girija Singh, in his capacity as the Minister of State (Independent Charge) in the Ministry of Rural Development, (Independent Charge) stated that the Ministry of Rural Development, through its continuous efforts, has brought about improvements in the category of the Global Hunger Index and has addressed the challenges faced by the Ministry of Rural Development in its efforts to connect with the Global Hunger Index.",38.94244412411808
bf16,Hindi,67,"Taking into account these factors, the estimated inflation rate for 2022-23 is 6.7%, with a risk of 7.1% in the second quarter, 6.5% in the third quarter, and 5.8% in the fourth quarter.",37.439375601205285
bf16,Hindi,68,"Although imports have been declining, exports have been growing more than imports.",25.10815098956908
bf16,Hindi,69,"Currently, growth accounting is mainly focused on economic performance (growth rate, GDP as a percentage of GDP, fiscal deficit, GDP as a percentage of GDP, government debt, GDP as a percentage of GDP, tax revenue, etc.) and social performance (poverty, corruption, employment levels, nutrition levels of the general population, etc.).",79.5974666946867
bf16,Hindi,70,"The main focus of the current economic debates is to maintain a balance between social and economic performance, with some degree of consideration for the interrelatedness of environmental performance.",57.953776987434566
bf16,Hindi,71,"After revaluation, the present value of cash flows discounted at the bank's BPLAR rate, including the principal amount revalued and the interest accrued after revaluation, is to be determined. This is to be added to the premium for the revaluation period and the premium for the risk of the borrower category.",44.31533932986707
bf16,Hindi,72,"Finally, to help overcome the crisis and maintain financial stability, the Reserve Bank of India provided a special credit facility of Rs 50,000 crore to the MSMEs, which helped restore confidence in the financial markets.",53.93083303650652
bf16,Hindi,73,"The economic conditions have been worsened by the recent sharp and extraordinary growth rates, unprecedented instability, and people who are becoming more and more risk-averse.",32.21983042194763
bf16,Hindi,74,"The full value of the notes issued by RBI will be treated as cash in the branches of RBI, while the half value and mutilated notes will be treated as notes in the hands of the public and accordingly they will be processed.",50.48602980026501
bf16,Hindi,75,The amount of debt securities in India has increased significantly.,43.29178807784243
bf16,Hindi,76,"Despite the volatile global environment, the Indian economy has remained stable.",54.4109933545157
bf16,Hindi,77,There is a fear in the financial markets that the real economy and financial stability could be affected.,56.134290187361145
bf16,Hindi,78,"If the number of notes is more than 5 and the total value is more than 5,000, it is recommended that the person who is exchanging the notes should send the notes with their bank details (account number, branch name, IFSC etc.) to the bank branch in cash memo form or go to the bank branch in cash memo form and exchange the notes.",39.84996287538963
bf16,Hindi,79,"The court also noted that privacy and confidentiality of personal information and facts are essential components of the right to privacy and therefore, it is imperative that the citizens' best interests be given priority when collecting information for the publication of the CBI. Only such private sources of information may be collected as are necessary, and the use of information may be limited to those purposes for which it was obtained.",51.899426252270246
bf16,Hindi,80,Cybercrime is the act of attacking a computer or network to gain access to other computers or networks.,42.235522795370834
bf16,Hindi,81,All packaged foods and canned foods contain a lot of sodium because salt is used as a preservative.,58.44052100252799
bf16,Hindi,82,"A vehicle may suddenly crash into the interior of a controlled-impact vehicle if it is in motion at the time, if the driver suddenly applies the brakes, if the vehicle is in motion and the driver makes a sudden change in speed, or if the vehicle is in motion and the driver is involved in an accident.",41.42093913860036
bf16,Hindi,83,"But that same morning, a dark prisoner who had been released by Narpat Singh, had reached the English camp and told General that he had heard Narpat Singh say that he would clear the fort but only until he had changed his mind.",53.097480715143575
bf16,Hindi,84,"At this time, the main military commander in Lahore was a Robert Mountgomerie.",47.1033461582448
bf16,Hindi,85,"Although the number of soldiers in the Mian Mir camp was four times that of the British, there was no reason for the British officer to suspect anything when the news reached him from Meerut, and when the news came, he found it difficult to determine whether he was in contact with the secret forces of Meerut or not.",43.45839906739937
bf16,Hindi,86,"Only the smell of them is not enough, but their brain also reacts negatively to them.",23.54243057293909
bf16,Hindi,87,"Daily, new pieces were being added from both sides.",37.35329614589032
bf16,Hindi,88,"If any individual hatred exists, then the name Mangal Pandey is not on the list of martyrs but on the list of murderers.",39.48869125168565
bf16,Hindi,89,"He looked at me for a moment, and then, with a kind of pity, said, ""I'm sorry, there's no room for us here,"" and called me Alvida.",33.58464059249912
bf16,Hindi,90,"Have you ever thought that if we don't remove the mud from our houses and surroundings, what would happen?",55.96820520026064
bf16,Hindi,91,"In recent years, there have been significant changes in our world due to the use of digital technology.",52.250881765045776
bf16,Hindi,92,"In the past, it took several days for a letter to reach its destination, and each recipient would write their own reply and send it separately.",50.865560360344666
bf16,Hindi,93,The fervor of the revolutions is seen as either a positive or negative manifestation of the underlying principles of the revolutions.,31.57702042516932
bf16,Hindi,94,"Every time his wife died, Kaba Gandhi married one after another.",36.42721957477811
bf16,Hindi,95,This article is about the social responsibility of the authors to make the readers aware of the concept of freedom from oppression and injustice.,44.2173716925298
bf16,Hindi,96,It is only this fact that can give us an idea of their capacity and character.,42.76250557876908
bf16,Hindi,97,We could see the thousands of soldiers marching in step and waving their colorful flags and banners as they entered the city from the summit in clear view.,41.92880502958277
bf16,Hindi,98,"They also read the Ramayana and Mahabharata; they also read stories of the Marathas, and the great inspiration of the Hindu chivalry was beating in their young hearts.",43.50620870970919
bf16,Hindi,99,Adequate availability of cloud-free satellite data sets is a hindrance to the use of remote sensing data for agricultural applications during the monsoon season.,64.09256395858144
bf16,Hindi,100,"When we click on a bad advertisement on the internet, it can also reach our computer system.",67.60915319902243
bf16,Hindi,101,"Seeing his cave in a state of crisis, he ran out of the Chilika and killed his enemy with his terrible wounds.",34.92451651000565
bf16,Hindi,102,"They took him with them, Nana Bithur, and went to Kanpur to make an attack.",32.22644090570056
bf16,Hindi,103,The priest and his officials surrounded me.,31.95815565281313
bf16,Hindi,104,"After that, the second Zarkis dynasty ruled for a while.",30.75613207677479
bf16,Hindi,105,Both brothers loved each other very much.,36.53845112403705
bf16,Hindi,106,"I think if they agree to the proposal, it can be explained to others to agree to it.",41.11655305909328
bf16,Hindi,107,"The most dynamic element of urban areas is transportation, with various modes of transport.",74.48137859045436
bf16,Hindi,108,"Right-ahed logs ensure that if a crash occurs, the logs will be followed by a process that can find all the complete and fixed changes in the cell storage and either restore them to the previous values or set them up on new values according to the situation.",48.03669396043034
bf16,Hindi,109,"The main problem is that if more than one thing is blocked, it takes longer to get to and open them, and the logic behind it becomes more complex.",29.68325641061001
bf16,Hindi,110,"If there is any facility for swimming, the practice of avoiding drowning can be done there.",39.79837371011343
bf16,Hindi,111,It is encouraged to ask students if they have any concerns about the first aid process for swimming.,55.24919168627138
bf16,Hindi,112,It was necessary to find out where the national spirit of the Punjab Sipahis had reached.,53.69009348230777
bf16,Hindi,113,Such a generous forgiveness was not natural to my father.,68.06206687126563
bf16,Hindi,114,"This rebellion gave Henry a great deal of pleasure because now he had a strong and loyal army, which included the English cannon and the Sikh and Hindu cannons, all of whom had proven their loyalty to the test of battle.",33.43017922967456
bf16,Hindi,115,"The weapons were arranged in rows, the meal was ready, and the hungry people were already boiling the first porridge; the cups were filled with water.",49.70184513038278
bf16,Hindi,116,"The English soldiers, having drunk their blood from their bodies, did not eat their food by chance, but by hard work; so eat your meals with your officers in these gardens!",29.080832164256357
bf16,Hindi,117,"You have seen the seed growing in the plant, which then grows into a plant, or you have seen other animals, such as puppies growing into dogs, or cats growing into kittens.",50.04866874077587
bf16,Hindi,118,Boys are also equally unprotected from sexual abuse.,54.414755761271394
bf16,Hindi,119,"When Zanskar was in the process of being flooded and was being evacuated, Bikaner saw his sons preparing to take their swords from the Mianos and was threatening them, saying that if they took their swords from the Mianos, he would reveal to the Fingers the details of their actions and then tell the Fingers to cut off their heads.",34.796605845650795
bf16,Hindi,120,"The film producer who was mainly responsible for making scary movies popular was Jim B. Wadsworth, and his brother Homie Wadsworth.",39.85977371541979
bf16,Hindi,121,"The train romance film Typhoon Mel (1932), in which many scenes of a train being hit by a typhoon were filmed on the roof of the train, became the king of this genre.",39.01216969326689
bf16,Hindi,122,"Assamese cinema is the cinema of Assam, the state of Assam in India.",43.615282239237104
bf16,Hindi,123,The transformation of the finest works is not as transparent as the original works.,28.89790221538408
bf16,Hindi,124,"It is important to note that this is a temporary handkerchief, and the intention is clear.",30.818177196251785
bf16,Hindi,125,They make the novel a little more complicated and the result is a hybrid of many styles.,44.45166872675823
bf16,Hindi,126,"The first online film review program, F.T.I.I., was launched from June 15 to July 11, 2020.",31.409254579636325
bf16,Hindi,127,"The curriculum was prepared by the National Film Archive of India, Pune, in collaboration with the state.",57.92875104251883
bf16,Bengali,0,"The external appearance is a collection of features related to the people who provide the service, such as shoes, clothes, jewelry, hair, makeup, accessories, watches, perfumes, etc.",50.53248524541397
bf16,Bengali,1,"The 33 caves in the Ajanta Caves, located in the Aurangabad district of Maharashtra, are decorated with Buddhist art and frescoes from the first century BC to the fifth century AD.",57.3316614655738
bf16,Bengali,2,The veins of the skin merge with the color of the hair to create a sense of depth.,26.087789545361623
bf16,Bengali,3,"Where the previous history was made of stone and earth, Ashoka started the use of stone in the construction of pillars and stupas.",36.42879078366791
bf16,Bengali,4,"Boiled in oil, marinated in spices, and fried until it's cooked, this is the dish that is made in Maharashtra.",27.131315576762194
bf16,Bengali,5,"The Chettinad cuisine is a cuisine of the Chettinad region of Tamil Nadu, India, named after the Chettiar community, or their own name, Nattukottai Chettiyar, which is a community of Tamil-speaking people.",52.959818278673296
bf16,Bengali,6,"Daruchini is mainly produced in India and is used as a spice, from aromatic herbs to medicinal herbs.",26.289554818418317
bf16,Bengali,7,All of these can be made into a dried fruit or a dried fruit.,17.62801419107251
bf16,Bengali,8,"The taste of each city in Punjab is different, such as Amritsar's Amritsar Kuchha, Purbhara Pora, and dairy products.",34.32818211292625
bf16,Bengali,9,He was sent to this sage and also to Laxman.,18.374885896869223
bf16,Bengali,10,"But the work of Mangal Pandey, which was done with great courage and devotion to high and noble principles, was done.",54.19906246962187
bf16,Bengali,11,"When the peas are washed, cook the meat in a pan with onions and turmeric, and cook it for 5-6 minutes until it is tender.",28.25776541228612
bf16,Bengali,12,"The book is a philosophical treatise on the nature of man, written in the form of a dialogue between a man and a bird.",22.79526613462357
bf16,Bengali,13,The purpose of this book is to encourage the ability to express oneself in Sanskrit and the education of good conduct and behavior.,49.00279840319357
bf16,Bengali,14,"In the book titled ""History of Hooghly Town"" (Volume I and II), published in 1994 and 1995, Professor Ashok Kumar Banerjee played a prominent role in the compilation of the complete history of Hooghly town.",41.17637540578418
bf16,Bengali,15,"The front part of the temple is mostly covered with a half-circular railing decorated with a sculpture of a seated Buddha, and in some cases there is no entrance to the temple.",35.14644076656524
bf16,Bengali,16,'Maharaja' and 'Khansama' (the common names of the local chefs in India)-have made their cuisine very sophisticated over centuries and this cuisine has been passed on from generation to generation for thousands of years.,41.24465053611576
bf16,Bengali,17,"Traditionally, a main cook and a helper cook prepare the meal together.",20.07265126299321
bf16,Bengali,18,"Poha is a popular snack in Maharashtra, a thick roll of rice and vegetables (poha) stuffed with a spicy curry (poha) and cooked in a pan with oil.",32.403982177465046
bf16,Bengali,19,"The works of Lal Ded and Habba Khatoon are known for their mystery and expression of suffering, while the works of Mirabai in Rajasthan are known for their unique devotion, and the works of Andal in Tamil are known for their mystery, and the works of Akka Mahadevi in Kannada are proof of the great contribution of women in the literature of the time.",54.9620942018861
bf16,Bengali,20,The cave where the Buddhist wall paintings are located is 97 km away from the Dharamshala district in the middle of the state.,42.98513530391106
bf16,Bengali,21,"The original meaning of the word ""tree"" in Sanskrit is a branch of any tree, but in a figurative sense, it means the root, the lowest part, or the ground.",48.98950577602418
bf16,Bengali,22,The Sindhu civilization is known for its technological knowledge in various fields.,64.48997621743472
bf16,Bengali,23,All Kauravas were killed; only the Pandavas and Kṛṣṇa survived.,42.56287000821339
bf16,Bengali,24,The battle lasted for 20 days and ended with the defeat of the Kauravas.,67.80230074338704
bf16,Bengali,25,"The central story of the Mahabharata is the struggle for the throne of Hastinapura, the capital of the Yadava clan, a tribe named after the hero Bharata.",43.93831375916047
bf16,Bengali,26,"The number of non-vegetarians in Karnataka is more than that of the Amish, so most of the non-vegetarian food is included in their diet.",46.40162575112304
bf16,Bengali,27,"He said to Sanjay, who was describing what was happening on the battlefield.",53.90598209733047
bf16,Bengali,28,Two epic poems in Tamil are Shilappadikaram and Manimekalai.,59.13362243884514
bf16,Bengali,29,This area uses the Lankhauk (Lanka) as a precautionary measure.,17.137786018778826
bf16,Bengali,30,"The word ""union"" is derived from the Sanskrit root ""yuj,"" which means ""to join"" or ""to unite.""",55.65956644934468
bf16,Bengali,31,"The numerous sculptures carved on the walls of the Puri Jagannath Temple, which are innumerable, are the source of the present Odia identity.",34.66716827779796
bf16,Bengali,32,"Bishnu then turned to the king and spoke in a calm voice: ""Your Majesty, if you promise to do so, it will be bad for you.",36.08255780782456
bf16,Bengali,33,"After understanding the magnitude of Arjun's despair, Krishna begins to impart his spiritual duties to the world.",26.87063242392848
bf16,Bengali,34,"When adding salt to the soup, you can also add a little orange juice.",20.500340424993794
bf16,Bengali,35,"You can start with a spoonful of carrot juice, then add a good amount of chopped chilies.",21.4280888198576
bf16,Bengali,36,"In 1835, the Maharaja Ranjit Singh donated the land for the construction of a magnificent gateway in Nanded, which was made of exquisite workmanship and gold gilded.",34.660838456649145
bf16,Bengali,37,Sambas are a collection of tunes and rhythms that are not only in sync with the beat but also with the mood.,19.30024065682144
bf16,Bengali,38,"From the description of the capital city of Kosala in the Mahabharata, it is clear that ancient Ayodhya was not a part of our modern city.",69.26316445937564
bf16,Bengali,39,"Once you say ""I will do it"", there is no other option for you.",28.52169822358272
bf16,Bengali,40,The current exchange rate of the currency and the sufficient amount of foreign exchange for our imports are the subject of different opinions.,32.512980227978694
bf16,Bengali,41,"If any credit card account is not paid for more than three days, the bank will inform the credit card issuing banks (ICICI) of the overdue account or charge a penalty for non-payment, such as late payment charges.",43.79258939772093
bf16,Bengali,42,Economic development can encourage countries to provide incentives for direct investment.,43.51558279499404
bf16,Bengali,43,"However, the award for the quick implementation of the package is that if the approved package is implemented within 90 days, the reapplication for the bank can be accepted, and the status of the property in the property classification department can be returned.",48.98038896694168
bf16,Bengali,44,"What is the role of individual capital accumulation in the concentration of property in the hands of the wealthy, or does it promote growth, competition, and technological progress while reducing inequality?",58.272287568362735
bf16,Bengali,45,It takes a lot of effort to stay in the market and keep hope alive.,27.96931796978048
bf16,Bengali,46,The second quarter of the year is the period of high-usage economic activities.,26.03268586717356
bf16,Bengali,47,"The main subject of macroeconomics is how a country and all its markets interact to create a large global economy, and economists call this total output.",42.82387308084478
bf16,Bengali,48,The limit of liquidation is set by the amount of assets that can be sold at market value within a short period of time.,37.471291697630456
bf16,Bengali,49,"Broadly, the principle of travel rights should be one of non-interference in the internal affairs of other states and of restoring the status quo ante.",28.80041406022254
bf16,Bengali,50,"Therefore, there is no interest left to pay, and so the date of payment of interest is not applicable.",38.06341436347444
bf16,Bengali,51,The rapid trade liberalization in India - in addition to the liberalization of the trade regime in other sectors - will also enhance the potential of the border trade regime in India to be liberalized.,20.945907213497648
bf16,Bengali,52,"The power sector and chemical industry centres are used for power generation, so the power division has greater importance in liquid natural gas (LNG).",31.870918975451108
bf16,Bengali,53,"However, markets can help you grow your business, but they are not a way to create your own marketable brand.",45.7331341662517
bf16,Bengali,54,The role of the financial intermediaries (PAs) in the financial system is crucial and that is why they were included in the law of 2020-03 and the financial system regulator (PAS) was given the title.,25.10720017510257
bf16,Bengali,55,"However, these rules are applicable to those who use online platforms or those who conduct business transactions.",36.03578169188576
bf16,Bengali,56,"Ricardo's view was that a country would benefit from trade if it had a comparative advantage in the production of a good, and if it could import that good at a lower opportunity cost than it could produce it itself.",33.97155164970712
bf16,Bengali,57,"As of September 9, 2022, the bank's assets have increased by 16.2% year-on-year, which is faster than the previous year's 6.7% increase.",29.027470722044225
bf16,Bengali,58,"They are included in the loans for the pre-harvest and post-harvest activities, such as the application of pesticides, the application of manure, the harvesting of crops, sorting, threshing, and transportation.",49.43374843257228
bf16,Bengali,59,"The purchase of agricultural machinery, water supplied by borewells, and other development-related activities will be included in the medium and long-term loans for agriculture and other related activities.",62.353730099638206
bf16,Bengali,60,The approval of the financial sector to the bank has led to the examination of the issue of the historical banks and the efforts of the banking regulators to consolidate the banking theory through the best capital and liquidation laws.,35.55378400270003
bf16,Bengali,61,Government departments have been collecting more and more data and looking for hidden weaknesses since the global economic crisis.,39.521888239311295
bf16,Bengali,62,The equilibrium price is determined by the demand for a specific quantity at a given price.,43.35738977671462
bf16,Bengali,63,The equations of the economy determine the value and other flow variables (such as wages) of the supply and demand for goods.,47.40475200600566
bf16,Bengali,64,"At that time, the amount in the account was the sum of the business income (such as interest, foreign investment returns, or employee remittances) and foreign income (such as foreign aid), which are usually a small fraction of the total amount.",55.75938148949212
bf16,Bengali,65,The difference between trade and commerce is trade balance.,31.017536020748675
bf16,Bengali,66,"Micro, small and medium enterprises (MSMEs) are the backbone of the Indian economy. The Minister (Deputy Chairman) of the Ministry of Micro, Small and Medium Enterprises (MSME) Shri Giriraj Singh, while addressing the 15th Global MSME Summit organized by the Ministry of MSME in New Delhi on 19-20 December 2018, said that the continuous efforts have resulted in improvement in the rating of MS",53.66658415328048
bf16,Bengali,67,"Taking into account these factors, the impact of inflation in the second quarter was 7.1 percent; in the third quarter, 6.5 percent; and in the fourth quarter, it was maintained at 5.8 percent, with 6.7 percent in 2022-23.",59.668037010054654
bf16,Bengali,68,"Despite the slowdown in domestic demand, the country's exports have increased.",17.787215527983435
bf16,Bengali,69,"The current rate of growth is primarily determined by economic capacity (growth rate, GDP as a percentage of revenue deficit, GDP as a percentage of government debt, GDP as a percentage of tax revenue, etc.) and social capacity (poverty, inequality, unemployment rate, population growth rate, etc.).",53.7736174967446
bf16,Bengali,70,The social and economic impact of current economic discussions is so great that the environmental impact is somewhat ignored in the process of mutual interaction.,43.95089922523484
bf16,Bengali,71,"The present value of the cash flow of the restructured debt is the amount of cash flow that is discounted at the bank's prime lending rate on the date of restructure, and the restructured debtors' class will be charged with a corresponding maturity premium and a premium for risk on the date of restructure at the same prime lending rate.",48.43120559042831
bf16,Bengali,72,"Later, to withstand the pressure of liquidation and preserve economic stability, the RBI has introduced special liquidation facilities worth Rs 50,000 crore for the purpose of recapitalizing the banks.",29.95292444240698
bf16,Bengali,73,"The recent rapid growth and even faster growth of the economy, the ultimate instability and risk of disintegration have been the cause of the emergence of the economic crisis.",27.471874108097367
bf16,Bengali,74,The full value notes will be treated as cash in transit and the half value notes and cancelled notes will be treated as cash in transit and will be processed accordingly by RBI office.,48.829436204211234
bf16,Bengali,75,The amount of debt relief in India has increased significantly.,27.601572403174163
bf16,Bengali,76,"Despite this unstable environment, the Indian economy is stable.",54.03228662441387
bf16,Bengali,77,The real economy and economic stability have seen a powerful transformation in the financial markets.,43.67743698446228
bf16,Bengali,78,"If the number of notes given by any one is more than 5 but less than 5,000, then the person should advise the recipient to deposit the notes in his/her bank account (account number, branch name, IFSC etc.) at the nearby cash counter or take them to the cash counter himself/herself.",40.39885014919242
bf16,Bengali,79,"The court also saw that personal data and privacy are an integral part of the right to privacy and that for that reason it is mandatory to give the utmost benefit of the doubt to the citizens when collecting personal data, only collecting the data that is necessary and only using it for the purpose for which it is collected.",49.40990825898095
bf16,Bengali,80,"A cybercriminal may attack a computer or intruder to steal data or destroy it, or to cause other damage.",43.52483386142934
bf16,Bengali,81,The presence of salt in the form of pickles used as a preservative in all packaged and canned food products results in high sodium content.,55.98717957200087
bf16,Bengali,82,"A car with no seat belts can be driven in reverse, or even jump from one side to the other.",14.365706274391972
bf16,Bengali,83,"But, at that very moment, a white-bearded prisoner was released from the English camp and informed the General that he had heard that Narpot Singh would not surrender without a fight.",42.273441184093386
bf16,Bengali,84,"At this time, the main military officer of Lahore was a Robert Montgomerie.",62.335519629703626
bf16,Bengali,85,"In the camp of Mirza, the number of Sepoys was more than four times that of the English soldiers, but no suspicion was raised by the English officials about the matter until the news reached them from Meerut, and the question of whether there was any secret communication between the Sepoys and the camp of Mirza remained a difficult one for them.",48.49306628717236
bf16,Bengali,86,"They are not just addictive, but also have harmful effects on the brain.",55.32911173397452
bf16,Bengali,87,"Day by day, new armies came from both sides.",38.98191825624833
bf16,Bengali,88,"If there is any personal hatred, then the name of Mangal Pandey is not a martyr, but a killer.",35.810637712448504
bf16,Bengali,89,"He looked at me for a moment and said, ""I am very sorry, we have all been taken away,"" and bid me farewell.",41.77344196922695
bf16,Bengali,90,Have you ever wondered what would happen if you didn't remove the noise from your home or the surrounding area?,43.51940825308735
bf16,Bengali,91,"In recent times, the use of digital technology has made the world around us a witness to many changes.",53.402019036251225
bf16,Bengali,92,"In the past, it took many days for a letter to reach its destination, and each recipient would write their own reply.",43.609113743143865
bf16,Bengali,93,"The underlying philosophy of the revolution is perceived as either beneficial or harmful, and thus, the nature of the revolution is perceived as either sacred or profane.",33.962722038238994
bf16,Bengali,94,"On the death of his wife, he married four times in succession.",50.94341033649879
bf16,Bengali,95,The idea of emancipation of the masses from the shackles of oppression was the inspiration for the writing of the poet.,23.136065827519992
bf16,Bengali,96,Only this information is sufficient to determine his power and character.,45.008533162564575
bf16,Bengali,97,"From Shillong, we walked through thousands of sepias in a tight line and sang the Kuchkawaj song in the sari, and I could see the city clearly as I walked through the various flags and insignias.",34.4439019763287
bf16,Bengali,98,"Ramayana and Mahabharata are read together; they read about the military achievements of the Marhattas, and the epic of Hindu valor inspires the young hearts of the people.",42.57050065841932
bf16,Bengali,99,The main obstacle in using remote sensing data for agricultural applications in rainy seasons is the insufficient amount of data from optical remote sensing satellites.,45.241461586941526
bf16,Bengali,100,Clicking on any ad on the internet can lead to it reaching our system.,31.945338506872258
bf16,Bengali,101,"In his own cave, he saw the disaster, and was startled by the sound of his right hand, and fled from it, and he struck the enemy with his terrible blow, and he killed him.",31.38686986078831
bf16,Bengali,102,They followed them to various places of worship and gave them the idea of attacking Kanpur.,21.047565917131564
bf16,Bengali,103,The staff and Mr. Thapar came up to me and joined me.,20.81704085818315
bf16,Bengali,104,"After that, a short time later, the second Jerzeks came.",29.37013335088153
bf16,Bengali,105,There was a strong bond between brothers.,22.344602204230608
bf16,Bengali,106,"If they agree to this proposal, then others will also be willing to follow the same path.",37.80046334483537
bf16,Bengali,107,The most notable feature of the urban area is the variety of transportation.,63.85232294030783
bf16,Bengali,108,"It is certain that the process of recovery from any crash will be carried out in a manner that all the complete and relevant changes in the system will be found in the log, and the situation will be restored to the old way or changed to a new one according to the situation.",30.198571936935192
bf16,Bengali,109,"The balance of forces in the game is the first, and if one side is in a disadvantage, it will take more time to get the advantage, and the second is that the logic of the game is more complex to be right.",32.2802645754368
bf16,Bengali,110,"If the opportunity to dive is available, the best way to practice is to use the skills to survive underwater.",28.388407499509643
bf16,Bengali,111,"If there is any doubt about the first aid, the students should be encouraged to ask questions about it.",59.90039989482886
bf16,Bengali,112,It was necessary to show how much the national consciousness of the Punjab sepoys was awakened.,45.0935298515375
bf16,Bengali,113,This kind of great mercy was not natural to my father.,55.62252150424115
bf16,Bengali,114,"In the end, this rebellion pleased Sir Henry, who had a choice of an English regiment and a cavalry regiment, and a regiment of loyal soldiers and a tough test to prove their loyalty.",32.86922698018787
bf16,Bengali,115,"The four directions are adorned with weapons, the morning meal is prepared, the mouths are parched with thirst, and the cup is filled with water.",24.94290861385961
bf16,Bengali,116,"British army, you have conquered the dawn by beating your head with a stick, not by flowing blood in your body, so sit in the cool shade of the Ambari and enjoy the dawn with your commander.",38.09204218470251
bf16,Bengali,117,"You have seen the seed germinate into a sprout, and then a tree grow, or the dogwood from a puppy to an adult dog, or the chickadee from a chick to an adult bird.",24.31999108317778
bf16,Bengali,118,Boys are also equally unprotected in front of sexual violence.,38.07427977098179
bf16,Bengali,119,"When the fire was set in the bamboo, the two sons saw their father being killed by the arrows, and they were told by the bamboo that if they took up the bow, he would reveal their crime to the arrows and then kill them.",22.785705251299408
bf16,Bengali,120,J. B. Wadia and his brother Homi Wadia were the film producers who made this stunt film popular.,45.9731263081141
bf16,Bengali,121,"From the train carriages with many scenes of disaster on the roof of a moving train, the Typhoon Mel (1932), they became the king of this genre.",44.87665640407435
bf16,Bengali,122,"Assamese cinema is a film industry in Assam, India, which is primarily in the Assamese language.",72.45609574522021
bf16,Bengali,123,The translations of the classics of ancient literature are not entirely accurate.,27.75758501331561
bf16,Bengali,124,"More importantly, a modern hand technique and this way of doing it is what is being used.",26.38248482803733
bf16,Bengali,125,"They reworked the novel into something else, and the result was a hybrid, a mixture of a dozen squares.",62.866819173931965
bf16,Bengali,126,"The first online film appreciation course was launched on June 15, 2020, until July 11.",34.84764026335292
bf16,Bengali,127,The course was developed in conjunction with the Archive of Indian Cinema.,44.63867052989092
bf16,Tamil,0,"The term ""appearance"" refers to a collection of features that are related to the person, such as clothing, accessories, jewelry, makeup, makeup, hair accessories, beauty products, and accessories.",33.8126524628825
bf16,Tamil,1,"Ajanta caves are located in Aurangabad district of Maharashtra, India, and were painted by Buddhist artists from the 2nd to the 5th century CE.",39.43777940607927
bf16,Tamil,2,The skin is a combination of various colors and has a unique appearance.,12.385328711122186
bf16,Tamil,3,"Ashoka used stone for inscriptions on a large scale, but before that, trees and stone were used for inscriptions.",22.056711926414525
bf16,Tamil,4,"The famous flavors of Maharashtra cuisine include fish cooked in coconut oil with spices, and the fish is then fried in oil.",27.433892318600456
bf16,Tamil,5,"Settler cuisine is the cuisine of the Settler community, which is the cuisine of the Settler community, which is the cuisine of the Settler community, which is the cuisine of the Settler community, which is the cuisine of the Settler community, which is the cuisine of the Settler community, which is the cuisine of the Settler community, which is the cuisine of the Settler community, which is the cuisine of",23.46737923027187
bf16,Tamil,6,"Lavang is the oldest plant in India, and it is used in a variety of ways, from spices to medicines.",24.37298082743233
bf16,Tamil,7,It can be made into a cake with a piece of dough or flour.,20.226553647373887
bf16,Tamil,8,"Every city in Punjab has its own set of preferences, for example, Amritsarites have Amritsar ki Kulcha, Sattu Pattad, and Chole Bhature.",35.94846671534413
bf16,Tamil,9,"Ramana and his disciple, Lakshmana, were sent to the forest.",31.459948521964908
bf16,Tamil,10,"However, the valor of Mangal Pandey was aimed at a higher and noble cause.",31.44309024293282
bf16,Tamil,11,"The color of the green changes when it is mixed with roasted lentils and a little bit of red powder, and all spices are well absorbed in the lentils until they are cooked for about 5-6 minutes.",39.79998960603201
bf16,Tamil,12,"Hitoopadesa is a book that tells about the world of science through characters of animals, birds, and humans.",60.45083335743941
bf16,Tamil,13,The purpose of this book is to encourage the reader to appreciate the richness of Sanskrit language and its literary tradition.,40.74214751535076
bf16,Tamil,14,"Dr. Ashok Kumar Pantyay was a pioneer in documenting the entire history of the village of Hauraha, which he did in 1994 and 1995, and it was named Hauraha Saharayir (First and Second Edition).",33.695603530424684
bf16,Tamil,15,"The main entrance of the temple is a half-dome, which is open on the front, and in some places there is no main entrance, but a main dome.",26.79819696884178
bf16,Tamil,16,"The headhunting tribes of the Meghalaya region, known as 'Maharajas' and 'Khasa' (the traditional names of chefs in India), have enriched the cuisine with their culinary skills over centuries. These culinary skills have been passed down through generations.",37.86745645860268
bf16,Tamil,17,"Traditionally, the food is prepared by Vasanta Vasas, the main chefs, and their assistants, the Vasasakas.",29.09497244765268
bf16,Tamil,18,"Poha is a popular breakfast in Madhya Pradesh, which is made of steamed rice balls (poha) with grated coconut (poha) and served with a spicy, crunchy, and crispy roti (poha).",26.348390612113565
bf16,Tamil,19,"The poems of Lalit and Habba, the Kashmiri poets, are full of the intense sorrow of the exile, and the poems of Meerabai, the Kashmiri poet, in the Rajasthani language, are unique in their devotional fervour, and the Tamil poems of the women of the Andal period and the Kannada poems of the goddess Akka Mahadevi are the proofs of the great contribution made by women to the literature of the period.",41.18663056123808
bf16,Tamil,20,"The Panch Kosi Temple, with its 97 temples dedicated to the gods of the Panch Kosi, is located 97 km from the town of Tarai in Madhya Pradesh.",39.357684738792045
bf16,Tamil,21,"The word ""māgala"" in Sanskrit literature refers to a fruit or a tree's branch, but it is also used as a metonymy to refer to the lower part of a tree, the trunk, or the base.",37.742861509659456
bf16,Tamil,22,The Sinhalese culture has been known for its contributions to various fields of science and technology.,33.33124524497349
bf16,Tamil,23,"The gods are all in the form of a snake, except for the five Pandavas and Sri Krishna.",34.415359108889696
bf16,Tamil,24,"The war has lasted for 90 days, and the victors have been defeated.",24.62382521140737
bf16,Tamil,25,"The battle for the throne of Astana was the central story of the Mahabharata, the kingdom of which was located in the north of modern-day Delhi, and it was the precursor of the Kotalraja kingdom.",42.8963287236568
bf16,Tamil,26,"The number of Hindus in Karnataka is more than that of Buddhists, so most of the food in the state is Hindu.",29.0499689426358
bf16,Tamil,27,"He replied to Sanchay, saying that what is happening in the war.",33.89352635104695
bf16,Tamil,28,"There are two epics in Tamil, Silappadikaram and Manimekalai.",62.17339298417899
bf16,Tamil,29,Rice flour is used with caution in this region.,37.26496912262196
bf16,Tamil,30,"The word yoga derives from the Sanskrit word yuj, meaning ""to yoke"" or ""to unite."" It is the union of the individual self with the universal self.",47.7103461275195
bf16,Tamil,31,Contemporary Odissi dance has evolved from a multitude of intricate sculptures carved on the walls of the temples of Odisha.,51.512776951921325
bf16,Tamil,32,"Vakil said to the king, ""Your Majesty, if you have given your promise, then you cannot change it.""",22.127984633175355
bf16,Tamil,33,"When Arjuna realizes how much he has been wronged, Krishna starts teaching him the secrets of dharma that govern the world.",30.66905149745017
bf16,Tamil,34,"When adding rice to the pot, you can also add a little bit of green beans.",23.403161163044608
bf16,Tamil,35,"First, put a piece of ginger in the pot and then add the well-cooked rice.",20.40902845185743
bf16,Tamil,36,"The magnificent, ornate, and beautiful Kurudwara temple was built on the site of the ancient pond that was constructed by Maharaja Ranjit Singh in 1835, thanks to his gift.",31.56842226485585
bf16,Tamil,37,The prescribed syllables of the Sama Veda are those that are associated with the notes of the raga.,18.42867508459568
bf16,Tamil,38,"The ancient city of Ayodhya is not less than our modern cities, as stated in the Valmiki Ramayana.",35.187931333486326
bf16,Tamil,39,"If I say ""I will do it"", then I must do it, there is no other way.",22.66605674445464
bf16,Tamil,40,"Recently, there have been different opinions on the exchange rate of the rupee and the extent of our black money.",57.14485671844049
bf16,Tamil,41,"A bank may notify the consumer that the credit card account is not being debited for a period of three days after the due date, or charge a late fee, which is also known as a late payment fee.",28.245487650328933
bf16,Tamil,42,Countries can accept direct investments to improve their financial situation.,55.65420185248568
bf16,Tamil,43,"However, to speed up the process, the bank can approve the package and implement it within 90 days from the date of the application, at which point the same status as the original application can be maintained for the revaluation of the property.",42.73970544242668
bf16,Tamil,44,"Is it possible for a few lakes to sink into the ground by the inexorable force of gravity, or is it the balance of forces such as growth, competition, technological progress that reduces it?",38.51980942917318
bf16,Tamil,45,"It is a market that provides a steady supply of goods and services, and it is a market that provides a steady supply of goods and services.",19.679735591754355
bf16,Tamil,46,"The data for the second quarter shows a rapid increase in the rate of change, indicating that the economy is still facing challenges.",27.335584926288604
bf16,Tamil,47,"The prevailing economic theory is that a country's economy and all its markets are interconnected and interdependent, and this is what economists call a large-scale network.",33.80321476370424
bf16,Tamil,48,"Inflation is the rate at which the general level of prices for goods and services is rising and, subsequently, purchasing power is falling.",18.113302506877023
bf16,Tamil,49,"The income generation approach should be implemented in a way that it is in line with the experience of poverty alleviation, and not in the context of any particular set of beliefs.",27.615745123397637
bf16,Tamil,50,"Therefore, these interest payments are not included in the interest period, and therefore are not included in the interest rate.",30.10062346845749
bf16,Tamil,51,"The Indian Union Payments System (IUPS) is a network of banks and other financial institutions in India that is linked with similar networks in other countries. The system is also used to facilitate cross-border remittances, including money transfers to and from India.",34.32181401785799
bf16,Tamil,52,It is also used in the power generation industry (coal-fired) and in the manufacturing of steel.,19.804805698695187
bf16,Tamil,53,"However, while it is a good place to start a business, it is not a good place to build a long-term business.",26.321679547241818
bf16,Tamil,54,"The Council of Ministers (PM) plays a key role in the budgetary process, and therefore, they were included in the budgetary process in March 2020 and were renamed as the Council of Ministers (PM) (PMS) in the budget.",29.27169135091056
bf16,Tamil,55,"However, the current regulations apply only to those who use the internet or online services.",34.25575548059346
bf16,Tamil,56,"However, this country, which has the most abundant supply of goods, accepts them in full and rejects only a small number of goods (in a normal way) in exchange for its own supply of goods that are in line with its own needs, which is the essence of the Ricardo's theory.",22.737117794519644
bf16,Tamil,57,"The bank loan rate, which was 6.7% a year ago, has increased to 16.2% year-on-year as of September 2022.",29.06994598350626
bf16,Tamil,58,"The activities of the previous and subsequent harvests are supported by the use of fish fertilizer, seed collection, harvesting, sorting, grading, and the transportation of the produce of the own farm.",46.99451543592112
bf16,Tamil,59,"In the medium and long-term loans for agriculture and related activities, the irrigation of the land and other development activities are carried out in the water-scarce region.",49.83552046770372
bf16,Tamil,60,"Banking analysts are assessing the impact of the industry on the banks, and are trying to bring them back through investments and capital, as the industry is a major threat to the banks, and in general, the economy.",28.76069984825938
bf16,Tamil,61,"From the global financial crisis, the government has been collecting more and better information to search for hidden poverty.",60.54522852623418
bf16,Tamil,62,"The market price is determined by the balance between supply and demand, which is the price at which the quantity supplied equals the quantity demanded.",47.08302753250443
bf16,Tamil,63,The equations of the system of units are used to express the units of measurement in terms of the base units.,20.00603846016949
bf16,Tamil,64,The current account balance is the sum of the current account deficit and the capital account surplus (foreign investment or remittances from workers abroad) and is a small fraction of the total.,46.55561777148648
bf16,Tamil,65,Trade surplus is the difference between the value of exports and imports.,44.87014124629263
bf16,Tamil,66,"During the opening ceremony of the 15th World Congress of Small and Medium Enterprises (SMEE) held in New Delhi on December 19-20, 2018, in the presence of the Minister of State (Independent Charge) for MSMEs (Ministry of Micro, Small and Medium Enterprises), Shri Kiranji Singh, he said that with sustained efforts, the challenges in linking MSMEs with JSCs have been overcome and",45.11926404452281
bf16,Tamil,67,"Considering these factors, the share of the budget for the 2022-23 was 6.7% in the total, 7.1% in the second quarter, 6.5% in the third quarter, and 5.8% in the fourth quarter.",24.48201164095032
bf16,Tamil,68,"Despite the decline in Indian exports, it is still more than imports.",21.2174602731205
bf16,Tamil,69,"Today, economic growth is measured by economic growth rate (GDP growth rate, capital investment, government debt, GDP growth rate, poverty, inequality, employment, and food security).",31.03463711312656
bf16,Tamil,70,"The current debates on economics and social development are focused on the balance between social and economic development, and do not pay much attention to the relationship between them and environmental management.",42.778603171006345
bf16,Tamil,71,"The repayment of the loan is calculated at the prevailing interest rate of the bank's PIBOR, which is adjusted by the discount rate of the loan at the time of repayment, and the borrower must also pay the appropriate premium and loan amortization premium in the form of a premium and loan amortization premium in the form of a premium and loan amortization premium in the form of a premium and loan amortization premium in the form of a premium and loan amortization premium in the",34.560545752598124
bf16,Tamil,72,"Following this, the Reserve Bank of India took up the challenge of mitigating the crisis and safeguarding financial stability by launching a special facility (SLF-MLF) of Rs 50,000 crore for mutual financial assistance, which helped in building confidence in the financial markets.",51.91628019973166
bf16,Tamil,73,"The recent surge in prices has been followed by a sharp increase in prices, which has led to a slowdown in economic activity, a sharp increase in inflation, and a shift towards nuclear energy.",24.807841558101483
bf16,Tamil,74,"All notes of Rs. 1000 and above are considered as cash and are deposited by RBI in the bank. Similarly, all notes of Rs. 500 and below are considered as cancelled notes and are not deposited by RBI in the bank. Accordingly, all notes of Rs. 500 and above are considered as cash and are deposited by RBI in the bank. Similarly, all notes of Rs. 500 and below are considered as cancelled",25.362697439606297
bf16,Tamil,75,The number of banknotes in India has seen exponential growth.,29.09243658812172
bf16,Tamil,76,"Despite the existence of such a harsh environment on a global scale, the Indian economy has been able to withstand the effects of the pandemic.",44.68628719722376
bf16,Tamil,77,"There is volatility in the financial markets, which could have consequences for the economy and the state of the financial system.",56.54627781394226
bf16,Tamil,78,"If the number of notes is more than five but less than 5,000, the person who has the notes should inform the bank branch where the notes are kept (account number, branch name, IFSC code) by sending the notes along with the bank account details (account number, branch name, IFSC code) in the form of a security deposit or by going there in person and exchanging the notes.",42.100827642264655
bf16,Tamil,79,"Furthermore, the right to privacy is an essential component of the right to be left alone, and therefore, when collecting data for the purpose of providing services to citizens, it is necessary to give priority to the public interest, and only data with a personal identifier should be collected, and only the data collected for the purpose of the collection should be used.",49.1995946272698
bf16,Tamil,80,A hacker is someone who attacks a computer or network with the intent of stealing or destroying data.,32.82422324696627
bf16,Tamil,81,"Spices are used as a preservative in all packaged and pickled foods, so they contain a lot of sodium.",43.21346203254801
bf16,Tamil,82,"If the car is not equipped with a seatbelt, it can be thrown out of the car when the brakes are applied suddenly, or when the car is hit.",19.195937116754877
bf16,Tamil,83,"However, the next morning, when Narpat Singh was told that one of the prisoners had come to the English camp, saying that he would be killed if he did not kill the enemy first, he was furious and said, ""I will kill the enemy first, and then I will kill you.""",36.14857598340405
bf16,Tamil,84,"At that time, Robert Mondragon was the head of the Basque Nationalist Army.",31.78554046574712
bf16,Tamil,85,"Despite the fact that the ratio of Englishmen to Indians was four to one in Meerut, no one doubted the news from Meerut to the English authorities, but when the news came, it was not clear whether the Englishmen were secretly connected with the Meerut Indians.",38.59673973723243
bf16,Tamil,86,They can be fatal to the brain as well as the body.,19.90563004281177
bf16,Tamil,87,The new products were coming in from both sides.,48.380031058325926
bf16,Tamil,88,"If the Kauravas had a separate Kurukshetra, then Yudhishthira's name would not have been included in the list of slain warriors, but would have been included in the list of those who had been killed in battle.",37.39434901226056
bf16,Tamil,89,"He looked at me for a moment and then said, ""Forgive me, there is no room here.""",25.009976775781013
bf16,Tamil,90,What happens if you don't remove the dust from your house and surroundings?,34.690692516139485
bf16,Tamil,91,"In recent years, digital technology has brought about a lot of changes in the world around us.",58.28473210384912
bf16,Tamil,92,"A letter takes a year to reach the post office, and every subscriber sends his or her own reply.",36.9776202063976
bf16,Tamil,93,The question of whether the people who run them are saints or devils depends on how much good or evil they are doing.,21.46438550357911
bf16,Tamil,94,"Every time a wife dies, Kapā Kānti marries again to mourn the loss.",20.940339606590435
bf16,Tamil,95,The idea of justice and freedom from oppression has inspired writers to take up the social responsibility of writing.,49.78093622739112
bf16,Tamil,96,This is all that is needed to value his strength and character.,30.24750551817057
bf16,Tamil,97,"The thousands of temples are arranged in a perfect order and decorated with intricate carvings, bells, and drums, and we could see them all from the mountain top.",33.32655266460412
bf16,Tamil,98,"They had read the Ramayana and Mahabharata, the deeds of the valiant warriors of the Marathas, and their youthful hearts had been stirred by the noble tales of the Hindus.",44.18479713717359
bf16,Tamil,99,"There are no sufficient data on the number of Meghalayan meteorites, which is a great obstacle for the use of optical remote sensing data for agricultural purposes during the monsoon season.",49.0975577553207
bf16,Tamil,100,"If you click on a virus-infected ad on the internet, it can spread to your computer.",30.14744693141087
bf16,Tamil,101,"The one who knew of the danger of his cave, flew out of his cave in Silvanus, and was struck by a thunderbolt, and blood flowed from his wounds.",25.1724693498063
bf16,Tamil,102,He called Nana and took him with him to Pithoor and then went to Kanpur to attack.,38.50388552989334
bf16,Tamil,103,The forest also surrounded him and his clearings.,33.14401695891808
bf16,Tamil,104,"After that, the second Serçe ruled for a short time.",35.25921042575932
bf16,Tamil,105,The brothers were deeply in love with each other.,69.14390273788607
bf16,Tamil,106,"If they accept this proposal, then I can also accept it and invite others to do so.",26.94378792913168
bf16,Tamil,107,"The city's most prominent feature is its extensive network of roads, which are diverse.",19.02197033069749
bf16,Tamil,108,"If the sudden loss of a record is discovered, the entire collection of records in the library can be retrieved by scanning the original records and comparing them to the original. The Read-At-Head method ensures that the original records are not lost.",25.48788729722761
bf16,Tamil,109,"In order to avoid the need for two, it is better to give up one: first, if there are more than two barriers, it takes more time to get through and to get out; second, the arguments that are valid for one are more complicated for the other.",32.80919294528319
bf16,Tamil,110,"If you have a pond, you can learn how to catch fish in a smart way.",10.171318163044294
bf16,Tamil,111,"For students, the first aid to be given to a person in a coma is to ask them questions if they have any doubts about the procedure.",61.29526805007404
bf16,Tamil,112,The extent to which the movement for national liberation had gained momentum in the Punjab region was a matter of concern.,27.273791054529667
bf16,Tamil,113,"This is a characteristic that I do not have for my father, who is forgiving.",29.122485575993785
bf16,Tamil,114,"The coup was a bit of a gamble for Sir Henry, as he was in a small army, which included an English regiment, a Sikh regiment, and two Indian regiments, all of whom had been proven to be loyal to the English.",35.845997319005576
bf16,Tamil,115,"The food was cooked in a pot, and the morning meal was ready. The people were drinking from their cups, and the food was in the bowls.",24.874512551945283
bf16,Tamil,116,"British Spice, you are still dreaming of the morning meal, and you are not thirsty from the cool breeze in the morning; so, join your maids and enjoy the cool breeze in the morning in the cool breeze in the morning in the cool breeze in the morning in the cool breeze in the morning in the cool breeze in the morning in the cool breeze in the morning in the cool breeze in the morning in the cool breeze in the morning in the cool breeze in the morning in",21.86233724460981
bf16,Tamil,117,"You will see insects metamorphosing into other species, such as caterpillars turning into butterflies, or beetles turning into beetles, or even spiders turning into spiders.",25.650912161445127
bf16,Tamil,118,They are also known to be sexually promiscuous.,23.00926020131468
bf16,Tamil,119,"Janjira was attacked by a tsunami, and Pangaa, who had her sons Swaraj and Sujit, was angry at them for having taken their boats out of the harbor to make them. She told them that they would have to show their plans to the outsiders, and cut off their heads.",26.914855907004792
bf16,Tamil,120,"The most important film directors who helped popularize the war films were J.P. Dutta of the Bollywood, and his brother Homi Dutta, also of the Bollywood.",33.92554874493797
bf16,Tamil,121,"They were also involved in the production of the film The Great Train Robbery (1932), in which a train robbery scene was shot.",21.76255481095967
bf16,Tamil,122,"Assamese cinema refers to Assamese films, which are mostly seen in Assam, India.",46.66858489223268
bf16,Tamil,123,The process of turning a novel into a film is not entirely transparent.,30.069965686257632
bf16,Tamil,124,It is also a significant change in both time and angle.,16.657498260548415
bf16,Tamil,125,"They transform the text, and as a result, a hybrid form of literature emerges.",28.441311867964497
bf16,Tamil,126,"The first online film review was launched by EFITI on June 15, 2020, and will run until July 11, 2020.",27.71753701825974
bf16,Tamil,127,This course was developed in collaboration with the Indian National Film Development Corporation.,45.15434362301852
bf16,Telugu,0,"The external form is the sum of all the characteristics of the person who serves the service, such as shoes, boots, belts, clothes, ornaments, accessories, jewelry, beauty products, etc.",34.81604720135855
bf16,Telugu,1,"The Ajanta, Iravati and Vihar caves are found in the Omrangaabad district of Maharashtra, and they are decorated with sculptures and paintings from the 1st to the 5th century AD.",53.26523171835304
bf16,Telugu,2,It is a solid shape with a surface coloration.,12.024480030425456
bf16,Telugu,3,"Ashoka used to use bricks and stone extensively for building, while the earlier tradition used to use mud and wood.",28.00767399471784
bf16,Telugu,4,"To prepare this delicious and famous cuisine, which is from Maharashtra, the coconut is mixed with spices and then boiled in a pot.",37.74119218561145
bf16,Telugu,5,"The Chettinad cuisine is a style of cooking that is associated with the Chettinad community, which is a community of people from the Chettinad region of Tamil Nadu, India.",47.69543876128716
bf16,Telugu,6,"The dalchini is a local food of India, and its uses range from a food additive to a medicinal agent.",47.21973373025592
bf16,Telugu,7,Do not grind it in a mortar or in a mortar.,21.730869576599343
bf16,Telugu,8,"Every city in Punjab has its own unique culture, and in Amritsar, the people have Amritsar gharanas, Sufi shrines, and a love for sweets.",35.06063275506091
bf16,Telugu,9,"Send Rama to his wife, and also send Lakshmana.",52.63264734272827
bf16,Telugu,10,"However, the daring act of Mangal Pandey, the highest and most advanced doctrine, is performed with devotion.",29.59291782955111
bf16,Telugu,11,"Peas, lentils, and mustard seeds are boiled with a little salt and a few spices, and all are cooked for 5-6 minutes.",23.17607817080846
bf16,Telugu,12,"The book is a compendium of knowledge imparted by animals, birds, and humans.",37.89579850981544
bf16,Telugu,13,The purpose of this book is to encourage knowledge and understanding of the spirit and the will in the context of Sanskrit literature.,48.50476674181859
bf16,Telugu,14,"Professor Asit Kumar Bandopadhyay has contributed to the history of the town of Haurakhaurarh in two volumes, Haurakhaurarh Itibritto (first and second parts) with the help of Haurarh Sahararh.",31.02935440467968
bf16,Telugu,15,"The entrance to the cave is a long, winding passage with a series of half-circular arches, and in some cases, the arches are not adorned with carvings.",29.492587366089616
bf16,Telugu,16,The 'Maharajas' and 'Khans' (the traditional names for the people who are the patrons of the cuisine in India) have been cooking the recipes for centuries and these recipes are authentic and the cooking methods are passed down through the oral tradition for thousands of years.,53.74157429386053
bf16,Telugu,17,It is traditionally prepared by the Vaajas or the main cooks.,23.06778653490024
bf16,Telugu,18,"Pav Bhaji: This is a Maharashtrian dish, usually made with grated vegetables and a spicy curry, served with a crispy bread roll (Pav).",41.26023844866034
bf16,Telugu,19,"The works of Lalla, Habba, and Habba Khatoon are examples of the spiritual and profound emotions they express, the epic poems of Rajasthan's Meera, the extraordinary devotion, the Tamil language's Andal, and the Akka Mahadevi devotional songs in Kannada are examples of women's strong presence in the literary world.",34.625021686138226
bf16,Telugu,20,"Buddhist caves with paintings are found in the Bagh caves in the Madhya Pradesh state, 97 km from the town of Dhar.",45.56564214251593
bf16,Telugu,21,"In Sanskrit literature, the word ""anu"" is usually taken to mean a plant or tree, but it is used metaphorically, to mean a part of the body or anything else.",45.84395654910448
bf16,Telugu,22,Sindhi culture has gained recognition in various fields due to its technological knowledge.,41.49255823500448
bf16,Telugu,23,"All Kauravas die; only five Pandava brothers, including Krishna, remain alive.",60.41834739931594
bf16,Telugu,24,The war will last for five days and will end with the Kauravas' victory.,36.519969228180464
bf16,Telugu,25,"The Mahabharata is a story of the struggle for the throne of Hastinapura, which is located in the northern part of the modern-day Delhi, and is known as the Pandavas in the modern world.",42.54341900233444
bf16,Telugu,26,"Karnataka has a lower number of street food vendors than the number of street food vendors in the country, so their dishes are mostly street food.",32.910429755673135
bf16,Telugu,27,The actor who is narrating the war zone is giving the answer to the question.,19.389625290075568
bf16,Telugu,28,"Two epic poems in Tamil, Silappadikaram and Manimekalai.",52.38592052657258
bf16,Telugu,29,This area uses carborundum carefully.,11.91683769991113
bf16,Telugu,30,"Yoga, a Sanskrit word, is derived from the word Yuj, meaning to join or to unite.",69.3153669389045
bf16,Telugu,31,Odissi is a form of dance-drama that originated from the infinite sculptures of the temples of Orissa.,38.46533370543672
bf16,Telugu,32,"The king then turned to the faithful and said, ""After saying a word, the king will punish you.""",24.83463852027284
bf16,Telugu,33,"When Krishna realized the extent of Arjuna's devotion, he changed his mood and began to impart the principles of dharma to the world.",39.978152819824125
bf16,Telugu,34,"You can add a little bit of coconut flour in the middle, too.",20.97799724537566
bf16,Telugu,35,"To start, a small piece of coconut is placed in a conical mold, and then the mixture is poured in.",20.616483010848
bf16,Telugu,36,"The majestic gateway was built in the 1835 area of Nandadeo, with a grand marble gateway and a magnificent tower, which was constructed with the help of Rajput warriors.",21.56366179916515
bf16,Telugu,37,"The selected cuisine is accompanied by its poetic rhythm and the number of beats, and the composition is sung.",25.41424133570785
bf16,Telugu,38,The description of Kosala capital by Valmiki makes it clear that ancient Ayodhya is not comparable to any modern cities.,57.02138411811273
bf16,Telugu,39,"After saying ""I will do it"", there is no other option.",26.67944537802612
bf16,Telugu,40,"Recently, there have been differing opinions on the impact of the depreciation of the rupee and the foreign exchange reserves.",52.1821028497971
bf16,Telugu,41,Banks can provide information to credit card holders to a credit card company (CIC) or charge any delay payment charges or late payment charges if the credit card account is not settled for more than three days.,49.08223864435687
bf16,Telugu,42,Countries can encourage domestic capital to help them improve their economic situation.,40.6256618173914
bf16,Telugu,43,"However, if the package is implemented within 90 days of the date of approval, it will be implemented promptly, and the status of the capitalization of the bank's loan application can be improved.",37.25841732710259
bf16,Telugu,44,"Individual capitalistic enterprises are not only capable of generating wealth, but also of promoting growth, competition, and technological progress, while reducing inequality.",41.8783117962661
bf16,Telugu,45,It reduces volatility by providing a stable price.,18.69087232704306
bf16,Telugu,46,It is suggested that the high level of information on the K2 mountain is a sign of economic activity.,31.247615529071087
bf16,Telugu,47,"In the field of economics, the question of how traders interact with each other to create a complex system of interdependence is a fundamental issue.",27.11038209679582
bf16,Telugu,48,The value of money is the amount of time it takes to fully market a product at a price that is close to the market rate.,27.34924989874549
bf16,Telugu,49,"The income tax system should be fair and based on actual income, not on individual considerations.",32.11953177130925
bf16,Telugu,50,"Therefore, such interest amounts are calculated on the due date of the interest and are converted into the amount of the interest due to you.",42.45136539685767
bf16,Telugu,51,"The ongoing Indian payment system - UPI - is the first attempt to integrate payment systems in other administrative jurisdictions with the existing ones, and also to facilitate cross-border payments with money transfers.",41.83411921294125
bf16,Telugu,52,The use of natural gas in power generation and industrial (fuel) plants has led to the largest share in the electricity sector.,26.28390063058125
bf16,Telugu,53,"However, while the market can help you increase your sales, it is also important to build a strong, independent business brand that stands on its own.",34.513256812227795
bf16,Telugu,54,"Payment Aggregators (PAs) play a crucial role in the payment ecosystem, so they were mandated to be regulated under the Payment System Act, 2020, in March 2020.",52.421466658315694
bf16,Telugu,55,"The current trends, however, are also to be seen in the online analysis of payment gateways and e-commerce tax evaders.",38.7285191813423
bf16,Telugu,56,"A country that can take advantage of its comparative advantages, by exporting the most profitable products and importing the least profitable (even if it is favorable), can also obtain additional benefits.",33.830077709871844
bf16,Telugu,57,Bank loan growth has increased from 6.7% last year to 16.2% in September 2022.,21.74079777575325
bf16,Telugu,58,"For the previous and subsequent works, the loans are used for the purchase of rice, wheat, pulses, and other grains, as well as for the processing of rice, milling, and the transportation of their own grain.",28.45812665143257
bf16,Telugu,59,"Medium and long-term loans are required for the purchase of agricultural machinery, irrigation, and other development projects.",49.649425016295964
bf16,Telugu,60,"Bank regulators are investigating the practice of outsourcing to foreign banks, as it is a way to circumvent capital requirements and regulatory restrictions, as it would undermine the traditional financial sector and the overall economic system.",35.98027751554609
bf16,Telugu,61,"Since the onset of the global economic crisis, the government has been more active, collecting more information to search for hidden poverty.",46.83270518007419
bf16,Telugu,62,The decision to supply the specified quantity of goods to the designated destination is made based on market clarity price.,24.756516419937807
bf16,Telugu,63,"The model equations, parameters, and other variables (e.g., demand) determine the level of supply of the gas pipeline.",52.62181543150497
bf16,Telugu,64,Current account deficit is generally a small part of the total.,16.73134353115944
bf16,Telugu,65,Commercial parity is the difference between the value of goods and services supplied and the value of goods and services received.,68.40411502297611
bf16,Telugu,66,"In the 15th World Summit on Small and Medium Enterprises (SME) held in New Delhi from December 19-20, 2018, with the support of the Ministry of Commerce and Industry, the Minister of SMEs, Shri Giriraj Singh, spoke about the importance of small and medium enterprises (SMEs) in the global economy and the challenges they face, including the impact of the COVID-19 pandemic and the",38.24929401686165
bf16,Telugu,67,"Taking these factors into account, the total loss of 7.1% is equivalent to 6.7% in 2022-23.",25.003582925428823
bf16,Telugu,68,"Despite the growth in trade, the country's trade has stagnated.",18.429982526629
bf16,Telugu,69,"The current growth statistics are primarily based on economic indicators (growth rate, GDP share of capital expenditure, GDP share of government debt, GDP share of tax revenue) and also on social indicators (infant mortality, inequality, employment status, population's nutritional status) etc.",39.82668476403091
bf16,Telugu,70,The current economic debates are more focused on social and economic management than on environmental management.,36.11951437610222
bf16,Telugu,71,"After the reconstruction, the interest rate on the loan is calculated on the present value of the cash flows, which is equal to the bank's BPI ELAR rate at the time of reconstruction, and the reconstruction loan recipient group is reduced by the insurance premium and the risk premium of the reconstruction insurance and the risk insurance.",41.99292315371709
bf16,Telugu,72,"At the same time, the Reserve Bank of India (RBI) has launched a special liquidity facility for NMF (SLF-NMF) worth Rs 50,000 crore to support the economic recovery and restore confidence in the financial markets.",45.19773652035374
bf16,Telugu,73,"The recent sharp increase in prices and the subsequent sharp increase in prices in the coming months will adversely affect the economic situation, the severity of which, and the disaster.",26.89787377333316
bf16,Telugu,74,"The full value of notes is considered as cash payments by RBI office, while the rest of the value of notes and cancelled notes are considered as cash payments and are used accordingly.",36.36384105553736
bf16,Telugu,75,The growth of the economy in India is a huge increase in the universe of the world.,30.08619220130529
bf16,Telugu,76,"Despite this climatic condition, the Indian economy is on a steady path of development.",40.70280021682267
bf16,Telugu,77,The economic system and economic stability of the trade goods are subject to possible ranges of economic trade.,21.265915324312186
bf16,Telugu,78,"A person's notes are more than 5 and less than 5000, and such notes are insured by the insurer through a Tapa, which provides the details of the person's bank account (account number, branch name, IFSC code) to the nearby branch office or to be transferred there on their own.",37.83739810239875
bf16,Telugu,79,"Personal information and facts, and the right to privacy, are the main issues in the case of the collection of information, and the information should be collected only to the extent necessary to the best benefit of the individual, and only to the extent that the information is necessary to the individual, and only to the extent that the information is necessary to the individual, and only to the extent that the information is necessary to the individual, and only to the extent that the information is necessary to",32.60106100806386
bf16,Telugu,80,"A cyber attack is an attack on a computer or network to destroy or disable it, or to obtain sensitive information.",36.25359293875772
bf16,Telugu,81,The use of salt in preserving spices in dried goods is responsible for a high level of sodium.,31.515276342005173
bf16,Telugu,82,"The CARS vehicle is not designed to be driven in reverse, and the rear compartment is not accessible.",19.07687652712532
bf16,Telugu,83,"However, the same day, Narpat Singh entered the British camp, saying that he would clear the fort, but would not go beyond the wall, and told the general that he had heard what he had said.",38.68127791953739
bf16,Telugu,84,"At this time, a Robert Montegomery was the main military commander of Lahore.",46.307636389910414
bf16,Telugu,85,"In the Mira fort, the British soldiers were outnumbered by four, but there was no doubt in the minds of the British authorities that the news would reach them before the Mira fort. However, when the news came, they were surprised to find that the British soldiers were having secret conversations with the Mira fort.",35.49229854134822
bf16,Telugu,86,They can also have a negative effect on the brain.,47.553564930545
bf16,Telugu,87,"Day by day, new armies come in from both sides.",41.26578823012592
bf16,Telugu,88,"Any individual person, however, is not a hero in the list of Mahanayakas, but a hero in the list of Hantkas.",23.78146453238826
bf16,Telugu,89,"A moment later, he looked at me and said, ""Please forgive me, there is no doubt in my mind that you are right.""",20.1352235604972
bf16,Telugu,90,What happens if you don't remove the fire from your house and surroundings?,34.68889232811063
bf16,Telugu,91,"During this period, the use of modern technology has led to a lot of changes around us.",43.91103293551191
bf16,Telugu,92,"In the past, it took days to reach the north, and each of us had to go to his or her own village, and they would give a special answer to it.",42.84755800059863
bf16,Telugu,93,The ratio of good to bad influences is determined by whether the influences are positive or negative.,17.512850247970217
bf16,Telugu,94,"Every time he lost his wife, he was far away, so Gandhi married four times.",47.18361346767937
bf16,Telugu,95,The purpose of writing such works is to raise awareness about justice and the struggle for freedom from prison.,31.716089785741
bf16,Telugu,96,This is the only thing that can be used to judge his talent and character.,30.739279009351133
bf16,Telugu,97,"Thousands of singers, with complete training, sing songs from the mountains to the city, and the colorful flags of the peaks are carried to the city.",27.728055323744417
bf16,Telugu,98,"They went together to read the Ramayana, Mahabharata, and the stories of the Marathas' wars, and so their young hearts were filled with great inspiration to write the heroic verses of Hindu.",45.152572442139615
bf16,Telugu,99,The lack of cloud-free imagery in the rainy season is a major obstacle for agricultural applications that use optical long-range sensing.,39.96899630832675
bf16,Telugu,100,"If you click on any harmful content on the internet, it can also enter our system.",42.6931542545302
bf16,Telugu,101,"Seeing the cave disaster, it came out of the cave, and with its horns, it attacked the enemy, and it caused bloodshed to the enemy.",29.38892850398945
bf16,Telugu,102,"He was sent to his own house, and he went to the Kali Nadi, and he attacked the camp of Kanpur.",21.26029439856049
bf16,Telugu,103,She and her husband are my neighbors.,18.451026345819344
bf16,Telugu,104,"After that, he went to the second Jerk's for a while.",30.359337559344645
bf16,Telugu,105,There is a strong bond between the two.,13.342029970692376
bf16,Telugu,106,"If they agree to this, then I can agree to them as well.",21.771300492213413
bf16,Telugu,107,The most dynamic aspect of the urban area is the variety of modes of transport.,71.19290957023354
bf16,Telugu,108,"In the event of a crash, a procedure is followed to re-establish the lost communication, and the cell storage is recharged, and the changes are made in a timely manner, in accordance with the current status, while the records are updated with old values or the new values are introduced in the places.",35.61771356321
bf16,Telugu,109,"The first advantage is that it takes more time to implement a ban than to repeal it, and the second is that substantive disputes are more complicated.",27.06187253190909
bf16,Telugu,110,"If the courtyard is in use, the best way to protect the village from the flood is to build a dam.",18.15366852578604
bf16,Telugu,111,"If any doubts arise regarding the first medical treatment for the disease, ask them questions.",27.370483671813904
bf16,Telugu,112,It is necessary to know how far the national independence movement in Punjab has progressed.,37.55270296712036
bf16,Telugu,113,Such a high level of compassion is not inherent to our father.,24.930883610459524
bf16,Telugu,114,"This journey has delighted Sir Henry, who, up to now, has shown his loyalty to the English regiment, the French, and many tests of the Englishmen, and has chosen the two regiments of the Hindustan, the one of the Sikhs and the other of the Hindus, to be his own.",43.65986311933048
bf16,Telugu,115,"Weapons were placed around the food, and the dishes were prepared, the dead bodies were covered with a layer of ashes, and the pots were filled with water.",28.400291162760062
bf16,Telugu,116,"Your food is cooked with your own hands, not with British soldiers' blood, so enjoy your meals with your army officers in the cool, shady groves of the mustard fields.",34.884731847629915
bf16,Telugu,117,"Seeds germinate as seeds, then grow into plants or into chicks, then into chickens, then into chicks, then into chickens, then into chicks, then into chickens, then into chicks, then into chickens, then into chicks, then into chickens, then into chicks, then into chickens, then into chicks, then into chickens, then into chicks, then into chickens, then into chicks, then into chickens, then into chicks, then into chickens, then into chicks, then into",20.600967201051457
bf16,Telugu,118,The same is true for the aboriginals.,9.454323637958248
bf16,Telugu,119,"The snake attack in Zanskar, which causes destruction, makes Banca ready to kill her children, and they are so scared that they kill their parents when they hear the snake, and she tells them to tell the truth to the villagers when they come to know about their parents' death, and she deceives them.",26.216367710892857
bf16,Telugu,120,The filmmakers who have contributed to the growth of the Indian film industry in the past few decades are Jhumpa Lahiri and her brother Homi Lahiri.,31.122277739129057
bf16,Telugu,121,"A train journey through the countryside is a popular tourist attraction in the country, and the train journey through the countryside is a popular tourist attraction in the country, and the train journey through the countryside is a popular tourist attraction in the country, and the train journey through the countryside is a popular tourist attraction in the country, and the train journey through the countryside is a popular tourist attraction in the country, and the train journey through the countryside is a popular tourist attraction in the country, and",12.473567148940363
bf16,Telugu,122,"Assamese cinema is a film in the Assamese language, primarily seen in Assam.",63.96275112379666
bf16,Telugu,123,The scientific changes are somewhat less visible.,19.64754524961309
bf16,Telugu,124,"And, in particular, the local cuisine is a reflection of the country's rich culinary heritage and the influence of its diverse ethnic groups.",20.525717159150265
bf16,Telugu,125,"They will take the form of a novel or some other shape, resulting in a complex situation, a mixture of styles.",33.30554269611085
bf16,Telugu,126,"FITI has launched the first online film course, from June 15 to July 11, 2020.",38.41330044892506
bf16,Telugu,127,This curriculum was developed in collaboration with the National Film Archive of India.,53.00057654529565
bf16,Odia,0,"A caste is a group of people with a common ancestry, and the characteristics of each individual, such as their caste, religion, occupation, and dress, are a combination of all these.",22.10822270657235
bf16,Odia,1,"The Ajanta Caves are a group of rock-cut Buddhist cave monuments in the Aurangabad district of Maharashtra, India, dating from the 2nd century BCE to the 7th century CE.",39.70442299263806
bf16,Odia,2,"The skin color is mixed with the external lines, which is created by the influence of density.",27.78902412328361
bf16,Odia,3,"The widespread use of stone in sculpture and monuments began with Ashoka, while in the earlier tradition wood and earth were used.",38.44074568530429
bf16,Odia,4,"This popular and delicious food is mixed with spices, boiled in a pot, and then carefully cooked.",22.730825247971826
bf16,Odia,5,"The cuisine of Chettinad is known as Nattukottai Chettiyar, or Nair cuisine, a sub-cuisine of the Chettinad Nair community.",39.23812539813239
bf16,Odia,6,"Dalchini is a native Indian spice, and it is used in a variety of ways, from a flavorful spice to a medicinal herb.",34.09482578765737
bf16,Odia,7,It can be converted into a soft sandstone or a limestone by the help of a hammer.,19.747651219713543
bf16,Odia,8,"Punjab has a variety of cuisines, each with its own unique flavors. Amritsarites, in particular, are known for their love of Amritsar cheese, Pardeshi potatoes, and Doodhjat (milk-based) products.",36.463742462507135
bf16,Odia,9,"Ram, please take me to the forest, and Laxman, too.",25.771840875649197
bf16,Odia,10,"However, the heroic work of Mahatma Gandhi was done with great and noble devotion.",30.562100159605176
bf16,Odia,11,"After the meat is marinated, it is cooked with green chilies and left to marinate for 5-6 minutes, so that the spices penetrate into the meat.",29.828745802440665
bf16,Odia,12,"The history of the world is a book written in the language of the human heart, and its characters are the people, nations, and events that have shaped our planet.",33.21090270860786
bf16,Odia,13,The purpose of this book is to inspire knowledge and enthusiasm for the study of language and its use in expressing ideas.,36.80692822407956
bf16,Odia,14,"Professor Ashok Bandopadhyay played a major role in the compilation of the complete history of the city of Hooghly, which was published as 'Hooghly City Chronicle' (first and second volume) in 1994 and 1995.",45.58888499067788
bf16,Odia,15,"The main feature of the temple's facade is a half-circular archway with a wooden roof supported by pillars, and in some cases, a large half-circular archway without a roof.",33.26480321723154
bf16,Odia,16,"Many generations have adopted this cooking method, and it has reached a high level of excellence over hundreds of years, and this method has been a part of oral tradition for thousands of years.",32.63459825093528
bf16,Odia,17,"It is prepared by a local chef or a head chef, with the help of a team of cooks.",32.0957114082373
bf16,Odia,18,"Pav bhaji: It is a popular food in Maharashtra, where it is usually prepared with a soft paneer curry (bhaji) served with a thin roll (pav) and a side of chutney.",52.03579751096409
bf16,Odia,19,"The works of Lal Ded and Habba are known for their spiritual fervour and intensity, Mirabai's Rajasthanis for their devotion to the Lord, Tamilnadu's Andal for her mysticism, and Kannada's Akka Mahadevi for her sayings.",35.99449789328272
bf16,Odia,20,"The Buddhist-themed Bawang Gumba, located 97 km from the district headquarters of Madhya Pradesh, is a 19th-century temple dedicated to the goddess of the underworld.",45.88587455157466
bf16,Odia,21,"In Sanskrit literature, the word ""moola"" means a plant or tree, but in a symbolic sense, it means the bottom or any part of an object below the surface.",44.64781405169428
bf16,Odia,22,The Sindhu civilization was known for its knowledge in different fields.,41.33274430759653
bf16,Odia,23,All Kauravas are killed; only Pandu's sons and Krishna remain alive.,37.25107089163256
bf16,Odia,24,The war lasts for four days and ends with the defeat of the Kauravas.,67.40055628643182
bf16,Odia,25,"The main story of Mahabharata is a war fought in the northern part of the modern-day Delhi, in the kingdom of Hastinapura, which was traditionally known as Bharat.",39.186913042165
bf16,Odia,26,"The number of fishers in Karnataka has surpassed that of the Amish, and so their diet is mainly vegetarian.",36.55759438474975
bf16,Odia,27,He writes about the events that have taken place in the battlefield.,30.498773776083823
bf16,Odia,28,Two poems in Tamil that I have been given are Silapathiikkal and Manimekalai.,46.74059362946898
bf16,Odia,29,"This area uses the Lankhauzur, a traditional form of dance, with caution.",18.96074134719812
bf16,Odia,30,"The word ""yoga"" is derived from the Sanskrit word ""yuj"", which means ""to yoke"" or ""to bind"" or ""to unite"".",52.0889178961128
bf16,Odia,31,"The Odia temples of Kanchipuram are known for their unique and diverse sculptural motifs, which have been developed over time.",23.42568274163844
bf16,Odia,32,"If you look at the king, and if you are kind and say: ""I have sworn to you, and I will not break my promise, Raja.""",23.17066301374193
bf16,Odia,33,"When Krishna understands the magnitude of Arjun's anger, he changes his mood and starts teaching about the mysteries of religion in this world.",44.8758416345132
bf16,Odia,34,"When pouring the rice into the bowl, you can also add a small amount of coriander seeds in between the grains.",38.8672238051016
bf16,Odia,35,"First, place the cham-cham in a cylindrical container, then add the well-mixed salt and pepper to it.",34.56680190705308
bf16,Odia,36,"The Maharaja Ranjit Singh donated the land for the construction of a beautiful and attractive temple, which was completed in 1835, with a magnificent gold dome.",40.12147079514807
bf16,Odia,37,The Sama Veda is a collection of selected chants in the prescribed meter and rhythm.,25.713523876979977
bf16,Odia,38,The description of the capital of Kosala by Vayu Purana is clear that ancient Ayodhya was not inferior to the modern cities.,76.48226932331424
bf16,Odia,39,"After saying, ""I will do that"", you have no other choice but to do that.",43.54648639016615
bf16,Odia,40,"In the recent past, the exchange rate of the currency and the availability of foreign currency have been different.",45.17113863492735
bf16,Odia,41,"Banks report to the credit card companies (CIBs) that they have a past due account, or charge a late fee, if any such amount remains, when a credit card account is past due for more than three days.",54.28514803991826
bf16,Odia,42,The government can encourage investment in the country by providing incentives to the local investors.,34.67961879641135
bf16,Odia,43,"However, if the bank approves the application within 90 days of the date of the application, the property registration status will be restored to the status it was in when the bank approved the renewal application.",43.85754782866647
bf16,Odia,44,"The growth of the banking sector is a growth-oriented process, and the growth of the banking sector is a growth-oriented process, and the growth of the banking sector is a growth-oriented process, and the growth of the banking sector is a growth-oriented process, and the growth of the banking sector is a growth-oriented process, and the growth of the banking sector is a growth-oriented process, and the growth of the banking sector is a growth-oriented process, and the growth of the banking",16.60386854430952
bf16,Odia,45,It controls the stability of the market and the price of the product.,24.68050808050514
bf16,Odia,46,The data suggests that economic activity has returned to pre-pandemic levels.,37.62196898852349
bf16,Odia,47,"In economics, the subject is usually defined as the study of how people, institutions, and states make optimal choices under conditions of scarcity and how those choices affect the allocation of society's scarce resources.",31.1616612784942
bf16,Odia,48,The term 'economic rent' refers to the amount of wealth that can be sold at a price that is much higher than the market price.,33.77096891017365
bf16,Odia,49,"In general, the principle of the rule of law is to be based on a record of the rule of law, rather than on individualistic considerations.",40.93140407576987
bf16,Odia,50,"Therefore, according to the date of the flood, these rivers do not rise again and are not perennial.",32.24618585845306
bf16,Odia,51,"The Indian economy is a fast-growing one, and the Indian model of development is unique and different from other countries. The Indian model of development is a model of development that is unique and different from other countries. The Indian model of development is a model of development that is unique and different from other countries. The Indian model of development is a model of development that is unique and different from other countries. The Indian model of development is a model of development that is unique and different from",16.474247802671684
bf16,Odia,52,It is a major source of renewable energy in the field of electricity generation and industrial (primary) energy production.,22.944889772726683
bf16,Odia,53,"However, when the markets are expanding, they can help you develop a long-term business and create your own brand.",40.63356358166477
bf16,Odia,54,"'Payment Aggregator' (P.A.) plays a crucial role in the payment system and was included in the law on March 2020, and 'Payment System Operators' (P.S.O.) were designated as such.",51.49538130384055
bf16,Odia,55,"However, the current laws apply to online businesses and e-commerce businesses.",28.09770589013208
bf16,Odia,56,"According to the records, it was a country that exported the most valuable products, and imported the least valuable (although in a relative sense) products, but could still make a profit from trade.",29.644253152277045
bf16,Odia,57,"The banking sector grew at a faster pace, at a rate of 16.2 per cent year-on-year, compared to 6.7 per cent in the previous year.",36.35420882005933
bf16,Odia,58,"Irrigation, farming, mining, and other activities require loans, and these are included in the local economy.",22.0626971636844
bf16,Odia,59,"Agriculture and related activities are financed by medium and long-term loans for agricultural machinery purchase, irrigation, and land improvement, among other development activities.",55.07460200603524
bf16,Odia,60,"Bank regulators monitor the problems of traditional banks against those of shadow banks, and are trying to control them with more advanced financial systems and monetary policy, because of the fact that traditional financial sectors and the general economy are affected by the lack of liquidity in the shadow banking system.",48.466059559741055
bf16,Odia,61,The financial crisis of 2008 has led to a more active and more extensive collection of data and the search for hidden vulnerabilities.,44.957304216193634
bf16,Odia,62,The value of the barter is determined by the need to ensure that the value of the goods exchanged is equal.,34.075952285936864
bf16,Odia,63,"The equations of the model are used to determine the level of demand and supply (for example, revenue).",49.12209048009609
bf16,Odia,64,"The money in the account is the net income from business (such as foreign investment income and profits) and the income from labor (such as wages), and the rest is foreign exchange (such as foreign aid), which is a small part of the total.",44.422339868107045
bf16,Odia,65,The balance of trade is the difference between the value of exports and the value of imports.,63.71383827436655
bf16,Odia,66,"The state of Rajasthan, the small and medium industries (SMI) minister (Independent Director) Shri Giriraj Singh said that the continuous efforts will lead to the improvement in the valuation of the IODV in the global market and the SMI will be able to join hands with the J&K and the IODV will be able to be integrated.",28.76144285424272
bf16,Odia,67,"When considering these factors, the exchange rate for 2022-23 is 6.7 percent, while the risk of a crisis remains.",25.82536895347156
bf16,Odia,68,"Despite the slow growth of the country's population, the country has overtaken India in terms of exports.",24.597942591793963
bf16,Odia,69,"The main focus of economic growth is on the rate of economic activity (GDP per capita in terms of percentage points), public debt (GDP per capita in terms of percentage points), government debt (GDP per capita in terms of percentage points), and tax revenue (GDP per capita in terms of percentage points). The main focus of social growth is on poverty, inequality, employment rate, population growth rate, and so on.",41.92413967870776
bf16,Odia,70,"Recent economic analyses emphasize the importance of social and economic resilience and, to a certain extent, ignore the interdependencies between them.",31.40714965038935
bf16,Odia,71,"After reconstruction, the correct value of the debt will be determined in terms of the current market value, which is the interest rate on the debt that has been paid in advance and the interest rate on the reconstruction, which is determined by the date of reconstruction, and the amount of principal to be repaid at the same interest rate as the bank's BPLR, and the amount of principal to be repaid to the debtors, which is determined to mitigate the loss of reconstruction",40.2433738135766
bf16,Odia,72,"In the later years, the Reserve Bank of India (RBI) for the benefit of M.F. (S.L.F.—M.F.) members introduced a 'Special Liquidity Facility' of Rs. 50,000 crore, which helped in restoring confidence in the financial markets.",49.26814865063695
bf16,Odia,73,The rapid increase in the rate of population growth and the further increase in the rate of population growth are the causes of discouragement in the economic situation of the country and the high rate of change and vulnerability to disaster.,25.04011746913487
bf16,Odia,74,"The full value notes are accepted as cash by the Reserve Bank of India, while half value notes and famous notes are accepted as notes in circulation.",30.52932670203247
bf16,Odia,75,The growth of industrialization in India has been rapid.,31.299070071438926
bf16,Odia,76,"Despite this volatile situation, the Indian economy has remained strong.",41.49876588957842
bf16,Odia,77,The financial market has been affected by possible consequences of the economic and financial stability.,47.79481374072699
bf16,Odia,78,"In the case of notes of denomination 5 or more, the bank account details (account number, branch name, IFSC code, etc.) of the customer are to be provided to the customer via a direct debit mandate or by the customer himself in a nearby bank branch.",34.64924679609857
bf16,Odia,79,"The court said that individual and public information is a fundamental right and that it is appropriate to grant the highest interest of citizens in the collection of information for the CBI, only if the information is relevant and its use is limited to the purpose for which it is collected.",35.36255734704732
bf16,Odia,80,A cybercriminal may attempt to gain access to a computer or network to steal information or cause damage.,40.29249465714682
bf16,Odia,81,The presence of salt in all packaged and canned foodstuffs is due to the high level of sodium present.,51.01648045839945
bf16,Odia,82,"A sudden brake, a skillful maneuver, or an accident can cause a ship to lose control and drift rapidly into the next port.",27.549342735246466
bf16,Odia,83,"But, that very morning, the Gorakhpur jailer, Kishore, was released by the Narkhali Singh, and he went to the jail to inform the general that, according to his hearsay, Narkhali Singh had said that he would vacate the fort, but only after he had completed his search.",45.97358179568838
bf16,Odia,84,"At this time, the main commander of Lahore was a Robert Muntagum.",46.37944849430926
bf16,Odia,85,"In the Mewar festival, although the soldiers were outnumbered by the English by a ratio of four to one, no one doubted the English authorities after the news reached them from Meerut, and when the news arrived, they were in a state of suspense as to whether they would be able to communicate with the Mewar soldiers in secret.",49.49138970461945
bf16,Odia,86,"They are not just a matter of interest, but also have a negative impact on the brain.",49.27148883612279
bf16,Odia,87,"Every day, both sides sent new armies.",30.35029262348931
bf16,Odia,88,"If any individual had a personal grudge, the name Mangal Pandey was not on the list of martyrs, but on the list of murderers.",43.839042561998696
bf16,Odia,89,"He looked at me for a moment, and then, with a gentle voice, said, ""I am sorry, but we are all full.""",38.465404908331934
bf16,Odia,90,"If you don't want to be alienated from your family and friends, what will happen if you don't want to be alienated from your family and friends, what will happen if you don't want to be alienated from your family and friends, what will happen if you don't want to be alienated from your family and friends, what will happen if you don't want to be alienated from your family and friends, what will happen if you don't want to",19.925042119008157
bf16,Odia,91,"In recent years, the use of digital technology in our four corners of the world has led to many changes.",52.00112546335396
bf16,Odia,92,"In the past, it took days for a letter to reach its destination, and each recipient would collect their own copy and keep it separate.",51.35757117539899
bf16,Odia,93,The causes of the revolution are debated as either a matter of class or a matter of class and caste. The underlying ideal is either progressive or reactionary.,27.690234112647
bf16,Odia,94,"Kabir Ghandi, who was killed by his wife for every time he married, married four times in a row.",39.14189151318104
bf16,Odia,95,The purpose of the author's writing was to awaken the public to the issue of social responsibility.,36.46119872871663
bf16,Odia,96,Only this truth is sufficient to know his strength and character.,41.15030582127338
bf16,Odia,97,"We could clearly see these thousand soldiers who entered the city with complete discipline and were engaged in military exercises, and had different flags and banners flying.",51.266338653902174
bf16,Odia,98,They read the Ramayana and Mahabharata; they read the war stories of the Marathas; and their young hearts were stirred by the tales of Hindu heroism.,43.49448134915406
bf16,Odia,99,The abundance of clear skies in the monsoon season is a major obstacle to the use of 'optical remote sensing data' for agricultural purposes.,41.71853877851451
bf16,Odia,100,"When we click on any harmful advertisement on the internet, it can also reach our computer.",62.04303935484749
bf16,Odia,101,"Seeing his village in a state of distress, he fled to the rest house of Chilaiwan and, after a quick journey, he killed the enemy and wounded his comrades.",34.9932539491133
bf16,Odia,102,"They went on a pilgrimage with their own company, and attacked Kanpur with a threat.",24.1846681390245
bf16,Odia,103,The Sheths and their relatives gathered around me.,60.90264778017192
bf16,Odia,104,"After that, the short time of Jarkshis -2 came.",25.927257390366936
bf16,Odia,105,These brothers were deeply devoted to each other.,73.46360190114954
bf16,Odia,106,"I feel that if they leave the proposal, then others can accept the same.",44.19014129189472
bf16,Odia,107,The most active ingredient of the urban area is transportation.,56.119673499088265
bf16,Odia,108,"If a region is a region, the right-of-way protocol ensures that all the goods in the store are sold, and all the changes that are wanted are found, and then they are repositioned according to the current situation in the old or new system.",29.4795740082144
bf16,Odia,109,"The main problems in the process of formation are first, the time required to collect and release the different layers, and second, the complexity of the logic.",32.51963625945288
bf16,Odia,110,"If you can afford it, you can learn how to survive in the wilderness by practicing the skills of survival.",21.23436877963308
bf16,Odia,111,"If there are any doubts about the treatment of students in the hospital, they should be encouraged to ask questions.",57.62514828988326
bf16,Odia,112,The national spirit of the Punjabi soldiers was awakened to a great extent.,32.57118959036655
bf16,Odia,113,This kind of forgiveness was not natural in my father's case.,57.33001310342839
bf16,Odia,114,"This was a great honor for Henry, as he had a special and world-famous army, which included an English regiment and a Hindu regiment, which were tested by the British army and proved to be strong.",31.7284464772932
bf16,Odia,115,"The weapons were spread throughout the country, the first batch of which were made by the women; the water jars were filled with water.",31.12767143203319
bf16,Odia,116,"The British army, you, have been able to feed yourselves, not by your own blood, but by your own sweat; so, enjoy the cool shade of the forest in the presence of your generals!",38.58694110554578
bf16,Odia,117,"You will see that the bamboo grows taller and taller, and eventually becomes a tall tree, or that the bamboo shoots grow into bamboo, or that the dogwood grows into a dogwood tree, or that the willow grows into a willow tree, or that the bamboo grows into a bamboo tree, or that the bamboo grows into a bamboo tree, or that the bamboo grows into a bamboo tree, or that the bamboo grows into a bamboo tree, or that the bamboo grows",20.81577954930764
bf16,Odia,118,Boys are also sexually promiscuous.,32.62956431341453
bf16,Odia,119,"If they were to cut their own fingers, they would tell us about their purpose and advise us to cut their tongues!",15.417944159540053
bf16,Odia,120,"Those who were primarily responsible for making the film popular were the directors, J. V. A. V. V. V. V. V. V. V. V. V. V. V. V. V. V. V. V. V. V. V. V. V. V. V. V. V. V. V. V. V. V. V. V. V. V. V. V. V. V.",28.551077593618963
bf16,Odia,121,"From the film 'Tornado' (1932), they became the masters of this style, in which many scenes of a moving train are shot on the back of a character.",35.85702315448641
bf16,Odia,122,"'Aamish Cinema' is a film in the Assamese language, which is mostly seen in Assam.",45.43565594258883
bf16,Odia,123,The evolution of the most important ancient monuments is gradual and clear.,17.05758825309432
bf16,Odia,124,"In a more significant way, a specific skill set and purposeful intent are involved.",21.820025170533107
bf16,Odia,125,"They provide a different perspective to the story and the result is a mixed subject, which is a blend of several styles.",33.70121303074185
bf16,Odia,126,"The first online film series, ""The First Online Film Series,"" began on June 15, 2020, and ended on July 11, 2020.",28.269088449415587
bf16,Odia,127,"The program was conducted in association with the National Film Archive of India, which is located in Pune.",58.07862246095464
nf4,Hindi,0,"The clothing of the service personnel is a combination of several features such as their shoes, clothes, tie, ornaments, hairstyle, makeup, watch, cosmetics, brooch, etc.",54.73313057254549
nf4,Hindi,1,"The Ajanta Caves are located in the Aurangabad district of Maharashtra, India, and are the oldest of the group of rock-cut Buddhist caves and rock-cut Hindu temples in the world.",36.332535764657074
nf4,Hindi,2,The effect of the expansion is that the skin tone is blotted in the outer contour.,30.500588615137403
nf4,Hindi,3,"Ashoka began to use stone in a wide variety of monuments and statues, while the traditional use of wood and mud was still in practice.",32.74810116723782
nf4,Hindi,4,"The dish is made by mixing spices with onions, then adding the boiled potatoes and then cooking it well.",18.147113855507406
nf4,Hindi,5,Chettinad cuisine is a unique and different type of cuisine from the Tamil Nadu state of Chettinad region.,40.37364156486032
nf4,Hindi,6,"Dalchini is a traditional Chinese medicine herb, and is used in traditional Chinese medicine as a flavoring agent and as a medicinal agent.",39.26425189792433
nf4,Hindi,7,The powder can be made in a dry grinder or in a mortar and pestle.,49.583123862990846
nf4,Hindi,8,"Every city in Punjab has its own preference, such as the Amritsarites especially love Amritsarī Kulcha, Bharambe and dairy products.",38.23165080298482
nf4,Hindi,9,"Ram should be sent to the sage with Shiva, and Laksmana should be sent to the sage with Shiva.",35.34777385892997
nf4,Hindi,10,"However, Pandey's daring act of taking a high and noble stand was done in the spirit of patriotism.",39.38577197001244
nf4,Hindi,11,The peas are then mixed with a little salt and a few chopped onions and simmered for 5-6 minutes until the meat is tender.,25.34557558474693
nf4,Hindi,12,The Bhagavad Gita is a Sanskrit text that presents the teachings of the Hindu god Krishna to the warrior Arjuna in a war between the two sides of the Kuru clan.,21.08765146144921
nf4,Hindi,13,It is said that the purpose of the book is to encourage the knowledge of the wisdom of prudence and the virtuous behavior of the learned.,49.86126216553248
nf4,Hindi,14,Professor Asitkumar Bandopadhyay has contributed significantly to the history of the entire city of Hāwādār by compiling the entire history of Hāwādār in two volumes titled Hāwādār Itivṛtt (first and second volumes).,37.12699784525213
nf4,Hindi,15,"The half-circular stern of the ship is marked with a letter, the stern of the ship is open, and the main deck is made of wood.",22.437272525069968
nf4,Hindi,16,The generations of the great kings and queens (as they are called in the traditional Indian parlance) have perfected these dishes over centuries and they are now being passed on to the next generation through the oral tradition.,47.06532850381938
nf4,Hindi,17,"The preparation of the main dish is done using the dal, which is a traditional method.",28.93317210739468
nf4,Hindi,18,"Pav Bhaji: a popular food from Maharashtra, it is a mixed vegetable dish cooked in a rich gravy, usually in the form of a soft bread roll (pav) with it.",47.817468076241134
nf4,Hindi,19,"The Habbātuwwa and Lal-Dhadīkā compositions are known for their devotional style and deep emotions, while the compositions of Meera Bai in Rajastan are known for their unique expressions of devotion, and the Tanjore paintings in Tamil Nadu are known for their profound contributions of women's knowledge and wisdom in the art of the period.",39.66629366876435
nf4,Hindi,20,"The cave temples, which have murals painted in the Buddhist style, are located 97 km from the district headquarters of Dhara in Madhya Pradesh.",53.963048300147065
nf4,Hindi,21,"In Sanskrit, the root word is a generic term for any part of a plant or tree, but can also be used in a more specific sense to refer to any part of any object.",37.72400579584343
nf4,Hindi,22,The Indus Valley Civilization is known for its technological knowledge in different regions.,70.94741721966689
nf4,Hindi,23,All the Kauravas are killed; only five Pandavas and Krishna are left alive.,54.50483975517268
nf4,Hindi,24,The war lasted for 14 days and ended with the defeat of the Kauravas.,60.2521462815748
nf4,Hindi,25,"The story of the struggle for the throne of Hastinapura, the central kingdom of the Mahabharata, is located in the modern state of Uttar Pradesh, in the exact north of the modern city of Delhi, and is the ancestral homeland of the Jats.",46.98034236785216
nf4,Hindi,26,"The population of Karnataka is predominantly vegetarian, and their cuisine is therefore mainly vegetarian.",39.22158087058273
nf4,Hindi,27,He said that the war zone was in the north.,13.749099291881842
nf4,Hindi,28,Two great epics in Tamil are Silappathikaram and Manimekalai.,63.284945193704175
nf4,Hindi,29,The use of cumin powder is done with caution in this region.,61.56556265243373
nf4,Hindi,30,"The word yoga derives from the Sanskrit yuj, meaning ""to yoke"" or ""to join"".",50.03102870515404
nf4,Hindi,31,The Odissi temples of today have been developed with a variety of sculptural reliefs in the form of intricate and ornate carvings.,28.00974675173762
nf4,Hindi,32,"Vāsishtha then began to walk towards the king and began to speak slowly: ""Rājā, you do not show beauty to me that you have spoken to me once before.""",25.85434788504297
nf4,Hindi,33,Only when they understood Krishna's sorrow over Arjuna's despair did the Lord change his mind and begin to teach the mysteries of the religious conflicts in the world.,42.103542271093
nf4,Hindi,34,"As you add the rice to the pan, add a little bit of the oil in between, and then add the grated ginger.",38.73363144020822
nf4,Hindi,35,"You can start by adding a spoonful of grated ginger to the bowl, then mix in the well-cooked rice flour.",48.1209420541758
nf4,Hindi,36,"The beautiful and unique Gurudwara of Nand Udham was built in the 1830s by Maharaja Ranjit Singh in Nanded, Maharashtra, India, and is famous for its intricate and complex carvings in gold.",37.12995139412485
nf4,Hindi,37,"The Sama Sutras are collections of selected verses arranged in a set meter and set of notes, and are sung in a specific meter and key.",24.070446520329984
nf4,Hindi,38,"From the description in the Mahabharata, it is clear that Ayodhya was the ancient capital of the country, which was far removed from any of the modern cities.",55.0842505481158
nf4,Hindi,39,"""Once you say you will do something, there is no other option but to do it.""",40.71055876981222
nf4,Hindi,40,"In recent years, there have been differing views on the sufficiency of the Reserve Bank of India's foreign exchange reserves and the Reserve's foreign currency vaults.",50.96509915237314
nf4,Hindi,41,"When a credit card account is more than three days overdue, only banks and credit card companies (CICs) can inform the account holder that the account is overdue and that late fees and other penalties may be incurred.",41.72895134571921
nf4,Hindi,42,The country can attract foreign direct investment to improve its economic situation.,44.97367805784609
nf4,Hindi,43,"However, for the purpose of encouraging the quick implementation of the approved package, the status of the bank may be re-established at the level of the application received by the bank for the re-establishment of the bank.",44.96547017207836
nf4,Hindi,44,"Private capital accumulation is not necessarily limited to a few people, or to the accumulation of wealth, but rather to the accumulation of capital, and the resulting inequality is a consequence of the forces of development, competition, and technological progress.",53.11626072383753
nf4,Hindi,45,It helps to reduce the volatility and increase the liquidity in the market.,39.882376926336015
nf4,Hindi,46,The second quarter figures show that the economy is still strong.,16.590376096036888
nf4,Hindi,47,"In the field of economics, a country is a specific subject and the markets in which they are affected by the various phenomena that are collectively called the aggregate.",37.20716721816414
nf4,Hindi,48,"The term ""capital"" refers to the amount of capital that can be sold in the market at a discount from the full market price for a short period of time.",36.714855914745904
nf4,Hindi,49,"In general, the principle of tax equity is based on the facts and circumstances of the case rather than on the personal characteristics of the taxpayer.",30.03996107302837
nf4,Hindi,50,"Therefore, the interest amounts are not so liquid as the date of the interest accrual, and as a result, they become unproductive.",39.653468639808125
nf4,Hindi,51,"The UnionPay system, the fastest payment system in India, will be linked to the same payment systems in other states as well as the Union territory of Lakshadweep. This will enable the payment systems in India to be linked to the same systems in other states as well as the Union territory of Lakshadweep.",32.821938108018486
nf4,Hindi,52,It is becoming increasingly important in the natural gas (LNG) industry due to their use in power plants and industrial (feed) gas applications.,33.74744011333255
nf4,Hindi,53,"While advertising can increase sales, they can also keep you in business for a long time, but they can't make you a brand or a company that is worth selling.",27.529665749868453
nf4,Hindi,54,"The payment system operator (PSE) is a payment service provider (PSP) appointed by the Reserve Bank of India (RBI) in March 2022 to collect payments from the payment service recipients (PSEs) under the Payment and Settlement Systems (PSS) Act, 2007.",32.26925021363756
nf4,Hindi,55,The rules apply to the payment groups that transact in online or e-commerce.,32.78987226288917
nf4,Hindi,56,"According to the records, the country will benefit from international trade in the future by exporting the most profitable products and importing the least profitable.",26.074645752737624
nf4,Hindi,57,"As of September 2022, the bank's capital ratio has increased to 16.2% year-on-year, from 6.7% as of the same period last year.",25.925896518801466
nf4,Hindi,58,"The cost of the operations such as sowing, harvesting, threshing, reaping, sorting and the transportation of the grain and the by-products is borne by the farmers.",37.7407628113891
nf4,Hindi,59,Loans for agricultural and related activities are provided for the purchase of farm machinery and for irrigation and other development works in the fields.,50.56204425924564
nf4,Hindi,60,The banking inspector is inspecting the influence of the shadow banks on the traditional banks and is trying to limit it by imposing better regulations on capital and reserves.,35.230647054978206
nf4,Hindi,61,The official territory and the more accurate and better information collected since the global financial crisis is being used to identify the more specific and heterogeneous groups.,52.46614717695361
nf4,Hindi,62,The price of a commodity is determined by the interaction of supply and demand.,34.75479019065887
nf4,Hindi,63,"The level of supply and demand in the market is determined by the price equation of the product and the other variables (for example, income).",67.38487091773258
nf4,Hindi,64,"The balance of payments accounts are the current account, the capital account, and the financial account. The current account is the sum of the trade account, the current account of goods and services, and the current account of income. The capital account is the sum of the capital account of goods and services, the capital account of income, and the capital account of transfers. The financial account is the sum of the financial account of goods and services, the financial account of income, and the",27.215972076820027
nf4,Hindi,65,The difference between the value of exports and the value of imports is called the balance of trade.,60.1949082408532
nf4,Hindi,66,"The Minister of State (Independent Charge) Shri Girija Singh, in his address at the 15th World Summit of the International Energy Agency (IEA) held in New Delhi on December 19-20, 2018, said that the continuous efforts of the IEA Secretariat have brought about a significant improvement in the IEA's category in the IEA's category series and in the IEA's category series, and in the IE",37.33725411492822
nf4,Hindi,67,"Taking into account these factors, it is estimated that the GDP will be 6.7% in the second quarter, 7.1% in the third quarter, and 5.8% in the fourth quarter, respectively, with a balanced risk.",34.79542759481882
nf4,Hindi,68,"Although imports have been declining, exports have been increasing.",22.992970106470093
nf4,Hindi,69,"The growth rate of the economy is primarily focused on economic performance (growth rate, GDP as a percentage of GDP, GDP as a percentage of GDP, government debt as a percentage of GDP, GDP as a percentage of GDP, tax revenue as a percentage of GDP, etc.) and social performance (poverty, corruption, employment levels, nutrition of the population, etc.).",69.89940741642077
nf4,Hindi,70,"The main issue in the current economic debate is the balance between social and economic performance, which has been examined in some detail in the context of the interdependence of environmental performance.",54.16300910084526
nf4,Hindi,71,"The calculation of the appropriate amount of capital to be allocated to the premium for the renewal period shall be based on the current value of the cash flows of the renewal period, including the renewal premium, the bank's BPIR, and the renewal date, and the renewal premium shall be allocated to the premium for the renewal period.",35.17761963547025
nf4,Hindi,72,"To help the economy recover from the financial crisis and to maintain financial stability, the Reserve Bank of India has provided a special credit facility of Rs 50,000 crore to the MSME sector.",38.54258095567392
nf4,Hindi,73,"The economic conditions have been improved by the advent of the boom and the subsequent bust, but the country is experiencing a high level of instability and people are taking risks to avoid the dangers.",25.281656323253443
nf4,Hindi,74,"The full value notes will be received in the branches of RBI by the Reserve Bank of India, while the half value notes and the notes which have been cancelled will be received in the same manner as the notes which have been presented for the purpose of the decision of the Reserve Bank of India.",36.74619210720664
nf4,Hindi,75,The amount of capital in India has increased tremendously.,29.32421281149105
nf4,Hindi,76,"Despite the volatile global environment, the Indian economy has remained stable.",54.4109933545157
nf4,Hindi,77,There is a fear in financial markets that the real economy and financial stability could be affected.,58.21243717514704
nf4,Hindi,78,"If the number of notes in circulation is 5 or more and their total value is 5,000 or more, the person who is to exchange the notes is advised to send them in a sealed envelope with his bank account details (account number, branch name, IFSC etc.) to the post office or take them himself to the branch of the Reserve Bank of India.",42.29370788132267
nf4,Hindi,79,"The court also noted that secrecy of information and confidentiality of sources are an essential part of the right to privacy and therefore that the CBI should collect only such information and data from the most relevant and necessary private informants, and that the information should be used only for the purposes for which it was collected.",42.10515990795133
nf4,Hindi,80,Cybercrime is the act of committing a crime using a computer or network.,26.812653187707507
nf4,Hindi,81,All packaged and canned foods contain a lot of sodium because they are preserved with salt.,47.24333270403183
nf4,Hindi,82,"The driver can suddenly apply the brakes, change the speed of the vehicle in motion, or enter the interior of an uncontrolled CARS vehicle in an accident situation.",42.29165849696667
nf4,Hindi,83,"But that same evening, a dark prisoner whom Narpat Singh had set free, came to the camp of the English and told the general that he had heard Narpat Singh say that he would empty the fort but would not do so until he had changed his mind.",56.31366608331383
nf4,Hindi,84,"At this time, the head of the army in Lahore was Robert Mountjoy.",53.5738869683568
nf4,Hindi,85,"Although the number of Sikhs in the Mian Mir camp was four times that of the British soldiers, there was no reason for the British officer to suspect that they were in contact with the Sikh soldiers in Meerut before the news reached him, and when the news did reach him, he found it difficult to determine whether they were in contact with the Sikh soldiers in Meerut or not.",45.71210820566963
nf4,Hindi,86,"Only the left hemisphere of the brain is used, and the right hemisphere is affected.",21.533177014588446
nf4,Hindi,87,"Daily, both sides were receiving new pieces.",32.22447116800653
nf4,Hindi,88,"If there is any personal hatred, then the name Mangal Pandey is not in the list of martyrs but in the list of murderers.",45.515137581724126
nf4,Hindi,89,"He looked at me for a moment, and then kindly said, ""I am sorry, there is no room in our house.""",34.27922037420711
nf4,Hindi,90,Have you ever wondered what would happen if you didn't collect the dung from your house and the surrounding environment?,39.4683593333908
nf4,Hindi,91,"In recent years, there have been significant changes in the world around us due to the use of digital technology.",63.721969032094265
nf4,Hindi,92,"In the past, it took several days for a letter to reach its destination, and each recipient would write their own reply and send it separately.",50.865560360344666
nf4,Hindi,93,"The fervor of the religious reformations was in some cases a religious zeal, in others a religious fanaticism, and in some cases a religious heresy.",18.59945910071806
nf4,Hindi,94,"Every time his wife died, Kaba Gandhi married again.",35.81484246823795
nf4,Hindi,95,"This article is about the social responsibility of the writers. For the social responsibility of the writers in the Hindi language, see लेखक का सामाजिक जिम्मेदारी.",36.431506309099376
nf4,Hindi,96,Only the fact that they have the ability and character to do so can be taken as a sign.,27.76675906703659
nf4,Hindi,97,"We could see the thousands of soldiers marching in unison, with banners and flags waving in the wind, as we entered the city from the summit in clear view of the entire assembly.",37.91590564765994
nf4,Hindi,98,"They also read the Ramayana and Mahabharata, and the stories of the great heroes of the Hindu epic, and were inspired by the great patriotism of the Hindus.",35.20525579217736
nf4,Hindi,99,The lack of sufficient satellite data during the monsoon season for agricultural activities is a major hindrance in using the far-sightedness data of the radar.,41.240690611404325
nf4,Hindi,100,"When we click on a poor advertisement on the Internet, it can reach our computer.",60.62944416127816
nf4,Hindi,101,"He went out of the cave, and, having been wounded in his leg by a terrible blow of the enemy's sword, he fell down, and, in the agony of his wound, he began to cry.",32.24298646698912
nf4,Hindi,102,"They took him with them, Nana Bithoor, and went to Kanpur to make a demand.",32.054347360203565
nf4,Hindi,103,The village and its officials surrounded me.,24.477327984517107
nf4,Hindi,104,"After that, the Jaksies ruled briefly.",16.938421301270896
nf4,Hindi,105,Both brothers loved each other very much.,36.53845112403705
nf4,Hindi,106,"I think that if they are in agreement, they can be explained to the other people.",33.54863615409211
nf4,Hindi,107,The most dynamic element in urban areas is transportation.,57.07449364769603
nf4,Hindi,108,"The right-ahed log ensures that the log can be retrieved in the correct order, and that all the required and fixed changes can be found in the cell storage, and that the situation can be either restored to the previous state or created with new values.",33.42470276410486
nf4,Hindi,109,"The first difficulty is that if there are several items to be reconciled, it takes more time to reach and open them, and the second is that the arguments are more complex.",35.07822041652386
nf4,Hindi,110,"If there is any facility for swimming, the practice of diving can be done there.",34.79879947817974
nf4,Hindi,111,It is recommended that the patient be encouraged to ask questions about the primary care process of swimming if there is any concern.,47.26933278441655
nf4,Hindi,112,It was necessary to know where the nationalist feeling in the Punjab Army had reached.,39.00655169270561
nf4,Hindi,113,Such forgiveness was natural to my father.,59.41392024182627
nf4,Hindi,114,"This revolt was somewhat gratified by the fact that he now had a formidable army consisting of the Sikhs and the two regiments of the Sepoy, and that the latter had been thoroughly drilled in the examinations.",38.446153943675455
nf4,Hindi,115,"The weapons were arranged in rows, the breakfast was ready and the hungry people were already boiling the first bowl of rice; the cups were filled with water.",54.01250286992165
nf4,Hindi,116,"The soldiers, having eaten their fill of the hard labour, did not have the blood of their bodies to drink from, but drank the blood of the oxen; and so they had to drink the blood of their comrades, and so they had to drink the blood of their comrades, and so they had to drink the blood of their comrades, and so they had to drink the blood of their comrades, and so they had to drink the blood of their comrades, and so they",23.39837758870483
nf4,Hindi,117,"You have seen the seedlings growing in the trees, or the young of other animals, or the young of dogs, or the young of bats.",28.74560779063235
nf4,Hindi,118,Boys are also equally vulnerable to sexual abuse.,90.61329361148788
nf4,Hindi,119,"When the electricity was going down in Zanskar and they were being hammered by the sledge, when Bana saw his sons being taken out of the village to be made into spears by the Manos, he warned them and said, ""If you take your spears out of the Manos, I will make you a report to the Fingers and then you will have to make a report to the Fingers.""",24.011019767838512
nf4,Hindi,120,"The film director who was primarily responsible for making the horror film popular was J. B. H. Ward, who was also the brother of the director of the same name, J. B. Ward.",39.52166910043292
nf4,Hindi,121,"The train ride in the film The Train Wreck (1932) was filmed with several shots of the train's roof being hit by a flying object, and the film became a pioneer in the genre of the ""train ride"".",27.64264304618723
nf4,Hindi,122,"The Assamese film industry is the Assamese language film industry, which is primarily based in Assam.",48.50119276535069
nf4,Hindi,123,The transformation of the most outstanding compositions is the least transparent.,34.11986093889603
nf4,Hindi,124,"It is important to understand that this is a symbolic hand washing, and the intent is clear.",24.16800229314519
nf4,Hindi,125,"They also add a bit of spice to the story and the result is a mixed tale, a lot of different techniques.",33.990114373774446
nf4,Hindi,126,"The first online film festival, the Fintech Film Festival, was launched from June 15 to July 11, 2020.",33.87461390487825
nf4,Hindi,127,"The curriculum was prepared in association with the National Film Archive of India, Pune.",62.60210344520639
nf4,Bengali,0,"The external features of the person are a collection of characteristics such as shoes, hats, ties, gowns, hair, makeup, watches, accessories, scents, etc.",29.711294021222265
nf4,Bengali,1,"The Ajanta Caves are a group of 35 Buddhist rock-cut caves and their connecting galleries, located mostly within the Ellora Rock Complex in the Aurangabad district of Maharashtra, India. The caves were created during the 2nd century CE and were the site of a prosperous Buddhist monastery.",38.31131150785742
nf4,Bengali,2,The color of the skin is mixed with the lines of the face to create a sense of depth.,27.3413195960027
nf4,Bengali,3,"The tradition of using stone to build structures began with Ashoka in the region, and the construction of stupas and great memorials.",31.658709368318373
nf4,Bengali,4,"The dish is made by marinating the potatoes in a mixture of spices, then frying them in oil until they are cooked through, and is a popular and delicious dish in Maharashtra.",34.542363642774305
nf4,Bengali,5,"The Chettinad cuisine is a style of cooking that is unique to the Chettinad region of Tamil Nadu, which is also known as Nattukottai Chettiyar, or the Chettiyar style of cooking.",46.68477695756084
nf4,Bengali,6,"Daruchini is produced in India and used as a spice, from which it is derived.",20.10399373968207
nf4,Bengali,7,These all can be made into a stuffed cabbage or a shish kebab.,16.08313431755681
nf4,Bengali,8,"The preference of each city in Punjab is different, such as the people of Amritsar like Amritsar Kulcha, Pabna Pora and Dairy products.",42.570509681349805
nf4,Bengali,9,He sent both Rama and Lakshmana.,32.23656860561003
nf4,Bengali,10,"However, it was done through the efforts of the brave Pandavas, through the high and noble principles of the time.",46.45069024600208
nf4,Bengali,11,"When the peas are ready, mix the minced meat with the onion and cook for a few minutes, and then add the spices to the meat without letting it go in.",29.84172973257731
nf4,Bengali,12,The book is a philosophical work in which the author attempts to explain the nature of the human soul through the characters of animals and humans.,44.74493326705549
nf4,Bengali,13,The purpose of this book is to encourage the dexterity of the expression in Sanskrit and the education of the customs and habits.,49.45289749754884
nf4,Bengali,14,"The first and second editions of his hometown, Hooghly, Kolkata, were published in 1994 and 1995 respectively by the eminent professor of history, Ashok Kumar Banndyopadhyay.",33.142082871371386
nf4,Bengali,15,"The outer portion of the courtyard is decorated with a half-circular arch of a carved stone, and in some cases there is no entrance to the courtyard.",32.95016410265076
nf4,Bengali,16,The food of the Maharajas and Khanas (the names given to the chefs in the Indian subcontinent) has been perfected over centuries and has been passed down from generation to generation. It has been in existence for thousands of years.,37.87442693280025
nf4,Bengali,17,"Traditionally, a group of five or six people, including the head cook and the main cook, prepare the meal.",24.62589652687037
nf4,Bengali,18,"Pao Bhaji: A special dish from Maharashtra, which is a thickened vegetable curry (bhaji) in a soft pao roll (pao) that is filled with the leftover curry.",46.07702053358389
nf4,Bengali,19,"The Lal Ded and Habba Chawtani in Kashmir are known for their mysticism and expression, the Mughal poetry of Mirabai in Rajasthan is known for its unique devotional qualities, and the Tamil and Andalavad poetry of the Kannada language is a testimony to the great contribution of women in the literature of the time.",57.72297434000373
nf4,Bengali,20,The Buddha cave is located 97 km from the Dharmapuri district in the Madhya Pradesh state.,46.45278955198916
nf4,Bengali,21,"The Sanskrit word for a tree trunk is also used in a figurative sense, as the foot or the lower part of a thing or the root.",37.6417385804296
nf4,Bengali,22,The Sindhi culture is known for its knowledge in various fields.,41.42000328894374
nf4,Bengali,23,All the Kauravas were killed; only the Pandavas and Krsna survived.,54.38609506365405
nf4,Bengali,24,The battle lasted for 20 days and ended with the defeat of the Kauravas.,67.80230074338704
nf4,Bengali,25,"The central story of the Mahabharata is the struggle of the Pandavas, a clan of heroes, for the throne of Hastinapura, the capital of the kingdom of the Yadavas.",42.91204621663099
nf4,Bengali,26,"The number of non-vegetarians in Karnataka is higher than that of the other states of the North East, and therefore, the non-vegetarian food is included in their diet.",51.13615363984778
nf4,Bengali,27,"He said to Sanchit, who was narrating the battle, ""What is going on in the battlefield?""",34.35723010422546
nf4,Bengali,28,"Two Tamil epics are found in these two languages, namely, Silappatikaram and Manimekalai.",57.14620084451227
nf4,Bengali,29,This area is where the lantana is used.,13.529406133824356
nf4,Bengali,30,"The word ""yog"" is derived from the Sanskrit root yuj, which means ""to join"" or ""to unite.""",56.91954119239956
nf4,Bengali,31,The present Odia language is a result of the countless inscriptions carved on the walls of the Puri Jagannath Temple.,31.78585359951661
nf4,Bengali,32,"Bishth returned to the king and said, ""Raja, you should have kept your promise and not denied it.""",28.493906523930285
nf4,Bengali,33,"After understanding the magnitude of Arjun's grief, Krishna changes his behavior and begins to impart spiritual knowledge to him.",25.77999884068716
nf4,Bengali,34,"When adding salt to the pot, you can also add a little coriander.",20.05179245669613
nf4,Bengali,35,"You can start with a spoonful of chopped onions, then add some finely chopped cumin and some salted cumin seeds.",23.089902736578093
nf4,Bengali,36,"The magnificent Gurudwara of Nandadda was built in 1835 by Maharaj Ranjit Singh, and was constructed with exquisite goldsmithing and a magnificent silver gong.",29.851374388070106
nf4,Bengali,37,"A samavāda is a composition of a set of notes in a particular key, or a set of notes in a particular key with a particular rhythm.",22.47090662521146
nf4,Bengali,38,"From the description in the Bhagavad Gita, it is clear that ancient Ayodhya was not a part of the modern city of Kolkata.",56.2123901969866
nf4,Bengali,39,"Once you have said ""I will do it"", there is no other option but to do it.",55.08609040495311
nf4,Bengali,40,The current exchange rate of the US dollar and the amount of foreign currency that can be exchanged for our currency are subject to differing opinions.,32.37231699842355
nf4,Bengali,41,"If the account is paid in full within three days, the bank will not charge interest on the account. If the account is paid in full within three days, the bank will not charge interest on the account.",21.877880394085537
nf4,Bengali,42,The countries can be encouraged to take up direct foreign investment.,36.52295385180639
nf4,Bengali,43,"However, the approval of the package within 90 days of the submission of the application for the reconstruction of the building is required. The property classification of the building can be returned to the sub-division of the property classification of the property in the condition in which it was in the time of the approval of the application for the reconstruction of the building.",41.4902335375354
nf4,Bengali,44,"The power of individual capital accumulation is vested in the hands of the poor, or at least in the hands of the poor, or at least in the hands of the poor, or at least in the hands of the poor, or at least in the hands of the poor, or at least in the hands of the poor, or at least in the hands of the poor, or at least in the hands of the poor, or at least in the hands of the poor, or",23.321950216084105
nf4,Bengali,45,It is used to anchor and keep the ship afloat in the event of a storm.,24.92349087985616
nf4,Bengali,46,The second quarter of the year is the period of high business activity.,19.62732787621799
nf4,Bengali,47,The main subject of the aggregate economy is how a country and all its markets are connected to form a big world.,28.219815042541512
nf4,Bengali,48,The limit of the sale of the property in the vicinity of the commercial center within a short period of time is determined by the liquidity.,19.59209661732461
nf4,Bengali,49,The principle of universal jurisdiction should not be substituted by a principle of retributive justice.,18.839843620703515
nf4,Bengali,50,"Therefore, the interest is not due and so the interest date is not due.",30.42864239996318
nf4,Bengali,51,The integration of the trade system in India with the system of the Union of India with the system of the Union of India with the system of the Union of India with the system of the Union of India with the system of the Union of India with the system of the Union of India with the system of the Union of India with the system of the Union of India with the system of the Union of India with the system of the Union of India with the system of the Union of India,16.366565372442835
nf4,Bengali,52,"The energy sector is the largest in the sub-sector, with the use of liquefied natural gas (LNG).",22.677655363831867
nf4,Bengali,53,"However, they are helpful in boosting your sales, but they are not helpful in creating your own brand.",28.3725194119292
nf4,Bengali,54,The role of the Public Information and Education Officers (PIEO) in the Public Information and Education System (PIES) is crucial and they have been included in the 2020-21 budget and designated as the custodian of the Public Information and Education System (PIES).,26.57954578141905
nf4,Bengali,55,"However, these are applicable to the collection of funds by non-profit organizations and by-profit organizations through online or electronic means.",34.59595995389119
nf4,Bengali,56,"Ricardo's view was that a country could be as efficient in producing the largest amount of a particular good as any other country, and could do so at a lower cost than any other country could in producing a good that was not the largest amount of a particular good.",23.952354191754186
nf4,Bengali,57,"The bank's capital increased by 16.2% year-on-year to 6.7% of the bank's total capital as of September 2022, down from 16.7% in the same period of the previous year.",24.892140221525555
nf4,Bengali,58,"They are included in the separate operations of the grain-growing and grain-reaping, the application of pesticides, the sowing, the harvesting, the threshing, the winnowing and the transportation.",29.782763923692656
nf4,Bengali,59,"The purchase of agricultural machinery, the collection of rainwater by the use of a tank, and other development-related activities will be included in the loans.",46.595973917191465
nf4,Bengali,60,"The approval of the financial institutions has been affected by the historical banks, and the banks have been trying to consolidate the financial institutions through the principles of the financial institutions.",26.839201648684625
nf4,Bengali,61,The government agencies have been collecting more and more data and looking for hidden poverty.,29.55339199721439
nf4,Bengali,62,The weight of the object is determined by the balance of the forces required to support the object at a specific weight.,33.079604121706815
nf4,Bengali,63,The equations of the cost and other variables (such as wages) are used to determine the amount of output and the demand for labor.,41.834463269924
nf4,Bengali,64,"The amount in the account is the sum of the business income (such as interest, foreign investment income, and the income of employees) and the income from abroad (such as foreign aid).",42.31202903873015
nf4,Bengali,65,The difference between trade and commerce is the balance of trade.,32.75737672348117
nf4,Bengali,66,"The Minister of Industry and Trade (Independent Charge) Shri Giriraj Singh, who delivered the keynote speech at the 15th Global Summit of the MSMEs held at the National Council of India (NCCI) in New Delhi on 19-20 December 2018, said that the continuous efforts have resulted in the improvement in the rating of MSMEs in the I. O. D. B. I. R. R.",45.31262855730141
nf4,Bengali,67,"The impact of the fiscal deficit has been 7.1% in the second quarter, 6.5% in the third quarter, and 5.8% in the fourth quarter, with a balance of 2022-23 at 6.7%.",22.752504117531718
nf4,Bengali,68,"The growth of imports in India has slowed down, but it has not slowed down the growth of exports.",29.750398784192218
nf4,Bengali,69,"The rate of growth is primarily determined by the rate of economic activity (growth rate, GDP as a percentage of capital stock, GDP as a percentage of government debt, GDP as a percentage of tax revenue, etc.) and the rate of social activity (poverty, inequality, unemployment rate, growth rate of population, etc.).",53.395219195143454
nf4,Bengali,70,The social and economic balance of the current economic discourse is so tilted that the environmental balance is taken for granted.,40.40744701680506
nf4,Bengali,71,"The repayment amount is the current value of the cash flow of the bank's capital reserve account, which is the same as the interest rate of the bank's capital reserve account, and the repayment amount of the bank's capital reserve account is the same as the interest rate of the bank's capital reserve account, and the repayment amount of the bank's capital reserve account is the same as the interest rate of the bank's capital reserve account, and the repayment amount of the bank's capital",28.950344402409605
nf4,Bengali,72,"The bank has been in the process of raising special funds of Rs 50,000 crore for the purpose of refinance to the banks and for the purpose of supporting the revival of the economy through the revival of the banks.",21.067099578090662
nf4,Bengali,73,"The recent increase in the rate of decline and the even greater increase in the rate of decline have been caused by the precursors of economic instability, rigidity and vulnerability.",27.01065053765688
nf4,Bengali,74,The full amount of the notes will be paid in cash and the half amount of the notes will be paid in cash and the half amount of the notes will be paid in cash and the half amount of the notes will be paid in cash and the half amount of the notes will be paid in cash and the half amount of the notes will be paid in cash and the half amount of the notes will be paid in cash and the half amount of the notes will be paid in cash and,25.69798990203085
nf4,Bengali,75,The amount of capital security in India has increased significantly.,25.38273985426865
nf4,Bengali,76,"Despite the unstable global environment, the Indian economy is stable.",55.15678758853871
nf4,Bengali,77,The results of the economic performance and the economic stability in the financial markets are a concern.,35.04735834800767
nf4,Bengali,78,"The number of notes given by any person shall be more than 5 but not more than 5000 in value. The notes shall be sent to the branch of the bank where the account holder is situated, or the account holder shall himself go to the branch and change them.",33.80615096736924
nf4,Bengali,79,The right to privacy is an inseparable part of the right to secrecy and it must be ensured that the information collected during the process of registration of a citizen is the best interest of the citizen and only the information that is necessary and only for the purpose of the registration process.,39.642077063062
nf4,Bengali,80,A cybercriminal can access any computer or intrude into a computer network by using a computer virus or a Trojan horse.,39.476267948708085
nf4,Bengali,81,The presence of salt in all packaged and packaged foods is high.,30.6642915050391
nf4,Bengali,82,"In a convertible, you can pop the top and fly from one end of the car to the other.",13.23808354504324
nf4,Bengali,83,"But at that very moment, the white-bearded prisoner, who had been brought to the English camp by the Narpat Singh, informed the General that he had heard from the Narpat Singh that he would not leave the fort without a ransom.",48.313143121249006
nf4,Bengali,84,"At this time, the chief of the Lahore army was a Robert Montgomerie.",63.50432145403515
nf4,Bengali,85,"The Sepoys were outnumbered by the English soldiers by four to one, but the Sepoys had no reason to suspect that the English officers in Meerat would have any reason to suspect them, and the news that came from Meerat after the Sepoys had arrived there was not to be trusted.",42.83738136321156
nf4,Bengali,86,"They are not only the cause of the creation of the desire, but also the cause of the harmful effect on the brain.",49.5259088275235
nf4,Bengali,87,"Day by day, new troops came from all sides.",41.364937259034
nf4,Bengali,88,"If there is any personal hatred, the name Mangal Pandey will not be in the list of martyrs, but in the list of murderers.",45.36728655963471
nf4,Bengali,89,"He looked at me for a moment and said, ""I am very sorry, we have all been taken.""",39.55111795668685
nf4,Bengali,90,Have you ever wondered what would happen if you didn't evacuate from your home or the area?,34.18675272594989
nf4,Bengali,91,"In recent times, the use of digital technology has made the world a witness to many changes.",45.73155210439937
nf4,Bengali,92,"In the past, it took a long time for a letter to reach its destination, and each recipient would write their own reply.",41.821550581244765
nf4,Bengali,93,The nature of the revolution is considered to be either propitious or inauspicious on the basis of the nature of the revolution.,22.68698107544071
nf4,Bengali,94,"On each occasion of death, the wife of Kaba Ghandi was taken away by him, and he married her four times in succession.",47.26800634973588
nf4,Bengali,95,The idea of emancipating the masses from the shackles of slavery and oppression was the driving force behind the writing of the writers.,30.23951640309262
nf4,Bengali,96,Only this information is sufficient to determine the power and character of the man.,42.4214157275132
nf4,Bengali,97,"We went through the beautiful canals of the city in a boat, and we saw different flags and banners being waved, and we saw the city from the top of the hill.",30.591619119243717
nf4,Bengali,98,"Ramayana and Mahabharata have been read together; they have been read together as the epic of the heroic deeds of the Marhattas, and the Mahatma's inspiration has uplifted the young hearts of the Hindus.",50.2377179344014
nf4,Bengali,99,The main obstacle in the field of remote sensing for agricultural purposes is the insufficient amount of data from the optical satellite.,33.82204165206301
nf4,Bengali,100,Clicking on any of these ads will take you to our system.,20.49414492466513
nf4,Bengali,101,"When he saw the enemy in his own cave, he came out of it with a blow from his club and killed him, and he killed him with his own blood.",27.442216557364677
nf4,Bengali,102,They went to the different villages and made a raid on Kanpur.,14.058234526251567
nf4,Bengali,103,The staff and I were surrounded by them.,21.46772684497233
nf4,Bengali,104,"Then, a short time later, came the second Jerzy.",28.010614122355832
nf4,Bengali,105,The brothers had a deep bond.,29.500918023823363
nf4,Bengali,106,They will be ready to follow the same path as the others if they are ready to be ready to be ready to be ready to be ready to be ready to be ready to be ready to be ready to be ready to be ready to be ready to be ready to be ready to be ready to be ready to be ready to be ready to be ready to be ready to be ready to be ready to be ready to be ready to be ready to be ready to be ready to be,17.910038690438974
nf4,Bengali,107,The most notable feature of the urban area is the variety of modes of transport.,62.04038380224499
nf4,Bengali,108,"The system is designed to allow a complete and accurate reconstruction of the events from the log, and to allow the data to be re-entered in the old format if required, or to be re-arranged to suit the circumstances.",27.632351612825182
nf4,Bengali,109,"The first is that the balance of the two is to be taken, and that the one is to be taken in the first place, and that the one is to be taken in the first place, and that the one is to be taken in the first place, and that the one is to be taken in the first place, and that the one is to be taken in the first place, and that the one is to be taken in the first place, and that the one",18.025935254157357
nf4,Bengali,110,The skill of surviving in the water can be practised to the best of its ability by using the buoyancy of the air.,26.92751495782047
nf4,Bengali,111,"If there is any doubt about the first aid, the students should be encouraged to ask questions about it.",59.90039989482886
nf4,Bengali,112,It was necessary to show the degree of awareness of the national independence in the Punjab.,41.284601547888734
nf4,Bengali,113,This kind of forgiveness was not natural to my father.,72.86240265953442
nf4,Bengali,114,"In the end, the rebellion was seen as a victory for Sir Henry, who had been bribed to take the side of the English army and a group of captured Armenians and Sikhs and a group of tough tests.",30.082799672529987
nf4,Bengali,115,The food is prepared with a lot of spices and is eaten with the first bite of the mouth. The mouth is filled with a bowl of soup and the food is prepared.,20.7468757544972
nf4,Bengali,116,"The British army, you have taken the fight to the enemy's head, not by blood, but by the cold of the air in Amboina, sit down with your commander in the shade of the trees.",32.310079962385366
nf4,Bengali,117,"You have seen the seedlings grow into trees, and the full-grown dogs from the bitches and litters of the bitches and litters.",27.994549262653813
nf4,Bengali,118,Boys are also equally unprotected in front of the sexual revolution.,36.83347908995414
nf4,Bengali,119,"When the two of them were being taken to the executioner's block, the old man saw his two sons being tied up and told them that if they would take the oath to be true to the cause of freedom, he would tell them that they would be told by him that they would be told by him that they would be told by him that they would be told by him that they would be told by him that they would be told by him that they would be told by",23.12239920262133
nf4,Bengali,120,J. B. H. Wadia and his brother Homi Wadia were the film directors who made the film popular.,46.2877204443414
nf4,Bengali,121,"A series of train scenes featuring a series of disasters on the train roof, including Typhoon Mel (1932), began with the king of this group.",30.52412593618785
nf4,Bengali,122,Assamese cinema is a film in the Assamese language that is primarily shown in Assam.,60.94664361904763
nf4,Bengali,123,The translations of the classical Indian literature are not entirely accurate.,29.21665306944097
nf4,Bengali,124,"In addition, a modern technique and in this way the purpose is achieved.",18.57630072577942
nf4,Bengali,125,They have transformed the work into something else and the result is a mixture of squares.,55.43693453026961
nf4,Bengali,126,"The first online film appreciation course was launched from June 15 to July 11, 2020.",39.71203390565833
nf4,Bengali,127,The curriculum was developed in collaboration with the Archive of the National Film Board of Canada.,45.19296800495501
nf4,Tamil,0,"The term ""birth"" refers to a collection of features that are associated with the work of a craftsman, such as the use of tools, the use of materials, the use of techniques, the use of tools, the use of tools, the use of tools, the use of tools, the use of tools, the use of tools, the use of tools, the use of tools, the use of tools, the use of tools, the use of tools, the use",17.02888407515489
nf4,Tamil,1,"There are 19 Saithe and 11 Viharas in Ajanta, in the Aurangabad district of Maharashtra, which were painted by the painters of the Sogdian galleys in the 1st to 5th century AD.",35.95164626495419
nf4,Tamil,2,The skin is covered in scales and is covered in scales and is covered in scales and is covered in scales and is covered in scales and is covered in scales and is covered in scales and is covered in scales and is covered in scales and is covered in scales and is covered in scales and is covered in scales and is covered in scales and is covered in scales and is covered in scales and is covered in scales and is covered in scales and is covered in scales and is covered in scales,4.526697792682906
nf4,Tamil,3,"He began using stone and brick in the construction of temples and other buildings, but the use of stone and brick had been in use since the beginning of the Iron Age.",24.82930870459321
nf4,Tamil,4,"In the famous flavors of Maharashtra, the fish is boiled in oil with spices and then fried in the sea water.",28.50977182588228
nf4,Tamil,5,The cuisine of the district of Settiamalai in Tamil Nadu is called Settiamalai cuisine or Settiamalai cuisine.,27.27921675741996
nf4,Tamil,6,Lavender is indigenous to India and is used in a wide range of applications from food to medicine.,30.10924689334856
nf4,Tamil,7,It is boiled in a pot of water or in a pot of milk.,21.41008148410954
nf4,Tamil,8,"Every city in Punjab has its own preferences, for example, Amritsarites have Amritsar, Sutpatta has Pattha, and Balochi has Balochi.",35.13767931763162
nf4,Tamil,9,"Rama was sent by Laxman, and Lakshmana was sent with him.",38.28379461850345
nf4,Tamil,10,"However, the deeds of the Pandavas were a great feat of valour.",13.705418832974376
nf4,Tamil,11,"The color of the rice is changed and mixed with roasted millet and a little bit of sugar, and then it is left to ferment for a short time, until the sugar is well absorbed by the millet, that is to say, for about 5-6 minutes.",34.593934355954616
nf4,Tamil,12,The Hitaopadhyaya is a book on the philosophy of the world in which the characters are animals and humans.,44.63786710629868
nf4,Tamil,13,The purpose of this book is to encourage the reader to appreciate the subtlety of the language and the subtlety of the mind.,38.29009157253317
nf4,Tamil,14,"He was a pioneer in documenting the entire history of the village of Havarai, which was named Sahareerit (first and second edition) by Havarai Sahareerit.",25.735891861041903
nf4,Tamil,15,"The main pillar of the Saitara Mandapa is a large open pillar with a central opening, and the outer wall is decorated with a continuous open pillar with a central opening, and in some places there is no central pillar.",28.29618733931364
nf4,Tamil,16,"The head chefs of the royal kitchens in the Mughal era, known as maharajas and concubines (the traditional names for chefs in India), have been responsible for the development of the cuisine of the country, which has been passed down through generations by oral tradition.",34.29721909023341
nf4,Tamil,17,"Traditionally, the family of the head chef, Vasanthas, and their assistants, the Vasakas, are the ones who prepare the food.",32.69294683735306
nf4,Tamil,18,"A popular dish from Madhya Pradesh is the ""Pav Bhaji"" which consists of a spicy curry made of grated green chilli (Panchamakhan) mixed with the ""Pav Bhaji"" which is a spiced roti (roti) stuffed with the grated green chilli.",29.725650920742435
nf4,Tamil,19,"The poems of Lalit and Habba, which are in the language of Kashmiri, are unique in their devotional fervour, and the poems of Andal in Tamil and Akka Mahadevi in Kannada are the testimonies of the women poets of that period to the great contribution they made to the literature of the period.",44.05584538869369
nf4,Tamil,20,The Buddhist monasteries in the Pakhkoi Hills are located 97 km from the Tarai district in the middle of the country.,41.39305531062929
nf4,Tamil,21,"The term ""māgā"" in Sanskrit literature refers to a fruit or a tree branch, but it is used as a metonymy to refer to the lower part of a tree, the trunk or the base.",35.89365292801272
nf4,Tamil,22,"The Sino-Tibetan language family is a branch of the Sino-Tibetan language family, which is a branch of the Sino-Tibetan language family, which is a branch of the Sino-Tibetan language family, which is a branch of the Sino-Tibetan language family, which is a branch of the Sino-Tibetan language family, which is a branch of the Sino-Tibetan language",9.88355455074858
nf4,Tamil,23,"All the gods are sitting down, only Srimati Krishna and the Pandavas are standing up.",32.16939455386182
nf4,Tamil,24,"The war has been going on for 26 days, and the rebels have been defeated.",24.8588839276317
nf4,Tamil,25,The battle of Astanaapuram was a battle between the sons of the king of Asthana and the Pandavas in the Mahabharata.,21.873995628614985
nf4,Tamil,26,"The population of Hindus in Karnataka is significantly higher than that of other states in the region, which has made the state's cuisine predominantly Hindu.",27.067518783056528
nf4,Tamil,27,He replied that he was being attacked by a mob in the street.,18.49790436412937
nf4,Tamil,28,"There are two epics in Tamil, Silappathikaram and Manimekalai.",66.5821607589905
nf4,Tamil,29,Rice flour is used in this region.,30.706059894407005
nf4,Tamil,30,"Yoga is derived from the Sanskrit word Yuj, which means ""to yoke"" or ""to unite.""",55.97759830145822
nf4,Tamil,31,"Contemporary Odissi is a dance that has evolved from the ancient Odissi, which is performed in temples and is characterized by intricate and elaborate costumes and elaborate footwork.",31.073138696916647
nf4,Tamil,32,"Vyas said, ""O king, you have taken a pledge, and you must not revoke it.""",14.04265863751268
nf4,Tamil,33,"When Arjuna is finally able to understand Krishna's meaning, he begins to learn the secret of the divine order of the world.",23.526814662536275
nf4,Tamil,34,"When you add a little bit of vinegar to the rice, you can add a bit of vinegar to the rice.",25.943931869745672
nf4,Tamil,35,The first step is to add a cube of ice to the bottle and then add the well-mixed salt and pepper.,21.39572393656401
nf4,Tamil,36,"The famous monument of the Panchamata, which was erected in 1835 by the Maharaja Ranjit Singh as a tribute to his wife, was a beautiful, intricately carved, and intricately decorated structure.",32.48893883279314
nf4,Tamil,37,The specific combination of sounds that are used to make the specific notes of the stringed instruments of the Indian classical music is called the ragas.,22.837117459948157
nf4,Tamil,38,"The ancient city of Ayodhya is a city of the same name as the capital of the modern state of Uttar Pradesh, and is the capital of the state of Uttar Pradesh.",30.85601607914105
nf4,Tamil,39,"If you want to do it, you have to do it, there is no other way.",30.919346698711724
nf4,Tamil,40,"In recent times, there have been differing opinions on the exchange rate and the amount of foreign currency in the country.",49.52928954188612
nf4,Tamil,41,"A credit card account is not debited for interest after the due date of the account by three days, and the bank can charge the account holder a penalty fee, that is, a late fee, for not debiting the account on the due date.",28.83565522971286
nf4,Tamil,42,The countries can also accept direct investments.,30.79886404790316
nf4,Tamil,43,"However, the package can be taken up within 90 days from the date of submission of the application by the bank, and the same can be taken up for the same category of property as the original application is made.",38.11147847692976
nf4,Tamil,44,"The only way to avoid the sinking of ships is to use the power of the forces of nature, such as wind and waves, to their advantage.",17.971063460440835
nf4,Tamil,45,It is a major cause of the climate change and the climate change is the major cause of the climate change.,17.00647472568765
nf4,Tamil,46,"The data from the second decade of the 20th century shows a rapid increase in the rate of change, and the economic activity has been followed by a series of crises.",29.101841657029603
nf4,Tamil,47,"The economic history of a country is a study of the evolution of its trade and commerce, and the evolution of its trade and commerce is a study of the evolution of its trade and commerce.",18.634032144429067
nf4,Tamil,48,"The term ""money"" refers to any commodity that is accepted as a medium of exchange, a unit of account, or a store of value.",20.51159732977369
nf4,Tamil,49,"The principle of public accountability should be applied in a way that is appropriate to the nature of the public service, and not in a way that is arbitrary or capricious.",21.98224212863476
nf4,Tamil,50,"Therefore, these amounts are not subject to the interest accrual date, and therefore are not subject to the interest accrual date.",35.228471905583056
nf4,Tamil,51,"The Indian Union, also known as the Union of India, is a federal democratic republic in South Asia. It is the seventh-most populous country in the world, with over 1.2 billion people, and the most populous democracy in the world. India is the world's largest democracy in terms of population, and the second-most populous country after China.",19.96233181324281
nf4,Tamil,52,The use of fossil fuels (such as coal) in power stations (such as coal-fired) and in the iron and steel industries has increased the importance of the energy sector.,29.154898518890327
nf4,Tamil,53,"However, while trade has been a major driver of economic growth, it is not enough to build a strong brand and attract consumers.",25.326937307425784
nf4,Tamil,54,The District Council of the District Council of the District Council of the District Council of the District Council of the District Council of the District Council of the District Council of the District Council of the District Council of the District Council of the District Council of the District Council of the District Council of the District Council of the District Council of the District Council of the District Council of the District Council of the District Council of the District Council of the District Council of the District Council of the District Council of,6.057518590834302
nf4,Tamil,55,"However, the current system of tariffs and customs duties is not a tariff and customs duty collection agency.",19.95139242948764
nf4,Tamil,56,"However, this country is known for its high-quality products, which are exported in large quantities, and for its low-quality products, which are exported in small quantities.",21.40135937870961
nf4,Tamil,57,"The bank loan interest rate increased from 6.7% in the previous year to 16.2% in September 2022, a sharp increase of 10.5%.",26.80669673236497
nf4,Tamil,58,"The activities of the previous and subsequent years in the field of animal husbandry are included in the loans for the purchase of feed, fodder, seedlings, and the like.",23.769422818644436
nf4,Tamil,59,"In the middle and long-term loans for agriculture and related activities, the water used in the cultivation of crops and other related activities is taken from the groundwater.",42.97235595305982
nf4,Tamil,60,"Bank robbers are being investigated by bank inspectors in the form of a series of bank robberies, and they are trying to get into the bank through the use of a lot of money and loans, because of the bank robberies, the banks and the banks' financial sector are being harmed.",31.230107115000305
nf4,Tamil,61,The government has collected more data and is searching for hidden corruption.,27.80958238343339
nf4,Tamil,62,The price of the marketable surplus is determined by the requirement that the price of production and the price of the marketable surplus be equal.,52.75295297947268
nf4,Tamil,63,The prices of the products and the needs of the consumers are the basis of the supply of the raw materials and the other inputs (e.g. wages).,23.154074785966248
nf4,Tamil,64,"The current account balance is the sum of the current account balance, which is the difference between the current account balance and the capital account balance, and the capital account balance, which is the sum of the capital account balance, which is the sum of the capital account balance, which is the sum of the capital account balance, which is the sum of the capital account balance, which is the sum of the capital account balance, which is the sum of the capital account balance, which is",25.168959513580685
nf4,Tamil,65,The difference between the value of imports and exports is called the balance of trade.,49.2799529122981
nf4,Tamil,66,"Srikrishna Singh, Minister of State (Independent Charge) of the Ministry of Electronics and Information Technology, while addressing the inauguration ceremony of the 15th World Congress of Information and Communication Technology (WCICT) organised by the Confederation of Indian Industry (CII) in New Delhi on 19-20 December 2018, said that the strides taken in the field of information and communication technology (ICT) have been a result of continuous efforts",41.55030395045791
nf4,Tamil,67,"The figures taken into account, the GDP per capita in the first quarter of 2022-23 was 6.7 per cent, in the second quarter 7.1 per cent, in the third quarter 6.5 per cent and in the fourth quarter 5.8 per cent.",34.12093432743744
nf4,Tamil,68,"Despite the decline in trade, India still has a higher trade surplus than China.",15.461375001068037
nf4,Tamil,69,"The factors that have contributed to the region's economic growth are the capital stock (capital-output ratio), the savings rate (debt service), the tax revenue (tax revenue), and the labor force participation rate (unemployment, poverty, and wage levels). The factors that have contributed to the region's social development are the poverty rate (poverty), the labor force participation rate (unemployment, poverty, and wage levels), the labor force participation rate (unemployment, poverty,",29.167739861750363
nf4,Tamil,70,"The current debates on trade and trade-related measures have been given a great deal of attention, but not as much as they should have been given to the trade-related aspects of environmental and development issues.",25.635055101171133
nf4,Tamil,71,"The interest rate on the loan is calculated at the prevailing rate of interest on the bank's PIBOR at the time of the loan, and the interest rate on the outstanding loan is calculated at the prevailing rate of interest on the bank's PIBOR at the time of the outstanding loan. The borrower must pay the interest rate on the outstanding loan at the prevailing rate of interest on the bank's PIBOR at the time of the outstanding loan.",32.86280620853971
nf4,Tamil,72,"It was followed by the Reserve Bank of India (RBI) taking up the responsibility of setting up a special purpose vehicle (SPV) for the purpose of raising capital of Rs 50,000 crore, which helped in raising capital in the capital markets.",34.77937670558259
nf4,Tamil,73,"The current rise in prices is expected to be even more pronounced in the coming years due to a number of factors, including inflation, rising interest rates, and the need to cover the costs of the COVID-19 pandemic.",21.272875318051412
nf4,Tamil,74,"All the notes of the bank are of the face value of the bank, and the notes of the bank are of the denomination of the bank, and the notes of the bank are of the denomination of the bank, and the notes of the bank are of the denomination of the bank, and the notes of the bank are of the denomination of the bank, and the notes of the bank are of the denomination of the bank, and the notes of the bank are of the denomination of",16.454473557888306
nf4,Tamil,75,The number of banks in India has grown to an unprecedented level.,26.30877056705028
nf4,Tamil,76,"Despite the fact that the Indian economy is facing a series of challenges, it is still growing.",35.61086739279341
nf4,Tamil,77,"There is a crisis in the stock market, which could have consequences for the economy and the stock market itself.",39.69676150416255
nf4,Tamil,78,"The number of notes in circulation is more than five but not more than five thousand. The bank account number (account number, branch name, IFSC code) should be sent to the bank account holder in the form of a sealed envelope with the notes in the form of a sealed envelope with the bank account number (account number, branch name, IFSC code) should be sent to the bank account holder in the form of a sealed envelope with the bank account holder in the form",32.74634536880275
nf4,Tamil,79,"The right to privacy is an inherent right and a fundamental aspect of the right to personal data protection, and therefore, when data is collected for the purpose of providing services to the public, the right to privacy must be given priority, and only data with a personal identifier must be collected, and only data collected for the purpose of the collection must be used.",44.25125513180097
nf4,Tamil,80,A hacker is someone who hacks into a computer or network to access data or services for their own purposes.,37.94633274152481
nf4,Tamil,81,"In all packaged and packaged foods, salt is used as a preservative, and therefore the most common salt in these foods is sodium.",41.54079130619861
nf4,Tamil,82,"If the car is not equipped with a seatbelt, it can be thrown out of the car when it is suddenly braked, when it is being driven back, or when an accident occurs.",24.33441271154556
nf4,Tamil,83,"But the next morning, when Narpat Singh came to the jail to hear what the prisoner had said, he was told that the prisoner had said, ""I shall go to the English camp and die there.""",32.84735696001162
nf4,Tamil,84,"In that era, Robert Mondesi was the head of the Lao army.",27.52437941536925
nf4,Tamil,85,"Despite the fact that there were four times as many Indian soldiers as English soldiers in Meerut, the news of the battle reached the British commander in time to prevent the English from taking the city. The commander in charge of the British forces in Meerut was not aware of the fact that there were four times as many Indian soldiers as English soldiers in the city. The commander in charge of the British forces in Meerut was not aware of the fact that there were four times as many",28.734739087772702
nf4,Tamil,86,It is not only a matter of being a slave but it can also cause brain damage.,28.806100934240987
nf4,Tamil,87,The new arrivals were in the middle of the day.,19.52296669911249
nf4,Tamil,88,"The name of the unique Kudumbiyattin would have been included in the list of martyrs in the list of those who were martyred in the revolt of 1893, but not in the list of those who were martyred in the revolt of 1896.",33.76829395907987
nf4,Tamil,89,"He looked at me for a while and then said, ""Be quiet, there is no one here.""",17.26040890011016
nf4,Tamil,90,What will happen if you don't remove the leaves from your house and surroundings before you go to sleep?,43.41068912559373
nf4,Tamil,91,"In recent years, digital technology has brought about a great number of changes in the world around us.",52.3993662346882
nf4,Tamil,92,"It takes a year to write a letter, and every person who writes a letter receives a reply from themselves.",24.960682411559084
nf4,Tamil,93,The question of whether the people who build these monuments are saints or devils is decided by the people who build them.,19.687354226975256
nf4,Tamil,94,"Every time a wife died, Kapākāṇḍi would marry off his wife in succession for four times.",38.30309327707258
nf4,Tamil,95,The writings of writers on the issues of freedom and emancipation from the shackles of caste and class consciousness have brought about a social consciousness in the society.,29.617027382670933
nf4,Tamil,96,This is the only evidence that can be used to judge his character and his worth.,25.554438315004614
nf4,Tamil,97,"The thousands of temples in the region are arranged in a pattern, with the army music, the drums and the bells being played inside the temples.",23.11320181318012
nf4,Tamil,98,"They had read the Ramayana and the Mahabharata, they had read the deeds of the valiant warriors of the Marathas, their youthful hearts had been stirred by the stories of the epic heroes of the Hindus.",51.01358328617922
nf4,Tamil,99,"There are no megahit records of the megahit rainfall, which is a major obstacle to the use of remote sensing data for agricultural purposes.",33.74255999229076
nf4,Tamil,100,"If you spread a virus on the internet, it can spread to your computer.",21.980215466058304
nf4,Tamil,101,"The king of the Sikkimese kingdom, who had heard of the danger, flew out of his palace in Sikkim and flew to the capital of the kingdom, Sikkim, and there he was struck by a flying arrow and died.",26.34446231247727
nf4,Tamil,102,He went to Pottur and took the boat to Kanyakumari and then to Cochin.,19.295603675467408
nf4,Tamil,103,The clams and the clams' clams surrounded me.,25.1946425301276
nf4,Tamil,104,"After that, the second Serçe was in power for a short time.",34.21176586881053
nf4,Tamil,105,Brothers were brothers in arms.,31.823335140481323
nf4,Tamil,106,"If they accept this proposal, then I can also accept it.",21.399381997560702
nf4,Tamil,107,"The most important feature of the cities is their diversity, which includes a variety of transport systems.",35.55219410280648
nf4,Tamil,108,"The process of retrieving the data from the old records is done in a step-by-step manner, and the data is retrieved in the old format or new format as required.",17.243585327406848
nf4,Tamil,109,"It is necessary to pay twice the amount of money: first, to pay the fees and to pay the fees and to pay the fees and to pay the fees and to pay the fees and to pay the fees and to pay the fees and to pay the fees and to pay the fees and to pay the fees and to pay the fees and to pay the fees and to pay the fees and to pay the fees and to pay the fees and to pay the fees and to pay the",12.85215290558838
nf4,Tamil,110,"If you have a boat, you can go fishing in the sea, which is a good way to make a living.",16.15879737773503
nf4,Tamil,111,"If any questions arise regarding the first aid to be given to the injured persons, they should be asked.",32.504364503895395
nf4,Tamil,112,The birth of the national movement in Punjab was a necessary condition to understand the events in the region.,29.70166923847661
nf4,Tamil,113,It is a unique trait that is not found in our father.,20.328593950914737
nf4,Tamil,114,"The invasion was a small force, consisting of a British regiment, a Gurkha regiment, a Sikh regiment, and an Indian regiment, who were subjected to a series of brutal raids by the Gurkhas.",24.55629121808005
nf4,Tamil,115,"The food was prepared in a mess, the morning meal was being made, the noses were running, and the food was in the bowls.",19.39930171319368
nf4,Tamil,116,"The British Isles, you are having your breakfast in the morning, and you are drinking from a glass of cold water from the tap, so you are having your breakfast in the cold, cold morning, and you are having your breakfast in the cold, cold morning, and you are having your breakfast in the cold, cold morning, and you are having your breakfast in the cold, cold morning, and you are having your breakfast in the cold, cold morning, and you are having",28.898527145060992
nf4,Tamil,117,"The seeds of the lotus flower grow into the leaves of the lotus plant, the seeds of the lotus flower grow into the leaves of the lotus plant, the seeds of the lotus flower grow into the leaves of the lotus plant, the seeds of the lotus flower grow into the leaves of the lotus plant, the seeds of the lotus flower grow into the leaves of the lotus plant, the seeds of the lotus flower grow into the leaves",19.988423814499967
nf4,Tamil,118,They are the people who are the masters of the same kind of agricultural labour as the women of the same kind of agricultural labour.,14.228981473068693
nf4,Tamil,119,"Janaki, who had been watching the people being beaten up by the mob, went to the well and told them to come out of their wells and to make their own arrangements. When they came out of their wells, she told them to make their own arrangements, because they would have to make their own arrangements with the outsiders.",25.696838321143684
nf4,Tamil,120,"The heroes of the war films, Jepseh Chawda and Homi Chawda, from the village of Wadiyar in the Wadiyar district of the state of Gujarat.",20.25347157864272
nf4,Tamil,121,"The first film of this kind was The Great Train Robbery (1932), in which a train is being robbed by a gang of robbers, and the scenes of the robbers' fight on the train's platform are filmed.",28.99531862272953
nf4,Tamil,122,"Assamese cinema is a cinema in Assamese language, and it is the most popular cinema in the state of Assam.",58.69163990471109
nf4,Tamil,123,The process of converting a film into a movie is not entirely transparent.,29.696323946435115
nf4,Tamil,124,A significant change in both time and angle occurs.,21.941732771125302
nf4,Tamil,125,"They are used to transform the original text, and as a result a mixed language of literary genres is formed.",28.08003947067666
nf4,Tamil,126,"The first online film festival was started by EFITI on June 15, 2020, and ended on July 11, 2020.",22.753273136889536
nf4,Tamil,127,The film was made in association with the Indian National Film Development Corporation.,38.141646720802434
nf4,Telugu,0,"The external form is the sum of the features of the person, such as the shoes, the boots, the boots, the sandals, the ornaments, the jewelry, the jewelry, the jewelry, the jewelry, the jewelry, the jewelry, the jewelry, the jewelry, the jewelry, the jewelry, the jewelry, the jewelry, the jewelry, the jewelry, the jewelry, the jewelry, the jewelry, the jewelry, the jewelry, the jewelry, the jewelry, the jewelry,",18.654086751648865
nf4,Telugu,1,"The Ajanta, Iravati and Viharas in the Aurangabad district of Maharashtra are dated to the period between the 6th and 7th centuries AD, and are decorated with paintings and sculptures.",46.88192608210694
nf4,Telugu,2,The skin color is a combination of the color of the body and the color of the skin.,16.449624122212438
nf4,Telugu,3,"Ashoka's inscriptions and stupas were built in a grand style, while the earlier tradition of using brick and stone was continued.",24.297455310682537
nf4,Telugu,4,"The spicy, famous food of Maharashtra is made with coconut milk, spices and boiled rice.",22.989132488260545
nf4,Telugu,5,"The Telugu Nattukottai Chettiar caste, also known as the Telugu Chettiar caste, is a Telugu-speaking caste of Telangana state in India.",24.19732491017949
nf4,Telugu,6,"It is indigenous to India and is used in a variety of ways, from medicine to food, from soap to cosmetics.",28.62153915985725
nf4,Telugu,7,It can be ground into powder in a mortar and pestle or in a food processor.,35.86037493403904
nf4,Telugu,8,"Every city in Punjab has its own unique tastes and preferences, and the Punjabi people have their own cultural festivals, such as the Seraikella and the Seraikella Festival.",32.53542238013927
nf4,Telugu,9,Send Ram to his wife and also send Lakshmana.,43.05436773237284
nf4,Telugu,10,"The work of Mangal Pandey, a revolutionary, is done with devotion to the higher principles.",39.08149509661909
nf4,Telugu,11,The spices are crushed and mixed with a little salt and then boiled for 5-6 minutes.,22.143433045489832
nf4,Telugu,12,The book is a compendium of knowledge in the form of a dictionary.,17.80402123174169
nf4,Telugu,13,The purpose of this book is to encourage knowledge and understanding of the principles of progress and prudence in the field of social reform.,43.83937043081624
nf4,Telugu,14,Professor Asit Kumar Banerjee was the principal author of the two volumes of the Saharhararitibritt (first and second parts) in 1994 and 1995.,29.301054807248804
nf4,Telugu,15,"The central part of the city is divided into several semicircular cobbled streets, and in some of them the cobbled streets are not divided.",22.344323001980968
nf4,Telugu,16,The 'Maharajas' and 'Khanzamas' (people who were the patrons of the traditional arts in India) have been known to have made the traditional dishes authentic and these dishes are being passed down through the oral tradition for centuries.,42.48797272268462
nf4,Telugu,17,"The preparation is traditionally done by women or by the help of women, and the food is prepared by the women or the main cooks.",40.86125640870696
nf4,Telugu,18,"Pav Bhaji: It is a popular dish from Maharashtra, made with boiled potatoes and boiled beans, and served with a fresh bread roll (Pav) dipped in the gravy.",46.01784918756642
nf4,Telugu,19,"The Laldin, Habu, and Habu Kabandu are epic poems in Kashmiri, the Mardana in Rajastan, and the Akka Mahadevi in Kannada, all of which are expressions of the great devotion of women.",27.792963326707504
nf4,Telugu,20,"Buddhist caves with paintings are found in the Dhār area of Madhya Pradesh, 97 km from the town of Dhār.",44.881446654484655
nf4,Telugu,21,"In Sanskrit, the word ""anu"" is usually taken to mean ""grass"" or ""herb,"" but it is used as a metonymy for ""foot"" or ""leg"" or ""lower part"" or ""foot"" or ""foot.""",26.447220187774683
nf4,Telugu,22,Sindhi culture is well known for its technical knowledge in various fields.,47.47936289313479
nf4,Telugu,23,All Kauravas are killed; only five Pandavas and Krsna are left alive.,39.134568901242034
nf4,Telugu,24,"The war will be over in five days, when the Kauravas will be defeated.",30.112436740112887
nf4,Telugu,25,"The Mahabharata is a legendary epic of ancient India, which is said to have been composed in the 1st century BC by the poet Vyasa. The epic is set in the kingdom of Hastinapura, which is said to have been located in the northwestern part of the country, in the region of the modern-day city of Mathura.",33.823721565496896
nf4,Telugu,26,"The number of street food vendors in Karnataka is less than that of the number of street food vendors in the rest of the country, so they have a lot of street food.",35.1496869183737
nf4,Telugu,27,"In the war zone, Sujay tells the truth.",11.443763939374284
nf4,Telugu,28,Two of the greatest epics in Tamil are Silappadikaram and Manimekalai.,58.571409643577496
nf4,Telugu,29,This area is known for the use of carom powder.,27.974671968683744
nf4,Telugu,30,"Yoga is derived from the Sanskrit word yuj, meaning ""to join"" or ""to unite.""",60.12321249172183
nf4,Telugu,31,"Odissi is a classical dance form of Odisha, which is based on the mythological stories of the Hindu epics, the Mahabharata and the Ramayana.",22.469383073560596
nf4,Telugu,32,"The king replied, ""When you speak the first time, you must be very polite, for the king will be angry if you speak again.""",17.434764073761052
nf4,Telugu,33,"When Arjuna knew that the time had come to impart the Dharma to the world, he immediately began to preach the moral and ethical principles.",20.88195429694879
nf4,Telugu,34,You can add some coconut milk in the middle and some coconut flakes on top.,18.201642908767784
nf4,Telugu,35,"The process begins with a seed of the coconut tree being pounded into a paste, and then the paste is mixed with a lot of coconut milk.",23.1937302305377
nf4,Telugu,36,The famous temple of Nandigrama in the village of Nandigrama in the district of Chakradhar in the state of Meghalaya was built with the help of the Rangin Singh Maharaj.,18.83610604653002
nf4,Telugu,37,"The music is sung in a traditional style with a set of verses and a set of beats, and the songs are arranged in a traditional style.",18.551782699560988
nf4,Telugu,38,The description of ancient Ayodhya in Valmiki's Ramayana makes it clear that the modern cities of India are not even close to the ancient city of Ayodhya.,46.82572171459214
nf4,Telugu,39,"After saying ""I will do it"" you can't do anything else.",23.390986987837906
nf4,Telugu,40,There are differing opinions on the rise in the value of the Indian rupee and the rise in foreign exchange rates.,35.719274782597225
nf4,Telugu,41,"Banks can provide information to a credit card account holder without a charge or a penalty charge, or a late charge if the account is overdue for three days or more.",34.56679701420015
nf4,Telugu,42,The country can encourage domestic capital to be used in the process of improving the economic situation.,27.355611591463653
nf4,Telugu,43,"If the package is accepted within 90 days of the date of the bank's acceptance, the bank will be encouraged to accept the package promptly, and the bank's capital adequacy status can be restored.",32.05888110093324
nf4,Telugu,44,"The individual capitalistic enterprise is a necessary condition for the development of capital, competition, and technological progress, but not a sufficient condition for their equality.",36.96708217629277
nf4,Telugu,45,It is intended to keep the prices low and the prices stable.,18.8659533639626
nf4,Telugu,46,It is expected that the high level of information and communication technology will have a significant impact on the economic activity and the state of the economy.,28.89780748188768
nf4,Telugu,47,"In the field of economics, traders trade in commodities that are diverse and valuable to the country, and they trade in a way that is not mutually exclusive.",24.1733191213496
nf4,Telugu,48,The weight of money is the amount of money that can be bought in a certain period of time at a certain price.,18.057183161355944
nf4,Telugu,49,The income tax system is to be kept as accurate as possible and as far as possible from personal considerations.,21.399998852887805
nf4,Telugu,50,"So, the interest amounts due on such loans are calculated on the due date as per the interest rate.",26.89499046076381
nf4,Telugu,51,"The first attempt to combine the various systems of payment in the country with the Union of India was made with the UPI system, which is also used in other states outside the Union of India.",21.9136752728306
nf4,Telugu,52,The highest importance in the electricity sector is due to the fact that the natural gas (LNG) is used in the generation of electricity.,31.82556780992812
nf4,Telugu,53,"However, you can also build your own brand of your own and make your business sustainable by having a market that can support your sales.",35.57893253144371
nf4,Telugu,54,They are the primary operators of the payment systems and were mandated to be taken over by the Reserve Bank of India (RBI) on 2020-03-01.,21.20217043951804
nf4,Telugu,55,"The latest developments, however, are in the area of online analysis of payment terminals and e-commerce tax evaders.",32.35631993397407
nf4,Telugu,56,"The country is known for its unique handicrafts and products, which are made in the most prosperous way, and the products which are made in the least prosperous way.",19.090752661771425
nf4,Telugu,57,The bank loan increased from 6.7% in September 2022 to 16.2% in the same period last year.,21.461439611381632
nf4,Telugu,58,"The loans taken for the construction of the temples and the other buildings are called the Pichakari, the Kallu Chettu, the Pongal Kut, the Vareyuthu, the Shreekantham and the their own Tamil Travels.",22.471862614530817
nf4,Telugu,59,"Loans for medium and long-term agricultural and related activities are required for the purchase of agricultural machinery, irrigation, and other development projects.",55.47437618922076
nf4,Telugu,60,"Bank supervision authorities have taken steps to curb the flow of capital to shell companies and to ensure that they are not used to support the traditional banking sector and the financial system as a whole, because of the flow of capital to shell companies.",34.9986678047188
nf4,Telugu,61,"Since the economic crisis began, the government has been more active in collecting information and searching for hidden poverty.",48.66106419219117
nf4,Telugu,62,The decision to allocate the required amount of resources to the procurement of a specific item is called a market-clearing price.,39.178059179920695
nf4,Telugu,63,"The equations of the form, the origin, the value and the other parameters, (for example, the arrival) are determined.",33.18386841965286
nf4,Telugu,64,"The interest on foreign capital (loans, profits, etc.) and (foreign aid, etc.) coming in from outside is usually a small part of the total.",27.526457084942532
nf4,Telugu,65,The commercial parity is the difference between the value of the goods and services that are being exported and the value of the goods and services that are being imported.,66.18625850101498
nf4,Telugu,66,"The Prime Minister of India, Shri Giriraj Singh, addressed the 15th World Summit of the International Energy Agency (WSEIE) held in New Delhi from December 19-20, 2018, in the context of the ongoing energy-saving efforts and the achievements in the field of energy efficiency (EE) in the form of the Global Energy Efficiency Ranks and the JIPAL.",31.738198163198582
nf4,Telugu,67,"Taking into account the same losses, the GDP in 2022-23 was 6.7% below the pre-crisis level.",22.50074853473769
nf4,Telugu,68,"The growth of trade in India has slowed down, but the growth of trade has not slowed down.",23.305871362688457
nf4,Telugu,69,"The growth rate is primarily based on economic indicators (growth rate, GDP share, GDP deflator, government debt, tax revenue) and secondary indicators (population growth, gender, poverty, and income levels) are also taken into account.",35.26645577625748
nf4,Telugu,70,"The current economic debates are increasingly focused on the environment, and the responses to it are somewhat indifferent.",30.37926129074384
nf4,Telugu,71,"The amount of money that is to be paid to the bank B.P.I.E.L.A.R. at the interest rate that is the same as the rate of interest that is to be charged on the overdue amount, and the interest rate that is to be charged on the overdue amount, and the interest rate that is to be charged on the overdue amount, and the interest rate that is to be charged on the overdue amount, and the interest rate that is to be charged on the",29.86548818659641
nf4,Telugu,72,"The Reserve Bank of India (RBI) has taken up a special liquidity facility for EFSIs (SLE-EFSIs) worth Rs 50,000 crore, which will help in stabilizing the financial markets and restoring confidence in the capital markets.",44.63046425506239
nf4,Telugu,73,"The recent sharp increase in prices and the subsequent big price rise in the coming months will have a negative impact on the economic situation, instability and the threat of a disaster.",27.866165524489794
nf4,Telugu,74,"The notes of the denomination of 1000, 500, 200, 100, 50, 20, 10, 5, 2, 1 and 50 paise are collected as cash notes by RBI branch offices and as bank notes by the branch offices of the banks. They are collected as cash notes by RBI branch offices and as bank notes by the branch offices of the banks.",24.49670243182477
nf4,Telugu,75,The growth of the sky in the sky in the sky in the sky in the sky in the sky in the sky in the sky in the sky in the sky in the sky in the sky in the sky in the sky in the sky in the sky in the sky in the sky in the sky in the sky in the sky in the sky in the sky in the sky in the sky in the sky in the sky in the sky in the sky in the sky in the sky in,11.615916116580175
nf4,Telugu,76,"The economic situation of the country is improving, but the country is still facing the effects of the climate change.",18.962636334080766
nf4,Telugu,77,The economic system and the economic stability of the country have been the subject of a lot of debate in the economic literature.,21.646714343945792
nf4,Telugu,78,"A letter from a person with 5 or more notes and a value of 5,000 or more is required to be sent to the bank branch in the vicinity of the address (account number, branch name, IFSC code) or to be taken to the branch itself as directed.",29.65955021074917
nf4,Telugu,79,"Personal information and data privacy are the main issues when collecting information from the public, and only collecting the necessary information required for the purpose of the data collection, and only using the information collected for the purpose of the data collection.",29.51322645294224
nf4,Telugu,80,"A hacker is a person who gains unauthorized access to a computer or network to steal information, damage, or destroy data, or to disrupt the operation of a computer or network.",38.953468250043386
nf4,Telugu,81,"The use of salt in pickled food and preserved food is a common practice in the region, which results in a high level of sodium.",38.10350511574877
nf4,Telugu,82,"The SRS airbag is not deployed in the event of a sudden stop, a turn, or an accident.",28.58679953764523
nf4,Telugu,83,"But he came to the camp of the English soldiers, and said to them, ""I will not leave my country, but I will go to the sea, and I will go to the sea, and I will go to the sea, and I will go to the sea, and I will go to the sea, and I will go to the sea, and I will go to the sea, and I will go to the sea, and I will go to the sea,",22.66812167539921
nf4,Telugu,84,"In this period, a Robert Montegomery was the chief of Lahore.",42.936529513319975
nf4,Telugu,85,"The Mirei tribe was living in the Mirei village in the Mirei tribe, and the British soldiers were only a few hundred strong, but they were not afraid of the Mirei tribe, and they were not afraid of the Mirei tribe, and they were not afraid of the Mirei tribe, and they were not afraid of the Mirei tribe, and they were not afraid of the Mirei tribe, and they were not afraid",23.437057116282965
nf4,Telugu,86,"They can be harmful to the skin and eyes, even when applied topically.",15.617133663118375
nf4,Telugu,87,"Day by day, new armies came from both sides.",38.98191825624833
nf4,Telugu,88,Any individual can be called a Hantaku if they are not in the list of heroes called Mangal Pandey.,27.16918362197275
nf4,Telugu,89,"A moment later, he said to me, ""I am sorry, but there is no time for a joke.""",23.881092148413146
nf4,Telugu,90,What would happen if you didn't remove the bees from the flowers?,23.32514134400129
nf4,Telugu,91,"During this period, the world saw a lot of changes due to the use of technology.",51.53398616616336
nf4,Telugu,92,"It took days to reach the north, and each of them had a particular thing to do, either the man or the woman, and they were each given a special thing to do.",27.158756401632
nf4,Telugu,93,The ratio of the number of martyrs to the number of traitors is taken as sacred or unholy.,19.513820471170508
nf4,Telugu,94,"He was married four times to his wives, who were far away from him.",29.15424481958575
nf4,Telugu,95,The purpose of the works is to propagate ideas on justice and emancipation from bondage.,28.32831271317245
nf4,Telugu,96,This is the only thing that can be used to judge his talent and character.,30.739279009351133
nf4,Telugu,97,"Thousands of Sipāyis sing their songs in their costumes, and the colorful flags of the flagpoles are seen from the top of the mountain to the city below.",26.87003550177929
nf4,Telugu,98,"They went together to the Ramayana, Mahabharata, and the stories of the Maratha wars, and their young hearts were filled with the powerful inspiration of the Hindu epics.",43.02138349349573
nf4,Telugu,99,The lack of cloud-free imagery in the rainy season is a major obstacle for agricultural applications using optical remote sensing.,46.37249154916418
nf4,Telugu,100,Any harmful or offensive information on the Internet can be accessed from here.,27.79722592093705
nf4,Telugu,101,"He was wounded by a blow from his sword, and his blood flowed like a river.",11.75346357244157
nf4,Telugu,102,He was taken to the bank of the river and beaten there.,15.395838336334728
nf4,Telugu,103,The hut and the hut are the hut and the hut.,17.563285014398577
nf4,Telugu,104,"After that, a few years later, the second Jerks came.",21.42793377809576
nf4,Telugu,105,It is a long and winding road between the two.,10.419704231169822
nf4,Telugu,106,"If they accept this premise, they can also accept that the others can be done.",24.90603612311599
nf4,Telugu,107,The most active aspect of the city is the variety of modes of transportation.,54.47847392190168
nf4,Telugu,108,"If a crash occurs, a procedure is followed to return the system to the state it was in before the change, by logging the changes and then reversing them, or by using a right-ahed-lag protocol.",29.69486674786388
nf4,Telugu,109,"The first is a treaty of peace, which is more than twice as long as the second, and the second is a treaty of cession, which takes twice as long as the first, and the third is a treaty of cession, which takes twice as long as the first, and the fourth is a treaty of cession, which takes twice as long as the first, and the fifth is a treaty of cession, which takes twice as long as the first, and",23.51886209182426
nf4,Telugu,110,"The village is in the process of being demolished, and the best way to protect the village's life is to demolish it.",19.659714640780383
nf4,Telugu,111,"If any doubts arise regarding the first medical treatment for this condition, they should be asked.",29.507234299902716
nf4,Telugu,112,It is necessary to know how far the national independence of the Sipās was celebrated in Punjab.,39.300451229777714
nf4,Telugu,113,Such a high moral character is not inherent to our father.,23.23834609286632
nf4,Telugu,114,"The march was a success, and he was able to demonstrate his superiority over the English, French, and two regiments of the Hindustan army, and to collect the votes of the two regiments of the French army and the two regiments of the Hindustan army.",33.47869738726132
nf4,Telugu,115,"Weapons were used to protect the food, and the poor were fed, and the sick were cured; the pots and pans were made of clay.",22.86875398218855
nf4,Telugu,116,"You can eat your favorite snacks, but not the British soldiers, the blood from your body, so you can eat the rich soil of the cold and dry forests, and you can enjoy your favorite snacks.",34.446142222006294
nf4,Telugu,117,"They are eaten as vegetables, or as they grow, as greens or as they grow, as greens or as they grow, as greens or as they grow, as greens or as they grow, as greens or as they grow, as greens or as they grow, as greens or as they grow, as greens or as they grow, as greens or as they grow, as greens or as they grow, as greens or as they grow, as greens or as they grow, as",13.498880341299085
nf4,Telugu,118,The suffering of the oppressed is equal to that of the aboriginals.,15.908123599120424
nf4,Telugu,119,"The red terror in Zanzibar was a precursor to the colonial terror in the Congo, and the latter was in turn a precursor to the terror in the Congo Free State, which was in turn a precursor to the terror in the Congo of the 1960s.",16.211150380671832
nf4,Telugu,120,"The directors of the film industry in the country have played a major role in the development of the film industry in the country, and the directors Jehaihac Vadia and Homi Vadia are from the Movietone.",25.1249034128141
nf4,Telugu,121,"A series of scenes from a train in motion, with a lot of fighting, is shown in the film Typhoon Mail (1932), which was directed by the heroes of this style.",28.62714280417496
nf4,Telugu,122,"Assamese cinema is a film genre in Assamese language, and is the most popular in Assam.",52.6283647793503
nf4,Telugu,123,The changes in the climate are not very noticeable.,16.482122779530314
nf4,Telugu,124,"It is important to note that the language is a dialect of the local language, and the purpose of the language is to be used in the local language.",21.42807630584017
nf4,Telugu,125,"They are transformed into a complex form, a mixture of styles.",24.864246592877084
nf4,Telugu,126,"The first online film course, EFTI, was launched on June 15, 2020, and will be closed on July 11, 2020.",29.03073918678069
nf4,Telugu,127,This curriculum was developed in collaboration with National Film Archive of India.,45.167193424443
nf4,Odia,0,"Chhath is a festival of devotion and worship, in which devotees offer prayers to the sun god, Surya, and to the moon goddess, Chhota, in the form of aarti and puja.",19.1920832166236
nf4,Odia,1,The Ajanta Caves are a group of 30 rock-cut Buddhist cave monuments and rock-cut Hindu bas-reliefs in the Aravalli Range in the Indian state of Maharashtra. They are among the most important Buddhist monuments in India and are a UNESCO World Heritage Site.,26.160071594859485
nf4,Odia,2,"The colour of the skin and the pigmentation of the skin are mixed with the pigmentation of the skin, which creates a dense effect.",31.4612537377677
nf4,Odia,3,"The widespread use of stone in the architecture of the Mughal era began in the 16th century, while the earlier tradition used wood and mud.",28.557084776710283
nf4,Odia,4,"This local and authentic food is mixed with garlic and served in a bowl, then it is left to soak in the sauce for a while.",20.027394940298247
nf4,Odia,5,"The Chettinad cuisine is a unique and distinct cuisine of the Chettinad region of Tamil Nadu, which is also known as Nagarkoil Chettinad.",44.02076619002317
nf4,Odia,6,"Dalchini is a traditional Indian spice, and is used in a variety of ways, from medicinal herbs to condiments.",27.046789693399127
nf4,Odia,7,It can be transformed into a glazed earthenware pot or a terracotta pot with the help of a glaze.,18.95126588550438
nf4,Odia,8,"Each of the cities in Punjab has its own preference, such as Amritsarites being fond of Kulcha, Pudhia Parat and Doodh Jati products.",36.79576957001771
nf4,Odia,9,"Take Rama to Lanka, and Lakshmana to the forest.",39.15279303437198
nf4,Odia,10,The only thing that could be said about the heroic deeds of Mahārāja Drona was that they were great and noble.,21.89390197486707
nf4,Odia,11,"After the marinade, the meat is then marinated in a mixture of spices and salt for 5-6 minutes, which results in the spices being evenly distributed throughout the meat.",32.95873652356795
nf4,Odia,12,"The History of Man is a book written by theosophists, which is set in the form of a narrative, and is composed of the history of man, as told by the birds, the beasts, and the human race.",29.944304470989103
nf4,Odia,13,The purpose of this book is to encourage knowledge and understanding in the use of the language in a spirit of respect and appreciation of the richness of the language and the culture.,43.41528804137323
nf4,Odia,14,"Professor Asit Kumar Banerjee took the main role in the compilation of the history of the city of Hooghly, which was published in two volumes in 1994 and 1995 as ""Hooghly Town History (First and Second Volume)"".",41.764091805338175
nf4,Odia,15,"The main architectural feature of the Chaitanyaswami Temple is a half-sphere-shaped chhillaanaa, and in some places, a large half-sphere-shaped chhillaanaa is found.",21.94606466916425
nf4,Odia,16,"Many generations have perfected these techniques, and they have been passed down through oral tradition for thousands of years.",38.839890875784704
nf4,Odia,17,"It is prepared by a group of bakers or pachadars, assisted by their family members.",18.2571339458074
nf4,Odia,18,"Pav Bhaji: This is a popular food in Maharashtra, where it is made with a soft paneer (dahi) and a spicy gravy (bhaji) with a soft paneer (dahi) and a spicy gravy (bhaji) with a soft paneer (dahi) and a spicy gravy (bhaji) with a soft paneer (dahi) and a spicy gravy (bhaji) with a soft paneer (dahi) and a spicy",30.1444395831551
nf4,Odia,19,"Lal Ded and Habba are the folktales of Kashmiri women, Tamizhandalangam of Tamil Nadu and the stories of Goddess Akka Agarwal of Kannada are the contributions of women in the same period.",25.899918883498263
nf4,Odia,20,"The Bhumija tribe, which is the origin of the Bhumija Gufa, is located 97 km from the district headquarters of Madhya Pradesh.",45.91797123279342
nf4,Odia,21,"In Sanskrit, the meaning of the word ""moola"" is a root or a base, but in a symbolic sense, it refers to the lower part of any object.",37.04652559164328
nf4,Odia,22,The Sindhi culture is unique and different from other Northeastern Indian states.,12.167292791247702
nf4,Odia,23,All Kauravas are martyred; only Pandu's sons and Krishna are alive.,37.34877196275417
nf4,Odia,24,The war will rage for four days and the Kauravas will be defeated.,37.55474878919769
nf4,Odia,25,"The main story of the Mahabharata is set in the capital of the Sindhia dynasty, Hastinapur, which is located in the north of modern-day Delhi.",32.69424861743534
nf4,Odia,26,"The number of farmers in Karnataka has overtaken that of the Amish in the United States; therefore, their food is predominantly non-meat.",39.214324429407945
nf4,Odia,27,He writes about the events that take place in the battlefield.,30.17997553012809
nf4,Odia,28,"Two poems in Tamil are known to us, Silapathikeyan and Manimekalai.",52.41209742239927
nf4,Odia,29,The use of lanka gundu in this region is with caution.,49.90518398643189
nf4,Odia,30,"The word ""yog"" is derived from the Sanskrit word ""yuj"", which means ""to join"" or ""to bind"".",47.624835704397015
nf4,Odia,31,The sculptures in the Kanchipuram temples are in a variety of styles and are still being developed.,26.17853195298718
nf4,Odia,32,"""I beg you, be sincere and sincere in your sacrifice.""",12.948369717507608
nf4,Odia,33,"When Krishna understands the magnitude of Arjuna's grief, he changes his mood and begins to teach him about the mysteries of the spiritual world.",38.029553875343694
nf4,Odia,34,"During the period of the pots being filled with rice, the middle of the middle, you can add a little bit of coconut milk.",23.822372305348395
nf4,Odia,35,"First, put the coconut in a glass or a bowl, then mix it with the sugar and the vanilla.",17.11142553592301
nf4,Odia,36,"The Maharaja Ranjit Singh donated the land for the construction of the famous Gurudwara Nanki, which was completed in 1835, a magnificent and attractive building in which the subtle art of miniature painting is displayed.",36.28100100135882
nf4,Odia,37,The Sama is a collection of selected chants sung in a specific meter and rhythm.,24.43764332325221
nf4,Odia,38,"From Balakī's description, it is clear that the ancient Ayodhya was far inferior to the modern cities.",59.476093849328215
nf4,Odia,39,"It is not possible to do anything else than that after that, ""I will do that,"" in your face.",23.234077044243065
nf4,Odia,40,"In the past, there have been different opinions on the amount of money in circulation and the amount of foreign currency notes in circulation.",34.2708221799495
nf4,Odia,41,"A bank may report a past due account as a late fee or a penalty, if any, if such account is past due for more than three days, if any, when a credit card account is past due for more than three days.",47.05532494886418
nf4,Odia,42,The government of the country can encourage the investment of the foreign capital in the country in the form of the direct investment.,36.70992348672383
nf4,Odia,43,"If the product is received by the bank within 90 days from the date of the application, the status of the product will be updated to the same status as the status of the application, which was within the bank during the period of the application.",44.40857347311216
nf4,Odia,44,"The growth of the population, competition, and the advancement of technology have all contributed to the decline in the number of people who can afford to buy things.",32.347732673013006
nf4,Odia,45,The city is also used for the control of the population and the establishment of a population of refugees.,19.05539448594484
nf4,Odia,46,The data suggests that the economic activity has returned to pre-crisis levels.,32.77149539203897
nf4,Odia,47,"In the broadest sense, the subject is a country and all its cities how they are interconnected by a large number of events, which are called economics by the economists.",34.50932026063042
nf4,Odia,48,"The term ""financial leverage"" refers to the amount of capital that can be borrowed at a given interest rate and used to purchase an asset at a higher price than the asset's value.",33.06923641033486
nf4,Odia,49,"The principle of the rule of law is the foundation of the rule of law, and the rule of law is the foundation of the rule of law.",16.665589352038047
nf4,Odia,50,"Therefore, the dates of the festivals are not changed according to the solar calendar and they are not celebrated on the same dates every year.",28.08166731736709
nf4,Odia,51,"The Indian economy is a developing economy, and the Indian government has been trying to attract foreign investment in the country. The Indian government has been trying to attract foreign investment in the country. The Indian government has been trying to attract foreign investment in the country. The Indian government has been trying to attract foreign investment in the country. The Indian government has been trying to attract foreign investment in the country. The Indian government has been trying to attract foreign investment in the country. The Indian government",16.12065981918031
nf4,Odia,52,It is a major energy source in the industrial (fuel) and power generation (electricity) sectors.,24.201153613175197
nf4,Odia,53,"However, these cities have been developed over a long period of time and have not been able to create their own brands.",23.51896027168379
nf4,Odia,54,The Peasants' Movement (P.M.) is a significant role in the economic and social development of the country and was made a statutory body in March 2020 and was registered as a 'Peasants' System Operator' (P.S.O.).,35.39140047607983
nf4,Odia,55,The latest in the field of archaeological research is the use of digital tools and methods.,12.447970704482971
nf4,Odia,56,"The record shows that this country is the most productive in the world in the export of the most valuable products, and the least in the import of the most valuable products (although this is not the case in absolute terms), but in the same way, the country can make a profit from the trade.",26.40673317199065
nf4,Odia,57,"The growth rate of 16.2% year-on-year is the highest in the last 10 years, which is 6.7% higher than the previous year.",18.30292984340843
nf4,Odia,58,"The loans for the industrialization of the country are divided into three categories: Siting, Tenders and Subcontracting.",20.944787298167743
nf4,Odia,59,"Agricultural and other development activities such as irrigation, land reclamation, and other development activities are carried out under the auspices of the bank.",39.05703778446741
nf4,Odia,60,"The Bank of England monitors the Bank of England's monetary policy and supervises the Bank of England's banking system, in part because of the unusual state of the financial system, which has been affected by the Bank of England's traditional banking sector and the general economy.",32.90025324991418
nf4,Odia,61,The area is well equipped to collect data and to investigate the lack of security.,15.160756847598757
nf4,Odia,62,The price of a good is determined by the interaction of the demand and supply of that good.,36.93352214717737
nf4,Odia,63,"The equations of the movements of the planets (for example, the orbit of the Earth) are used to determine the level of the celestial sphere and the level of the terrestrial sphere.",40.89913277709802
nf4,Odia,64,"The money in the account is the income from business ventures, such as foreign investments, and the income from the savings of the poor and the rich, such as the poor from the savings of the rich and the poor from the savings of the rich, and the income from the savings of the poor and the rich, such as the poor from the savings of the rich and the poor from the savings of the rich, and the income from the savings of the poor and the rich,",28.368777689072488
nf4,Odia,65,The balance of trade is the difference between the value of exports and the value of imports.,63.71383827436655
nf4,Odia,66,The Minister of Industry and Trade (Independent Director) Sri Giriraj Singh said that the success of the Industrial Development Bank of India (IDBI) in the process of valuation of the industrial units in the country and the co-operation with the J&K and Sikkim units would be possible only through the efforts of the Industrial Development Bank of India (IDBI).,27.257701418802544
nf4,Odia,67,"The exchange rate for the year 2022-23 is 6.7 percent, while the expectation of the crisis is kept in balance.",21.16530603027921
nf4,Odia,68,"Despite the slow growth in the country's exports, the country has overtaken India in the last few years.",23.34045628793578
nf4,Odia,69,"The growth rate is measured in terms of the rate of economic growth (GDP growth rate, in percentage terms), the rate of investment (GDP growth rate, in percentage terms), the rate of public debt (GDP growth rate, in percentage terms), the rate of tax revenue (GDP growth rate, in percentage terms), the rate of public debt (GDP growth rate, in percentage terms), the rate of public debt (GDP growth rate, in percentage terms",28.13382750896817
nf4,Odia,70,The recent economic analyses place a greater emphasis on social and economic efficiency and have a certain degree of interregional competition.,29.961592205308698
nf4,Odia,71,"After the reconstruction, the interest rate on the loan will be calculated in the same way as the interest rate on the bank's loan, which is determined by the bank's interest rate on the bank's loan, which is determined by the bank's interest rate on the bank's loan, which is determined by the bank's interest rate on the bank's loan, which is determined by the bank's interest rate on the bank's loan, which is determined by the bank's interest rate",27.41201655422697
nf4,Odia,72,"In the late 1990s, the Reserve Bank of India (RBI) launched a special liquidity facility of Rs 50,000 crore to support the revival of the financial markets.",34.50010067775977
nf4,Odia,73,The rapid increase in the depth of the sea and the consequent increase in the depth of the sea in the area of the coast is the cause of the confusion of the financial situation of the coastal states and the increased instability and changeability of the sea.,22.522959867254507
nf4,Odia,74,"Coins of the same denomination as the half-rupee and the rarest of the rare, the 10-rupee coin, are also accepted in the same manner.",16.37770055907187
nf4,Odia,75,The growth of industrialization in India has been rapid.,31.299070071438926
nf4,Odia,76,"In this volatile situation, the Indian economy has remained strong.",33.3784036679888
nf4,Odia,77,The economic and financial situation in the financial district has been affected by the possible consequences of the financial crisis.,37.23078654420171
nf4,Odia,78,"The number of notes in the account is 5 or more, the amount is 5,000 or more, and the account holder is required to send the notes in the form of a stamped envelope addressed to the branch with the name of the account, the account number, the branch code, and the account holder's name, address, and other details.",29.78967635846833
nf4,Odia,79,The privacy of the individual and the secrecy of the information are of equal importance and the right to privacy of the citizen must be upheld when collecting information in the name of the public interest. Only information that is relevant and for the purpose of the collection can be used.,32.837647613904394
nf4,Odia,80,"A cybercriminal is a person who uses computer systems or networks to commit crimes, such as identity theft, fraud, or other computer-related crimes.",37.83161862292582
nf4,Odia,81,The presence of lumps of salt in the foodstuffs packed in cans and packets is due to the high concentration of sodium in the soil.,31.362165703090028
nf4,Odia,82,"A sudden stop, a well-executed turn or an accident can cause a SART to be activated.",18.0159871790622
nf4,Odia,83,"However, that same day, a lone Gurkha soldier from the Gurkha camp, who had been captured by the British, came to the General's tent to report that Narapattan Singh had told him that he would leave the fort, but only after a search of his own.",35.59991463505116
nf4,Odia,84,"During this time, the chief of Lahore was Janik Robert Mungoeri.",50.492049526249176
nf4,Odia,85,"The Sikhs in Meerut were outnumbered by the British soldiers in the ratio of four to one, and the news of the massacre reached the British authorities before the Sikhs could make their way to Meerut. The Sikhs were in a state of secrecy when the news reached them, and the Sikhs were not aware of the massacre until the British authorities reached Meerut.",35.69184616017122
nf4,Odia,86,They are not just curiosity seekers but also have an effect on the brain.,57.99687006408043
nf4,Odia,87,"Day by day, both the new armies came from the north.",22.79808566127368
nf4,Odia,88,"If any individual had a personal hatred, the name of Mahāvīra was not found in the list of the slain, but in the list of the assassins.",34.103076226059805
nf4,Odia,89,"He looked at me for a moment, and then said, ""I am sorry, but we are all in trouble.""",38.03505164310871
nf4,Odia,90,"If you don't want to be separated from your family and friends, then what will happen?",27.71413096382741
nf4,Odia,91,"In recent years, the use of digital technology in the four countries has led to many changes.",48.21819678874076
nf4,Odia,92,"In the past, letters were sent day by day, and each recipient would collect their own letter and keep it separate.",41.0940733404926
nf4,Odia,93,"The powers of the revolutionaries are divided into saints and devils, and their respective ideals are based on the notion of the sacred and the profane.",23.191915161181303
nf4,Odia,94,Kababdi Ghandi was killed by his wife for the third time after four years of marriage.,26.02537495259505
nf4,Odia,95,The purpose of the literary works was to awaken the people from their ignorance and superstitions.,29.352602573556634
nf4,Odia,96,Only this truth is enough to make the character and the grace of the soul of the poet.,23.0625168518603
nf4,Odia,97,"We clearly saw these regiments marching into the city with complete discipline and in the midst of the war, they displayed their military skills and paraded their banners.",34.69620557263555
nf4,Odia,98,"They read the Ramayana and Mahabharata together; they read the war stories of the Marathas together, and their youthful hearts were stirred by the tales of heroism and patriotism.",46.02897997940574
nf4,Odia,99,The main obstacle to the use of remote sensing data in agriculture during the monsoon season is the high density of clouds.,36.13894402265191
nf4,Odia,100,"When you click on any harmful advertisement on the internet, it can reach your computer.",44.30824605083222
nf4,Odia,101,"Seeing the wounded and dying in their own camp, he went to the place of the battle and killed the enemy soldiers with a single blow of his sword and wounded them.",30.34709685377545
nf4,Odia,102,They went on a pilgrimage to the holy places and attacked Kanpur.,17.114702264972575
nf4,Odia,103,The Sheths and their families gathered on the other side of the river.,34.42014548911965
nf4,Odia,104,"After that, the Jarkes -2 came.",19.07849249169276
nf4,Odia,105,They were very close to each other.,39.81683938581243
nf4,Odia,106,"If they decide to leave the proposal, they can be encouraged to accept the same terms as the others.",38.96068216269255
nf4,Odia,107,The most active industry in the urban area is transportation.,49.75740234871734
nf4,Odia,108,"If a region is to be redeveloped, the right-of-way must be surveyed and the necessary changes made in accordance with the conditions of the old or new system.",17.963382663499598
nf4,Odia,109,"The first is that it takes a lot of time to collect and then to remove the leaves, and the second is that it is more difficult to have accuracy with the tools.",23.38217621392483
nf4,Odia,110,"If you can afford it, you can learn the art of self-preservation by practicing it.",17.99017769870736
nf4,Odia,111,"There were some doubts about the students' knowledge in the field of primary health care, so they were encouraged to ask questions.",47.892282247534766
nf4,Odia,112,Nationalism in the Punjabi soldiers was strong enough to be aware of it.,22.62012840126962
nf4,Odia,113,This kind of forgiveness was natural in my father's case.,47.687116335097
nf4,Odia,114,"The war was won by the British, who had a specially trained and world-famous army, consisting of an English regiment and a Hindu regiment, which was subjected to a world-wide test of bravery by the enemy.",30.74269369840103
nf4,Odia,115,"The weapons were everywhere in use, the first portion of the water being boiled in pots, and the pots being filled with water from the wells. The pots were then filled with water from the wells.",24.658075696264312
nf4,Odia,116,"The British soldiers, you, have been able to drink the cool shade beneath the trees, not by the free flow of your own blood, but by the sacrifice of your comrades in arms!",40.35099018701531
nf4,Odia,117,"You will see that the mangoes are ripe and growing in the trees, which will be in the process of being harvested, and that the mango trees are being pruned, and that the mangoes are being picked, and that the mangoes are being sold, and that the mangoes are being transported, and that the mangoes are being stored, and that the mangoes are being processed, and that the mangoes are being sold, and that the mangoes are being",20.80224642976463
nf4,Odia,118,Boys are also sexually promiscuous.,32.62956431341453
nf4,Odia,119,"If they were to cut their own sons' heads, they would inform their own sons of their purpose and cut their own sons' heads!",17.61679729721356
nf4,Odia,120,"The directors who made the film popularly were J. V. Chettiar, Hoomaiah Vazhappan, and V. V. Chettiar.",23.68829208290537
nf4,Odia,121,"From the 1930s onwards, they became the kings of this style, in which a number of scenes were shot on the top of a moving train, with a lot of action.",38.725258160793
nf4,Odia,122,"'Aasami Cinema' is a film in the Assamese language, which is mainly seen in Assam.",47.01090141725287
nf4,Odia,123,The evolution of these ancient monuments is well documented.,13.361599040656069
nf4,Odia,124,"In a more or less literal sense, the goal is to achieve a perfect balance between the two.",16.872371861101712
nf4,Odia,125,"They provide a different form of poetry and the result is a mixed subject, which is a blend of several styles.",32.83222031883377
nf4,Odia,126,"The first-ever online film festival began on June 15, 2020.",25.56940368783694
nf4,Odia,127,The National Film Archive of India (NAFI) was set up in 1965 to preserve the country's film heritage. The National Film Development Corporation (NFDC) was set up in 1969 to promote and develop the Indian film industry.,36.04851404245448
