precision,language,idx,nll,chars
bf16,English,0,154.01092529296875,164
bf16,English,1,147.59019470214844,193
bf16,English,2,95.67558288574219,75
bf16,English,3,122.62808990478516,152
bf16,English,4,131.59857177734375,130
bf16,English,5,162.63026428222656,168
bf16,English,6,81.05609130859375,109
bf16,English,7,91.33476257324219,62
bf16,English,8,136.41348266601562,147
bf16,English,9,74.17462921142578,48
bf16,English,10,95.07096862792969,87
bf16,English,11,123.95220947265625,173
bf16,English,12,90.70187377929688,102
bf16,English,13,110.65534210205078,116
bf16,English,14,259.64178466796875,192
bf16,English,15,195.72634887695312,192
bf16,English,16,181.27227783203125,218
bf16,English,17,142.7662353515625,119
bf16,English,18,129.41134643554688,165
bf16,English,19,323.7146301269531,351
bf16,English,20,108.81491088867188,115
bf16,English,21,133.83578491210938,154
bf16,English,22,59.04090881347656,90
bf16,English,23,89.39906311035156,73
bf16,English,24,70.25868225097656,76
bf16,English,25,149.47706604003906,210
bf16,English,26,99.19688415527344,140
bf16,English,27,82.2607421875,76
bf16,English,28,102.26518249511719,64
bf16,English,29,73.04305267333984,59
bf16,English,30,70.76249694824219,92
bf16,English,31,126.85502624511719,110
bf16,English,32,139.4324188232422,110
bf16,English,33,143.9899139404297,155
bf16,English,34,110.69389343261719,110
bf16,English,35,114.72809600830078,123
bf16,English,36,173.90704345703125,180
bf16,English,37,186.31436157226562,116
bf16,English,38,133.75283813476562,124
bf16,English,39,68.22053527832031,63
bf16,English,40,82.69107055664062,121
bf16,English,41,207.60995483398438,230
bf16,English,42,75.12242126464844,75
bf16,English,43,203.8379364013672,327
bf16,English,44,127.90219116210938,207
bf16,English,45,80.8927993774414,81
bf16,English,46,76.65000915527344,78
bf16,English,47,128.10543823242188,149
bf16,English,48,67.73297882080078,115
bf16,English,49,104.96405029296875,144
bf16,English,50,140.06927490234375,121
bf16,English,51,178.12216186523438,275
bf16,English,52,123.127197265625,154
bf16,English,53,112.46954345703125,144
bf16,English,54,124.61018371582031,180
bf16,English,55,107.15164184570312,117
bf16,English,56,148.2329864501953,283
bf16,English,57,129.1349639892578,121
bf16,English,58,110.40567779541016,147
bf16,English,59,128.517333984375,187
bf16,English,60,180.97235107421875,275
bf16,English,61,101.00960540771484,138
bf16,English,62,74.73979949951172,100
bf16,English,63,97.91595458984375,128
bf16,English,64,171.16903686523438,256
bf16,English,65,55.34455108642578,134
bf16,English,66,307.88677978515625,462
bf16,English,67,160.57357788085938,193
bf16,English,68,73.41446685791016,67
bf16,English,69,162.13412475585938,304
bf16,English,70,121.37644958496094,181
bf16,English,71,271.8831787109375,387
bf16,English,72,159.64230346679688,257
bf16,English,73,150.74371337890625,166
bf16,English,74,195.25302124023438,216
bf16,English,75,59.121273040771484,75
bf16,English,76,64.6300048828125,89
bf16,English,77,73.2015609741211,116
bf16,English,78,298.13916015625,313
bf16,English,79,237.59617614746094,384
bf16,English,80,100.45506286621094,120
bf16,English,81,82.79875946044922,134
bf16,English,82,144.60382080078125,148
bf16,English,83,206.03823852539062,244
bf16,English,84,92.05445098876953,80
bf16,English,85,226.12234497070312,323
bf16,English,86,55.64375305175781,74
bf16,English,87,79.7149658203125,55
bf16,English,88,125.59396362304688,120
bf16,English,89,117.12403869628906,97
bf16,English,90,68.70199584960938,107
bf16,English,91,63.69511413574219,102
bf16,English,92,104.24324035644531,121
bf16,English,93,146.8199462890625,132
bf16,English,94,103.59431457519531,86
bf16,English,95,104.57942199707031,142
bf16,English,96,80.47860717773438,80
bf16,English,97,184.82553100585938,178
bf16,English,98,210.1065673828125,243
bf16,English,99,131.16163635253906,199
bf16,English,100,79.37594604492188,88
bf16,English,101,169.483154296875,147
bf16,English,102,113.3519287109375,80
bf16,English,103,72.94027709960938,44
bf16,English,104,66.90065002441406,44
bf16,English,105,49.247806549072266,48
bf16,English,106,88.05317687988281,92
bf16,English,107,74.69464874267578,82
bf16,English,108,246.29592895507812,290
bf16,English,109,167.7139892578125,192
bf16,English,110,109.24783325195312,112
bf16,English,111,87.5228500366211,120
bf16,English,112,113.06025695800781,105
bf16,English,113,82.66415405273438,62
bf16,English,114,247.2937774658203,252
bf16,English,115,153.04051208496094,137
bf16,English,116,199.10498046875,212
bf16,English,117,122.69078063964844,146
bf16,English,118,55.2077751159668,44
bf16,English,119,282.7966613769531,286
bf16,English,120,161.56924438476562,143
bf16,English,121,182.18190002441406,169
bf16,English,122,83.64252471923828,86
bf16,English,123,53.554752349853516,46
bf16,English,124,95.69174194335938,69
bf16,English,125,94.24642944335938,102
bf16,English,126,93.59757995605469,94
bf16,English,127,71.71453857421875,88
bf16,English,128,111.330078125,94
bf16,English,129,101.46798706054688,121
bf16,English,130,128.13662719726562,140
bf16,English,131,91.01318359375,99
bf16,English,132,116.59445190429688,126
bf16,English,133,132.80552673339844,134
bf16,English,134,201.27621459960938,274
bf16,English,135,272.48114013671875,327
bf16,English,136,123.15133666992188,119
bf16,English,137,83.26777648925781,105
bf16,English,138,177.4478759765625,218
bf16,English,139,135.53518676757812,137
bf16,English,140,127.41716003417969,123
bf16,English,141,154.63116455078125,180
bf16,English,142,196.53616333007812,246
bf16,English,143,126.0461196899414,145
bf16,English,144,79.5824966430664,83
bf16,English,145,189.58175659179688,253
bf16,English,146,95.94871520996094,100
bf16,English,147,249.619384765625,331
bf16,English,148,113.2634048461914,112
bf16,English,149,187.8590087890625,239
bf16,English,150,124.938720703125,110
bf16,English,151,130.53237915039062,158
bf16,English,152,75.29791259765625,57
bf16,English,153,147.97494506835938,150
bf16,English,154,144.04598999023438,165
bf16,English,155,83.59841918945312,86
bf16,English,156,175.5149383544922,180
bf16,English,157,91.51823425292969,90
bf16,English,158,123.33777618408203,149
bf16,English,159,266.0085754394531,262
bf16,English,160,126.81202697753906,138
bf16,English,161,82.75202178955078,79
bf16,English,162,81.40730285644531,73
bf16,English,163,134.37826538085938,209
bf16,English,164,62.693641662597656,102
bf16,English,165,89.10919189453125,110
bf16,English,166,150.46095275878906,166
bf16,English,167,95.54203796386719,75
bf16,English,168,120.02691650390625,129
bf16,English,169,88.69291687011719,87
bf16,English,170,87.03729248046875,103
bf16,English,171,102.36676788330078,130
bf16,English,172,110.43441009521484,146
bf16,English,173,112.95207977294922,151
bf16,English,174,137.66200256347656,169
bf16,English,175,103.89271545410156,137
bf16,English,176,138.31549072265625,152
bf16,English,177,182.16586303710938,304
bf16,English,178,97.65047454833984,135
bf16,English,179,136.7515106201172,186
bf16,English,180,123.634033203125,176
bf16,English,181,177.76043701171875,210
bf16,English,182,122.48443603515625,143
bf16,English,183,57.4493408203125,65
bf16,English,184,88.16117858886719,70
bf16,English,185,83.70649719238281,64
bf16,English,186,160.4573974609375,246
bf16,English,187,60.60371017456055,48
bf16,English,188,170.87417602539062,294
bf16,English,189,147.17616271972656,170
bf16,English,190,99.79853820800781,123
bf16,English,191,135.12989807128906,170
bf16,English,192,91.22208404541016,133
bf16,English,193,49.462066650390625,86
bf16,English,194,85.33515930175781,141
bf16,English,195,90.07008361816406,93
bf16,English,196,69.60784912109375,50
bf16,English,197,87.7891616821289,80
bf16,English,198,105.07280731201172,95
bf16,English,199,81.39447021484375,87
bf16,English,200,120.25486755371094,164
bf16,English,201,145.243408203125,195
bf16,English,202,125.6883544921875,171
bf16,English,203,154.26364135742188,186
bf16,English,204,96.39205932617188,125
bf16,English,205,107.36698913574219,255
bf16,English,206,146.57421875,240
bf16,English,207,80.35281372070312,85
bf16,English,208,99.66715240478516,118
bf16,English,209,124.61991882324219,145
bf16,English,210,93.08152770996094,150
bf16,English,211,91.99171447753906,93
bf16,English,212,99.80804443359375,130
bf16,English,213,100.97259521484375,162
bf16,English,214,249.5782012939453,345
bf16,English,215,137.65396118164062,201
bf16,English,216,122.15518188476562,137
bf16,English,217,103.98419952392578,109
bf16,English,218,210.07879638671875,255
bf16,English,219,231.84983825683594,378
bf16,English,220,111.32040405273438,97
bf16,English,221,59.61839294433594,49
bf16,English,222,205.86749267578125,312
bf16,English,223,164.8401336669922,242
bf16,English,224,56.88587188720703,54
bf16,English,225,104.82286071777344,151
bf16,English,226,144.95858764648438,124
bf16,English,227,116.01457214355469,67
bf16,English,228,154.7606658935547,110
bf16,English,229,114.86534118652344,195
bf16,English,230,81.04548645019531,88
bf16,English,231,94.93775177001953,87
bf16,English,232,215.09371948242188,235
bf16,English,233,92.26011657714844,109
bf16,English,234,89.68184661865234,116
bf16,English,235,99.42814636230469,116
bf16,English,236,111.1964340209961,151
bf16,English,237,142.06036376953125,192
bf16,English,238,148.29440307617188,185
bf16,English,239,105.23626708984375,168
bf16,English,240,62.60380935668945,77
bf16,English,241,106.11763763427734,162
bf16,English,242,157.47482299804688,125
bf16,English,243,65.24235534667969,150
bf16,English,244,151.84237670898438,162
bf16,English,245,52.884849548339844,34
bf16,English,246,198.04148864746094,336
bf16,English,247,81.32820892333984,70
bf16,English,248,137.582763671875,147
bf16,English,249,90.15438842773438,95
bf16,English,250,74.67499542236328,65
bf16,English,251,153.56626892089844,303
bf16,English,252,45.09770202636719,33
bf16,English,253,82.49293518066406,122
bf16,English,254,164.9849853515625,193
bf16,English,255,88.61310577392578,111
bf16,Hindi,0,162.8986358642578,135
bf16,Hindi,1,185.37367248535156,183
bf16,Hindi,2,99.60606384277344,69
bf16,Hindi,3,141.1632843017578,169
bf16,Hindi,4,138.77175903320312,140
bf16,Hindi,5,210.94705200195312,124
bf16,Hindi,6,156.64968872070312,113
bf16,Hindi,7,111.20812225341797,62
bf16,Hindi,8,138.9755096435547,127
bf16,Hindi,9,73.60462188720703,50
bf16,Hindi,10,133.74081420898438,94
bf16,Hindi,11,204.7593994140625,166
bf16,Hindi,12,116.17575073242188,119
bf16,Hindi,13,100.22615051269531,127
bf16,Hindi,14,233.6197509765625,186
bf16,Hindi,15,246.590087890625,179
bf16,Hindi,16,220.32778930664062,230
bf16,Hindi,17,137.4903564453125,99
bf16,Hindi,18,161.1636199951172,179
bf16,Hindi,19,357.2066955566406,316
bf16,Hindi,20,118.08845520019531,110
bf16,Hindi,21,158.62135314941406,149
bf16,Hindi,22,70.1030502319336,78
bf16,Hindi,23,108.825927734375,66
bf16,Hindi,24,89.1697998046875,75
bf16,Hindi,25,182.050537109375,200
bf16,Hindi,26,98.24252319335938,123
bf16,Hindi,27,103.72965240478516,90
bf16,Hindi,28,128.08389282226562,62
bf16,Hindi,29,68.71280670166016,63
bf16,Hindi,30,111.92964172363281,90
bf16,Hindi,31,142.92532348632812,110
bf16,Hindi,32,187.99765014648438,128
bf16,Hindi,33,161.13934326171875,135
bf16,Hindi,34,129.99819946289062,102
bf16,Hindi,35,185.11810302734375,139
bf16,Hindi,36,158.66912841796875,158
bf16,Hindi,37,148.3773193359375,133
bf16,Hindi,38,169.4729461669922,140
bf16,Hindi,39,108.33687591552734,100
bf16,Hindi,40,94.70024108886719,122
bf16,Hindi,41,224.1849365234375,212
bf16,Hindi,42,75.45318603515625,92
bf16,Hindi,43,262.56976318359375,278
bf16,Hindi,44,223.97491455078125,206
bf16,Hindi,45,103.93231201171875,103
bf16,Hindi,46,91.06507873535156,80
bf16,Hindi,47,166.04397583007812,195
bf16,Hindi,48,149.9345703125,107
bf16,Hindi,49,134.23028564453125,125
bf16,Hindi,50,191.44305419921875,130
bf16,Hindi,51,253.33274841308594,283
bf16,Hindi,52,127.05089569091797,144
bf16,Hindi,53,145.40426635742188,129
bf16,Hindi,54,183.47268676757812,197
bf16,Hindi,55,127.57488250732422,111
bf16,Hindi,56,291.04498291015625,267
bf16,Hindi,57,133.63824462890625,116
bf16,Hindi,58,169.75852966308594,152
bf16,Hindi,59,127.41288757324219,149
bf16,Hindi,60,262.88690185546875,281
bf16,Hindi,61,142.45108032226562,127
bf16,Hindi,62,120.17486572265625,92
bf16,Hindi,63,128.33108520507812,121
bf16,Hindi,64,257.7528076171875,242
bf16,Hindi,65,131.62786865234375,119
bf16,Hindi,66,371.4212341308594,436
bf16,Hindi,67,174.0130615234375,252
bf16,Hindi,68,93.02281188964844,92
bf16,Hindi,69,202.66021728515625,301
bf16,Hindi,70,155.31668090820312,195
bf16,Hindi,71,331.3056945800781,333
bf16,Hindi,72,255.67440795898438,230
bf16,Hindi,73,202.90731811523438,200
bf16,Hindi,74,276.06817626953125,235
bf16,Hindi,75,69.46624755859375,62
bf16,Hindi,76,96.80867004394531,75
bf16,Hindi,77,105.13230895996094,114
bf16,Hindi,78,285.848876953125,326
bf16,Hindi,79,305.7183837890625,396
bf16,Hindi,80,125.68067169189453,124
bf16,Hindi,81,131.288818359375,142
bf16,Hindi,82,183.8857421875,165
bf16,Hindi,83,235.73330688476562,223
bf16,Hindi,84,115.22967529296875,64
bf16,Hindi,85,299.865966796875,314
bf16,Hindi,86,89.85551452636719,77
bf16,Hindi,87,75.78408813476562,55
bf16,Hindi,88,125.02050018310547,98
bf16,Hindi,89,149.00225830078125,131
bf16,Hindi,90,108.60132598876953,95
bf16,Hindi,91,75.88971710205078,108
bf16,Hindi,92,144.02206420898438,127
bf16,Hindi,93,145.76910400390625,134
bf16,Hindi,94,104.43586730957031,90
bf16,Hindi,95,137.24891662597656,123
bf16,Hindi,96,83.0174789428711,66
bf16,Hindi,97,218.6718292236328,164
bf16,Hindi,98,237.14434814453125,192
bf16,Hindi,99,207.95233154296875,188
bf16,Hindi,100,95.06265258789062,114
bf16,Hindi,101,257.55322265625,164
bf16,Hindi,102,128.55751037597656,81
bf16,Hindi,103,74.2948989868164,43
bf16,Hindi,104,92.02374267578125,55
bf16,Hindi,105,54.144447326660156,44
bf16,Hindi,106,104.56590270996094,114
bf16,Hindi,107,79.27389526367188,63
bf16,Hindi,108,316.86773681640625,275
bf16,Hindi,109,198.5491180419922,191
bf16,Hindi,110,122.21923828125,107
bf16,Hindi,111,106.9700698852539,144
bf16,Hindi,112,113.80353546142578,96
bf16,Hindi,113,84.8253173828125,55
bf16,Hindi,114,289.4605712890625,228
bf16,Hindi,115,174.31552124023438,120
bf16,Hindi,116,203.6345977783203,182
bf16,Hindi,117,215.17662048339844,194
bf16,Hindi,118,78.15330505371094,51
bf16,Hindi,119,345.2405700683594,332
bf16,Hindi,120,181.36880493164062,159
bf16,Hindi,121,196.64138793945312,141
bf16,Hindi,122,98.4133529663086,73
bf16,Hindi,123,85.73912048339844,72
bf16,Hindi,124,113.90579986572266,82
bf16,Hindi,125,138.46522521972656,92
bf16,Hindi,126,130.5711669921875,103
bf16,Hindi,127,78.37326049804688,86
bf16,Hindi,128,155.2369384765625,103
bf16,Hindi,129,145.39669799804688,120
bf16,Hindi,130,177.8753204345703,149
bf16,Hindi,131,137.5948486328125,82
bf16,Hindi,132,124.62203979492188,114
bf16,Hindi,133,185.5569610595703,179
bf16,Hindi,134,196.53033447265625,259
bf16,Hindi,135,308.73455810546875,292
bf16,Hindi,136,153.18447875976562,124
bf16,Hindi,137,90.97084045410156,93
bf16,Hindi,138,206.28846740722656,205
bf16,Hindi,139,119.45524597167969,148
bf16,Hindi,140,155.09573364257812,115
bf16,Hindi,141,161.17715454101562,154
bf16,Hindi,142,222.40957641601562,267
bf16,Hindi,143,148.1925048828125,161
bf16,Hindi,144,110.68187713623047,89
bf16,Hindi,145,236.12831115722656,278
bf16,Hindi,146,103.69134521484375,102
bf16,Hindi,147,271.8699951171875,289
bf16,Hindi,148,132.71881103515625,119
bf16,Hindi,149,202.64205932617188,207
bf16,Hindi,150,170.8607177734375,122
bf16,Hindi,151,143.35763549804688,135
bf16,Hindi,152,122.1090316772461,78
bf16,Hindi,153,255.58627319335938,155
bf16,Hindi,154,158.56167602539062,173
bf16,Hindi,155,76.0032958984375,81
bf16,Hindi,156,196.32635498046875,185
bf16,Hindi,157,97.13046264648438,97
bf16,Hindi,158,160.80348205566406,150
bf16,Hindi,159,297.875732421875,247
bf16,Hindi,160,181.83248901367188,161
bf16,Hindi,161,81.64599609375,71
bf16,Hindi,162,134.09146118164062,99
bf16,Hindi,163,148.81338500976562,187
bf16,Hindi,164,94.20023345947266,97
bf16,Hindi,165,101.0282974243164,100
bf16,Hindi,166,157.49075317382812,164
bf16,Hindi,167,139.6830291748047,84
bf16,Hindi,168,137.75186157226562,120
bf16,Hindi,169,91.76435852050781,70
bf16,Hindi,170,102.85986328125,92
bf16,Hindi,171,152.62979125976562,131
bf16,Hindi,172,184.95907592773438,158
bf16,Hindi,173,172.99118041992188,146
bf16,Hindi,174,175.37710571289062,183
bf16,Hindi,175,130.59768676757812,131
bf16,Hindi,176,190.5207977294922,159
bf16,Hindi,177,295.461669921875,325
bf16,Hindi,178,134.82696533203125,139
bf16,Hindi,179,240.91339111328125,229
bf16,Hindi,180,179.476318359375,164
bf16,Hindi,181,238.71286010742188,207
bf16,Hindi,182,136.05238342285156,148
bf16,Hindi,183,65.72321319580078,74
bf16,Hindi,184,110.97566223144531,64
bf16,Hindi,185,102.27452850341797,68
bf16,Hindi,186,236.13186645507812,243
bf16,Hindi,187,60.40699768066406,54
bf16,Hindi,188,290.2675476074219,259
bf16,Hindi,189,174.8359375,151
bf16,Hindi,190,108.01530456542969,111
bf16,Hindi,191,194.6876678466797,183
bf16,Hindi,192,115.25445556640625,110
bf16,Hindi,193,88.13490295410156,68
bf16,Hindi,194,132.43228149414062,143
bf16,Hindi,195,126.56661224365234,78
bf16,Hindi,196,72.36860656738281,42
bf16,Hindi,197,141.32615661621094,134
bf16,Hindi,198,125.20953369140625,89
bf16,Hindi,199,73.60758972167969,63
bf16,Hindi,200,137.86363220214844,147
bf16,Hindi,201,183.8663330078125,171
bf16,Hindi,202,153.7742156982422,162
bf16,Hindi,203,206.89198303222656,177
bf16,Hindi,204,116.47453308105469,115
bf16,Hindi,205,227.123046875,221
bf16,Hindi,206,162.5972900390625,212
bf16,Hindi,207,73.96841430664062,67
bf16,Hindi,208,127.37577819824219,137
bf16,Hindi,209,138.47447204589844,159
bf16,Hindi,210,109.99283599853516,166
bf16,Hindi,211,132.03829956054688,98
bf16,Hindi,212,117.52584838867188,129
bf16,Hindi,213,136.53286743164062,169
bf16,Hindi,214,368.3377685546875,380
bf16,Hindi,215,173.6639862060547,159
bf16,Hindi,216,146.108642578125,136
bf16,Hindi,217,124.56336975097656,118
bf16,Hindi,218,271.14349365234375,285
bf16,Hindi,219,301.99530029296875,342
bf16,Hindi,220,160.35830688476562,137
bf16,Hindi,221,69.06217193603516,46
bf16,Hindi,222,200.10479736328125,266
bf16,Hindi,223,213.62594604492188,185
bf16,Hindi,224,60.89973831176758,57
bf16,Hindi,225,118.37684631347656,132
bf16,Hindi,226,164.2391357421875,116
bf16,Hindi,227,109.59795379638672,97
bf16,Hindi,228,152.13848876953125,107
bf16,Hindi,229,155.9522247314453,167
bf16,Hindi,230,102.38630676269531,86
bf16,Hindi,231,98.06228637695312,79
bf16,Hindi,232,214.75042724609375,185
bf16,Hindi,233,114.68474578857422,108
bf16,Hindi,234,93.32982635498047,101
bf16,Hindi,235,89.557861328125,97
bf16,Hindi,236,137.8878173828125,135
bf16,Hindi,237,163.52999877929688,179
bf16,Hindi,238,236.41836547851562,234
bf16,Hindi,239,141.03414916992188,185
bf16,Hindi,240,75.1768569946289,85
bf16,Hindi,241,127.2488021850586,162
bf16,Hindi,242,129.89602661132812,119
bf16,Hindi,243,155.36154174804688,142
bf16,Hindi,244,151.86859130859375,148
bf16,Hindi,245,56.493682861328125,34
bf16,Hindi,246,224.1529541015625,250
bf16,Hindi,247,77.43838500976562,64
bf16,Hindi,248,160.5008087158203,123
bf16,Hindi,249,121.61802673339844,120
bf16,Hindi,250,91.34742736816406,61
bf16,Hindi,251,252.89678955078125,294
bf16,Hindi,252,51.50891876220703,44
bf16,Hindi,253,121.94589233398438,108
bf16,Hindi,254,245.8308868408203,202
bf16,Hindi,255,111.99839782714844,103
bf16,Bengali,0,397.28271484375,161
bf16,Bengali,1,429.2587890625,169
bf16,Bengali,2,157.03298950195312,57
bf16,Bengali,3,275.190185546875,152
bf16,Bengali,4,368.698974609375,148
bf16,Bengali,5,455.6782531738281,170
bf16,Bengali,6,223.22323608398438,102
bf16,Bengali,7,189.07553100585938,54
bf16,Bengali,8,325.2708435058594,122
bf16,Bengali,9,128.14999389648438,47
bf16,Bengali,10,196.58297729492188,92
bf16,Bengali,11,409.2354736328125,155
bf16,Bengali,12,165.12393188476562,80
bf16,Bengali,13,249.27236938476562,107
bf16,Bengali,14,376.00054931640625,179
bf16,Bengali,15,495.4080810546875,227
bf16,Bengali,16,407.4142761230469,215
bf16,Bengali,17,262.4816589355469,99
bf16,Bengali,18,351.43463134765625,136
bf16,Bengali,19,614.541259765625,272
bf16,Bengali,20,212.15518188476562,97
bf16,Bengali,21,326.5669860839844,131
bf16,Bengali,22,126.66595458984375,72
bf16,Bengali,23,160.17642211914062,70
bf16,Bengali,24,184.13003540039062,71
bf16,Bengali,25,408.8319091796875,163
bf16,Bengali,26,304.0333557128906,111
bf16,Bengali,27,159.50448608398438,69
bf16,Bengali,28,230.08665466308594,75
bf16,Bengali,29,109.13130187988281,48
bf16,Bengali,30,214.33157348632812,82
bf16,Bengali,31,278.8348083496094,98
bf16,Bengali,32,245.45230102539062,127
bf16,Bengali,33,296.34539794921875,138
bf16,Bengali,34,198.48243713378906,90
bf16,Bengali,35,288.15692138671875,116
bf16,Bengali,36,434.761474609375,166
bf16,Bengali,37,275.3377990722656,98
bf16,Bengali,38,280.4144287109375,130
bf16,Bengali,39,138.27456665039062,66
bf16,Bengali,40,188.1480255126953,105
bf16,Bengali,41,445.9748229980469,214
bf16,Bengali,42,181.94427490234375,89
bf16,Bengali,43,396.0428161621094,241
bf16,Bengali,44,379.05377197265625,181
bf16,Bengali,45,195.52926635742188,78
bf16,Bengali,46,185.82403564453125,81
bf16,Bengali,47,332.97674560546875,156
bf16,Bengali,48,271.72906494140625,125
bf16,Bengali,49,311.7364196777344,129
bf16,Bengali,50,210.35302734375,95
bf16,Bengali,51,364.4478759765625,263
bf16,Bengali,52,299.0337219238281,147
bf16,Bengali,53,260.854736328125,142
bf16,Bengali,54,331.60784912109375,195
bf16,Bengali,55,221.53060913085938,123
bf16,Bengali,56,413.6932067871094,221
bf16,Bengali,57,242.9632568359375,129
bf16,Bengali,58,327.04583740234375,156
bf16,Bengali,59,349.31134033203125,180
bf16,Bengali,60,420.79571533203125,255
bf16,Bengali,61,217.60223388671875,112
bf16,Bengali,62,209.59226989746094,83
bf16,Bengali,63,257.3562927246094,109
bf16,Bengali,64,459.966796875,243
bf16,Bengali,65,195.25149536132812,85
bf16,Bengali,66,901.6477661132812,489
bf16,Bengali,67,384.9650573730469,208
bf16,Bengali,68,193.31109619140625,80
bf16,Bengali,69,450.8177795410156,283
bf16,Bengali,70,326.04010009765625,168
bf16,Bengali,71,682.1019287109375,322
bf16,Bengali,72,448.697998046875,226
bf16,Bengali,73,335.6704406738281,142
bf16,Bengali,74,431.9245910644531,216
bf16,Bengali,75,125.37123107910156,47
bf16,Bengali,76,144.68276977539062,64
bf16,Bengali,77,200.1235809326172,87
bf16,Bengali,78,627.0740966796875,302
bf16,Bengali,79,568.0342407226562,343
bf16,Bengali,80,285.9066162109375,139
bf16,Bengali,81,312.69476318359375,114
bf16,Bengali,82,344.9678955078125,140
bf16,Bengali,83,371.8685607910156,171
bf16,Bengali,84,173.08572387695312,73
bf16,Bengali,85,588.6724853515625,312
bf16,Bengali,86,201.5897674560547,82
bf16,Bengali,87,119.66223907470703,47
bf16,Bengali,88,198.23556518554688,91
bf16,Bengali,89,235.07998657226562,108
bf16,Bengali,90,179.04364013671875,73
bf16,Bengali,91,165.63442993164062,101
bf16,Bengali,92,206.3470916748047,102
bf16,Bengali,93,320.40631103515625,133
bf16,Bengali,94,182.543701171875,76
bf16,Bengali,95,257.8403015136719,113
bf16,Bengali,96,150.730224609375,69
bf16,Bengali,97,391.2867126464844,169
bf16,Bengali,98,394.08697509765625,182
bf16,Bengali,99,393.42791748046875,159
bf16,Bengali,100,204.97972106933594,80
bf16,Bengali,101,390.8651123046875,145
bf16,Bengali,102,188.5634307861328,79
bf16,Bengali,103,132.3211669921875,49
bf16,Bengali,104,143.4896240234375,49
bf16,Bengali,105,98.45957946777344,37
bf16,Bengali,106,184.0991668701172,91
bf16,Bengali,107,157.60589599609375,62
bf16,Bengali,108,515.9163818359375,270
bf16,Bengali,109,338.18072509765625,153
bf16,Bengali,110,252.48484802246094,108
bf16,Bengali,111,183.97357177734375,109
bf16,Bengali,112,232.97462463378906,87
bf16,Bengali,113,119.50069427490234,61
bf16,Bengali,114,405.99786376953125,213
bf16,Bengali,115,327.60723876953125,132
bf16,Bengali,116,432.41082763671875,189
bf16,Bengali,117,299.91949462890625,149
bf16,Bengali,118,129.3705291748047,42
bf16,Bengali,119,528.8125,250
bf16,Bengali,120,377.8077697753906,170
bf16,Bengali,121,392.0373840332031,140
bf16,Bengali,122,186.1651611328125,74
bf16,Bengali,123,122.99459838867188,49
bf16,Bengali,124,143.5115966796875,77
bf16,Bengali,125,225.49697875976562,92
bf16,Bengali,126,204.46792602539062,106
bf16,Bengali,127,193.6162567138672,72
bf16,Bengali,128,288.4543762207031,113
bf16,Bengali,129,230.11126708984375,121
bf16,Bengali,130,391.83795166015625,158
bf16,Bengali,131,191.13414001464844,86
bf16,Bengali,132,320.6846618652344,121
bf16,Bengali,133,405.625244140625,169
bf16,Bengali,134,493.65789794921875,238
bf16,Bengali,135,574.5314331054688,273
bf16,Bengali,136,303.601318359375,134
bf16,Bengali,137,230.33135986328125,92
bf16,Bengali,138,390.4728698730469,220
bf16,Bengali,139,293.9869384765625,140
bf16,Bengali,140,270.35162353515625,114
bf16,Bengali,141,320.1883239746094,160
bf16,Bengali,142,452.2852783203125,224
bf16,Bengali,143,278.326904296875,143
bf16,Bengali,144,155.73501586914062,74
bf16,Bengali,145,454.1398620605469,253
bf16,Bengali,146,226.43914794921875,112
bf16,Bengali,147,532.1502075195312,301
bf16,Bengali,148,261.9317626953125,98
bf16,Bengali,149,368.5772705078125,213
bf16,Bengali,150,230.01329040527344,107
bf16,Bengali,151,299.9041748046875,134
bf16,Bengali,152,173.0831756591797,68
bf16,Bengali,153,385.9098205566406,147
bf16,Bengali,154,307.40399169921875,157
bf16,Bengali,155,205.89871215820312,94
bf16,Bengali,156,370.5557861328125,207
bf16,Bengali,157,168.10195922851562,89
bf16,Bengali,158,285.946533203125,160
bf16,Bengali,159,534.4461059570312,265
bf16,Bengali,160,250.47682189941406,129
bf16,Bengali,161,142.06719970703125,75
bf16,Bengali,162,217.02488708496094,72
bf16,Bengali,163,460.3562316894531,181
bf16,Bengali,164,185.94003295898438,109
bf16,Bengali,165,236.1494140625,100
bf16,Bengali,166,246.6205291748047,129
bf16,Bengali,167,166.70977783203125,60
bf16,Bengali,168,367.85565185546875,137
bf16,Bengali,169,145.3051300048828,72
bf16,Bengali,170,259.1950378417969,82
bf16,Bengali,171,240.16293334960938,129
bf16,Bengali,172,269.6725158691406,133
bf16,Bengali,173,312.941162109375,162
bf16,Bengali,174,262.5450439453125,159
bf16,Bengali,175,271.8125,118
bf16,Bengali,176,292.7688903808594,122
bf16,Bengali,177,702.503173828125,295
bf16,Bengali,178,300.667236328125,135
bf16,Bengali,179,412.1492919921875,162
bf16,Bengali,180,481.08465576171875,180
bf16,Bengali,181,436.17095947265625,193
bf16,Bengali,182,305.2523498535156,118
bf16,Bengali,183,199.29969787597656,65
bf16,Bengali,184,205.42117309570312,64
bf16,Bengali,185,166.5089111328125,80
bf16,Bengali,186,435.4439697265625,237
bf16,Bengali,187,119.77671813964844,53
bf16,Bengali,188,447.76068115234375,237
bf16,Bengali,189,290.028564453125,172
bf16,Bengali,190,242.63381958007812,106
bf16,Bengali,191,368.73028564453125,154
bf16,Bengali,192,241.87347412109375,102
bf16,Bengali,193,241.86199951171875,80
bf16,Bengali,194,320.9083251953125,135
bf16,Bengali,195,174.6344757080078,71
bf16,Bengali,196,125.43339538574219,44
bf16,Bengali,197,205.7733154296875,87
bf16,Bengali,198,215.74871826171875,81
bf16,Bengali,199,161.4109649658203,60
bf16,Bengali,200,219.65902709960938,162
bf16,Bengali,201,267.4967346191406,154
bf16,Bengali,202,323.1790771484375,164
bf16,Bengali,203,347.79949951171875,186
bf16,Bengali,204,295.77606201171875,148
bf16,Bengali,205,486.2301940917969,239
bf16,Bengali,206,303.2374267578125,196
bf16,Bengali,207,130.5242156982422,79
bf16,Bengali,208,227.00079345703125,110
bf16,Bengali,209,272.7408447265625,141
bf16,Bengali,210,325.6262512207031,126
bf16,Bengali,211,160.9959259033203,76
bf16,Bengali,212,202.7806396484375,99
bf16,Bengali,213,284.95306396484375,145
bf16,Bengali,214,748.1407470703125,335
bf16,Bengali,215,321.84527587890625,168
bf16,Bengali,216,290.82867431640625,112
bf16,Bengali,217,204.81219482421875,101
bf16,Bengali,218,484.20843505859375,276
bf16,Bengali,219,577.291015625,317
bf16,Bengali,220,229.60833740234375,101
bf16,Bengali,221,121.3140869140625,43
bf16,Bengali,222,473.6444091796875,263
bf16,Bengali,223,337.259033203125,196
bf16,Bengali,224,113.99943542480469,43
bf16,Bengali,225,307.86724853515625,145
bf16,Bengali,226,293.5999755859375,154
bf16,Bengali,227,206.6201171875,95
bf16,Bengali,228,322.0012512207031,117
bf16,Bengali,229,246.71914672851562,138
bf16,Bengali,230,169.72698974609375,75
bf16,Bengali,231,155.40936279296875,75
bf16,Bengali,232,366.42486572265625,221
bf16,Bengali,233,204.23406982421875,97
bf16,Bengali,234,215.03921508789062,90
bf16,Bengali,235,201.37594604492188,100
bf16,Bengali,236,294.00787353515625,137
bf16,Bengali,237,363.52783203125,208
bf16,Bengali,238,380.5227966308594,184
bf16,Bengali,239,359.6903076171875,175
bf16,Bengali,240,214.72523498535156,81
bf16,Bengali,241,249.4730682373047,163
bf16,Bengali,242,386.1834411621094,123
bf16,Bengali,243,292.09210205078125,130
bf16,Bengali,244,347.25030517578125,149
bf16,Bengali,245,109.48334503173828,34
bf16,Bengali,246,419.5931396484375,265
bf16,Bengali,247,148.33169555664062,51
bf16,Bengali,248,327.4860534667969,146
bf16,Bengali,249,211.96701049804688,110
bf16,Bengali,250,140.41888427734375,61
bf16,Bengali,251,531.0877685546875,295
bf16,Bengali,252,89.2686767578125,41
bf16,Bengali,253,246.54400634765625,113
bf16,Bengali,254,435.1756591796875,212
bf16,Bengali,255,192.53887939453125,99
bf16,Marathi,0,288.15252685546875,143
bf16,Marathi,1,335.1076965332031,178
bf16,Marathi,2,154.32501220703125,67
bf16,Marathi,3,341.340087890625,149
bf16,Marathi,4,315.6165771484375,133
bf16,Marathi,5,332.8133239746094,156
bf16,Marathi,6,262.0412292480469,109
bf16,Marathi,7,178.64312744140625,66
bf16,Marathi,8,271.5582275390625,145
bf16,Marathi,9,138.3008270263672,54
bf16,Marathi,10,197.6317138671875,97
bf16,Marathi,11,367.19232177734375,142
bf16,Marathi,12,188.2000732421875,101
bf16,Marathi,13,250.12847900390625,129
bf16,Marathi,14,382.9097900390625,194
bf16,Marathi,15,390.644287109375,180
bf16,Marathi,16,458.48333740234375,215
bf16,Marathi,17,245.32232666015625,117
bf16,Marathi,18,293.7138366699219,133
bf16,Marathi,19,598.9011840820312,318
bf16,Marathi,20,186.0462646484375,91
bf16,Marathi,21,303.9682312011719,181
bf16,Marathi,22,160.90505981445312,90
bf16,Marathi,23,157.82644653320312,71
bf16,Marathi,24,151.30726623535156,63
bf16,Marathi,25,332.2801513671875,204
bf16,Marathi,26,241.11309814453125,128
bf16,Marathi,27,135.34884643554688,63
bf16,Marathi,28,199.8646697998047,72
bf16,Marathi,29,128.1460723876953,41
bf16,Marathi,30,182.66781616210938,104
bf16,Marathi,31,236.95574951171875,113
bf16,Marathi,32,232.33291625976562,98
bf16,Marathi,33,275.95849609375,150
bf16,Marathi,34,250.81405639648438,108
bf16,Marathi,35,311.5461120605469,125
bf16,Marathi,36,329.73583984375,163
bf16,Marathi,37,222.18222045898438,125
bf16,Marathi,38,241.2460174560547,120
bf16,Marathi,39,184.06436157226562,69
bf16,Marathi,40,232.58741760253906,120
bf16,Marathi,41,498.9258117675781,255
bf16,Marathi,42,159.17648315429688,83
bf16,Marathi,43,473.9158935546875,252
bf16,Marathi,44,370.15423583984375,179
bf16,Marathi,45,203.904541015625,85
bf16,Marathi,46,206.33099365234375,87
bf16,Marathi,47,325.25567626953125,187
bf16,Marathi,48,239.51336669921875,113
bf16,Marathi,49,251.48849487304688,142
bf16,Marathi,50,246.73849487304688,132
bf16,Marathi,51,410.1924133300781,255
bf16,Marathi,52,279.1580810546875,166
bf16,Marathi,53,291.9332275390625,183
bf16,Marathi,54,294.9694519042969,210
bf16,Marathi,55,219.2184600830078,107
bf16,Marathi,56,471.46551513671875,288
bf16,Marathi,57,259.5599060058594,136
bf16,Marathi,58,316.45062255859375,192
bf16,Marathi,59,296.9051513671875,157
bf16,Marathi,60,470.9075927734375,335
bf16,Marathi,61,217.13406372070312,124
bf16,Marathi,62,219.9642333984375,99
bf16,Marathi,63,198.45062255859375,115
bf16,Marathi,64,501.0586853027344,260
bf16,Marathi,65,154.17965698242188,113
bf16,Marathi,66,808.1034545898438,505
bf16,Marathi,67,383.07525634765625,198
bf16,Marathi,68,192.04434204101562,81
bf16,Marathi,69,536.6493530273438,362
bf16,Marathi,70,282.2917175292969,186
bf16,Marathi,71,731.0994262695312,380
bf16,Marathi,72,364.31591796875,263
bf16,Marathi,73,355.4039001464844,164
bf16,Marathi,74,518.6380615234375,318
bf16,Marathi,75,117.14563751220703,54
bf16,Marathi,76,156.52603149414062,82
bf16,Marathi,77,164.80953979492188,105
bf16,Marathi,78,725.072998046875,322
bf16,Marathi,79,655.06689453125,387
bf16,Marathi,80,248.8524627685547,146
bf16,Marathi,81,245.99801635742188,117
bf16,Marathi,82,267.3038635253906,143
bf16,Marathi,83,444.384033203125,215
bf16,Marathi,84,144.9208526611328,64
bf16,Marathi,85,652.12548828125,292
bf16,Marathi,86,179.26950073242188,74
bf16,Marathi,87,139.79464721679688,49
bf16,Marathi,88,246.441162109375,113
bf16,Marathi,89,245.5139617919922,113
bf16,Marathi,90,176.28294372558594,97
bf16,Marathi,91,198.97071838378906,106
bf16,Marathi,92,292.644287109375,159
bf16,Marathi,93,241.32040405273438,121
bf16,Marathi,94,229.8052215576172,103
bf16,Marathi,95,204.780517578125,126
bf16,Marathi,96,156.97921752929688,71
bf16,Marathi,97,400.9933776855469,174
bf16,Marathi,98,423.2333984375,233
bf16,Marathi,99,353.3788757324219,162
bf16,Marathi,100,180.11463928222656,102
bf16,Marathi,101,357.38946533203125,174
bf16,Marathi,102,203.02853393554688,91
bf16,Marathi,103,122.02064514160156,44
bf16,Marathi,104,110.33403015136719,49
bf16,Marathi,105,76.31536865234375,27
bf16,Marathi,106,194.47314453125,86
bf16,Marathi,107,147.627197265625,63
bf16,Marathi,108,589.90673828125,313
bf16,Marathi,109,393.57403564453125,224
bf16,Marathi,110,187.44577026367188,95
bf16,Marathi,111,239.2197265625,132
bf16,Marathi,112,185.62001037597656,96
bf16,Marathi,113,178.13357543945312,64
bf16,Marathi,114,535.1817626953125,261
bf16,Marathi,115,269.69000244140625,121
bf16,Marathi,116,365.49676513671875,211
bf16,Marathi,117,337.2526550292969,199
bf16,Marathi,118,147.34991455078125,42
bf16,Marathi,119,491.318359375,266
bf16,Marathi,120,271.7680969238281,160
bf16,Marathi,121,342.6844787597656,180
bf16,Marathi,122,178.51235961914062,86
bf16,Marathi,123,89.54839324951172,35
bf16,Marathi,124,165.0404052734375,70
bf16,Marathi,125,214.4886474609375,109
bf16,Marathi,126,278.0682678222656,104
bf16,Marathi,127,160.12411499023438,101
bf16,Marathi,128,276.5372619628906,99
bf16,Marathi,129,210.65298461914062,103
bf16,Marathi,130,290.74755859375,141
bf16,Marathi,131,200.6938934326172,92
bf16,Marathi,132,276.60772705078125,129
bf16,Marathi,133,320.6923828125,193
bf16,Marathi,134,444.133544921875,273
bf16,Marathi,135,533.9539184570312,301
bf16,Marathi,136,240.41128540039062,131
bf16,Marathi,137,189.38421630859375,106
bf16,Marathi,138,398.6617431640625,237
bf16,Marathi,139,264.64483642578125,141
bf16,Marathi,140,267.48052978515625,139
bf16,Marathi,141,303.669189453125,173
bf16,Marathi,142,387.77423095703125,241
bf16,Marathi,143,290.628173828125,145
bf16,Marathi,144,184.67245483398438,64
bf16,Marathi,145,402.13519287109375,262
bf16,Marathi,146,199.63037109375,104
bf16,Marathi,147,509.80194091796875,297
bf16,Marathi,148,188.6402587890625,86
bf16,Marathi,149,370.17034912109375,218
bf16,Marathi,150,222.07269287109375,118
bf16,Marathi,151,293.9331970214844,129
bf16,Marathi,152,164.9007568359375,80
bf16,Marathi,153,353.65179443359375,160
bf16,Marathi,154,314.0533447265625,183
bf16,Marathi,155,182.1394500732422,85
bf16,Marathi,156,335.34014892578125,187
bf16,Marathi,157,181.441162109375,108
bf16,Marathi,158,322.7310485839844,175
bf16,Marathi,159,504.5467529296875,278
bf16,Marathi,160,286.3560791015625,142
bf16,Marathi,161,159.4146728515625,66
bf16,Marathi,162,177.79135131835938,82
bf16,Marathi,163,385.57305908203125,193
bf16,Marathi,164,176.3502197265625,86
bf16,Marathi,165,207.754638671875,113
bf16,Marathi,166,246.47120666503906,161
bf16,Marathi,167,186.84210205078125,80
bf16,Marathi,168,261.431396484375,129
bf16,Marathi,169,179.70619201660156,93
bf16,Marathi,170,190.02590942382812,96
bf16,Marathi,171,266.7572326660156,124
bf16,Marathi,172,285.2476501464844,127
bf16,Marathi,173,273.60260009765625,146
bf16,Marathi,174,318.95654296875,158
bf16,Marathi,175,249.8479461669922,127
bf16,Marathi,176,302.46771240234375,157
bf16,Marathi,177,534.5889892578125,359
bf16,Marathi,178,288.455810546875,140
bf16,Marathi,179,417.96026611328125,184
bf16,Marathi,180,329.1614990234375,168
bf16,Marathi,181,365.23260498046875,196
bf16,Marathi,182,332.1918029785156,137
bf16,Marathi,183,178.85934448242188,65
bf16,Marathi,184,135.12008666992188,71
bf16,Marathi,185,143.78781127929688,81
bf16,Marathi,186,473.63140869140625,269
bf16,Marathi,187,109.4390869140625,41
bf16,Marathi,188,454.31268310546875,249
bf16,Marathi,189,317.87921142578125,173
bf16,Marathi,190,223.236083984375,101
bf16,Marathi,191,334.0164794921875,179
bf16,Marathi,192,258.39764404296875,114
bf16,Marathi,193,178.58786010742188,68
bf16,Marathi,194,303.7950744628906,143
bf16,Marathi,195,185.25880432128906,75
bf16,Marathi,196,125.69566345214844,35
bf16,Marathi,197,171.1453094482422,86
bf16,Marathi,198,214.0322265625,91
bf16,Marathi,199,176.2559814453125,69
bf16,Marathi,200,232.36923217773438,143
bf16,Marathi,201,384.09771728515625,199
bf16,Marathi,202,284.81646728515625,193
bf16,Marathi,203,313.02618408203125,196
bf16,Marathi,204,221.92938232421875,137
bf16,Marathi,205,454.2275695800781,256
bf16,Marathi,206,349.9717712402344,215
bf16,Marathi,207,134.8711700439453,67
bf16,Marathi,208,205.22323608398438,116
bf16,Marathi,209,294.8119812011719,148
bf16,Marathi,210,231.20767211914062,140
bf16,Marathi,211,197.44952392578125,80
bf16,Marathi,212,247.52987670898438,128
bf16,Marathi,213,286.87286376953125,165
bf16,Marathi,214,548.324462890625,340
bf16,Marathi,215,286.6111145019531,149
bf16,Marathi,216,277.0433654785156,143
bf16,Marathi,217,182.7998046875,101
bf16,Marathi,218,438.54974365234375,306
bf16,Marathi,219,468.35052490234375,352
bf16,Marathi,220,231.83218383789062,123
bf16,Marathi,221,110.3786392211914,44
bf16,Marathi,222,441.13043212890625,293
bf16,Marathi,223,324.6566162109375,208
bf16,Marathi,224,103.17616271972656,48
bf16,Marathi,225,263.13726806640625,160
bf16,Marathi,226,289.8416442871094,155
bf16,Marathi,227,190.4928741455078,99
bf16,Marathi,228,259.267578125,126
bf16,Marathi,229,270.6790466308594,188
bf16,Marathi,230,192.20108032226562,89
bf16,Marathi,231,138.71189880371094,61
bf16,Marathi,232,412.3033752441406,244
bf16,Marathi,233,188.92791748046875,111
bf16,Marathi,234,185.0328826904297,103
bf16,Marathi,235,214.86471557617188,100
bf16,Marathi,236,261.759033203125,118
bf16,Marathi,237,418.796875,207
bf16,Marathi,238,324.17120361328125,223
bf16,Marathi,239,224.55137634277344,150
bf16,Marathi,240,138.22842407226562,84
bf16,Marathi,241,239.50575256347656,158
bf16,Marathi,242,291.40411376953125,146
bf16,Marathi,243,266.0848388671875,142
bf16,Marathi,244,284.2362060546875,137
bf16,Marathi,245,101.61145782470703,29
bf16,Marathi,246,463.8414611816406,306
bf16,Marathi,247,114.5116958618164,52
bf16,Marathi,248,278.5906677246094,137
bf16,Marathi,249,227.63217163085938,102
bf16,Marathi,250,136.77886962890625,53
bf16,Marathi,251,508.0260925292969,250
bf16,Marathi,252,85.69540405273438,38
bf16,Marathi,253,246.1614227294922,113
bf16,Marathi,254,393.105712890625,205
bf16,Marathi,255,184.98194885253906,106
bf16,Gujarati,0,392.2242736816406,130
bf16,Gujarati,1,507.23516845703125,159
bf16,Gujarati,2,165.4346923828125,53
bf16,Gujarati,3,345.8044738769531,133
bf16,Gujarati,4,322.6720275878906,113
bf16,Gujarati,5,336.2142639160156,137
bf16,Gujarati,6,221.95118713378906,82
bf16,Gujarati,7,152.229248046875,45
bf16,Gujarati,8,326.2362060546875,114
bf16,Gujarati,9,133.23867797851562,44
bf16,Gujarati,10,248.71376037597656,91
bf16,Gujarati,11,444.01708984375,149
bf16,Gujarati,12,269.367431640625,89
bf16,Gujarati,13,266.3319091796875,108
bf16,Gujarati,14,604.0196533203125,192
bf16,Gujarati,15,407.6356201171875,139
bf16,Gujarati,16,530.6331176757812,189
bf16,Gujarati,17,280.0623779296875,102
bf16,Gujarati,18,411.26153564453125,158
bf16,Gujarati,19,684.59619140625,277
bf16,Gujarati,20,289.9807434082031,90
bf16,Gujarati,21,373.491455078125,132
bf16,Gujarati,22,191.94158935546875,73
bf16,Gujarati,23,234.93580627441406,72
bf16,Gujarati,24,191.7671661376953,69
bf16,Gujarati,25,473.3516845703125,174
bf16,Gujarati,26,330.53369140625,128
bf16,Gujarati,27,218.40728759765625,88
bf16,Gujarati,28,202.50933837890625,61
bf16,Gujarati,29,156.1139678955078,57
bf16,Gujarati,30,264.8250732421875,105
bf16,Gujarati,31,262.3516845703125,93
bf16,Gujarati,32,305.94146728515625,104
bf16,Gujarati,33,345.07708740234375,126
bf16,Gujarati,34,271.58514404296875,97
bf16,Gujarati,35,310.9754333496094,107
bf16,Gujarati,36,530.5435791015625,172
bf16,Gujarati,37,272.6280517578125,98
bf16,Gujarati,38,313.86859130859375,114
bf16,Gujarati,39,194.3541259765625,72
bf16,Gujarati,40,276.3017578125,111
bf16,Gujarati,41,625.1488037109375,262
bf16,Gujarati,42,229.2824249267578,95
bf16,Gujarati,43,585.0729370117188,246
bf16,Gujarati,44,432.354736328125,167
bf16,Gujarati,45,224.74002075195312,79
bf16,Gujarati,46,217.26861572265625,75
bf16,Gujarati,47,468.78582763671875,166
bf16,Gujarati,48,272.12445068359375,103
bf16,Gujarati,49,295.24725341796875,105
bf16,Gujarati,50,262.38739013671875,89
bf16,Gujarati,51,482.46038818359375,232
bf16,Gujarati,52,418.75177001953125,148
bf16,Gujarati,53,342.26513671875,141
bf16,Gujarati,54,513.0059814453125,197
bf16,Gujarati,55,323.229248046875,103
bf16,Gujarati,56,602.6328125,249
bf16,Gujarati,57,333.55718994140625,108
bf16,Gujarati,58,377.4825439453125,149
bf16,Gujarati,59,386.16900634765625,158
bf16,Gujarati,60,587.63330078125,283
bf16,Gujarati,61,318.85565185546875,127
bf16,Gujarati,62,220.95236206054688,83
bf16,Gujarati,63,286.4577331542969,116
bf16,Gujarati,64,535.5390625,213
bf16,Gujarati,65,227.61395263671875,103
bf16,Gujarati,66,1137.758056640625,424
bf16,Gujarati,67,488.38427734375,166
bf16,Gujarati,68,156.91737365722656,59
bf16,Gujarati,69,628.84521484375,294
bf16,Gujarati,70,317.4890441894531,145
bf16,Gujarati,71,716.8294067382812,281
bf16,Gujarati,72,662.8033447265625,239
bf16,Gujarati,73,430.55206298828125,153
bf16,Gujarati,74,464.2106018066406,198
bf16,Gujarati,75,158.96524047851562,48
bf16,Gujarati,76,231.53355407714844,78
bf16,Gujarati,77,234.71214294433594,88
bf16,Gujarati,78,850.9288330078125,302
bf16,Gujarati,79,853.4359741210938,366
bf16,Gujarati,80,344.51470947265625,143
bf16,Gujarati,81,331.0558776855469,122
bf16,Gujarati,82,373.8587646484375,132
bf16,Gujarati,83,584.34375,233
bf16,Gujarati,84,205.08773803710938,65
bf16,Gujarati,85,698.6466064453125,299
bf16,Gujarati,86,194.24700927734375,58
bf16,Gujarati,87,176.43492126464844,62
bf16,Gujarati,88,248.2540283203125,86
bf16,Gujarati,89,352.6832580566406,121
bf16,Gujarati,90,242.91099548339844,86
bf16,Gujarati,91,263.8450927734375,95
bf16,Gujarati,92,301.93359375,116
bf16,Gujarati,93,292.1377868652344,116
bf16,Gujarati,94,247.1953582763672,80
bf16,Gujarati,95,312.0901184082031,120
bf16,Gujarati,96,206.10826110839844,69
bf16,Gujarati,97,414.02728271484375,152
bf16,Gujarati,98,506.35308837890625,202
bf16,Gujarati,99,470.478515625,168
bf16,Gujarati,100,258.5074462890625,96
bf16,Gujarati,101,434.41070556640625,151
bf16,Gujarati,102,228.77813720703125,81
bf16,Gujarati,103,136.9993896484375,42
bf16,Gujarati,104,148.07644653320312,46
bf16,Gujarati,105,126.95545959472656,35
bf16,Gujarati,106,236.77723693847656,87
bf16,Gujarati,107,202.07870483398438,67
bf16,Gujarati,108,784.246337890625,296
bf16,Gujarati,109,395.27294921875,168
bf16,Gujarati,110,292.80230712890625,94
bf16,Gujarati,111,270.5487060546875,110
bf16,Gujarati,112,257.20355224609375,92
bf16,Gujarati,113,163.80953979492188,48
bf16,Gujarati,114,616.042236328125,244
bf16,Gujarati,115,336.85888671875,117
bf16,Gujarati,116,447.54376220703125,192
bf16,Gujarati,117,355.92047119140625,131
bf16,Gujarati,118,158.06741333007812,47
bf16,Gujarati,119,672.830078125,278
bf16,Gujarati,120,376.14337158203125,151
bf16,Gujarati,121,448.7919006347656,149
bf16,Gujarati,122,179.12013244628906,74
bf16,Gujarati,123,145.37777709960938,40
bf16,Gujarati,124,189.33084106445312,62
bf16,Gujarati,125,276.45330810546875,87
bf16,Gujarati,126,295.472412109375,101
bf16,Gujarati,127,244.17843627929688,85
bf16,Gujarati,128,324.1654052734375,106
bf16,Gujarati,129,293.4144287109375,103
bf16,Gujarati,130,426.8359375,139
bf16,Gujarati,131,294.529296875,91
bf16,Gujarati,132,358.98138427734375,130
bf16,Gujarati,133,419.13995361328125,148
bf16,Gujarati,134,750.168212890625,283
bf16,Gujarati,135,662.2097778320312,238
bf16,Gujarati,136,327.0769348144531,116
bf16,Gujarati,137,252.65260314941406,91
bf16,Gujarati,138,603.4135131835938,211
bf16,Gujarati,139,342.20159912109375,128
bf16,Gujarati,140,367.4577941894531,124
bf16,Gujarati,141,407.07867431640625,151
bf16,Gujarati,142,477.58111572265625,196
bf16,Gujarati,143,338.8350830078125,129
bf16,Gujarati,144,231.27386474609375,81
bf16,Gujarati,145,629.639892578125,246
bf16,Gujarati,146,220.28578186035156,82
bf16,Gujarati,147,549.592041015625,228
bf16,Gujarati,148,266.11669921875,106
bf16,Gujarati,149,523.5277709960938,182
bf16,Gujarati,150,307.8242492675781,114
bf16,Gujarati,151,392.9861145019531,145
bf16,Gujarati,152,169.00048828125,59
bf16,Gujarati,153,337.6611022949219,131
bf16,Gujarati,154,339.5556640625,149
bf16,Gujarati,155,264.7624206542969,81
bf16,Gujarati,156,435.24298095703125,157
bf16,Gujarati,157,239.74996948242188,101
bf16,Gujarati,158,441.419921875,159
bf16,Gujarati,159,640.88134765625,237
bf16,Gujarati,160,301.27923583984375,114
bf16,Gujarati,161,189.32984924316406,66
bf16,Gujarati,162,241.88250732421875,78
bf16,Gujarati,163,569.19091796875,188
bf16,Gujarati,164,260.9552001953125,104
bf16,Gujarati,165,229.77490234375,93
bf16,Gujarati,166,391.432373046875,148
bf16,Gujarati,167,214.20318603515625,73
bf16,Gujarati,168,335.23309326171875,120
bf16,Gujarati,169,203.309326171875,79
bf16,Gujarati,170,241.6226806640625,89
bf16,Gujarati,171,336.6309814453125,139
bf16,Gujarati,172,317.61773681640625,122
bf16,Gujarati,173,386.2727966308594,146
bf16,Gujarati,174,400.44342041015625,149
bf16,Gujarati,175,338.8420104980469,120
bf16,Gujarati,176,382.8157653808594,152
bf16,Gujarati,177,742.8858032226562,270
bf16,Gujarati,178,298.23516845703125,124
bf16,Gujarati,179,424.51336669921875,147
bf16,Gujarati,180,474.52764892578125,158
bf16,Gujarati,181,507.12548828125,179
bf16,Gujarati,182,377.0254821777344,141
bf16,Gujarati,183,171.45755004882812,59
bf16,Gujarati,184,180.8098602294922,64
bf16,Gujarati,185,258.80084228515625,97
bf16,Gujarati,186,606.646240234375,239
bf16,Gujarati,187,130.46786499023438,43
bf16,Gujarati,188,596.3816528320312,233
bf16,Gujarati,189,385.27301025390625,171
bf16,Gujarati,190,272.150390625,116
bf16,Gujarati,191,437.499755859375,157
bf16,Gujarati,192,302.44293212890625,99
bf16,Gujarati,193,261.40380859375,89
bf16,Gujarati,194,382.9042663574219,132
bf16,Gujarati,195,195.97923278808594,69
bf16,Gujarati,196,161.74903869628906,55
bf16,Gujarati,197,300.72393798828125,108
bf16,Gujarati,198,221.63250732421875,92
bf16,Gujarati,199,162.6002197265625,61
bf16,Gujarati,200,328.3516845703125,137
bf16,Gujarati,201,400.01220703125,153
bf16,Gujarati,202,385.87457275390625,167
bf16,Gujarati,203,524.2938842773438,177
bf16,Gujarati,204,327.0184326171875,119
bf16,Gujarati,205,616.684814453125,219
bf16,Gujarati,206,429.98260498046875,202
bf16,Gujarati,207,183.26026916503906,71
bf16,Gujarati,208,357.0565185546875,128
bf16,Gujarati,209,374.83636474609375,132
bf16,Gujarati,210,426.0902404785156,145
bf16,Gujarati,211,235.33901977539062,80
bf16,Gujarati,212,344.9242858886719,120
bf16,Gujarati,213,358.10247802734375,140
bf16,Gujarati,214,905.347900390625,390
bf16,Gujarati,215,454.2884521484375,187
bf16,Gujarati,216,308.2143859863281,109
bf16,Gujarati,217,286.6630859375,127
bf16,Gujarati,218,646.8011474609375,273
bf16,Gujarati,219,673.0858154296875,294
bf16,Gujarati,220,348.901611328125,118
bf16,Gujarati,221,170.20172119140625,48
bf16,Gujarati,222,738.627197265625,282
bf16,Gujarati,223,434.08465576171875,173
bf16,Gujarati,224,136.4720458984375,52
bf16,Gujarati,225,313.7757263183594,127
bf16,Gujarati,226,368.39251708984375,113
bf16,Gujarati,227,237.7295684814453,97
bf16,Gujarati,228,371.0435485839844,107
bf16,Gujarati,229,343.43560791015625,147
bf16,Gujarati,230,196.69754028320312,79
bf16,Gujarati,231,177.40060424804688,66
bf16,Gujarati,232,441.66326904296875,173
bf16,Gujarati,233,250.81982421875,98
bf16,Gujarati,234,245.38671875,83
bf16,Gujarati,235,259.57427978515625,89
bf16,Gujarati,236,267.1700439453125,104
bf16,Gujarati,237,476.1184387207031,178
bf16,Gujarati,238,427.608154296875,171
bf16,Gujarati,239,335.0500183105469,143
bf16,Gujarati,240,197.97482299804688,73
bf16,Gujarati,241,367.16595458984375,158
bf16,Gujarati,242,329.44061279296875,112
bf16,Gujarati,243,451.10003662109375,152
bf16,Gujarati,244,397.2664489746094,132
bf16,Gujarati,245,127.76702880859375,34
bf16,Gujarati,246,623.1683349609375,279
bf16,Gujarati,247,150.33718872070312,50
bf16,Gujarati,248,336.0218505859375,131
bf16,Gujarati,249,218.79318237304688,83
bf16,Gujarati,250,189.8582763671875,62
bf16,Gujarati,251,737.91455078125,270
bf16,Gujarati,252,140.06663513183594,45
bf16,Gujarati,253,313.5181579589844,116
bf16,Gujarati,254,555.4518432617188,198
bf16,Gujarati,255,208.92767333984375,91
bf16,Punjabi,0,424.5528564453125,140
bf16,Punjabi,1,480.81036376953125,167
bf16,Punjabi,2,190.32681274414062,71
bf16,Punjabi,3,377.9378662109375,134
bf16,Punjabi,4,349.54754638671875,122
bf16,Punjabi,5,419.41876220703125,141
bf16,Punjabi,6,245.2509765625,89
bf16,Punjabi,7,163.5763397216797,52
bf16,Punjabi,8,369.305419921875,130
bf16,Punjabi,9,129.4041290283203,40
bf16,Punjabi,10,198.04666137695312,65
bf16,Punjabi,11,381.83563232421875,136
bf16,Punjabi,12,297.0519104003906,114
bf16,Punjabi,13,245.12106323242188,83
bf16,Punjabi,14,564.4990234375,180
bf16,Punjabi,15,437.252685546875,157
bf16,Punjabi,16,532.4263916015625,200
bf16,Punjabi,17,286.14642333984375,98
bf16,Punjabi,18,433.312255859375,168
bf16,Punjabi,19,727.0118408203125,268
bf16,Punjabi,20,271.64715576171875,93
bf16,Punjabi,21,364.55242919921875,129
bf16,Punjabi,22,211.04730224609375,75
bf16,Punjabi,23,209.38641357421875,78
bf16,Punjabi,24,185.45431518554688,65
bf16,Punjabi,25,348.9696044921875,125
bf16,Punjabi,26,377.474609375,155
bf16,Punjabi,27,245.73902893066406,85
bf16,Punjabi,28,219.30413818359375,76
bf16,Punjabi,29,143.77810668945312,51
bf16,Punjabi,30,297.24261474609375,99
bf16,Punjabi,31,248.58802795410156,88
bf16,Punjabi,32,313.141845703125,102
bf16,Punjabi,33,367.7939147949219,138
bf16,Punjabi,34,266.39666748046875,98
bf16,Punjabi,35,341.7940673828125,113
bf16,Punjabi,36,514.339599609375,170
bf16,Punjabi,37,354.497314453125,134
bf16,Punjabi,38,321.2923583984375,110
bf16,Punjabi,39,241.98281860351562,85
bf16,Punjabi,40,339.8387756347656,125
bf16,Punjabi,41,545.7872314453125,212
bf16,Punjabi,42,204.46493530273438,74
bf16,Punjabi,43,667.592529296875,239
bf16,Punjabi,44,310.13482666015625,117
bf16,Punjabi,45,209.13040161132812,67
bf16,Punjabi,46,260.05902099609375,89
bf16,Punjabi,47,495.18487548828125,166
bf16,Punjabi,48,276.5511169433594,107
bf16,Punjabi,49,358.8350524902344,128
bf16,Punjabi,50,259.6055908203125,91
bf16,Punjabi,51,510.481689453125,236
bf16,Punjabi,52,445.8912353515625,155
bf16,Punjabi,53,329.4049987792969,137
bf16,Punjabi,54,557.4269409179688,183
bf16,Punjabi,55,350.8720703125,107
bf16,Punjabi,56,656.6875,292
bf16,Punjabi,57,278.26739501953125,107
bf16,Punjabi,58,414.0264892578125,127
bf16,Punjabi,59,357.57110595703125,135
bf16,Punjabi,60,496.09063720703125,207
bf16,Punjabi,61,374.68218994140625,139
bf16,Punjabi,62,280.70526123046875,96
bf16,Punjabi,63,302.681396484375,122
bf16,Punjabi,64,524.1458740234375,220
bf16,Punjabi,65,238.62615966796875,98
bf16,Punjabi,66,796.1634521484375,291
bf16,Punjabi,67,328.68560791015625,187
bf16,Punjabi,68,179.45736694335938,68
bf16,Punjabi,69,632.5589599609375,273
bf16,Punjabi,70,371.4429626464844,150
bf16,Punjabi,71,668.681640625,230
bf16,Punjabi,72,670.2293701171875,229
bf16,Punjabi,73,337.7042236328125,141
bf16,Punjabi,74,473.51397705078125,176
bf16,Punjabi,75,166.54107666015625,61
bf16,Punjabi,76,233.37818908691406,74
bf16,Punjabi,77,193.9672088623047,70
bf16,Punjabi,78,791.3555908203125,288
bf16,Punjabi,79,879.6193237304688,333
bf16,Punjabi,80,334.63836669921875,115
bf16,Punjabi,81,294.4244079589844,108
bf16,Punjabi,82,367.29632568359375,133
bf16,Punjabi,83,593.245849609375,236
bf16,Punjabi,84,188.11019897460938,49
bf16,Punjabi,85,720.7333984375,267
bf16,Punjabi,86,230.66055297851562,76
bf16,Punjabi,87,166.0924072265625,51
bf16,Punjabi,88,252.26565551757812,97
bf16,Punjabi,89,295.36541748046875,107
bf16,Punjabi,90,254.66741943359375,89
bf16,Punjabi,91,242.14044189453125,86
bf16,Punjabi,92,349.3919372558594,137
bf16,Punjabi,93,299.45220947265625,99
bf16,Punjabi,94,212.6013641357422,71
bf16,Punjabi,95,319.7208557128906,108
bf16,Punjabi,96,229.059814453125,68
bf16,Punjabi,97,449.99737548828125,152
bf16,Punjabi,98,410.91796875,166
bf16,Punjabi,99,310.9127197265625,119
bf16,Punjabi,100,288.04296875,97
bf16,Punjabi,101,374.9197998046875,122
bf16,Punjabi,102,278.5750732421875,95
bf16,Punjabi,103,152.08241271972656,40
bf16,Punjabi,104,176.6703643798828,42
bf16,Punjabi,105,96.63078308105469,33
bf16,Punjabi,106,230.44097900390625,86
bf16,Punjabi,107,224.12490844726562,77
bf16,Punjabi,108,752.086669921875,333
bf16,Punjabi,109,380.17462158203125,165
bf16,Punjabi,110,244.33297729492188,83
bf16,Punjabi,111,276.53546142578125,108
bf16,Punjabi,112,292.82720947265625,94
bf16,Punjabi,113,163.6158447265625,51
bf16,Punjabi,114,616.439208984375,221
bf16,Punjabi,115,357.40240478515625,111
bf16,Punjabi,116,486.90924072265625,164
bf16,Punjabi,117,294.9957275390625,109
bf16,Punjabi,118,141.97274780273438,42
bf16,Punjabi,119,732.70947265625,303
bf16,Punjabi,120,314.92462158203125,110
bf16,Punjabi,121,418.72662353515625,136
bf16,Punjabi,122,220.97723388671875,89
bf16,Punjabi,123,144.16726684570312,55
bf16,Punjabi,124,220.56057739257812,71
bf16,Punjabi,125,344.63275146484375,122
bf16,Punjabi,126,352.458740234375,112
bf16,Punjabi,127,254.62057495117188,76
bf16,Punjabi,128,254.528076171875,69
bf16,Punjabi,129,350.26922607421875,129
bf16,Punjabi,130,360.22314453125,103
bf16,Punjabi,131,223.0682373046875,68
bf16,Punjabi,132,323.20892333984375,116
bf16,Punjabi,133,391.24810791015625,137
bf16,Punjabi,134,669.1455078125,243
bf16,Punjabi,135,743.24609375,304
bf16,Punjabi,136,333.1899108886719,112
bf16,Punjabi,137,252.90835571289062,80
bf16,Punjabi,138,523.6971435546875,198
bf16,Punjabi,139,367.3636474609375,131
bf16,Punjabi,140,342.1575927734375,114
bf16,Punjabi,141,338.0174255371094,125
bf16,Punjabi,142,513.3580932617188,190
bf16,Punjabi,143,439.45208740234375,151
bf16,Punjabi,144,169.31161499023438,46
bf16,Punjabi,145,587.630126953125,224
bf16,Punjabi,146,193.7190399169922,66
bf16,Punjabi,147,594.0975341796875,243
bf16,Punjabi,148,307.0812072753906,103
bf16,Punjabi,149,511.4737548828125,180
bf16,Punjabi,150,276.3917236328125,87
bf16,Punjabi,151,382.1902770996094,116
bf16,Punjabi,152,181.7389678955078,67
bf16,Punjabi,153,380.2643737792969,123
bf16,Punjabi,154,260.3923645019531,95
bf16,Punjabi,155,206.22364807128906,65
bf16,Punjabi,156,432.29168701171875,166
bf16,Punjabi,157,199.93832397460938,68
bf16,Punjabi,158,478.16400146484375,159
bf16,Punjabi,159,543.787353515625,205
bf16,Punjabi,160,364.99945068359375,147
bf16,Punjabi,161,238.10696411132812,69
bf16,Punjabi,162,235.91000366210938,76
bf16,Punjabi,163,509.77301025390625,174
bf16,Punjabi,164,235.72674560546875,89
bf16,Punjabi,165,273.04058837890625,101
bf16,Punjabi,166,331.4948425292969,130
bf16,Punjabi,167,212.09181213378906,66
bf16,Punjabi,168,333.88153076171875,111
bf16,Punjabi,169,206.37033081054688,71
bf16,Punjabi,170,253.5487060546875,90
bf16,Punjabi,171,337.0229187011719,121
bf16,Punjabi,172,409.6388854980469,151
bf16,Punjabi,173,422.83709716796875,150
bf16,Punjabi,174,502.0080261230469,167
bf16,Punjabi,175,259.70953369140625,91
bf16,Punjabi,176,342.31048583984375,125
bf16,Punjabi,177,584.3153076171875,227
bf16,Punjabi,178,341.97296142578125,140
bf16,Punjabi,179,441.3866271972656,168
bf16,Punjabi,180,542.120849609375,163
bf16,Punjabi,181,590.609619140625,204
bf16,Punjabi,182,311.7647705078125,113
bf16,Punjabi,183,188.42300415039062,59
bf16,Punjabi,184,179.7898406982422,62
bf16,Punjabi,185,164.27828979492188,62
bf16,Punjabi,186,596.5445556640625,220
bf16,Punjabi,187,133.72874450683594,41
bf16,Punjabi,188,684.5809936523438,235
bf16,Punjabi,189,399.3216552734375,161
bf16,Punjabi,190,294.5606384277344,114
bf16,Punjabi,191,447.5059814453125,152
bf16,Punjabi,192,308.6083068847656,94
bf16,Punjabi,193,223.02197265625,71
bf16,Punjabi,194,393.01708984375,143
bf16,Punjabi,195,231.78683471679688,79
bf16,Punjabi,196,165.1017303466797,48
bf16,Punjabi,197,252.1572265625,76
bf16,Punjabi,198,268.6265563964844,90
bf16,Punjabi,199,177.06671142578125,70
bf16,Punjabi,200,375.60101318359375,138
bf16,Punjabi,201,445.3390197753906,150
bf16,Punjabi,202,425.00384521484375,163
bf16,Punjabi,203,415.8890380859375,153
bf16,Punjabi,204,305.5542907714844,107
bf16,Punjabi,205,690.6981201171875,214
bf16,Punjabi,206,443.8771057128906,190
bf16,Punjabi,207,212.883544921875,69
bf16,Punjabi,208,298.0553283691406,108
bf16,Punjabi,209,297.97186279296875,114
bf16,Punjabi,210,407.0256652832031,133
bf16,Punjabi,211,229.67156982421875,62
bf16,Punjabi,212,292.6658935546875,105
bf16,Punjabi,213,341.5675048828125,141
bf16,Punjabi,214,812.046875,320
bf16,Punjabi,215,335.85943603515625,124
bf16,Punjabi,216,310.4088134765625,105
bf16,Punjabi,217,240.29080200195312,92
bf16,Punjabi,218,526.955322265625,253
bf16,Punjabi,219,592.4127197265625,230
bf16,Punjabi,220,268.785888671875,100
bf16,Punjabi,221,127.42976379394531,50
bf16,Punjabi,222,618.8841552734375,246
bf16,Punjabi,223,468.43988037109375,185
bf16,Punjabi,224,162.48861694335938,51
bf16,Punjabi,225,384.8235778808594,164
bf16,Punjabi,226,341.157958984375,110
bf16,Punjabi,227,229.54034423828125,76
bf16,Punjabi,228,345.9891357421875,116
bf16,Punjabi,229,437.8114013671875,153
bf16,Punjabi,230,213.70565795898438,84
bf16,Punjabi,231,150.4582061767578,56
bf16,Punjabi,232,510.9989013671875,188
bf16,Punjabi,233,256.1191711425781,101
bf16,Punjabi,234,249.61758422851562,89
bf16,Punjabi,235,285.0162658691406,90
bf16,Punjabi,236,351.0838928222656,124
bf16,Punjabi,237,505.109375,183
bf16,Punjabi,238,531.7219848632812,180
bf16,Punjabi,239,386.634765625,152
bf16,Punjabi,240,229.06356811523438,78
bf16,Punjabi,241,381.5598449707031,142
bf16,Punjabi,242,252.25747680664062,93
bf16,Punjabi,243,374.0350341796875,145
bf16,Punjabi,244,341.03192138671875,124
bf16,Punjabi,245,125.16216278076172,30
bf16,Punjabi,246,650.8358154296875,289
bf16,Punjabi,247,132.37400817871094,44
bf16,Punjabi,248,344.8766174316406,137
bf16,Punjabi,249,262.09234619140625,91
bf16,Punjabi,250,215.17974853515625,60
bf16,Punjabi,251,673.931640625,262
bf16,Punjabi,252,155.03402709960938,48
bf16,Punjabi,253,343.022705078125,116
bf16,Punjabi,254,565.0128173828125,224
bf16,Punjabi,255,221.82858276367188,85
bf16,Odia,0,529.2606811523438,171
bf16,Odia,1,499.534912109375,177
bf16,Odia,2,213.6331329345703,71
bf16,Odia,3,354.0667724609375,141
bf16,Odia,4,364.9455261230469,132
bf16,Odia,5,408.9305419921875,140
bf16,Odia,6,282.47235107421875,106
bf16,Odia,7,224.96316528320312,79
bf16,Odia,8,394.14300537109375,138
bf16,Odia,9,196.25079345703125,66
bf16,Odia,10,264.46954345703125,99
bf16,Odia,11,492.3215637207031,168
bf16,Odia,12,316.45123291015625,109
bf16,Odia,13,294.6025390625,125
bf16,Odia,14,614.0411987304688,205
bf16,Odia,15,555.9506225585938,204
bf16,Odia,16,628.6138916015625,243
bf16,Odia,17,327.88739013671875,131
bf16,Odia,18,460.29583740234375,155
bf16,Odia,19,829.633056640625,288
bf16,Odia,20,335.8687744140625,99
bf16,Odia,21,437.810546875,156
bf16,Odia,22,213.53515625,72
bf16,Odia,23,241.8089599609375,79
bf16,Odia,24,217.26101684570312,66
bf16,Odia,25,528.8330078125,186
bf16,Odia,26,337.5568542480469,132
bf16,Odia,27,243.2284698486328,85
bf16,Odia,28,221.94558715820312,73
bf16,Odia,29,154.00042724609375,58
bf16,Odia,30,290.97320556640625,96
bf16,Odia,31,327.03997802734375,122
bf16,Odia,32,361.4551086425781,130
bf16,Odia,33,460.0367126464844,170
bf16,Odia,34,307.1932678222656,99
bf16,Odia,35,380.40155029296875,125
bf16,Odia,36,551.057373046875,196
bf16,Odia,37,274.14410400390625,90
bf16,Odia,38,330.92169189453125,117
bf16,Odia,39,260.2875061035156,95
bf16,Odia,40,309.8085021972656,107
bf16,Odia,41,799.3907470703125,319
bf16,Odia,42,272.60540771484375,114
bf16,Odia,43,809.3508911132812,333
bf16,Odia,44,626.4764404296875,223
bf16,Odia,45,277.39300537109375,111
bf16,Odia,46,274.1011962890625,91
bf16,Odia,47,555.5823974609375,208
bf16,Odia,48,345.75909423828125,127
bf16,Odia,49,347.3692626953125,125
bf16,Odia,50,364.80377197265625,115
bf16,Odia,51,725.6104125976562,326
bf16,Odia,52,563.521484375,204
bf16,Odia,53,467.53961181640625,178
bf16,Odia,54,612.8973388671875,250
bf16,Odia,55,340.37542724609375,122
bf16,Odia,56,659.6665649414062,263
bf16,Odia,57,455.9368896484375,156
bf16,Odia,58,513.75390625,185
bf16,Odia,59,534.4080810546875,199
bf16,Odia,60,766.4677734375,344
bf16,Odia,61,371.37347412109375,129
bf16,Odia,62,254.79812622070312,101
bf16,Odia,63,372.10443115234375,124
bf16,Odia,64,690.4638061523438,252
bf16,Odia,65,292.72802734375,117
bf16,Odia,66,1359.4163818359375,491
bf16,Odia,67,642.6895751953125,222
bf16,Odia,68,245.61016845703125,94
bf16,Odia,69,703.8992309570312,290
bf16,Odia,70,503.2777404785156,210
bf16,Odia,71,981.4592895507812,367
bf16,Odia,72,777.8978271484375,286
bf16,Odia,73,579.1801147460938,209
bf16,Odia,74,567.752197265625,229
bf16,Odia,75,153.03323364257812,53
bf16,Odia,76,213.85079956054688,78
bf16,Odia,77,268.6639709472656,97
bf16,Odia,78,1120.7569580078125,371
bf16,Odia,79,990.4468994140625,403
bf16,Odia,80,464.084716796875,168
bf16,Odia,81,445.6266784667969,147
bf16,Odia,82,529.0581665039062,175
bf16,Odia,83,634.6215209960938,242
bf16,Odia,84,225.04136657714844,68
bf16,Odia,85,833.9143676757812,336
bf16,Odia,86,243.71926879882812,81
bf16,Odia,87,190.30670166015625,54
bf16,Odia,88,306.5216369628906,117
bf16,Odia,89,330.2388916015625,116
bf16,Odia,90,293.2893371582031,95
bf16,Odia,91,333.249755859375,120
bf16,Odia,92,380.44580078125,141
bf16,Odia,93,394.2995300292969,150
bf16,Odia,94,248.94717407226562,97
bf16,Odia,95,332.80889892578125,131
bf16,Odia,96,196.41990661621094,66
bf16,Odia,97,573.1326293945312,225
bf16,Odia,98,582.7929077148438,210
bf16,Odia,99,540.8594360351562,184
bf16,Odia,100,301.0939636230469,107
bf16,Odia,101,591.0403442382812,199
bf16,Odia,102,269.91815185546875,95
bf16,Odia,103,199.8232421875,57
bf16,Odia,104,167.0802459716797,49
bf16,Odia,105,130.5693817138672,50
bf16,Odia,106,314.11236572265625,125
bf16,Odia,107,190.29310607910156,63
bf16,Odia,108,770.7955322265625,289
bf16,Odia,109,524.111328125,205
bf16,Odia,110,364.28033447265625,125
bf16,Odia,111,337.71844482421875,140
bf16,Odia,112,283.7649230957031,104
bf16,Odia,113,219.42184448242188,72
bf16,Odia,114,766.2611083984375,298
bf16,Odia,115,510.611328125,180
bf16,Odia,116,637.8004150390625,218
bf16,Odia,117,549.9876708984375,202
bf16,Odia,118,131.925048828125,40
bf16,Odia,119,813.7413330078125,333
bf16,Odia,120,494.225830078125,168
bf16,Odia,121,575.4566650390625,190
bf16,Odia,122,273.2151184082031,94
bf16,Odia,123,224.57057189941406,72
bf16,Odia,124,232.84347534179688,84
bf16,Odia,125,350.22332763671875,120
bf16,Odia,126,359.27734375,114
bf16,Odia,127,313.8844909667969,105
bf16,Odia,128,347.61224365234375,118
bf16,Odia,129,361.4640808105469,119
bf16,Odia,130,569.0496826171875,171
bf16,Odia,131,341.44744873046875,109
bf16,Odia,132,443.20062255859375,163
bf16,Odia,133,491.4325256347656,187
bf16,Odia,134,754.161376953125,284
bf16,Odia,135,869.5555419921875,313
bf16,Odia,136,377.2152404785156,133
bf16,Odia,137,293.62884521484375,114
bf16,Odia,138,631.2503662109375,222
bf16,Odia,139,395.259521484375,137
bf16,Odia,140,417.20941162109375,140
bf16,Odia,141,497.3902587890625,178
bf16,Odia,142,730.6922607421875,276
bf16,Odia,143,495.9399108886719,181
bf16,Odia,144,251.5443115234375,89
bf16,Odia,145,710.3700561523438,276
bf16,Odia,146,323.80267333984375,106
bf16,Odia,147,803.5167236328125,306
bf16,Odia,148,307.3640441894531,116
bf16,Odia,149,625.3077392578125,224
bf16,Odia,150,379.21923828125,143
bf16,Odia,151,507.4923095703125,175
bf16,Odia,152,212.36602783203125,77
bf16,Odia,153,487.5638122558594,181
bf16,Odia,154,510.5684814453125,216
bf16,Odia,155,291.5927429199219,81
bf16,Odia,156,536.30615234375,200
bf16,Odia,157,318.58782958984375,121
bf16,Odia,158,479.8338317871094,167
bf16,Odia,159,811.200439453125,296
bf16,Odia,160,377.58465576171875,148
bf16,Odia,161,244.7225799560547,78
bf16,Odia,162,288.16375732421875,97
bf16,Odia,163,646.7061157226562,197
bf16,Odia,164,323.22283935546875,116
bf16,Odia,165,320.7171936035156,120
bf16,Odia,166,442.43084716796875,184
bf16,Odia,167,247.30780029296875,79
bf16,Odia,168,463.5412292480469,143
bf16,Odia,169,247.90185546875,96
bf16,Odia,170,314.3042907714844,111
bf16,Odia,171,406.58685302734375,156
bf16,Odia,172,434.7867126464844,149
bf16,Odia,173,449.9775695800781,173
bf16,Odia,174,544.7100830078125,198
bf16,Odia,175,325.5281066894531,108
bf16,Odia,176,527.6860961914062,203
bf16,Odia,177,902.81689453125,326
bf16,Odia,178,348.39019775390625,134
bf16,Odia,179,633.5537109375,224
bf16,Odia,180,591.479248046875,184
bf16,Odia,181,732.2303466796875,243
bf16,Odia,182,424.9520263671875,151
bf16,Odia,183,213.0299072265625,72
bf16,Odia,184,240.73199462890625,77
bf16,Odia,185,243.87265014648438,83
bf16,Odia,186,709.0132446289062,259
bf16,Odia,187,149.3201904296875,49
bf16,Odia,188,675.4759521484375,240
bf16,Odia,189,547.895751953125,207
bf16,Odia,190,317.6621398925781,119
bf16,Odia,191,675.6156005859375,233
bf16,Odia,192,310.34820556640625,105
bf16,Odia,193,283.0330810546875,96
bf16,Odia,194,377.4222106933594,141
bf16,Odia,195,235.97142028808594,79
bf16,Odia,196,178.30963134765625,55
bf16,Odia,197,261.5121154785156,101
bf16,Odia,198,268.15472412109375,91
bf16,Odia,199,181.8719482421875,57
bf16,Odia,200,390.0987548828125,157
bf16,Odia,201,446.51544189453125,172
bf16,Odia,202,466.82977294921875,188
bf16,Odia,203,532.2446899414062,174
bf16,Odia,204,408.31292724609375,141
bf16,Odia,205,740.2273559570312,239
bf16,Odia,206,606.6353759765625,236
bf16,Odia,207,268.4783935546875,94
bf16,Odia,208,413.5709228515625,153
bf16,Odia,209,410.10809326171875,142
bf16,Odia,210,454.49530029296875,166
bf16,Odia,211,358.4308166503906,122
bf16,Odia,212,381.4502258300781,126
bf16,Odia,213,423.5396728515625,159
bf16,Odia,214,1105.0380859375,434
bf16,Odia,215,436.57696533203125,175
bf16,Odia,216,353.81219482421875,127
bf16,Odia,217,335.7484130859375,130
bf16,Odia,218,759.528564453125,331
bf16,Odia,219,900.3463134765625,359
bf16,Odia,220,348.1849670410156,111
bf16,Odia,221,202.71009826660156,59
bf16,Odia,222,757.8693237304688,274
bf16,Odia,223,528.6258544921875,192
bf16,Odia,224,145.25057983398438,50
bf16,Odia,225,370.8858337402344,153
bf16,Odia,226,474.4713439941406,166
bf16,Odia,227,359.5294189453125,123
bf16,Odia,228,515.5498657226562,144
bf16,Odia,229,455.3486633300781,166
bf16,Odia,230,220.43096923828125,86
bf16,Odia,231,290.36175537109375,109
bf16,Odia,232,648.0316162109375,245
bf16,Odia,233,323.11358642578125,123
bf16,Odia,234,285.8333740234375,105
bf16,Odia,235,300.80682373046875,108
bf16,Odia,236,339.52496337890625,125
bf16,Odia,237,630.0808715820312,212
bf16,Odia,238,614.2576904296875,230
bf16,Odia,239,496.8084411621094,189
bf16,Odia,240,249.59231567382812,87
bf16,Odia,241,387.35821533203125,160
bf16,Odia,242,368.3747253417969,136
bf16,Odia,243,446.30841064453125,143
bf16,Odia,244,394.64569091796875,141
bf16,Odia,245,151.33245849609375,41
bf16,Odia,246,772.9622802734375,296
bf16,Odia,247,175.39450073242188,61
bf16,Odia,248,362.3453369140625,128
bf16,Odia,249,294.0228271484375,101
bf16,Odia,250,215.80870056152344,77
bf16,Odia,251,925.423828125,316
bf16,Odia,252,156.15542602539062,51
bf16,Odia,253,346.16339111328125,120
bf16,Odia,254,659.2608032226562,239
bf16,Odia,255,306.7171630859375,116
bf16,Tamil,0,363.6138916015625,173
bf16,Tamil,1,394.23712158203125,223
bf16,Tamil,2,142.77552795410156,58
bf16,Tamil,3,285.97393798828125,179
bf16,Tamil,4,339.01165771484375,145
bf16,Tamil,5,273.32537841796875,199
bf16,Tamil,6,222.998291015625,131
bf16,Tamil,7,154.07461547851562,76
bf16,Tamil,8,338.3862609863281,180
bf16,Tamil,9,130.3414306640625,56
bf16,Tamil,10,187.23367309570312,91
bf16,Tamil,11,364.302001953125,209
bf16,Tamil,12,233.558837890625,122
bf16,Tamil,13,198.38958740234375,112
bf16,Tamil,14,470.92706298828125,234
bf16,Tamil,15,426.47418212890625,243
bf16,Tamil,16,448.1457824707031,284
bf16,Tamil,17,247.20913696289062,141
bf16,Tamil,18,388.27587890625,195
bf16,Tamil,19,687.929931640625,377
bf16,Tamil,20,225.29483032226562,123
bf16,Tamil,21,347.6265563964844,208
bf16,Tamil,22,202.534912109375,91
bf16,Tamil,23,189.972900390625,102
bf16,Tamil,24,173.0373077392578,82
bf16,Tamil,25,387.9318542480469,202
bf16,Tamil,26,251.361083984375,172
bf16,Tamil,27,126.40071105957031,79
bf16,Tamil,28,130.221435546875,60
bf16,Tamil,29,110.95947265625,69
bf16,Tamil,30,260.1437072753906,138
bf16,Tamil,31,250.99920654296875,145
bf16,Tamil,32,220.46324157714844,141
bf16,Tamil,33,332.25360107421875,180
bf16,Tamil,34,193.23184204101562,93
bf16,Tamil,35,257.6038513183594,122
bf16,Tamil,36,447.88934326171875,198
bf16,Tamil,37,276.84783935546875,134
bf16,Tamil,38,290.57855224609375,133
bf16,Tamil,39,133.69740295410156,82
bf16,Tamil,40,224.1643829345703,148
bf16,Tamil,41,440.16070556640625,304
bf16,Tamil,42,130.54736328125,74
bf16,Tamil,43,449.0335693359375,300
bf16,Tamil,44,438.53558349609375,239
bf16,Tamil,45,228.1865997314453,129
bf16,Tamil,46,228.78167724609375,141
bf16,Tamil,47,355.30413818359375,229
bf16,Tamil,48,262.99835205078125,141
bf16,Tamil,49,247.96408081054688,152
bf16,Tamil,50,257.8229675292969,127
bf16,Tamil,51,450.09771728515625,310
bf16,Tamil,52,269.77215576171875,182
bf16,Tamil,53,251.79031372070312,155
bf16,Tamil,54,334.72381591796875,204
bf16,Tamil,55,201.3726043701172,142
bf16,Tamil,56,448.3776550292969,292
bf16,Tamil,57,274.1333312988281,180
bf16,Tamil,58,330.42254638671875,209
bf16,Tamil,59,292.6476745605469,196
bf16,Tamil,60,525.4676513671875,370
bf16,Tamil,61,242.0681915283203,142
bf16,Tamil,62,261.9805908203125,144
bf16,Tamil,63,264.474609375,135
bf16,Tamil,64,478.87457275390625,339
bf16,Tamil,65,199.6287078857422,162
bf16,Tamil,66,786.0181884765625,485
bf16,Tamil,67,338.373779296875,287
bf16,Tamil,68,176.42379760742188,93
bf16,Tamil,69,485.6565856933594,337
bf16,Tamil,70,370.8121032714844,227
bf16,Tamil,71,726.1912841796875,459
bf16,Tamil,72,487.50506591796875,282
bf16,Tamil,73,391.4493408203125,231
bf16,Tamil,74,490.17987060546875,270
bf16,Tamil,75,134.42791748046875,72
bf16,Tamil,76,176.7996826171875,105
bf16,Tamil,77,202.55938720703125,126
bf16,Tamil,78,642.6524047851562,385
bf16,Tamil,79,511.1943359375,409
bf16,Tamil,80,333.43896484375,155
bf16,Tamil,81,211.61712646484375,147
bf16,Tamil,82,332.822998046875,196
bf16,Tamil,83,404.96258544921875,218
bf16,Tamil,84,191.49766540527344,93
bf16,Tamil,85,624.6937255859375,366
bf16,Tamil,86,155.86114501953125,72
bf16,Tamil,87,128.32720947265625,69
bf16,Tamil,88,272.84564208984375,152
bf16,Tamil,89,200.78863525390625,121
bf16,Tamil,90,228.23104858398438,137
bf16,Tamil,91,156.77099609375,119
bf16,Tamil,92,233.19918823242188,128
bf16,Tamil,93,318.1390380859375,167
bf16,Tamil,94,211.06588745117188,117
bf16,Tamil,95,234.74281311035156,155
bf16,Tamil,96,130.2673797607422,75
bf16,Tamil,97,422.5624084472656,221
bf16,Tamil,98,445.855224609375,266
bf16,Tamil,99,359.876220703125,208
bf16,Tamil,100,153.0714111328125,82
bf16,Tamil,101,349.76104736328125,184
bf16,Tamil,102,239.55172729492188,109
bf16,Tamil,103,143.8351593017578,57
bf16,Tamil,104,125.05305480957031,70
bf16,Tamil,105,101.07415771484375,59
bf16,Tamil,106,167.80313110351562,118
bf16,Tamil,107,145.06338500976562,84
bf16,Tamil,108,520.6500854492188,335
bf16,Tamil,109,402.2784423828125,269
bf16,Tamil,110,218.74545288085938,120
bf16,Tamil,111,220.0909423828125,146
bf16,Tamil,112,242.85110473632812,127
bf16,Tamil,113,151.5517578125,72
bf16,Tamil,114,592.8419189453125,362
bf16,Tamil,115,280.3117980957031,153
bf16,Tamil,116,437.8513488769531,231
bf16,Tamil,117,289.59368896484375,185
bf16,Tamil,118,185.2982177734375,78
bf16,Tamil,119,579.7769165039062,339
bf16,Tamil,120,350.71435546875,160
bf16,Tamil,121,344.14306640625,195
bf16,Tamil,122,198.74282836914062,132
bf16,Tamil,123,142.67904663085938,71
bf16,Tamil,124,155.97679138183594,79
bf16,Tamil,125,192.75564575195312,97
bf16,Tamil,126,217.11764526367188,106
bf16,Tamil,127,173.49249267578125,109
bf16,Tamil,128,249.72386169433594,117
bf16,Tamil,129,234.40890502929688,129
bf16,Tamil,130,401.0216064453125,176
bf16,Tamil,131,209.7598876953125,87
bf16,Tamil,132,258.8284912109375,124
bf16,Tamil,133,359.34136962890625,181
bf16,Tamil,134,494.8213806152344,309
bf16,Tamil,135,564.74365234375,369
bf16,Tamil,136,326.11102294921875,155
bf16,Tamil,137,167.14761352539062,107
bf16,Tamil,138,424.17498779296875,255
bf16,Tamil,139,235.9884033203125,144
bf16,Tamil,140,285.52374267578125,125
bf16,Tamil,141,434.8329772949219,215
bf16,Tamil,142,458.9276123046875,310
bf16,Tamil,143,318.61077880859375,195
bf16,Tamil,144,187.89947509765625,86
bf16,Tamil,145,437.1333312988281,282
bf16,Tamil,146,193.18148803710938,109
bf16,Tamil,147,560.062255859375,352
bf16,Tamil,148,180.69894409179688,123
bf16,Tamil,149,346.1531982421875,256
bf16,Tamil,150,236.42376708984375,105
bf16,Tamil,151,265.100830078125,145
bf16,Tamil,152,131.25149536132812,60
bf16,Tamil,153,280.37713623046875,144
bf16,Tamil,154,325.1110534667969,223
bf16,Tamil,155,148.5313720703125,89
bf16,Tamil,156,298.7986145019531,194
bf16,Tamil,157,208.74246215820312,104
bf16,Tamil,158,348.8081970214844,161
bf16,Tamil,159,556.250732421875,302
bf16,Tamil,160,262.2933654785156,169
bf16,Tamil,161,167.99871826171875,105
bf16,Tamil,162,212.03428649902344,98
bf16,Tamil,163,456.23431396484375,217
bf16,Tamil,164,226.75497436523438,143
bf16,Tamil,165,214.25466918945312,140
bf16,Tamil,166,264.8671875,154
bf16,Tamil,167,223.78189086914062,108
bf16,Tamil,168,283.7393798828125,163
bf16,Tamil,169,167.23114013671875,113
bf16,Tamil,170,237.81756591796875,112
bf16,Tamil,171,242.2217559814453,162
bf16,Tamil,172,290.9173583984375,194
bf16,Tamil,173,363.16644287109375,184
bf16,Tamil,174,379.6561279296875,190
bf16,Tamil,175,251.15843200683594,139
bf16,Tamil,176,343.7778625488281,195
bf16,Tamil,177,588.364501953125,366
bf16,Tamil,178,312.1868896484375,186
bf16,Tamil,179,547.5216064453125,286
bf16,Tamil,180,389.77618408203125,209
bf16,Tamil,181,419.3465576171875,231
bf16,Tamil,182,366.2513122558594,186
bf16,Tamil,183,156.25436401367188,73
bf16,Tamil,184,180.69903564453125,89
bf16,Tamil,185,159.28695678710938,80
bf16,Tamil,186,423.29644775390625,279
bf16,Tamil,187,97.81974029541016,54
bf16,Tamil,188,425.7231750488281,287
bf16,Tamil,189,296.0552978515625,194
bf16,Tamil,190,217.87356567382812,138
bf16,Tamil,191,354.826416015625,187
bf16,Tamil,192,297.4462890625,124
bf16,Tamil,193,208.39747619628906,93
bf16,Tamil,194,297.9814758300781,175
bf16,Tamil,195,209.58871459960938,96
bf16,Tamil,196,116.6590347290039,58
bf16,Tamil,197,209.19326782226562,109
bf16,Tamil,198,194.46365356445312,89
bf16,Tamil,199,162.74588012695312,71
bf16,Tamil,200,272.54022216796875,193
bf16,Tamil,201,274.0360412597656,166
bf16,Tamil,202,262.5927734375,192
bf16,Tamil,203,294.10760498046875,216
bf16,Tamil,204,214.74969482421875,135
bf16,Tamil,205,462.67547607421875,277
bf16,Tamil,206,354.7882995605469,268
bf16,Tamil,207,163.7643585205078,91
bf16,Tamil,208,260.3951110839844,128
bf16,Tamil,209,205.24111938476562,157
bf16,Tamil,210,263.24334716796875,149
bf16,Tamil,211,195.50814819335938,103
bf16,Tamil,212,272.0209655761719,144
bf16,Tamil,213,315.9056091308594,175
bf16,Tamil,214,586.7236938476562,396
bf16,Tamil,215,303.7998046875,184
bf16,Tamil,216,279.16986083984375,154
bf16,Tamil,217,273.2629089355469,141
bf16,Tamil,218,422.14776611328125,321
bf16,Tamil,219,609.7841796875,475
bf16,Tamil,220,249.70343017578125,154
bf16,Tamil,221,113.70570373535156,48
bf16,Tamil,222,493.674072265625,305
bf16,Tamil,223,418.8656311035156,251
bf16,Tamil,224,77.48365783691406,60
bf16,Tamil,225,299.2355041503906,192
bf16,Tamil,226,249.72230529785156,137
bf16,Tamil,227,158.75579833984375,92
bf16,Tamil,228,266.286376953125,120
bf16,Tamil,229,279.70953369140625,175
bf16,Tamil,230,181.49305725097656,96
bf16,Tamil,231,157.95159912109375,89
bf16,Tamil,232,422.8116455078125,268
bf16,Tamil,233,183.54129028320312,109
bf16,Tamil,234,230.66079711914062,124
bf16,Tamil,235,205.94566345214844,151
bf16,Tamil,236,303.2530822753906,169
bf16,Tamil,237,324.9381103515625,217
bf16,Tamil,238,368.0061340332031,222
bf16,Tamil,239,367.22052001953125,196
bf16,Tamil,240,179.7703857421875,91
bf16,Tamil,241,233.98483276367188,194
bf16,Tamil,242,248.6208038330078,137
bf16,Tamil,243,343.0018310546875,166
bf16,Tamil,244,296.2431335449219,164
bf16,Tamil,245,85.94146728515625,45
bf16,Tamil,246,443.61083984375,421
bf16,Tamil,247,104.980224609375,46
bf16,Tamil,248,234.9781494140625,149
bf16,Tamil,249,254.17404174804688,143
bf16,Tamil,250,143.2714080810547,67
bf16,Tamil,251,593.651123046875,359
bf16,Tamil,252,77.97879791259766,48
bf16,Tamil,253,259.6235046386719,136
bf16,Tamil,254,389.93634033203125,237
bf16,Tamil,255,242.5810546875,138
bf16,Telugu,0,361.7162780761719,168
bf16,Telugu,1,499.5048828125,205
bf16,Telugu,2,153.89984130859375,60
bf16,Telugu,3,279.7999267578125,149
bf16,Telugu,4,321.70672607421875,138
bf16,Telugu,5,328.52215576171875,171
bf16,Telugu,6,229.888427734375,136
bf16,Telugu,7,110.45555114746094,52
bf16,Telugu,8,342.95159912109375,147
bf16,Telugu,9,112.16481018066406,61
bf16,Telugu,10,215.67303466796875,90
bf16,Telugu,11,328.659912109375,125
bf16,Telugu,12,183.37725830078125,89
bf16,Telugu,13,260.52825927734375,142
bf16,Telugu,14,441.1442565917969,187
bf16,Telugu,15,369.7004089355469,168
bf16,Telugu,16,491.07476806640625,228
bf16,Telugu,17,205.06707763671875,97
bf16,Telugu,18,362.43780517578125,158
bf16,Telugu,19,694.6201171875,284
bf16,Telugu,20,213.29595947265625,89
bf16,Telugu,21,276.535888671875,133
bf16,Telugu,22,170.50051879882812,84
bf16,Telugu,23,205.37533569335938,82
bf16,Telugu,24,204.5088653564453,80
bf16,Telugu,25,413.87884521484375,169
bf16,Telugu,26,258.95733642578125,117
bf16,Telugu,27,162.79339599609375,70
bf16,Telugu,28,180.57305908203125,60
bf16,Telugu,29,93.53984832763672,45
bf16,Telugu,30,223.757568359375,98
bf16,Telugu,31,277.82049560546875,123
bf16,Telugu,32,259.77117919921875,115
bf16,Telugu,33,344.83746337890625,131
bf16,Telugu,34,201.7430877685547,94
bf16,Telugu,35,256.37255859375,110
bf16,Telugu,36,410.8213195800781,186
bf16,Telugu,37,263.9517822265625,104
bf16,Telugu,38,273.95855712890625,118
bf16,Telugu,39,172.3958282470703,77
bf16,Telugu,40,221.91246032714844,112
bf16,Telugu,41,462.9317626953125,248
bf16,Telugu,42,159.10516357421875,97
bf16,Telugu,43,380.32598876953125,253
bf16,Telugu,44,433.95294189453125,189
bf16,Telugu,45,227.81951904296875,89
bf16,Telugu,46,245.2176971435547,98
bf16,Telugu,47,331.426025390625,172
bf16,Telugu,48,242.82308959960938,111
bf16,Telugu,49,209.522705078125,103
bf16,Telugu,50,202.33697509765625,85
bf16,Telugu,51,444.892333984375,260
bf16,Telugu,52,316.0447998046875,160
bf16,Telugu,53,265.43206787109375,158
bf16,Telugu,54,380.8011169433594,182
bf16,Telugu,55,299.0389709472656,117
bf16,Telugu,56,480.4212646484375,281
bf16,Telugu,57,233.186767578125,124
bf16,Telugu,58,336.01141357421875,142
bf16,Telugu,59,311.5582580566406,152
bf16,Telugu,60,477.52532958984375,312
bf16,Telugu,61,242.28054809570312,122
bf16,Telugu,62,251.96038818359375,97
bf16,Telugu,63,257.95965576171875,106
bf16,Telugu,64,484.2010803222656,251
bf16,Telugu,65,210.92962646484375,87
bf16,Telugu,66,914.2310791015625,404
bf16,Telugu,67,332.84381103515625,184
bf16,Telugu,68,158.40267944335938,68
bf16,Telugu,69,471.99853515625,267
bf16,Telugu,70,317.0557556152344,170
bf16,Telugu,71,819.593017578125,366
bf16,Telugu,72,470.9128723144531,268
bf16,Telugu,73,378.5911865234375,176
bf16,Telugu,74,440.2528991699219,248
bf16,Telugu,75,138.1630401611328,66
bf16,Telugu,76,209.4605255126953,92
bf16,Telugu,77,213.9996337890625,107
bf16,Telugu,78,606.7567138671875,286
bf16,Telugu,79,474.3998718261719,348
bf16,Telugu,80,296.157958984375,155
bf16,Telugu,81,223.71128845214844,104
bf16,Telugu,82,406.5072021484375,160
bf16,Telugu,83,429.7459716796875,214
bf16,Telugu,84,197.37588500976562,71
bf16,Telugu,85,538.0418701171875,272
bf16,Telugu,86,144.4062042236328,77
bf16,Telugu,87,113.27030181884766,60
bf16,Telugu,88,204.87652587890625,94
bf16,Telugu,89,309.64398193359375,117
bf16,Telugu,90,164.5745391845703,96
bf16,Telugu,91,164.2828826904297,98
bf16,Telugu,92,270.24053955078125,137
bf16,Telugu,93,316.4991149902344,149
bf16,Telugu,94,222.6577911376953,98
bf16,Telugu,95,302.2372131347656,138
bf16,Telugu,96,137.158935546875,73
bf16,Telugu,97,398.67816162109375,176
bf16,Telugu,98,433.32147216796875,185
bf16,Telugu,99,423.2960510253906,175
bf16,Telugu,100,178.02761840820312,84
bf16,Telugu,101,290.45263671875,135
bf16,Telugu,102,231.26800537109375,101
bf16,Telugu,103,135.22576904296875,48
bf16,Telugu,104,130.4793243408203,54
bf16,Telugu,105,107.81950378417969,50
bf16,Telugu,106,167.64111328125,88
bf16,Telugu,107,141.3671417236328,74
bf16,Telugu,108,690.0528564453125,321
bf16,Telugu,109,406.6990661621094,213
bf16,Telugu,110,176.2770538330078,95
bf16,Telugu,111,222.6512908935547,121
bf16,Telugu,112,188.01519775390625,90
bf16,Telugu,113,149.2474365234375,57
bf16,Telugu,114,539.2804565429688,274
bf16,Telugu,115,309.63531494140625,133
bf16,Telugu,116,445.3357849121094,218
bf16,Telugu,117,288.0174560546875,131
bf16,Telugu,118,149.73968505859375,62
bf16,Telugu,119,542.7266845703125,248
bf16,Telugu,120,321.4334411621094,150
bf16,Telugu,121,370.2615661621094,150
bf16,Telugu,122,192.02777099609375,93
bf16,Telugu,123,117.24627685546875,52
bf16,Telugu,124,165.14466857910156,79
bf16,Telugu,125,214.79542541503906,99
bf16,Telugu,126,258.352783203125,110
bf16,Telugu,127,191.80551147460938,80
bf16,Telugu,128,218.58969116210938,89
bf16,Telugu,129,239.975341796875,112
bf16,Telugu,130,370.4853515625,160
bf16,Telugu,131,228.12982177734375,101
bf16,Telugu,132,275.217041015625,121
bf16,Telugu,133,399.209716796875,172
bf16,Telugu,134,461.1764221191406,280
bf16,Telugu,135,580.312744140625,270
bf16,Telugu,136,333.83319091796875,151
bf16,Telugu,137,218.73622131347656,106
bf16,Telugu,138,485.5292663574219,256
bf16,Telugu,139,249.18153381347656,111
bf16,Telugu,140,291.6051940917969,123
bf16,Telugu,141,351.85821533203125,157
bf16,Telugu,142,512.3599243164062,257
bf16,Telugu,143,286.8155517578125,140
bf16,Telugu,144,199.0422821044922,76
bf16,Telugu,145,479.8204345703125,275
bf16,Telugu,146,226.17881774902344,97
bf16,Telugu,147,519.2408447265625,261
bf16,Telugu,148,237.75262451171875,117
bf16,Telugu,149,461.03515625,224
bf16,Telugu,150,221.3905487060547,123
bf16,Telugu,151,296.35894775390625,136
bf16,Telugu,152,155.68417358398438,77
bf16,Telugu,153,345.94061279296875,167
bf16,Telugu,154,362.8638916015625,166
bf16,Telugu,155,161.47967529296875,82
bf16,Telugu,156,289.76373291015625,183
bf16,Telugu,157,188.04962158203125,95
bf16,Telugu,158,274.6851806640625,131
bf16,Telugu,159,545.2766723632812,257
bf16,Telugu,160,286.49932861328125,126
bf16,Telugu,161,181.42901611328125,73
bf16,Telugu,162,194.4901123046875,86
bf16,Telugu,163,442.4160461425781,190
bf16,Telugu,164,179.32496643066406,117
bf16,Telugu,165,213.7169189453125,110
bf16,Telugu,166,274.7154541015625,162
bf16,Telugu,167,222.3857879638672,86
bf16,Telugu,168,321.37225341796875,137
bf16,Telugu,169,169.30776977539062,97
bf16,Telugu,170,238.6499481201172,98
bf16,Telugu,171,252.7049102783203,139
bf16,Telugu,172,252.26319885253906,129
bf16,Telugu,173,314.4739685058594,146
bf16,Telugu,174,342.09429931640625,176
bf16,Telugu,175,237.14547729492188,116
bf16,Telugu,176,287.90753173828125,152
bf16,Telugu,177,500.61578369140625,269
bf16,Telugu,178,206.15005493164062,120
bf16,Telugu,179,467.75,181
bf16,Telugu,180,464.3552551269531,193
bf16,Telugu,181,499.305908203125,244
bf16,Telugu,182,315.80035400390625,147
bf16,Telugu,183,174.9636688232422,71
bf16,Telugu,184,169.352783203125,85
bf16,Telugu,185,144.64266967773438,70
bf16,Telugu,186,447.8955078125,237
bf16,Telugu,187,126.15669250488281,48
bf16,Telugu,188,402.0892028808594,254
bf16,Telugu,189,279.2740478515625,188
bf16,Telugu,190,239.175537109375,103
bf16,Telugu,191,370.14666748046875,167
bf16,Telugu,192,279.668212890625,117
bf16,Telugu,193,180.57534790039062,79
bf16,Telugu,194,318.73590087890625,149
bf16,Telugu,195,213.32798767089844,98
bf16,Telugu,196,105.26956939697266,46
bf16,Telugu,197,196.9254150390625,101
bf16,Telugu,198,223.01510620117188,102
bf16,Telugu,199,172.924560546875,63
bf16,Telugu,200,209.5084228515625,159
bf16,Telugu,201,350.6091003417969,181
bf16,Telugu,202,287.341552734375,178
bf16,Telugu,203,400.49871826171875,198
bf16,Telugu,204,215.543212890625,125
bf16,Telugu,205,736.81005859375,265
bf16,Telugu,206,367.51153564453125,244
bf16,Telugu,207,134.33538818359375,75
bf16,Telugu,208,212.57760620117188,142
bf16,Telugu,209,197.5509796142578,125
bf16,Telugu,210,275.84185791015625,140
bf16,Telugu,211,249.75076293945312,117
bf16,Telugu,212,277.4744567871094,124
bf16,Telugu,213,278.3131103515625,163
bf16,Telugu,214,629.7203369140625,361
bf16,Telugu,215,273.596923828125,160
bf16,Telugu,216,222.566650390625,121
bf16,Telugu,217,228.07769775390625,104
bf16,Telugu,218,450.0621337890625,257
bf16,Telugu,219,546.2078247070312,358
bf16,Telugu,220,284.01971435546875,131
bf16,Telugu,221,116.72607421875,52
bf16,Telugu,222,557.44921875,256
bf16,Telugu,223,384.967041015625,209
bf16,Telugu,224,86.69654083251953,46
bf16,Telugu,225,307.69677734375,160
bf16,Telugu,226,300.7359619140625,160
bf16,Telugu,227,230.6911163330078,104
bf16,Telugu,228,281.7432861328125,118
bf16,Telugu,229,274.1305847167969,156
bf16,Telugu,230,177.70440673828125,86
bf16,Telugu,231,184.85699462890625,81
bf16,Telugu,232,459.4039001464844,259
bf16,Telugu,233,192.0885772705078,94
bf16,Telugu,234,185.8802947998047,91
bf16,Telugu,235,192.20294189453125,116
bf16,Telugu,236,274.3726806640625,155
bf16,Telugu,237,372.49749755859375,208
bf16,Telugu,238,430.4296875,211
bf16,Telugu,239,335.92327880859375,165
bf16,Telugu,240,200.49986267089844,75
bf16,Telugu,241,256.1900634765625,156
bf16,Telugu,242,262.18475341796875,130
bf16,Telugu,243,363.2303466796875,154
bf16,Telugu,244,305.5374450683594,137
bf16,Telugu,245,108.52351379394531,35
bf16,Telugu,246,407.86376953125,292
bf16,Telugu,247,131.33697509765625,63
bf16,Telugu,248,253.4573974609375,128
bf16,Telugu,249,199.11297607421875,104
bf16,Telugu,250,141.98390197753906,64
bf16,Telugu,251,576.7881469726562,313
bf16,Telugu,252,79.31192779541016,42
bf16,Telugu,253,283.2451171875,117
bf16,Telugu,254,446.73974609375,220
bf16,Telugu,255,198.97821044921875,105
bf16,Kannada,0,718.60888671875,184
bf16,Kannada,1,708.50634765625,198
bf16,Kannada,2,369.50225830078125,84
bf16,Kannada,3,571.3325805664062,153
bf16,Kannada,4,533.3349609375,156
bf16,Kannada,5,594.44140625,173
bf16,Kannada,6,561.039794921875,152
bf16,Kannada,7,250.42745971679688,65
bf16,Kannada,8,660.188720703125,170
bf16,Kannada,9,241.6614990234375,63
bf16,Kannada,10,419.92181396484375,105
bf16,Kannada,11,695.0673828125,198
bf16,Kannada,12,329.93963623046875,103
bf16,Kannada,13,475.15716552734375,124
bf16,Kannada,14,810.76708984375,215
bf16,Kannada,15,677.919189453125,193
bf16,Kannada,16,897.8635864257812,243
bf16,Kannada,17,418.8623962402344,118
bf16,Kannada,18,692.0697021484375,181
bf16,Kannada,19,1188.21630859375,317
bf16,Kannada,20,390.6075439453125,98
bf16,Kannada,21,500.63885498046875,140
bf16,Kannada,22,374.86090087890625,88
bf16,Kannada,23,339.43145751953125,80
bf16,Kannada,24,337.833984375,81
bf16,Kannada,25,753.3635864257812,190
bf16,Kannada,26,469.44512939453125,133
bf16,Kannada,27,310.1048583984375,90
bf16,Kannada,28,322.33087158203125,65
bf16,Kannada,29,206.57962036132812,57
bf16,Kannada,30,478.2626953125,132
bf16,Kannada,31,498.0587158203125,115
bf16,Kannada,32,412.60821533203125,107
bf16,Kannada,33,629.5697021484375,162
bf16,Kannada,34,350.9139404296875,111
bf16,Kannada,35,434.42840576171875,122
bf16,Kannada,36,830.7396850585938,191
bf16,Kannada,37,444.27813720703125,114
bf16,Kannada,38,510.28973388671875,129
bf16,Kannada,39,378.0699157714844,91
bf16,Kannada,40,466.21295166015625,130
bf16,Kannada,41,1013.161865234375,297
bf16,Kannada,42,289.6083984375,80
bf16,Kannada,43,841.7476806640625,266
bf16,Kannada,44,864.3370361328125,226
bf16,Kannada,45,341.89910888671875,105
bf16,Kannada,46,477.27197265625,95
bf16,Kannada,47,644.78076171875,205
bf16,Kannada,48,563.4544677734375,160
bf16,Kannada,49,518.3994140625,148
bf16,Kannada,50,412.0882568359375,131
bf16,Kannada,51,966.369140625,319
bf16,Kannada,52,635.916259765625,188
bf16,Kannada,53,618.217529296875,189
bf16,Kannada,54,659.3941650390625,196
bf16,Kannada,55,464.5109558105469,118
bf16,Kannada,56,984.833740234375,302
bf16,Kannada,57,620.4114990234375,156
bf16,Kannada,58,762.9617919921875,192
bf16,Kannada,59,688.0936279296875,181
bf16,Kannada,60,1195.686279296875,380
bf16,Kannada,61,520.4366455078125,143
bf16,Kannada,62,343.7076110839844,105
bf16,Kannada,63,490.45880126953125,132
bf16,Kannada,64,961.9486083984375,281
bf16,Kannada,65,355.2385559082031,100
bf16,Kannada,66,1757.8255615234375,488
bf16,Kannada,67,807.719482421875,267
bf16,Kannada,68,332.39031982421875,76
bf16,Kannada,69,895.8065185546875,289
bf16,Kannada,70,618.6116943359375,169
bf16,Kannada,71,1122.6070556640625,365
bf16,Kannada,72,996.2223510742188,273
bf16,Kannada,73,652.1513671875,160
bf16,Kannada,74,776.247314453125,238
bf16,Kannada,75,222.3424530029297,63
bf16,Kannada,76,309.9097595214844,72
bf16,Kannada,77,408.0872497558594,113
bf16,Kannada,78,1329.0718994140625,363
bf16,Kannada,79,1245.9451904296875,380
bf16,Kannada,80,512.61767578125,148
bf16,Kannada,81,536.25439453125,151
bf16,Kannada,82,597.2445068359375,141
bf16,Kannada,83,840.1243896484375,239
bf16,Kannada,84,307.6889953613281,68
bf16,Kannada,85,984.3381958007812,325
bf16,Kannada,86,331.2715148925781,79
bf16,Kannada,87,255.77088928222656,71
bf16,Kannada,88,475.9096374511719,115
bf16,Kannada,89,461.635986328125,120
bf16,Kannada,90,418.28424072265625,120
bf16,Kannada,91,394.08843994140625,106
bf16,Kannada,92,470.53057861328125,166
bf16,Kannada,93,561.1904296875,153
bf16,Kannada,94,416.20947265625,98
bf16,Kannada,95,518.7344970703125,128
bf16,Kannada,96,258.09503173828125,68
bf16,Kannada,97,702.547607421875,209
bf16,Kannada,98,798.1871948242188,207
bf16,Kannada,99,621.69775390625,173
bf16,Kannada,100,369.80108642578125,103
bf16,Kannada,101,616.6314697265625,163
bf16,Kannada,102,351.177734375,108
bf16,Kannada,103,188.1997833251953,45
bf16,Kannada,104,250.724853515625,50
bf16,Kannada,105,231.611083984375,58
bf16,Kannada,106,367.401611328125,108
bf16,Kannada,107,272.8824462890625,67
bf16,Kannada,108,1136.462890625,337
bf16,Kannada,109,739.3988037109375,221
bf16,Kannada,110,413.6560974121094,97
bf16,Kannada,111,523.8218994140625,127
bf16,Kannada,112,462.779052734375,118
bf16,Kannada,113,254.53477478027344,54
bf16,Kannada,114,936.6661376953125,256
bf16,Kannada,115,577.4375,181
bf16,Kannada,116,790.1966552734375,226
bf16,Kannada,117,505.52630615234375,172
bf16,Kannada,118,219.4629669189453,52
bf16,Kannada,119,1099.922607421875,309
bf16,Kannada,120,700.1046752929688,153
bf16,Kannada,121,670.3499145507812,170
bf16,Kannada,122,320.71368408203125,110
bf16,Kannada,123,177.35427856445312,42
bf16,Kannada,124,260.90667724609375,71
bf16,Kannada,125,425.12725830078125,112
bf16,Kannada,126,558.9711303710938,105
bf16,Kannada,127,352.66571044921875,87
bf16,Kannada,128,458.0721740722656,103
bf16,Kannada,129,517.4981689453125,132
bf16,Kannada,130,781.46826171875,173
bf16,Kannada,131,461.8511047363281,105
bf16,Kannada,132,635.7449340820312,147
bf16,Kannada,133,793.1272583007812,167
bf16,Kannada,134,1040.635009765625,321
bf16,Kannada,135,1037.56396484375,298
bf16,Kannada,136,531.7801513671875,140
bf16,Kannada,137,372.05322265625,114
bf16,Kannada,138,927.6641845703125,249
bf16,Kannada,139,615.059326171875,144
bf16,Kannada,140,508.67071533203125,129
bf16,Kannada,141,593.4981689453125,187
bf16,Kannada,142,789.1165161132812,246
bf16,Kannada,143,533.701171875,155
bf16,Kannada,144,332.70281982421875,87
bf16,Kannada,145,984.4219970703125,266
bf16,Kannada,146,406.21722412109375,95
bf16,Kannada,147,895.7620239257812,286
bf16,Kannada,148,413.9521179199219,121
bf16,Kannada,149,793.8648071289062,231
bf16,Kannada,150,422.1084899902344,119
bf16,Kannada,151,553.8265380859375,159
bf16,Kannada,152,326.84930419921875,90
bf16,Kannada,153,564.77490234375,149
bf16,Kannada,154,729.8257446289062,223
bf16,Kannada,155,455.62933349609375,86
bf16,Kannada,156,613.9235229492188,209
bf16,Kannada,157,343.5078430175781,96
bf16,Kannada,158,678.9669189453125,155
bf16,Kannada,159,852.4345703125,254
bf16,Kannada,160,668.7831420898438,178
bf16,Kannada,161,308.52789306640625,81
bf16,Kannada,162,378.5221862792969,89
bf16,Kannada,163,830.1211547851562,216
bf16,Kannada,164,426.90728759765625,125
bf16,Kannada,165,420.0067443847656,104
bf16,Kannada,166,585.5914306640625,169
bf16,Kannada,167,365.8487548828125,86
bf16,Kannada,168,545.7777099609375,132
bf16,Kannada,169,336.8661804199219,91
bf16,Kannada,170,369.90533447265625,89
bf16,Kannada,171,469.81072998046875,163
bf16,Kannada,172,568.3978271484375,157
bf16,Kannada,173,622.9165649414062,168
bf16,Kannada,174,644.1884155273438,167
bf16,Kannada,175,455.98162841796875,107
bf16,Kannada,176,552.400146484375,172
bf16,Kannada,177,1273.8939208984375,410
bf16,Kannada,178,510.8858337402344,160
bf16,Kannada,179,826.4173583984375,249
bf16,Kannada,180,683.0603637695312,204
bf16,Kannada,181,789.6876220703125,220
bf16,Kannada,182,680.7510375976562,160
bf16,Kannada,183,275.78961181640625,72
bf16,Kannada,184,328.2098388671875,76
bf16,Kannada,185,283.98248291015625,77
bf16,Kannada,186,871.720458984375,249
bf16,Kannada,187,249.30389404296875,64
bf16,Kannada,188,944.8140869140625,299
bf16,Kannada,189,610.1629638671875,168
bf16,Kannada,190,471.5401611328125,123
bf16,Kannada,191,643.026611328125,173
bf16,Kannada,192,469.74298095703125,122
bf16,Kannada,193,313.8926086425781,79
bf16,Kannada,194,567.385009765625,152
bf16,Kannada,195,344.54400634765625,85
bf16,Kannada,196,246.14151000976562,58
bf16,Kannada,197,372.2840881347656,99
bf16,Kannada,198,410.32781982421875,106
bf16,Kannada,199,289.58013916015625,81
bf16,Kannada,200,469.75714111328125,153
bf16,Kannada,201,617.5940551757812,201
bf16,Kannada,202,524.3729858398438,171
bf16,Kannada,203,688.7281494140625,176
bf16,Kannada,204,477.2244567871094,143
bf16,Kannada,205,1116.871337890625,254
bf16,Kannada,206,785.0006103515625,234
bf16,Kannada,207,286.77423095703125,79
bf16,Kannada,208,521.51025390625,144
bf16,Kannada,209,621.9544067382812,153
bf16,Kannada,210,670.15185546875,151
bf16,Kannada,211,344.6534118652344,96
bf16,Kannada,212,510.117431640625,140
bf16,Kannada,213,625.3085327148438,170
bf16,Kannada,214,1306.484619140625,411
bf16,Kannada,215,678.094970703125,184
bf16,Kannada,216,524.6659545898438,136
bf16,Kannada,217,412.3765563964844,130
bf16,Kannada,218,1001.4747314453125,271
bf16,Kannada,219,1103.000244140625,378
bf16,Kannada,220,563.0504150390625,141
bf16,Kannada,221,219.21286010742188,46
bf16,Kannada,222,1187.438720703125,299
bf16,Kannada,223,671.7216796875,203
bf16,Kannada,224,190.89959716796875,54
bf16,Kannada,225,575.3963623046875,173
bf16,Kannada,226,590.8065795898438,151
bf16,Kannada,227,411.38909912109375,103
bf16,Kannada,228,697.90478515625,143
bf16,Kannada,229,590.623046875,169
bf16,Kannada,230,385.4004211425781,105
bf16,Kannada,231,351.8652038574219,89
bf16,Kannada,232,743.17822265625,226
bf16,Kannada,233,397.16656494140625,122
bf16,Kannada,234,283.45654296875,82
bf16,Kannada,235,437.49761962890625,112
bf16,Kannada,236,439.02093505859375,129
bf16,Kannada,237,699.1029052734375,206
bf16,Kannada,238,751.733154296875,212
bf16,Kannada,239,651.52783203125,191
bf16,Kannada,240,356.6152038574219,83
bf16,Kannada,241,567.656005859375,170
bf16,Kannada,242,534.7246704101562,129
bf16,Kannada,243,668.893798828125,157
bf16,Kannada,244,567.1458129882812,144
bf16,Kannada,245,170.33856201171875,42
bf16,Kannada,246,1081.414794921875,359
bf16,Kannada,247,260.5953063964844,74
bf16,Kannada,248,573.420654296875,151
bf16,Kannada,249,370.3134460449219,106
bf16,Kannada,250,272.58099365234375,63
bf16,Kannada,251,1162.3121337890625,343
bf16,Kannada,252,195.92910766601562,50
bf16,Kannada,253,434.8507080078125,125
bf16,Kannada,254,725.7646484375,207
bf16,Kannada,255,411.9813232421875,117
bf16,Malayalam,0,469.0065612792969,214
bf16,Malayalam,1,457.06463623046875,220
bf16,Malayalam,2,223.3590087890625,102
bf16,Malayalam,3,314.4443359375,153
bf16,Malayalam,4,364.45562744140625,151
bf16,Malayalam,5,387.4746398925781,189
bf16,Malayalam,6,297.36993408203125,115
bf16,Malayalam,7,192.6710662841797,56
bf16,Malayalam,8,417.1878356933594,165
bf16,Malayalam,9,151.44114685058594,52
bf16,Malayalam,10,249.0001678466797,107
bf16,Malayalam,11,346.092529296875,142
bf16,Malayalam,12,232.7606658935547,119
bf16,Malayalam,13,326.76275634765625,144
bf16,Malayalam,14,604.3038330078125,215
bf16,Malayalam,15,539.5003662109375,224
bf16,Malayalam,16,567.7877807617188,254
bf16,Malayalam,17,353.18206787109375,137
bf16,Malayalam,18,361.30438232421875,152
bf16,Malayalam,19,828.8893432617188,339
bf16,Malayalam,20,301.02545166015625,121
bf16,Malayalam,21,536.3944091796875,202
bf16,Malayalam,22,197.28680419921875,71
bf16,Malayalam,23,240.68377685546875,83
bf16,Malayalam,24,234.7858428955078,97
bf16,Malayalam,25,507.410888671875,209
bf16,Malayalam,26,319.7357177734375,145
bf16,Malayalam,27,188.7586669921875,107
bf16,Malayalam,28,184.20663452148438,77
bf16,Malayalam,29,127.30342864990234,52
bf16,Malayalam,30,276.392578125,139
bf16,Malayalam,31,310.3703918457031,135
bf16,Malayalam,32,330.8458251953125,125
bf16,Malayalam,33,390.4226379394531,161
bf16,Malayalam,34,227.10911560058594,94
bf16,Malayalam,35,353.54302978515625,123
bf16,Malayalam,36,523.9005737304688,188
bf16,Malayalam,37,275.9350891113281,124
bf16,Malayalam,38,351.804443359375,144
bf16,Malayalam,39,204.80137634277344,94
bf16,Malayalam,40,311.1795654296875,145
bf16,Malayalam,41,680.0935668945312,340
bf16,Malayalam,42,210.51528930664062,105
bf16,Malayalam,43,445.5534973144531,293
bf16,Malayalam,44,477.611328125,219
bf16,Malayalam,45,236.65992736816406,109
bf16,Malayalam,46,291.418212890625,129
bf16,Malayalam,47,442.67108154296875,214
bf16,Malayalam,48,315.3489990234375,129
bf16,Malayalam,49,289.6283874511719,133
bf16,Malayalam,50,310.40325927734375,136
bf16,Malayalam,51,530.4578857421875,392
bf16,Malayalam,52,361.2230529785156,185
bf16,Malayalam,53,353.82073974609375,208
bf16,Malayalam,54,523.239501953125,258
bf16,Malayalam,55,308.7462158203125,122
bf16,Malayalam,56,656.3203735351562,360
bf16,Malayalam,57,354.37884521484375,172
bf16,Malayalam,58,432.67376708984375,197
bf16,Malayalam,59,365.0594177246094,197
bf16,Malayalam,60,583.5552978515625,329
bf16,Malayalam,61,324.56683349609375,176
bf16,Malayalam,62,271.4283447265625,108
bf16,Malayalam,63,431.9476318359375,162
bf16,Malayalam,64,595.7493896484375,309
bf16,Malayalam,65,218.43209838867188,111
bf16,Malayalam,66,822.1051025390625,488
bf16,Malayalam,67,485.60760498046875,252
bf16,Malayalam,68,213.83242797851562,97
bf16,Malayalam,69,567.9172973632812,385
bf16,Malayalam,70,498.72198486328125,220
bf16,Malayalam,71,917.7530517578125,415
bf16,Malayalam,72,620.2293701171875,327
bf16,Malayalam,73,514.8257446289062,234
bf16,Malayalam,74,492.6914367675781,253
bf16,Malayalam,75,170.31405639648438,68
bf16,Malayalam,76,176.45993041992188,95
bf16,Malayalam,77,342.193603515625,142
bf16,Malayalam,78,706.1201782226562,399
bf16,Malayalam,79,711.5612182617188,423
bf16,Malayalam,80,396.3080749511719,185
bf16,Malayalam,81,400.79949951171875,177
bf16,Malayalam,82,352.74542236328125,182
bf16,Malayalam,83,505.9432678222656,280
bf16,Malayalam,84,250.97984313964844,84
bf16,Malayalam,85,654.2130126953125,340
bf16,Malayalam,86,225.52755737304688,105
bf16,Malayalam,87,178.34080505371094,68
bf16,Malayalam,88,316.71441650390625,143
bf16,Malayalam,89,268.74114990234375,121
bf16,Malayalam,90,272.14349365234375,149
bf16,Malayalam,91,257.2271728515625,123
bf16,Malayalam,92,277.3530578613281,172
bf16,Malayalam,93,352.72015380859375,133
bf16,Malayalam,94,280.79400634765625,103
bf16,Malayalam,95,253.85397338867188,158
bf16,Malayalam,96,161.8349151611328,67
bf16,Malayalam,97,492.57220458984375,234
bf16,Malayalam,98,498.9650573730469,250
bf16,Malayalam,99,450.7640075683594,205
bf16,Malayalam,100,266.46502685546875,105
bf16,Malayalam,101,480.0181884765625,202
bf16,Malayalam,102,255.1689453125,120
bf16,Malayalam,103,162.03126525878906,62
bf16,Malayalam,104,153.8372344970703,64
bf16,Malayalam,105,164.11605834960938,49
bf16,Malayalam,106,247.13040161132812,125
bf16,Malayalam,107,179.42514038085938,82
bf16,Malayalam,108,749.1417236328125,356
bf16,Malayalam,109,415.0118713378906,214
bf16,Malayalam,110,232.8909912109375,102
bf16,Malayalam,111,305.65509033203125,144
bf16,Malayalam,112,298.3429260253906,121
bf16,Malayalam,113,196.45005798339844,82
bf16,Malayalam,114,603.5242919921875,305
bf16,Malayalam,115,319.458740234375,156
bf16,Malayalam,116,578.8311767578125,264
bf16,Malayalam,117,366.943115234375,191
bf16,Malayalam,118,181.46983337402344,60
bf16,Malayalam,119,568.7598876953125,296
bf16,Malayalam,120,393.8631896972656,170
bf16,Malayalam,121,384.5567321777344,174
bf16,Malayalam,122,207.1029052734375,99
bf16,Malayalam,123,162.52015686035156,59
bf16,Malayalam,124,201.0853271484375,84
bf16,Malayalam,125,270.45947265625,108
bf16,Malayalam,126,273.633544921875,117
bf16,Malayalam,127,256.879150390625,93
bf16,Malayalam,128,250.11318969726562,85
bf16,Malayalam,129,283.14019775390625,132
bf16,Malayalam,130,419.779296875,174
bf16,Malayalam,131,185.10598754882812,102
bf16,Malayalam,132,379.6934814453125,161
bf16,Malayalam,133,404.7090759277344,183
bf16,Malayalam,134,590.3436279296875,330
bf16,Malayalam,135,686.8953247070312,343
bf16,Malayalam,136,389.2791748046875,170
bf16,Malayalam,137,317.80987548828125,113
bf16,Malayalam,138,563.5524291992188,284
bf16,Malayalam,139,278.20458984375,147
bf16,Malayalam,140,397.9442138671875,145
bf16,Malayalam,141,397.16448974609375,213
bf16,Malayalam,142,604.28466796875,285
bf16,Malayalam,143,437.6674499511719,183
bf16,Malayalam,144,262.1241149902344,110
bf16,Malayalam,145,638.6181640625,325
bf16,Malayalam,146,347.1701965332031,141
bf16,Malayalam,147,608.7791748046875,303
bf16,Malayalam,148,273.93212890625,123
bf16,Malayalam,149,477.6146240234375,263
bf16,Malayalam,150,328.6846008300781,127
bf16,Malayalam,151,393.2586364746094,162
bf16,Malayalam,152,200.6154327392578,82
bf16,Malayalam,153,399.6128234863281,177
bf16,Malayalam,154,387.1279296875,207
bf16,Malayalam,155,226.18592834472656,92
bf16,Malayalam,156,457.1263427734375,216
bf16,Malayalam,157,251.30642700195312,103
bf16,Malayalam,158,370.4801025390625,178
bf16,Malayalam,159,657.0821533203125,339
bf16,Malayalam,160,402.44879150390625,190
bf16,Malayalam,161,211.76295471191406,94
bf16,Malayalam,162,222.43350219726562,95
bf16,Malayalam,163,467.0970458984375,226
bf16,Malayalam,164,333.55706787109375,109
bf16,Malayalam,165,219.50341796875,98
bf16,Malayalam,166,360.64984130859375,205
bf16,Malayalam,167,221.59864807128906,93
bf16,Malayalam,168,295.48101806640625,134
bf16,Malayalam,169,223.86428833007812,97
bf16,Malayalam,170,363.7318115234375,127
bf16,Malayalam,171,205.50851440429688,113
bf16,Malayalam,172,297.673583984375,169
bf16,Malayalam,173,485.0399169921875,182
bf16,Malayalam,174,368.33782958984375,164
bf16,Malayalam,175,269.06707763671875,113
bf16,Malayalam,176,337.78240966796875,180
bf16,Malayalam,177,727.1828002929688,409
bf16,Malayalam,178,340.47137451171875,144
bf16,Malayalam,179,459.7442321777344,218
bf16,Malayalam,180,586.648681640625,257
bf16,Malayalam,181,623.9345092773438,256
bf16,Malayalam,182,403.305419921875,164
bf16,Malayalam,183,150.1711883544922,64
bf16,Malayalam,184,192.9551544189453,78
bf16,Malayalam,185,200.9922332763672,97
bf16,Malayalam,186,478.75213623046875,265
bf16,Malayalam,187,179.93263244628906,65
bf16,Malayalam,188,631.7478637695312,301
bf16,Malayalam,189,471.51397705078125,218
bf16,Malayalam,190,366.115478515625,151
bf16,Malayalam,191,497.49029541015625,196
bf16,Malayalam,192,361.67706298828125,126
bf16,Malayalam,193,224.67620849609375,72
bf16,Malayalam,194,393.063232421875,155
bf16,Malayalam,195,344.09930419921875,95
bf16,Malayalam,196,133.99729919433594,53
bf16,Malayalam,197,257.45892333984375,122
bf16,Malayalam,198,259.32220458984375,125
bf16,Malayalam,199,232.7431640625,106
bf16,Malayalam,200,322.667236328125,190
bf16,Malayalam,201,420.32476806640625,180
bf16,Malayalam,202,472.03497314453125,208
bf16,Malayalam,203,435.12701416015625,185
bf16,Malayalam,204,364.2657470703125,140
bf16,Malayalam,205,599.274658203125,252
bf16,Malayalam,206,516.3716430664062,263
bf16,Malayalam,207,178.18365478515625,74
bf16,Malayalam,208,333.20111083984375,142
bf16,Malayalam,209,290.951171875,140
bf16,Malayalam,210,305.328125,136
bf16,Malayalam,211,251.47433471679688,98
bf16,Malayalam,212,307.0230407714844,126
bf16,Malayalam,213,363.5606689453125,178
bf16,Malayalam,214,755.2891235351562,403
bf16,Malayalam,215,396.59002685546875,181
bf16,Malayalam,216,299.3412780761719,150
bf16,Malayalam,217,305.50006103515625,122
bf16,Malayalam,218,523.3778076171875,272
bf16,Malayalam,219,739.51611328125,412
bf16,Malayalam,220,285.4751281738281,136
bf16,Malayalam,221,146.23109436035156,56
bf16,Malayalam,222,630.1934814453125,287
bf16,Malayalam,223,523.84716796875,213
bf16,Malayalam,224,144.15220642089844,62
bf16,Malayalam,225,386.58099365234375,152
bf16,Malayalam,226,377.31591796875,172
bf16,Malayalam,227,189.6214599609375,87
bf16,Malayalam,228,382.20343017578125,132
bf16,Malayalam,229,339.927001953125,197
bf16,Malayalam,230,236.82513427734375,96
bf16,Malayalam,231,156.9776611328125,74
bf16,Malayalam,232,514.8895263671875,293
bf16,Malayalam,233,327.84808349609375,144
bf16,Malayalam,234,262.5891418457031,110
bf16,Malayalam,235,237.96429443359375,120
bf16,Malayalam,236,353.95635986328125,156
bf16,Malayalam,237,425.93963623046875,212
bf16,Malayalam,238,438.7555847167969,232
bf16,Malayalam,239,388.2666015625,190
bf16,Malayalam,240,174.00146484375,86
bf16,Malayalam,241,361.493896484375,207
bf16,Malayalam,242,325.1643371582031,118
bf16,Malayalam,243,482.0973815917969,201
bf16,Malayalam,244,387.6263427734375,182
bf16,Malayalam,245,150.0983428955078,54
bf16,Malayalam,246,586.090087890625,351
bf16,Malayalam,247,192.4486846923828,80
bf16,Malayalam,248,278.6015625,156
bf16,Malayalam,249,236.69155883789062,110
bf16,Malayalam,250,185.45211791992188,86
bf16,Malayalam,251,717.794921875,348
bf16,Malayalam,252,130.66392517089844,42
bf16,Malayalam,253,265.67333984375,125
bf16,Malayalam,254,455.24566650390625,222
bf16,Malayalam,255,320.492431640625,145
nf4,English,0,155.8345184326172,164
nf4,English,1,157.41241455078125,193
nf4,English,2,99.093017578125,75
nf4,English,3,133.76132202148438,152
nf4,English,4,136.99813842773438,130
nf4,English,5,172.19349670410156,168
nf4,English,6,90.02320098876953,109
nf4,English,7,98.16806030273438,62
nf4,English,8,154.0821990966797,147
nf4,English,9,78.73846435546875,48
nf4,English,10,96.24174499511719,87
nf4,English,11,123.20077514648438,173
nf4,English,12,96.37987518310547,102
nf4,English,13,108.405517578125,116
nf4,English,14,268.32183837890625,192
nf4,English,15,196.4820556640625,192
nf4,English,16,184.5380096435547,218
nf4,English,17,148.0724334716797,119
nf4,English,18,139.8778076171875,165
nf4,English,19,349.32269287109375,351
nf4,English,20,111.04161834716797,115
nf4,English,21,137.89764404296875,154
nf4,English,22,76.3427734375,90
nf4,English,23,98.59843444824219,73
nf4,English,24,71.4989013671875,76
nf4,English,25,155.58065795898438,210
nf4,English,26,96.44960021972656,140
nf4,English,27,88.93939208984375,76
nf4,English,28,103.47077178955078,64
nf4,English,29,71.82899475097656,59
nf4,English,30,73.62572479248047,92
nf4,English,31,139.69845581054688,110
nf4,English,32,147.384765625,110
nf4,English,33,150.64732360839844,155
nf4,English,34,111.89724731445312,110
nf4,English,35,114.96744537353516,123
nf4,English,36,192.24673461914062,180
nf4,English,37,196.83688354492188,116
nf4,English,38,147.98223876953125,124
nf4,English,39,73.00469207763672,63
nf4,English,40,87.24089813232422,121
nf4,English,41,219.7449188232422,230
nf4,English,42,84.2945556640625,75
nf4,English,43,216.13226318359375,327
nf4,English,44,138.006103515625,207
nf4,English,45,83.49105834960938,81
nf4,English,46,81.71839141845703,78
nf4,English,47,135.5182342529297,149
nf4,English,48,74.40641784667969,115
nf4,English,49,107.78317260742188,144
nf4,English,50,139.748046875,121
nf4,English,51,183.42251586914062,275
nf4,English,52,135.22813415527344,154
nf4,English,53,118.15078735351562,144
nf4,English,54,129.2606201171875,180
nf4,English,55,107.43797302246094,117
nf4,English,56,160.7172393798828,283
nf4,English,57,139.321533203125,121
nf4,English,58,113.13910675048828,147
nf4,English,59,131.60794067382812,187
nf4,English,60,184.57896423339844,275
nf4,English,61,101.92939758300781,138
nf4,English,62,76.7900390625,100
nf4,English,63,98.28073120117188,128
nf4,English,64,180.15478515625,256
nf4,English,65,55.01506042480469,134
nf4,English,66,329.6012268066406,462
nf4,English,67,166.50408935546875,193
nf4,English,68,81.82483673095703,67
nf4,English,69,165.1304168701172,304
nf4,English,70,121.59733581542969,181
nf4,English,71,277.245849609375,387
nf4,English,72,176.25738525390625,257
nf4,English,73,151.15170288085938,166
nf4,English,74,195.83685302734375,216
nf4,English,75,62.883262634277344,75
nf4,English,76,65.63949584960938,89
nf4,English,77,72.65408325195312,116
nf4,English,78,315.0453186035156,313
nf4,English,79,243.3561248779297,384
nf4,English,80,103.2137451171875,120
nf4,English,81,92.17076110839844,134
nf4,English,82,154.5657958984375,148
nf4,English,83,215.17079162597656,244
nf4,English,84,100.08080291748047,80
nf4,English,85,241.45620727539062,323
nf4,English,86,55.160987854003906,74
nf4,English,87,82.71709442138672,55
nf4,English,88,131.273193359375,120
nf4,English,89,113.34657287597656,97
nf4,English,90,78.55133056640625,107
nf4,English,91,66.40097045898438,102
nf4,English,92,108.39373779296875,121
nf4,English,93,143.3231964111328,132
nf4,English,94,108.80718994140625,86
nf4,English,95,106.35507202148438,142
nf4,English,96,79.40306854248047,80
nf4,English,97,189.2047576904297,178
nf4,English,98,223.5709991455078,243
nf4,English,99,129.21644592285156,199
nf4,English,100,82.99592590332031,88
nf4,English,101,175.71133422851562,147
nf4,English,102,125.14411926269531,80
nf4,English,103,67.9300537109375,44
nf4,English,104,69.859375,44
nf4,English,105,48.485015869140625,48
nf4,English,106,89.68505096435547,92
nf4,English,107,74.93768310546875,82
nf4,English,108,247.03555297851562,290
nf4,English,109,172.73455810546875,192
nf4,English,110,111.50983428955078,112
nf4,English,111,90.13514709472656,120
nf4,English,112,115.45436096191406,105
nf4,English,113,80.65296173095703,62
nf4,English,114,253.62428283691406,252
nf4,English,115,157.84075927734375,137
nf4,English,116,209.14231872558594,212
nf4,English,117,126.77601623535156,146
nf4,English,118,58.078521728515625,44
nf4,English,119,298.8459777832031,286
nf4,English,120,168.69903564453125,143
nf4,English,121,193.1273193359375,169
nf4,English,122,88.52418518066406,86
nf4,English,123,54.94682312011719,46
nf4,English,124,100.53433227539062,69
nf4,English,125,97.42578125,102
nf4,English,126,101.02836608886719,94
nf4,English,127,72.71247863769531,88
nf4,English,128,131.06826782226562,94
nf4,English,129,107.92459106445312,121
nf4,English,130,140.2051544189453,140
nf4,English,131,90.11737060546875,99
nf4,English,132,127.00111389160156,126
nf4,English,133,138.8070068359375,134
nf4,English,134,219.57296752929688,274
nf4,English,135,285.4738464355469,327
nf4,English,136,123.89109802246094,119
nf4,English,137,81.08042907714844,105
nf4,English,138,184.0304718017578,218
nf4,English,139,139.34359741210938,137
nf4,English,140,134.2032470703125,123
nf4,English,141,156.81048583984375,180
nf4,English,142,200.9634246826172,246
nf4,English,143,129.53683471679688,145
nf4,English,144,81.92327117919922,83
nf4,English,145,192.13467407226562,253
nf4,English,146,97.63727569580078,100
nf4,English,147,257.24041748046875,331
nf4,English,148,116.10943603515625,112
nf4,English,149,190.7679443359375,239
nf4,English,150,126.65961456298828,110
nf4,English,151,132.65829467773438,158
nf4,English,152,71.59568786621094,57
nf4,English,153,152.46905517578125,150
nf4,English,154,147.897216796875,165
nf4,English,155,81.75133514404297,86
nf4,English,156,183.68331909179688,180
nf4,English,157,93.28605651855469,90
nf4,English,158,129.96572875976562,149
nf4,English,159,270.1318054199219,262
nf4,English,160,127.10926818847656,138
nf4,English,161,85.36873626708984,79
nf4,English,162,86.87191772460938,73
nf4,English,163,148.46383666992188,209
nf4,English,164,63.012813568115234,102
nf4,English,165,90.32879638671875,110
nf4,English,166,156.01126098632812,166
nf4,English,167,100.67210388183594,75
nf4,English,168,121.12712097167969,129
nf4,English,169,90.39519500732422,87
nf4,English,170,90.55104064941406,103
nf4,English,171,103.38477325439453,130
nf4,English,172,118.39430236816406,146
nf4,English,173,122.67982482910156,151
nf4,English,174,142.31895446777344,169
nf4,English,175,111.091796875,137
nf4,English,176,145.0050811767578,152
nf4,English,177,191.32583618164062,304
nf4,English,178,105.79006958007812,135
nf4,English,179,148.70901489257812,186
nf4,English,180,125.90206146240234,176
nf4,English,181,183.10690307617188,210
nf4,English,182,122.17233276367188,143
nf4,English,183,60.59550094604492,65
nf4,English,184,101.00288391113281,70
nf4,English,185,87.16648864746094,64
nf4,English,186,166.58514404296875,246
nf4,English,187,60.03118133544922,48
nf4,English,188,183.42665100097656,294
nf4,English,189,153.47280883789062,170
nf4,English,190,105.28620910644531,123
nf4,English,191,141.11834716796875,170
nf4,English,192,91.08204650878906,133
nf4,English,193,55.646636962890625,86
nf4,English,194,89.54098510742188,141
nf4,English,195,86.04955291748047,93
nf4,English,196,69.84030151367188,50
nf4,English,197,91.89429473876953,80
nf4,English,198,100.03276062011719,95
nf4,English,199,82.65447998046875,87
nf4,English,200,124.72108459472656,164
nf4,English,201,153.66738891601562,195
nf4,English,202,129.15994262695312,171
nf4,English,203,159.3619842529297,186
nf4,English,204,102.3217544555664,125
nf4,English,205,124.76485443115234,255
nf4,English,206,150.91636657714844,240
nf4,English,207,81.45805358886719,85
nf4,English,208,98.61550903320312,118
nf4,English,209,135.53903198242188,145
nf4,English,210,97.30806732177734,150
nf4,English,211,97.66014099121094,93
nf4,English,212,102.48495483398438,130
nf4,English,213,102.93050384521484,162
nf4,English,214,251.72512817382812,345
nf4,English,215,141.88787841796875,201
nf4,English,216,128.2293701171875,137
nf4,English,217,106.6283187866211,109
nf4,English,218,219.43057250976562,255
nf4,English,219,243.57614135742188,378
nf4,English,220,118.59751892089844,97
nf4,English,221,58.033477783203125,49
nf4,English,222,232.654052734375,312
nf4,English,223,170.7213134765625,242
nf4,English,224,60.43038558959961,54
nf4,English,225,113.4969482421875,151
nf4,English,226,155.3635711669922,124
nf4,English,227,114.39566802978516,67
nf4,English,228,161.762451171875,110
nf4,English,229,121.0699234008789,195
nf4,English,230,81.74215698242188,88
nf4,English,231,94.99370574951172,87
nf4,English,232,226.50320434570312,235
nf4,English,233,94.92271423339844,109
nf4,English,234,89.83273315429688,116
nf4,English,235,100.8436279296875,116
nf4,English,236,113.32748413085938,151
nf4,English,237,155.98394775390625,192
nf4,English,238,156.42433166503906,185
nf4,English,239,111.06797790527344,168
nf4,English,240,62.978084564208984,77
nf4,English,241,105.69483947753906,162
nf4,English,242,163.13714599609375,125
nf4,English,243,79.3531494140625,150
nf4,English,244,154.60260009765625,162
nf4,English,245,55.851097106933594,34
nf4,English,246,205.95950317382812,336
nf4,English,247,89.0633544921875,70
nf4,English,248,141.76605224609375,147
nf4,English,249,94.51583862304688,95
nf4,English,250,73.21589660644531,65
nf4,English,251,160.96080017089844,303
nf4,English,252,49.61158752441406,33
nf4,English,253,82.91682434082031,122
nf4,English,254,172.58773803710938,193
nf4,English,255,95.48817443847656,111
nf4,Hindi,0,174.2113037109375,135
nf4,Hindi,1,208.2641143798828,183
nf4,Hindi,2,96.82298278808594,69
nf4,Hindi,3,144.1192626953125,169
nf4,Hindi,4,150.0555419921875,140
nf4,Hindi,5,246.78160095214844,124
nf4,Hindi,6,161.1962890625,113
nf4,Hindi,7,121.34114074707031,62
nf4,Hindi,8,147.00938415527344,127
nf4,Hindi,9,73.97061157226562,50
nf4,Hindi,10,141.136474609375,94
nf4,Hindi,11,222.10723876953125,166
nf4,Hindi,12,121.03479766845703,119
nf4,Hindi,13,104.07133483886719,127
nf4,Hindi,14,277.195556640625,186
nf4,Hindi,15,265.64105224609375,179
nf4,Hindi,16,242.03305053710938,230
nf4,Hindi,17,136.0650634765625,99
nf4,Hindi,18,174.55096435546875,179
nf4,Hindi,19,398.007080078125,316
nf4,Hindi,20,132.10858154296875,110
nf4,Hindi,21,169.27890014648438,149
nf4,Hindi,22,80.97483825683594,78
nf4,Hindi,23,112.25425720214844,66
nf4,Hindi,24,99.44661712646484,75
nf4,Hindi,25,192.85589599609375,200
nf4,Hindi,26,106.55558013916016,123
nf4,Hindi,27,106.75006866455078,90
nf4,Hindi,28,132.23190307617188,62
nf4,Hindi,29,69.54972839355469,63
nf4,Hindi,30,119.18008422851562,90
nf4,Hindi,31,161.516357421875,110
nf4,Hindi,32,202.05160522460938,128
nf4,Hindi,33,168.71180725097656,135
nf4,Hindi,34,141.1786651611328,102
nf4,Hindi,35,191.15798950195312,139
nf4,Hindi,36,184.37762451171875,158
nf4,Hindi,37,153.81065368652344,133
nf4,Hindi,38,187.6763916015625,140
nf4,Hindi,39,113.810302734375,100
nf4,Hindi,40,107.1573486328125,122
nf4,Hindi,41,240.00689697265625,212
nf4,Hindi,42,82.03971862792969,92
nf4,Hindi,43,278.6466064453125,278
nf4,Hindi,44,224.81744384765625,206
nf4,Hindi,45,109.04618835449219,103
nf4,Hindi,46,99.99615478515625,80
nf4,Hindi,47,178.9151611328125,195
nf4,Hindi,48,148.6380157470703,107
nf4,Hindi,49,139.83665466308594,125
nf4,Hindi,50,199.2560577392578,130
nf4,Hindi,51,267.0372314453125,283
nf4,Hindi,52,146.53016662597656,144
nf4,Hindi,53,150.79092407226562,129
nf4,Hindi,54,197.9071807861328,197
nf4,Hindi,55,135.7661590576172,111
nf4,Hindi,56,309.3101806640625,267
nf4,Hindi,57,145.8677978515625,116
nf4,Hindi,58,180.9621124267578,152
nf4,Hindi,59,140.34140014648438,149
nf4,Hindi,60,279.85736083984375,281
nf4,Hindi,61,147.99111938476562,127
nf4,Hindi,62,127.52249145507812,92
nf4,Hindi,63,138.90847778320312,121
nf4,Hindi,64,273.140625,242
nf4,Hindi,65,137.55377197265625,119
nf4,Hindi,66,424.1158752441406,436
nf4,Hindi,67,188.88888549804688,252
nf4,Hindi,68,99.58035278320312,92
nf4,Hindi,69,216.55999755859375,301
nf4,Hindi,70,167.0641632080078,195
nf4,Hindi,71,351.907958984375,333
nf4,Hindi,72,260.9056396484375,230
nf4,Hindi,73,219.38003540039062,200
nf4,Hindi,74,296.1099853515625,235
nf4,Hindi,75,73.40750885009766,62
nf4,Hindi,76,97.72663116455078,75
nf4,Hindi,77,118.30622863769531,114
nf4,Hindi,78,311.6600646972656,326
nf4,Hindi,79,334.3427734375,396
nf4,Hindi,80,126.03346252441406,124
nf4,Hindi,81,149.2624969482422,142
nf4,Hindi,82,190.91806030273438,165
nf4,Hindi,83,242.60488891601562,223
nf4,Hindi,84,126.02430725097656,64
nf4,Hindi,85,323.2499084472656,314
nf4,Hindi,86,116.75213623046875,77
nf4,Hindi,87,82.93669128417969,55
nf4,Hindi,88,128.4591064453125,98
nf4,Hindi,89,156.1077423095703,131
nf4,Hindi,90,121.7437744140625,95
nf4,Hindi,91,83.45838165283203,108
nf4,Hindi,92,152.17562866210938,127
nf4,Hindi,93,161.8007354736328,134
nf4,Hindi,94,118.4715576171875,90
nf4,Hindi,95,137.21047973632812,123
nf4,Hindi,96,94.62958526611328,66
nf4,Hindi,97,235.5425262451172,164
nf4,Hindi,98,257.01348876953125,192
nf4,Hindi,99,224.27664184570312,188
nf4,Hindi,100,101.10475158691406,114
nf4,Hindi,101,272.86572265625,164
nf4,Hindi,102,131.69015502929688,81
nf4,Hindi,103,79.72980499267578,43
nf4,Hindi,104,96.053955078125,55
nf4,Hindi,105,66.93473815917969,44
nf4,Hindi,106,105.54344940185547,114
nf4,Hindi,107,83.92218780517578,63
nf4,Hindi,108,323.2359313964844,275
nf4,Hindi,109,200.01797485351562,191
nf4,Hindi,110,129.33261108398438,107
nf4,Hindi,111,115.108642578125,144
nf4,Hindi,112,119.20883178710938,96
nf4,Hindi,113,89.91375732421875,55
nf4,Hindi,114,310.639892578125,228
nf4,Hindi,115,191.05523681640625,120
nf4,Hindi,116,216.35733032226562,182
nf4,Hindi,117,227.715087890625,194
nf4,Hindi,118,85.77764129638672,51
nf4,Hindi,119,366.9727783203125,332
nf4,Hindi,120,197.68182373046875,159
nf4,Hindi,121,212.2953338623047,141
nf4,Hindi,122,116.97587585449219,73
nf4,Hindi,123,89.38165283203125,72
nf4,Hindi,124,109.73960876464844,82
nf4,Hindi,125,148.35125732421875,92
nf4,Hindi,126,144.75439453125,103
nf4,Hindi,127,90.22030639648438,86
nf4,Hindi,128,163.0513916015625,103
nf4,Hindi,129,155.35470581054688,120
nf4,Hindi,130,188.90847778320312,149
nf4,Hindi,131,140.6967010498047,82
nf4,Hindi,132,152.0577392578125,114
nf4,Hindi,133,207.33914184570312,179
nf4,Hindi,134,217.4418182373047,259
nf4,Hindi,135,334.57763671875,292
nf4,Hindi,136,167.37457275390625,124
nf4,Hindi,137,97.15264892578125,93
nf4,Hindi,138,223.19564819335938,205
nf4,Hindi,139,126.94406127929688,148
nf4,Hindi,140,167.37521362304688,115
nf4,Hindi,141,177.7287139892578,154
nf4,Hindi,142,237.52828979492188,267
nf4,Hindi,143,165.9793701171875,161
nf4,Hindi,144,115.23979949951172,89
nf4,Hindi,145,254.35574340820312,278
nf4,Hindi,146,114.99778747558594,102
nf4,Hindi,147,283.4537353515625,289
nf4,Hindi,148,136.70343017578125,119
nf4,Hindi,149,213.04476928710938,207
nf4,Hindi,150,182.89215087890625,122
nf4,Hindi,151,162.59921264648438,135
nf4,Hindi,152,133.011962890625,78
nf4,Hindi,153,262.892333984375,155
nf4,Hindi,154,171.24456787109375,173
nf4,Hindi,155,83.54439544677734,81
nf4,Hindi,156,206.3811798095703,185
nf4,Hindi,157,102.85160827636719,97
nf4,Hindi,158,172.9432373046875,150
nf4,Hindi,159,321.9164733886719,247
nf4,Hindi,160,178.03713989257812,161
nf4,Hindi,161,94.2043685913086,71
nf4,Hindi,162,137.8536376953125,99
nf4,Hindi,163,168.12954711914062,187
nf4,Hindi,164,100.32268524169922,97
nf4,Hindi,165,105.822998046875,100
nf4,Hindi,166,173.5747833251953,164
nf4,Hindi,167,153.5856475830078,84
nf4,Hindi,168,148.03411865234375,120
nf4,Hindi,169,95.22111511230469,70
nf4,Hindi,170,115.16807556152344,92
nf4,Hindi,171,165.32496643066406,131
nf4,Hindi,172,193.23875427246094,158
nf4,Hindi,173,182.43052673339844,146
nf4,Hindi,174,183.7418212890625,183
nf4,Hindi,175,143.77972412109375,131
nf4,Hindi,176,195.80523681640625,159
nf4,Hindi,177,313.0918884277344,325
nf4,Hindi,178,152.13363647460938,139
nf4,Hindi,179,267.8779296875,229
nf4,Hindi,180,193.14041137695312,164
nf4,Hindi,181,264.89898681640625,207
nf4,Hindi,182,152.8163604736328,148
nf4,Hindi,183,74.86361694335938,74
nf4,Hindi,184,125.77597045898438,64
nf4,Hindi,185,102.10252380371094,68
nf4,Hindi,186,248.709716796875,243
nf4,Hindi,187,64.940185546875,54
nf4,Hindi,188,303.0958557128906,259
nf4,Hindi,189,175.9320068359375,151
nf4,Hindi,190,105.91068267822266,111
nf4,Hindi,191,201.9893798828125,183
nf4,Hindi,192,131.85433959960938,110
nf4,Hindi,193,93.79480743408203,68
nf4,Hindi,194,140.38333129882812,143
nf4,Hindi,195,136.81484985351562,78
nf4,Hindi,196,75.40665435791016,42
nf4,Hindi,197,149.0841827392578,134
nf4,Hindi,198,125.16068267822266,89
nf4,Hindi,199,93.95814514160156,63
nf4,Hindi,200,151.266845703125,147
nf4,Hindi,201,195.609619140625,171
nf4,Hindi,202,158.77407836914062,162
nf4,Hindi,203,214.8180389404297,177
nf4,Hindi,204,119.02002716064453,115
nf4,Hindi,205,241.49923706054688,221
nf4,Hindi,206,171.72499084472656,212
nf4,Hindi,207,79.96685028076172,67
nf4,Hindi,208,135.3040313720703,137
nf4,Hindi,209,150.03280639648438,159
nf4,Hindi,210,115.57499694824219,166
nf4,Hindi,211,142.88143920898438,98
nf4,Hindi,212,124.82730865478516,129
nf4,Hindi,213,150.9527587890625,169
nf4,Hindi,214,370.88604736328125,380
nf4,Hindi,215,183.11114501953125,159
nf4,Hindi,216,153.2608642578125,136
nf4,Hindi,217,131.20947265625,118
nf4,Hindi,218,288.1065673828125,285
nf4,Hindi,219,321.2720947265625,342
nf4,Hindi,220,170.6348419189453,137
nf4,Hindi,221,74.65798950195312,46
nf4,Hindi,222,226.4271697998047,266
nf4,Hindi,223,214.0646209716797,185
nf4,Hindi,224,63.50150680541992,57
nf4,Hindi,225,128.64280700683594,132
nf4,Hindi,226,173.41812133789062,116
nf4,Hindi,227,108.10267639160156,97
nf4,Hindi,228,160.68890380859375,107
nf4,Hindi,229,165.55081176757812,167
nf4,Hindi,230,105.04369354248047,86
nf4,Hindi,231,101.74888610839844,79
nf4,Hindi,232,227.577880859375,185
nf4,Hindi,233,119.67444610595703,108
nf4,Hindi,234,93.8125,101
nf4,Hindi,235,96.00070190429688,97
nf4,Hindi,236,149.19943237304688,135
nf4,Hindi,237,171.28753662109375,179
nf4,Hindi,238,255.97772216796875,234
nf4,Hindi,239,160.03955078125,185
nf4,Hindi,240,76.86109924316406,85
nf4,Hindi,241,132.91946411132812,162
nf4,Hindi,242,143.66253662109375,119
nf4,Hindi,243,165.05247497558594,142
nf4,Hindi,244,175.57464599609375,148
nf4,Hindi,245,61.741458892822266,34
nf4,Hindi,246,246.7418670654297,250
nf4,Hindi,247,87.27055358886719,64
nf4,Hindi,248,169.71827697753906,123
nf4,Hindi,249,122.23369598388672,120
nf4,Hindi,250,107.31034851074219,61
nf4,Hindi,251,268.8763427734375,294
nf4,Hindi,252,54.59637451171875,44
nf4,Hindi,253,133.61587524414062,108
nf4,Hindi,254,268.5979309082031,202
nf4,Hindi,255,117.07501983642578,103
nf4,Bengali,0,414.47198486328125,161
nf4,Bengali,1,467.3956298828125,169
nf4,Bengali,2,178.2642822265625,57
nf4,Bengali,3,306.04168701171875,152
nf4,Bengali,4,394.9913330078125,148
nf4,Bengali,5,484.6157531738281,170
nf4,Bengali,6,234.3721466064453,102
nf4,Bengali,7,193.66656494140625,54
nf4,Bengali,8,358.1856689453125,122
nf4,Bengali,9,126.97140502929688,47
nf4,Bengali,10,201.1632080078125,92
nf4,Bengali,11,439.05108642578125,155
nf4,Bengali,12,176.90155029296875,80
nf4,Bengali,13,269.9501647949219,107
nf4,Bengali,14,419.1939697265625,179
nf4,Bengali,15,537.97607421875,227
nf4,Bengali,16,432.0401916503906,215
nf4,Bengali,17,310.6539001464844,99
nf4,Bengali,18,387.66619873046875,136
nf4,Bengali,19,640.7261962890625,272
nf4,Bengali,20,231.0220947265625,97
nf4,Bengali,21,351.49859619140625,131
nf4,Bengali,22,140.70240783691406,72
nf4,Bengali,23,172.92886352539062,70
nf4,Bengali,24,201.0247802734375,71
nf4,Bengali,25,457.14007568359375,163
nf4,Bengali,26,319.19232177734375,111
nf4,Bengali,27,160.52056884765625,69
nf4,Bengali,28,251.6032257080078,75
nf4,Bengali,29,115.20759582519531,48
nf4,Bengali,30,228.43524169921875,82
nf4,Bengali,31,297.5486145019531,98
nf4,Bengali,32,264.07183837890625,127
nf4,Bengali,33,320.2394714355469,138
nf4,Bengali,34,212.55780029296875,90
nf4,Bengali,35,309.6441955566406,116
nf4,Bengali,36,478.06512451171875,166
nf4,Bengali,37,304.97943115234375,98
nf4,Bengali,38,292.5860290527344,130
nf4,Bengali,39,147.26193237304688,66
nf4,Bengali,40,207.4708251953125,105
nf4,Bengali,41,505.80047607421875,214
nf4,Bengali,42,198.3740234375,89
nf4,Bengali,43,434.15057373046875,241
nf4,Bengali,44,405.11407470703125,181
nf4,Bengali,45,210.17233276367188,78
nf4,Bengali,46,196.9383544921875,81
nf4,Bengali,47,356.1373291015625,156
nf4,Bengali,48,307.6842041015625,125
nf4,Bengali,49,340.83868408203125,129
nf4,Bengali,50,227.89605712890625,95
nf4,Bengali,51,429.85369873046875,263
nf4,Bengali,52,350.4977722167969,147
nf4,Bengali,53,277.978271484375,142
nf4,Bengali,54,369.77337646484375,195
nf4,Bengali,55,250.86048889160156,123
nf4,Bengali,56,454.35894775390625,221
nf4,Bengali,57,263.9591979980469,129
nf4,Bengali,58,351.4091796875,156
nf4,Bengali,59,401.3061218261719,180
nf4,Bengali,60,463.572265625,255
nf4,Bengali,61,232.9878387451172,112
nf4,Bengali,62,230.41944885253906,83
nf4,Bengali,63,277.45635986328125,109
nf4,Bengali,64,494.66131591796875,243
nf4,Bengali,65,207.52633666992188,85
nf4,Bengali,66,1005.507080078125,489
nf4,Bengali,67,423.60809326171875,208
nf4,Bengali,68,207.29920959472656,80
nf4,Bengali,69,493.51708984375,283
nf4,Bengali,70,385.62396240234375,168
nf4,Bengali,71,759.6484985351562,322
nf4,Bengali,72,504.025390625,226
nf4,Bengali,73,349.94329833984375,142
nf4,Bengali,74,473.3175048828125,216
nf4,Bengali,75,131.76284790039062,47
nf4,Bengali,76,152.5556640625,64
nf4,Bengali,77,235.88836669921875,87
nf4,Bengali,78,688.4057006835938,302
nf4,Bengali,79,620.177490234375,343
nf4,Bengali,80,322.2681884765625,139
nf4,Bengali,81,349.7059326171875,114
nf4,Bengali,82,380.2984619140625,140
nf4,Bengali,83,400.1555480957031,171
nf4,Bengali,84,181.97998046875,73
nf4,Bengali,85,622.79345703125,312
nf4,Bengali,86,214.08331298828125,82
nf4,Bengali,87,123.1031265258789,47
nf4,Bengali,88,223.31956481933594,91
nf4,Bengali,89,259.25958251953125,108
nf4,Bengali,90,185.39114379882812,73
nf4,Bengali,91,182.4110107421875,101
nf4,Bengali,92,230.40835571289062,102
nf4,Bengali,93,361.853515625,133
nf4,Bengali,94,192.96717834472656,76
nf4,Bengali,95,288.17657470703125,113
nf4,Bengali,96,159.0459442138672,69
nf4,Bengali,97,424.4246520996094,169
nf4,Bengali,98,421.79644775390625,182
nf4,Bengali,99,420.8396301269531,159
nf4,Bengali,100,217.20570373535156,80
nf4,Bengali,101,422.8714599609375,145
nf4,Bengali,102,197.28225708007812,79
nf4,Bengali,103,137.22085571289062,49
nf4,Bengali,104,154.6859130859375,49
nf4,Bengali,105,102.78749084472656,37
nf4,Bengali,106,194.67474365234375,91
nf4,Bengali,107,175.55596923828125,62
nf4,Bengali,108,576.22412109375,270
nf4,Bengali,109,357.34393310546875,153
nf4,Bengali,110,270.6847839355469,108
nf4,Bengali,111,192.03857421875,109
nf4,Bengali,112,264.33734130859375,87
nf4,Bengali,113,121.48534393310547,61
nf4,Bengali,114,422.2540588378906,213
nf4,Bengali,115,346.0179443359375,132
nf4,Bengali,116,454.0308532714844,189
nf4,Bengali,117,324.73687744140625,149
nf4,Bengali,118,134.561279296875,42
nf4,Bengali,119,580.3295288085938,250
nf4,Bengali,120,406.97808837890625,170
nf4,Bengali,121,418.7179870605469,140
nf4,Bengali,122,196.6794891357422,74
nf4,Bengali,123,133.62673950195312,49
nf4,Bengali,124,162.27764892578125,77
nf4,Bengali,125,236.85601806640625,92
nf4,Bengali,126,219.69451904296875,106
nf4,Bengali,127,227.91973876953125,72
nf4,Bengali,128,318.6796875,113
nf4,Bengali,129,242.0404052734375,121
nf4,Bengali,130,425.66937255859375,158
nf4,Bengali,131,199.0594482421875,86
nf4,Bengali,132,349.0367431640625,121
nf4,Bengali,133,428.5369873046875,169
nf4,Bengali,134,539.3349609375,238
nf4,Bengali,135,604.5791625976562,273
nf4,Bengali,136,331.2000427246094,134
nf4,Bengali,137,249.0482635498047,92
nf4,Bengali,138,435.244873046875,220
nf4,Bengali,139,328.8177490234375,140
nf4,Bengali,140,302.63580322265625,114
nf4,Bengali,141,350.10748291015625,160
nf4,Bengali,142,489.2205505371094,224
nf4,Bengali,143,299.1875305175781,143
nf4,Bengali,144,171.97459411621094,74
nf4,Bengali,145,489.0801086425781,253
nf4,Bengali,146,239.0116729736328,112
nf4,Bengali,147,599.3331909179688,301
nf4,Bengali,148,275.42120361328125,98
nf4,Bengali,149,400.3192138671875,213
nf4,Bengali,150,251.21273803710938,107
nf4,Bengali,151,338.20367431640625,134
nf4,Bengali,152,189.04708862304688,68
nf4,Bengali,153,411.6925048828125,147
nf4,Bengali,154,341.804931640625,157
nf4,Bengali,155,232.26632690429688,94
nf4,Bengali,156,409.0676574707031,207
nf4,Bengali,157,180.45455932617188,89
nf4,Bengali,158,314.66131591796875,160
nf4,Bengali,159,577.2860107421875,265
nf4,Bengali,160,282.78448486328125,129
nf4,Bengali,161,147.67922973632812,75
nf4,Bengali,162,239.3715057373047,72
nf4,Bengali,163,514.6893310546875,181
nf4,Bengali,164,218.35977172851562,109
nf4,Bengali,165,258.55963134765625,100
nf4,Bengali,166,270.28411865234375,129
nf4,Bengali,167,180.65269470214844,60
nf4,Bengali,168,404.40484619140625,137
nf4,Bengali,169,158.43467712402344,72
nf4,Bengali,170,286.878173828125,82
nf4,Bengali,171,265.66082763671875,129
nf4,Bengali,172,304.557861328125,133
nf4,Bengali,173,344.23309326171875,162
nf4,Bengali,174,283.605224609375,159
nf4,Bengali,175,316.11688232421875,118
nf4,Bengali,176,333.641357421875,122
nf4,Bengali,177,778.614501953125,295
nf4,Bengali,178,323.2410888671875,135
nf4,Bengali,179,443.1839599609375,162
nf4,Bengali,180,518.2362060546875,180
nf4,Bengali,181,474.6605224609375,193
nf4,Bengali,182,335.106201171875,118
nf4,Bengali,183,226.92652893066406,65
nf4,Bengali,184,212.415283203125,64
nf4,Bengali,185,176.62393188476562,80
nf4,Bengali,186,487.9032287597656,237
nf4,Bengali,187,124.54627990722656,53
nf4,Bengali,188,486.29962158203125,237
nf4,Bengali,189,330.7226257324219,172
nf4,Bengali,190,267.0798034667969,106
nf4,Bengali,191,411.3866271972656,154
nf4,Bengali,192,260.47271728515625,102
nf4,Bengali,193,243.55722045898438,80
nf4,Bengali,194,352.65283203125,135
nf4,Bengali,195,185.84359741210938,71
nf4,Bengali,196,130.3778076171875,44
nf4,Bengali,197,225.20391845703125,87
nf4,Bengali,198,224.3183135986328,81
nf4,Bengali,199,171.2060089111328,60
nf4,Bengali,200,247.538818359375,162
nf4,Bengali,201,287.1855773925781,154
nf4,Bengali,202,354.46826171875,164
nf4,Bengali,203,384.06402587890625,186
nf4,Bengali,204,316.33453369140625,148
nf4,Bengali,205,521.10205078125,239
nf4,Bengali,206,345.5028076171875,196
nf4,Bengali,207,139.29605102539062,79
nf4,Bengali,208,243.3388671875,110
nf4,Bengali,209,287.1548767089844,141
nf4,Bengali,210,364.23828125,126
nf4,Bengali,211,171.27330017089844,76
nf4,Bengali,212,223.72911071777344,99
nf4,Bengali,213,308.8292236328125,145
nf4,Bengali,214,829.2918701171875,335
nf4,Bengali,215,338.39990234375,168
nf4,Bengali,216,305.4321594238281,112
nf4,Bengali,217,224.03570556640625,101
nf4,Bengali,218,534.085205078125,276
nf4,Bengali,219,658.4854125976562,317
nf4,Bengali,220,266.42919921875,101
nf4,Bengali,221,117.02926635742188,43
nf4,Bengali,222,528.0537109375,263
nf4,Bengali,223,387.16015625,196
nf4,Bengali,224,116.5492935180664,43
nf4,Bengali,225,327.18157958984375,145
nf4,Bengali,226,312.1707458496094,154
nf4,Bengali,227,210.29281616210938,95
nf4,Bengali,228,352.1200256347656,117
nf4,Bengali,229,280.60931396484375,138
nf4,Bengali,230,172.37977600097656,75
nf4,Bengali,231,164.94866943359375,75
nf4,Bengali,232,413.24493408203125,221
nf4,Bengali,233,224.73031616210938,97
nf4,Bengali,234,234.13595581054688,90
nf4,Bengali,235,209.09971618652344,100
nf4,Bengali,236,313.2655334472656,137
nf4,Bengali,237,400.00543212890625,208
nf4,Bengali,238,409.91827392578125,184
nf4,Bengali,239,384.95782470703125,175
nf4,Bengali,240,218.65045166015625,81
nf4,Bengali,241,275.0962219238281,163
nf4,Bengali,242,405.8916015625,123
nf4,Bengali,243,326.1033935546875,130
nf4,Bengali,244,376.4237060546875,149
nf4,Bengali,245,115.21619415283203,34
nf4,Bengali,246,469.29315185546875,265
nf4,Bengali,247,175.75363159179688,51
nf4,Bengali,248,350.58099365234375,146
nf4,Bengali,249,245.2575225830078,110
nf4,Bengali,250,153.63058471679688,61
nf4,Bengali,251,553.6949462890625,295
nf4,Bengali,252,90.73381042480469,41
nf4,Bengali,253,269.78265380859375,113
nf4,Bengali,254,486.408203125,212
nf4,Bengali,255,213.577392578125,99
nf4,Marathi,0,307.51666259765625,143
nf4,Marathi,1,371.11248779296875,178
nf4,Marathi,2,155.00912475585938,67
nf4,Marathi,3,344.63751220703125,149
nf4,Marathi,4,313.5683898925781,133
nf4,Marathi,5,378.7796630859375,156
nf4,Marathi,6,254.8642578125,109
nf4,Marathi,7,183.08876037597656,66
nf4,Marathi,8,287.4764404296875,145
nf4,Marathi,9,145.3288116455078,54
nf4,Marathi,10,209.47793579101562,97
nf4,Marathi,11,379.6040344238281,142
nf4,Marathi,12,195.42938232421875,101
nf4,Marathi,13,253.83709716796875,129
nf4,Marathi,14,420.5898742675781,194
nf4,Marathi,15,399.73846435546875,180
nf4,Marathi,16,472.02435302734375,215
nf4,Marathi,17,252.4811553955078,117
nf4,Marathi,18,298.9605407714844,133
nf4,Marathi,19,645.704833984375,318
nf4,Marathi,20,202.9566192626953,91
nf4,Marathi,21,337.095458984375,181
nf4,Marathi,22,180.02474975585938,90
nf4,Marathi,23,153.32142639160156,71
nf4,Marathi,24,166.3294677734375,63
nf4,Marathi,25,368.55621337890625,204
nf4,Marathi,26,252.07052612304688,128
nf4,Marathi,27,138.1251678466797,63
nf4,Marathi,28,210.06893920898438,72
nf4,Marathi,29,130.0437774658203,41
nf4,Marathi,30,194.94876098632812,104
nf4,Marathi,31,249.1298065185547,113
nf4,Marathi,32,252.82275390625,98
nf4,Marathi,33,298.70477294921875,150
nf4,Marathi,34,266.9747009277344,108
nf4,Marathi,35,311.5573425292969,125
nf4,Marathi,36,348.9263916015625,163
nf4,Marathi,37,229.3037109375,125
nf4,Marathi,38,251.0685272216797,120
nf4,Marathi,39,183.80441284179688,69
nf4,Marathi,40,243.62600708007812,120
nf4,Marathi,41,529.78955078125,255
nf4,Marathi,42,171.25271606445312,83
nf4,Marathi,43,504.79290771484375,252
nf4,Marathi,44,405.12701416015625,179
nf4,Marathi,45,203.12437438964844,85
nf4,Marathi,46,210.4773712158203,87
nf4,Marathi,47,334.511474609375,187
nf4,Marathi,48,235.96214294433594,113
nf4,Marathi,49,271.6099548339844,142
nf4,Marathi,50,253.19920349121094,132
nf4,Marathi,51,444.562255859375,255
nf4,Marathi,52,287.49615478515625,166
nf4,Marathi,53,295.1004333496094,183
nf4,Marathi,54,310.2305603027344,210
nf4,Marathi,55,225.04522705078125,107
nf4,Marathi,56,497.4788818359375,288
nf4,Marathi,57,263.6063232421875,136
nf4,Marathi,58,347.93707275390625,192
nf4,Marathi,59,323.4121398925781,157
nf4,Marathi,60,509.9320373535156,335
nf4,Marathi,61,220.19033813476562,124
nf4,Marathi,62,222.47654724121094,99
nf4,Marathi,63,213.96571350097656,115
nf4,Marathi,64,534.23583984375,260
nf4,Marathi,65,159.75979614257812,113
nf4,Marathi,66,888.97265625,505
nf4,Marathi,67,402.3433837890625,198
nf4,Marathi,68,192.31741333007812,81
nf4,Marathi,69,569.391845703125,362
nf4,Marathi,70,292.6795654296875,186
nf4,Marathi,71,757.453125,380
nf4,Marathi,72,393.8384094238281,263
nf4,Marathi,73,379.3991394042969,164
nf4,Marathi,74,548.1162109375,318
nf4,Marathi,75,120.55001068115234,54
nf4,Marathi,76,162.32965087890625,82
nf4,Marathi,77,178.54409790039062,105
nf4,Marathi,78,768.4661865234375,322
nf4,Marathi,79,719.8763427734375,387
nf4,Marathi,80,259.021484375,146
nf4,Marathi,81,269.5880126953125,117
nf4,Marathi,82,304.8021240234375,143
nf4,Marathi,83,477.98443603515625,215
nf4,Marathi,84,155.07424926757812,64
nf4,Marathi,85,683.8486328125,292
nf4,Marathi,86,190.6943359375,74
nf4,Marathi,87,145.64569091796875,49
nf4,Marathi,88,264.236328125,113
nf4,Marathi,89,269.6830749511719,113
nf4,Marathi,90,188.1208038330078,97
nf4,Marathi,91,205.51458740234375,106
nf4,Marathi,92,303.7155456542969,159
nf4,Marathi,93,252.61865234375,121
nf4,Marathi,94,238.99606323242188,103
nf4,Marathi,95,220.67416381835938,126
nf4,Marathi,96,162.62362670898438,71
nf4,Marathi,97,405.4969177246094,174
nf4,Marathi,98,451.16802978515625,233
nf4,Marathi,99,367.2334289550781,162
nf4,Marathi,100,186.2432098388672,102
nf4,Marathi,101,375.9467468261719,174
nf4,Marathi,102,214.719970703125,91
nf4,Marathi,103,117.62950134277344,44
nf4,Marathi,104,116.43907165527344,49
nf4,Marathi,105,80.16036224365234,27
nf4,Marathi,106,199.77154541015625,86
nf4,Marathi,107,163.67462158203125,63
nf4,Marathi,108,613.07958984375,313
nf4,Marathi,109,407.35400390625,224
nf4,Marathi,110,194.20675659179688,95
nf4,Marathi,111,261.25042724609375,132
nf4,Marathi,112,205.92138671875,96
nf4,Marathi,113,189.86329650878906,64
nf4,Marathi,114,548.589599609375,261
nf4,Marathi,115,269.7735595703125,121
nf4,Marathi,116,376.9453125,211
nf4,Marathi,117,366.8741149902344,199
nf4,Marathi,118,150.3643798828125,42
nf4,Marathi,119,508.1175537109375,266
nf4,Marathi,120,292.2898254394531,160
nf4,Marathi,121,371.89337158203125,180
nf4,Marathi,122,185.81427001953125,86
nf4,Marathi,123,89.94332885742188,35
nf4,Marathi,124,169.36158752441406,70
nf4,Marathi,125,232.92523193359375,109
nf4,Marathi,126,278.2848815917969,104
nf4,Marathi,127,179.86782836914062,101
nf4,Marathi,128,287.9869384765625,99
nf4,Marathi,129,226.18081665039062,103
nf4,Marathi,130,320.8617858886719,141
nf4,Marathi,131,205.65066528320312,92
nf4,Marathi,132,320.220947265625,129
nf4,Marathi,133,338.0306396484375,193
nf4,Marathi,134,482.59246826171875,273
nf4,Marathi,135,565.2301025390625,301
nf4,Marathi,136,258.3359069824219,131
nf4,Marathi,137,203.21923828125,106
nf4,Marathi,138,420.6244201660156,237
nf4,Marathi,139,280.6641845703125,141
nf4,Marathi,140,273.57122802734375,139
nf4,Marathi,141,319.8941650390625,173
nf4,Marathi,142,437.2745056152344,241
nf4,Marathi,143,313.6637878417969,145
nf4,Marathi,144,188.67115783691406,64
nf4,Marathi,145,445.6405944824219,262
nf4,Marathi,146,209.0418243408203,104
nf4,Marathi,147,529.2340698242188,297
nf4,Marathi,148,200.39752197265625,86
nf4,Marathi,149,392.51373291015625,218
nf4,Marathi,150,228.11529541015625,118
nf4,Marathi,151,299.42974853515625,129
nf4,Marathi,152,172.6488037109375,80
nf4,Marathi,153,358.1957702636719,160
nf4,Marathi,154,341.4469299316406,183
nf4,Marathi,155,193.73635864257812,85
nf4,Marathi,156,359.096923828125,187
nf4,Marathi,157,186.185302734375,108
nf4,Marathi,158,344.30609130859375,175
nf4,Marathi,159,558.15185546875,278
nf4,Marathi,160,305.9326171875,142
nf4,Marathi,161,174.48455810546875,66
nf4,Marathi,162,176.5206298828125,82
nf4,Marathi,163,399.4121398925781,193
nf4,Marathi,164,190.87879943847656,86
nf4,Marathi,165,235.1776123046875,113
nf4,Marathi,166,256.50244140625,161
nf4,Marathi,167,190.4813232421875,80
nf4,Marathi,168,266.7066955566406,129
nf4,Marathi,169,178.1321258544922,93
nf4,Marathi,170,208.6265869140625,96
nf4,Marathi,171,291.11334228515625,124
nf4,Marathi,172,286.4896240234375,127
nf4,Marathi,173,285.31146240234375,146
nf4,Marathi,174,347.9102783203125,158
nf4,Marathi,175,273.6011962890625,127
nf4,Marathi,176,311.7711181640625,157
nf4,Marathi,177,586.6529541015625,359
nf4,Marathi,178,312.259521484375,140
nf4,Marathi,179,436.1409606933594,184
nf4,Marathi,180,345.5441589355469,168
nf4,Marathi,181,369.3392639160156,196
nf4,Marathi,182,335.195556640625,137
nf4,Marathi,183,190.30352783203125,65
nf4,Marathi,184,148.30337524414062,71
nf4,Marathi,185,139.05343627929688,81
nf4,Marathi,186,492.53961181640625,269
nf4,Marathi,187,112.73168182373047,41
nf4,Marathi,188,477.73931884765625,249
nf4,Marathi,189,322.35400390625,173
nf4,Marathi,190,234.9481964111328,101
nf4,Marathi,191,335.76544189453125,179
nf4,Marathi,192,277.23333740234375,114
nf4,Marathi,193,198.84725952148438,68
nf4,Marathi,194,301.046630859375,143
nf4,Marathi,195,178.57958984375,75
nf4,Marathi,196,127.44465637207031,35
nf4,Marathi,197,181.00733947753906,86
nf4,Marathi,198,217.15611267089844,91
nf4,Marathi,199,186.43931579589844,69
nf4,Marathi,200,250.03274536132812,143
nf4,Marathi,201,412.55023193359375,199
nf4,Marathi,202,286.48529052734375,193
nf4,Marathi,203,312.52740478515625,196
nf4,Marathi,204,243.0469970703125,137
nf4,Marathi,205,477.785400390625,256
nf4,Marathi,206,386.79638671875,215
nf4,Marathi,207,133.7187042236328,67
nf4,Marathi,208,224.26559448242188,116
nf4,Marathi,209,321.8211669921875,148
nf4,Marathi,210,260.5767517089844,140
nf4,Marathi,211,207.99615478515625,80
nf4,Marathi,212,264.06793212890625,128
nf4,Marathi,213,309.88323974609375,165
nf4,Marathi,214,567.5879516601562,340
nf4,Marathi,215,298.14886474609375,149
nf4,Marathi,216,299.63531494140625,143
nf4,Marathi,217,179.0958709716797,101
nf4,Marathi,218,461.363037109375,306
nf4,Marathi,219,505.33001708984375,352
nf4,Marathi,220,233.99908447265625,123
nf4,Marathi,221,115.83282470703125,44
nf4,Marathi,222,462.20068359375,293
nf4,Marathi,223,356.72198486328125,208
nf4,Marathi,224,109.89775085449219,48
nf4,Marathi,225,283.8800354003906,160
nf4,Marathi,226,293.9962463378906,155
nf4,Marathi,227,187.69168090820312,99
nf4,Marathi,228,267.4091491699219,126
nf4,Marathi,229,291.0711364746094,188
nf4,Marathi,230,197.60598754882812,89
nf4,Marathi,231,139.88095092773438,61
nf4,Marathi,232,457.77972412109375,244
nf4,Marathi,233,201.59185791015625,111
nf4,Marathi,234,190.79498291015625,103
nf4,Marathi,235,221.35626220703125,100
nf4,Marathi,236,276.6814270019531,118
nf4,Marathi,237,440.1391906738281,207
nf4,Marathi,238,349.76116943359375,223
nf4,Marathi,239,249.12632751464844,150
nf4,Marathi,240,147.65252685546875,84
nf4,Marathi,241,243.70571899414062,158
nf4,Marathi,242,311.26922607421875,146
nf4,Marathi,243,288.00823974609375,142
nf4,Marathi,244,302.7779235839844,137
nf4,Marathi,245,96.44129943847656,29
nf4,Marathi,246,506.6439208984375,306
nf4,Marathi,247,116.17469024658203,52
nf4,Marathi,248,308.5257568359375,137
nf4,Marathi,249,231.7645721435547,102
nf4,Marathi,250,137.40362548828125,53
nf4,Marathi,251,530.1937866210938,250
nf4,Marathi,252,93.06570434570312,38
nf4,Marathi,253,243.90887451171875,113
nf4,Marathi,254,407.2015380859375,205
nf4,Marathi,255,186.6531982421875,106
nf4,Gujarati,0,402.2222595214844,130
nf4,Gujarati,1,541.9161376953125,159
nf4,Gujarati,2,187.8529052734375,53
nf4,Gujarati,3,389.81005859375,133
nf4,Gujarati,4,347.2904052734375,113
nf4,Gujarati,5,373.37347412109375,137
nf4,Gujarati,6,246.4619140625,82
nf4,Gujarati,7,150.61672973632812,45
nf4,Gujarati,8,336.69708251953125,114
nf4,Gujarati,9,141.45761108398438,44
nf4,Gujarati,10,285.9126281738281,91
nf4,Gujarati,11,457.92401123046875,149
nf4,Gujarati,12,299.037109375,89
nf4,Gujarati,13,309.593505859375,108
nf4,Gujarati,14,639.9337768554688,192
nf4,Gujarati,15,445.7382507324219,139
nf4,Gujarati,16,569.5762939453125,189
nf4,Gujarati,17,302.6795654296875,102
nf4,Gujarati,18,440.2425537109375,158
nf4,Gujarati,19,744.989501953125,277
nf4,Gujarati,20,307.7869873046875,90
nf4,Gujarati,21,408.6128845214844,132
nf4,Gujarati,22,213.10104370117188,73
nf4,Gujarati,23,253.53150939941406,72
nf4,Gujarati,24,205.06509399414062,69
nf4,Gujarati,25,522.718017578125,174
nf4,Gujarati,26,361.4045715332031,128
nf4,Gujarati,27,246.7885284423828,88
nf4,Gujarati,28,213.78460693359375,61
nf4,Gujarati,29,166.78138732910156,57
nf4,Gujarati,30,302.9391784667969,105
nf4,Gujarati,31,307.1606140136719,93
nf4,Gujarati,32,330.11834716796875,104
nf4,Gujarati,33,375.74761962890625,126
nf4,Gujarati,34,292.35662841796875,97
nf4,Gujarati,35,330.8261413574219,107
nf4,Gujarati,36,583.3143310546875,172
nf4,Gujarati,37,289.7635498046875,98
nf4,Gujarati,38,339.53857421875,114
nf4,Gujarati,39,221.4351348876953,72
nf4,Gujarati,40,315.7057189941406,111
nf4,Gujarati,41,700.3299560546875,262
nf4,Gujarati,42,258.1650390625,95
nf4,Gujarati,43,672.0463256835938,246
nf4,Gujarati,44,482.79229736328125,167
nf4,Gujarati,45,237.14199829101562,79
nf4,Gujarati,46,229.5686492919922,75
nf4,Gujarati,47,524.9000244140625,166
nf4,Gujarati,48,298.591796875,103
nf4,Gujarati,49,332.44659423828125,105
nf4,Gujarati,50,290.0325927734375,89
nf4,Gujarati,51,543.3400268554688,232
nf4,Gujarati,52,474.4421081542969,148
nf4,Gujarati,53,374.78436279296875,141
nf4,Gujarati,54,573.98876953125,197
nf4,Gujarati,55,361.92236328125,103
nf4,Gujarati,56,647.635498046875,249
nf4,Gujarati,57,387.6302795410156,108
nf4,Gujarati,58,417.7403564453125,149
nf4,Gujarati,59,424.0669250488281,158
nf4,Gujarati,60,673.037109375,283
nf4,Gujarati,61,344.59039306640625,127
nf4,Gujarati,62,260.2694091796875,83
nf4,Gujarati,63,331.56640625,116
nf4,Gujarati,64,614.0868530273438,213
nf4,Gujarati,65,256.5543212890625,103
nf4,Gujarati,66,1270.5313720703125,424
nf4,Gujarati,67,519.2931518554688,166
nf4,Gujarati,68,185.487060546875,59
nf4,Gujarati,69,710.513427734375,294
nf4,Gujarati,70,384.851806640625,145
nf4,Gujarati,71,757.8925170898438,281
nf4,Gujarati,72,736.2509765625,239
nf4,Gujarati,73,467.39215087890625,153
nf4,Gujarati,74,518.47607421875,198
nf4,Gujarati,75,178.1559600830078,48
nf4,Gujarati,76,257.3683166503906,78
nf4,Gujarati,77,251.15481567382812,88
nf4,Gujarati,78,943.2161254882812,302
nf4,Gujarati,79,985.8483276367188,366
nf4,Gujarati,80,367.2537841796875,143
nf4,Gujarati,81,355.4941711425781,122
nf4,Gujarati,82,404.574462890625,132
nf4,Gujarati,83,644.093017578125,233
nf4,Gujarati,84,210.40907287597656,65
nf4,Gujarati,85,758.355712890625,299
nf4,Gujarati,86,210.8076171875,58
nf4,Gujarati,87,197.16705322265625,62
nf4,Gujarati,88,273.2792663574219,86
nf4,Gujarati,89,369.42852783203125,121
nf4,Gujarati,90,272.62933349609375,86
nf4,Gujarati,91,294.0460510253906,95
nf4,Gujarati,92,346.7001647949219,116
nf4,Gujarati,93,317.64141845703125,116
nf4,Gujarati,94,263.0852966308594,80
nf4,Gujarati,95,356.0216064453125,120
nf4,Gujarati,96,227.82562255859375,69
nf4,Gujarati,97,448.96295166015625,152
nf4,Gujarati,98,535.7265625,202
nf4,Gujarati,99,515.5741577148438,168
nf4,Gujarati,100,288.6826171875,96
nf4,Gujarati,101,456.09368896484375,151
nf4,Gujarati,102,241.54562377929688,81
nf4,Gujarati,103,149.47943115234375,42
nf4,Gujarati,104,157.10958862304688,46
nf4,Gujarati,105,141.0464630126953,35
nf4,Gujarati,106,259.0946044921875,87
nf4,Gujarati,107,232.26763916015625,67
nf4,Gujarati,108,861.1065673828125,296
nf4,Gujarati,109,445.3199157714844,168
nf4,Gujarati,110,300.0987854003906,94
nf4,Gujarati,111,313.50909423828125,110
nf4,Gujarati,112,299.15618896484375,92
nf4,Gujarati,113,185.24417114257812,48
nf4,Gujarati,114,657.6327514648438,244
nf4,Gujarati,115,363.077880859375,117
nf4,Gujarati,116,491.53167724609375,192
nf4,Gujarati,117,380.2181701660156,131
nf4,Gujarati,118,174.63668823242188,47
nf4,Gujarati,119,744.942626953125,278
nf4,Gujarati,120,406.4140319824219,151
nf4,Gujarati,121,495.4950256347656,149
nf4,Gujarati,122,194.48350524902344,74
nf4,Gujarati,123,160.32542419433594,40
nf4,Gujarati,124,202.04124450683594,62
nf4,Gujarati,125,292.9451599121094,87
nf4,Gujarati,126,326.3784484863281,101
nf4,Gujarati,127,272.3154296875,85
nf4,Gujarati,128,358.5872497558594,106
nf4,Gujarati,129,336.4425354003906,103
nf4,Gujarati,130,447.7041015625,139
nf4,Gujarati,131,319.62261962890625,91
nf4,Gujarati,132,412.37506103515625,130
nf4,Gujarati,133,458.1697692871094,148
nf4,Gujarati,134,847.586669921875,283
nf4,Gujarati,135,736.5526123046875,238
nf4,Gujarati,136,363.4522705078125,116
nf4,Gujarati,137,271.56878662109375,91
nf4,Gujarati,138,654.578369140625,211
nf4,Gujarati,139,373.60247802734375,128
nf4,Gujarati,140,401.7251281738281,124
nf4,Gujarati,141,462.11895751953125,151
nf4,Gujarati,142,535.9539794921875,196
nf4,Gujarati,143,352.49560546875,129
nf4,Gujarati,144,261.6856689453125,81
nf4,Gujarati,145,684.193115234375,246
nf4,Gujarati,146,242.28591918945312,82
nf4,Gujarati,147,605.3739013671875,228
nf4,Gujarati,148,301.87396240234375,106
nf4,Gujarati,149,571.02978515625,182
nf4,Gujarati,150,329.080078125,114
nf4,Gujarati,151,422.15460205078125,145
nf4,Gujarati,152,188.978515625,59
nf4,Gujarati,153,366.46014404296875,131
nf4,Gujarati,154,390.7618713378906,149
nf4,Gujarati,155,298.5704650878906,81
nf4,Gujarati,156,490.2037048339844,157
nf4,Gujarati,157,283.3331604003906,101
nf4,Gujarati,158,511.2340087890625,159
nf4,Gujarati,159,698.171630859375,237
nf4,Gujarati,160,335.4279479980469,114
nf4,Gujarati,161,212.23597717285156,66
nf4,Gujarati,162,260.2514343261719,78
nf4,Gujarati,163,619.4536743164062,188
nf4,Gujarati,164,307.57330322265625,104
nf4,Gujarati,165,255.65594482421875,93
nf4,Gujarati,166,450.0228576660156,148
nf4,Gujarati,167,244.4785614013672,73
nf4,Gujarati,168,369.7793884277344,120
nf4,Gujarati,169,216.16476440429688,79
nf4,Gujarati,170,267.6689453125,89
nf4,Gujarati,171,386.3372802734375,139
nf4,Gujarati,172,344.630126953125,122
nf4,Gujarati,173,436.519287109375,146
nf4,Gujarati,174,449.1671142578125,149
nf4,Gujarati,175,383.3610534667969,120
nf4,Gujarati,176,419.63604736328125,152
nf4,Gujarati,177,817.51123046875,270
nf4,Gujarati,178,337.0863952636719,124
nf4,Gujarati,179,453.6216735839844,147
nf4,Gujarati,180,534.1077880859375,158
nf4,Gujarati,181,543.9210815429688,179
nf4,Gujarati,182,431.4819641113281,141
nf4,Gujarati,183,195.3686981201172,59
nf4,Gujarati,184,185.3407440185547,64
nf4,Gujarati,185,282.40020751953125,97
nf4,Gujarati,186,656.734619140625,239
nf4,Gujarati,187,147.87632751464844,43
nf4,Gujarati,188,654.2916259765625,233
nf4,Gujarati,189,429.2008056640625,171
nf4,Gujarati,190,302.2724914550781,116
nf4,Gujarati,191,472.5960693359375,157
nf4,Gujarati,192,333.3903503417969,99
nf4,Gujarati,193,281.864013671875,89
nf4,Gujarati,194,411.98431396484375,132
nf4,Gujarati,195,204.1927490234375,69
nf4,Gujarati,196,176.54791259765625,55
nf4,Gujarati,197,325.4886779785156,108
nf4,Gujarati,198,253.38339233398438,92
nf4,Gujarati,199,197.15475463867188,61
nf4,Gujarati,200,378.2767639160156,137
nf4,Gujarati,201,447.09051513671875,153
nf4,Gujarati,202,438.7510681152344,167
nf4,Gujarati,203,596.1927490234375,177
nf4,Gujarati,204,383.5595397949219,119
nf4,Gujarati,205,668.5394287109375,219
nf4,Gujarati,206,487.76202392578125,202
nf4,Gujarati,207,203.0624237060547,71
nf4,Gujarati,208,394.9198303222656,128
nf4,Gujarati,209,429.44415283203125,132
nf4,Gujarati,210,473.7839050292969,145
nf4,Gujarati,211,280.7449951171875,80
nf4,Gujarati,212,375.5638732910156,120
nf4,Gujarati,213,393.04803466796875,140
nf4,Gujarati,214,1035.9561767578125,390
nf4,Gujarati,215,498.18914794921875,187
nf4,Gujarati,216,349.69952392578125,109
nf4,Gujarati,217,331.8670349121094,127
nf4,Gujarati,218,690.9041137695312,273
nf4,Gujarati,219,738.2998046875,294
nf4,Gujarati,220,374.30169677734375,118
nf4,Gujarati,221,194.64996337890625,48
nf4,Gujarati,222,819.8629150390625,282
nf4,Gujarati,223,507.142333984375,173
nf4,Gujarati,224,155.12850952148438,52
nf4,Gujarati,225,351.3139953613281,127
nf4,Gujarati,226,404.5782470703125,113
nf4,Gujarati,227,278.5911560058594,97
nf4,Gujarati,228,386.8727722167969,107
nf4,Gujarati,229,383.09417724609375,147
nf4,Gujarati,230,228.5255584716797,79
nf4,Gujarati,231,202.77236938476562,66
nf4,Gujarati,232,514.439697265625,173
nf4,Gujarati,233,266.17254638671875,98
nf4,Gujarati,234,252.6646270751953,83
nf4,Gujarati,235,267.2004699707031,89
nf4,Gujarati,236,296.3145751953125,104
nf4,Gujarati,237,527.7642822265625,178
nf4,Gujarati,238,489.1077575683594,171
nf4,Gujarati,239,372.563720703125,143
nf4,Gujarati,240,220.18104553222656,73
nf4,Gujarati,241,405.73052978515625,158
nf4,Gujarati,242,367.8816833496094,112
nf4,Gujarati,243,504.00091552734375,152
nf4,Gujarati,244,436.0661315917969,132
nf4,Gujarati,245,137.44021606445312,34
nf4,Gujarati,246,695.9609985351562,279
nf4,Gujarati,247,156.53970336914062,50
nf4,Gujarati,248,377.71868896484375,131
nf4,Gujarati,249,233.49942016601562,83
nf4,Gujarati,250,206.49000549316406,62
nf4,Gujarati,251,829.2490234375,270
nf4,Gujarati,252,156.8920440673828,45
nf4,Gujarati,253,356.43621826171875,116
nf4,Gujarati,254,604.101318359375,198
nf4,Gujarati,255,233.21322631835938,91
nf4,Punjabi,0,460.7344665527344,140
nf4,Punjabi,1,519.3988647460938,167
nf4,Punjabi,2,214.11439514160156,71
nf4,Punjabi,3,395.66058349609375,134
nf4,Punjabi,4,372.3837585449219,122
nf4,Punjabi,5,428.7408752441406,141
nf4,Punjabi,6,259.307373046875,89
nf4,Punjabi,7,181.9014892578125,52
nf4,Punjabi,8,403.9424133300781,130
nf4,Punjabi,9,138.09771728515625,40
nf4,Punjabi,10,221.3177947998047,65
nf4,Punjabi,11,406.9559631347656,136
nf4,Punjabi,12,319.5216979980469,114
nf4,Punjabi,13,263.89300537109375,83
nf4,Punjabi,14,592.0458984375,180
nf4,Punjabi,15,461.28302001953125,157
nf4,Punjabi,16,577.5333251953125,200
nf4,Punjabi,17,286.37213134765625,98
nf4,Punjabi,18,467.6109619140625,168
nf4,Punjabi,19,761.058349609375,268
nf4,Punjabi,20,306.8677673339844,93
nf4,Punjabi,21,396.9425048828125,129
nf4,Punjabi,22,244.52706909179688,75
nf4,Punjabi,23,219.29730224609375,78
nf4,Punjabi,24,203.6527099609375,65
nf4,Punjabi,25,392.9378356933594,125
nf4,Punjabi,26,404.7906494140625,155
nf4,Punjabi,27,261.13677978515625,85
nf4,Punjabi,28,239.72824096679688,76
nf4,Punjabi,29,153.3776092529297,51
nf4,Punjabi,30,318.3265380859375,99
nf4,Punjabi,31,288.2183837890625,88
nf4,Punjabi,32,335.64605712890625,102
nf4,Punjabi,33,405.44293212890625,138
nf4,Punjabi,34,293.3241882324219,98
nf4,Punjabi,35,360.6737365722656,113
nf4,Punjabi,36,529.6463623046875,170
nf4,Punjabi,37,380.2342529296875,134
nf4,Punjabi,38,350.00140380859375,110
nf4,Punjabi,39,252.2479248046875,85
nf4,Punjabi,40,353.03436279296875,125
nf4,Punjabi,41,591.9369506835938,212
nf4,Punjabi,42,223.60137939453125,74
nf4,Punjabi,43,706.1913452148438,239
nf4,Punjabi,44,331.37518310546875,117
nf4,Punjabi,45,221.8626251220703,67
nf4,Punjabi,46,294.3184814453125,89
nf4,Punjabi,47,521.3281860351562,166
nf4,Punjabi,48,297.9332275390625,107
nf4,Punjabi,49,393.26153564453125,128
nf4,Punjabi,50,277.2140197753906,91
nf4,Punjabi,51,574.9561157226562,236
nf4,Punjabi,52,474.64935302734375,155
nf4,Punjabi,53,378.5947570800781,137
nf4,Punjabi,54,592.5225219726562,183
nf4,Punjabi,55,360.48431396484375,107
nf4,Punjabi,56,708.6959228515625,292
nf4,Punjabi,57,293.4458312988281,107
nf4,Punjabi,58,437.01666259765625,127
nf4,Punjabi,59,389.2553405761719,135
nf4,Punjabi,60,542.10546875,207
nf4,Punjabi,61,407.3345947265625,139
nf4,Punjabi,62,302.3663024902344,96
nf4,Punjabi,63,333.9150085449219,122
nf4,Punjabi,64,589.2415161132812,220
nf4,Punjabi,65,259.6163330078125,98
nf4,Punjabi,66,837.345458984375,291
nf4,Punjabi,67,368.7305908203125,187
nf4,Punjabi,68,203.66448974609375,68
nf4,Punjabi,69,688.3453369140625,273
nf4,Punjabi,70,402.7467956542969,150
nf4,Punjabi,71,703.947265625,230
nf4,Punjabi,72,690.4595947265625,229
nf4,Punjabi,73,387.113037109375,141
nf4,Punjabi,74,510.04736328125,176
nf4,Punjabi,75,189.33901977539062,61
nf4,Punjabi,76,253.5369110107422,74
nf4,Punjabi,77,214.44537353515625,70
nf4,Punjabi,78,848.4898681640625,288
nf4,Punjabi,79,943.129638671875,333
nf4,Punjabi,80,350.64825439453125,115
nf4,Punjabi,81,317.63818359375,108
nf4,Punjabi,82,405.1017150878906,133
nf4,Punjabi,83,617.82421875,236
nf4,Punjabi,84,196.49986267089844,49
nf4,Punjabi,85,745.631591796875,267
nf4,Punjabi,86,237.86770629882812,76
nf4,Punjabi,87,174.57220458984375,51
nf4,Punjabi,88,265.9533386230469,97
nf4,Punjabi,89,328.67169189453125,107
nf4,Punjabi,90,287.01568603515625,89
nf4,Punjabi,91,264.3961181640625,86
nf4,Punjabi,92,380.4162292480469,137
nf4,Punjabi,93,320.2789306640625,99
nf4,Punjabi,94,229.54884338378906,71
nf4,Punjabi,95,347.3095397949219,108
nf4,Punjabi,96,235.47991943359375,68
nf4,Punjabi,97,485.1735534667969,152
nf4,Punjabi,98,443.98529052734375,166
nf4,Punjabi,99,338.9578857421875,119
nf4,Punjabi,100,311.1087341308594,97
nf4,Punjabi,101,385.30096435546875,122
nf4,Punjabi,102,287.63885498046875,95
nf4,Punjabi,103,163.35037231445312,40
nf4,Punjabi,104,190.83929443359375,42
nf4,Punjabi,105,114.71577453613281,33
nf4,Punjabi,106,237.66864013671875,86
nf4,Punjabi,107,244.43203735351562,77
nf4,Punjabi,108,804.5687255859375,333
nf4,Punjabi,109,430.58013916015625,165
nf4,Punjabi,110,252.39651489257812,83
nf4,Punjabi,111,300.98541259765625,108
nf4,Punjabi,112,297.95684814453125,94
nf4,Punjabi,113,171.5669403076172,51
nf4,Punjabi,114,641.0689697265625,221
nf4,Punjabi,115,380.1461486816406,111
nf4,Punjabi,116,531.6182250976562,164
nf4,Punjabi,117,332.4256591796875,109
nf4,Punjabi,118,157.0853271484375,42
nf4,Punjabi,119,796.0415649414062,303
nf4,Punjabi,120,339.4967041015625,110
nf4,Punjabi,121,437.5176696777344,136
nf4,Punjabi,122,243.43017578125,89
nf4,Punjabi,123,157.3162841796875,55
nf4,Punjabi,124,238.57745361328125,71
nf4,Punjabi,125,372.3067321777344,122
nf4,Punjabi,126,360.26983642578125,112
nf4,Punjabi,127,266.80267333984375,76
nf4,Punjabi,128,262.906005859375,69
nf4,Punjabi,129,383.7412414550781,129
nf4,Punjabi,130,368.7674865722656,103
nf4,Punjabi,131,234.43128967285156,68
nf4,Punjabi,132,340.18084716796875,116
nf4,Punjabi,133,432.9665832519531,137
nf4,Punjabi,134,740.8892822265625,243
nf4,Punjabi,135,787.5728759765625,304
nf4,Punjabi,136,363.075439453125,112
nf4,Punjabi,137,277.2112121582031,80
nf4,Punjabi,138,581.8114013671875,198
nf4,Punjabi,139,400.0404357910156,131
nf4,Punjabi,140,371.8545837402344,114
nf4,Punjabi,141,369.86138916015625,125
nf4,Punjabi,142,563.7548217773438,190
nf4,Punjabi,143,472.4939880371094,151
nf4,Punjabi,144,179.02061462402344,46
nf4,Punjabi,145,637.157958984375,224
nf4,Punjabi,146,207.94140625,66
nf4,Punjabi,147,649.557373046875,243
nf4,Punjabi,148,327.412353515625,103
nf4,Punjabi,149,558.7794189453125,180
nf4,Punjabi,150,291.3705139160156,87
nf4,Punjabi,151,392.5066833496094,116
nf4,Punjabi,152,187.07040405273438,67
nf4,Punjabi,153,417.0079345703125,123
nf4,Punjabi,154,293.4305419921875,95
nf4,Punjabi,155,221.64254760742188,65
nf4,Punjabi,156,470.9272766113281,166
nf4,Punjabi,157,230.51084899902344,68
nf4,Punjabi,158,504.8548278808594,159
nf4,Punjabi,159,576.521728515625,205
nf4,Punjabi,160,394.9258728027344,147
nf4,Punjabi,161,257.7033386230469,69
nf4,Punjabi,162,254.97647094726562,76
nf4,Punjabi,163,553.7345581054688,174
nf4,Punjabi,164,269.2491149902344,89
nf4,Punjabi,165,292.33343505859375,101
nf4,Punjabi,166,363.6358642578125,130
nf4,Punjabi,167,243.36929321289062,66
nf4,Punjabi,168,353.5797119140625,111
nf4,Punjabi,169,222.48223876953125,71
nf4,Punjabi,170,288.9830322265625,90
nf4,Punjabi,171,367.348388671875,121
nf4,Punjabi,172,438.68646240234375,151
nf4,Punjabi,173,456.61138916015625,150
nf4,Punjabi,174,534.9263916015625,167
nf4,Punjabi,175,298.78131103515625,91
nf4,Punjabi,176,377.4296569824219,125
nf4,Punjabi,177,656.0830078125,227
nf4,Punjabi,178,370.9842834472656,140
nf4,Punjabi,179,467.853515625,168
nf4,Punjabi,180,579.6692504882812,163
nf4,Punjabi,181,631.1689453125,204
nf4,Punjabi,182,331.0682067871094,113
nf4,Punjabi,183,201.16358947753906,59
nf4,Punjabi,184,198.60671997070312,62
nf4,Punjabi,185,176.39697265625,62
nf4,Punjabi,186,649.9697875976562,220
nf4,Punjabi,187,144.69775390625,41
nf4,Punjabi,188,746.8792724609375,235
nf4,Punjabi,189,433.46856689453125,161
nf4,Punjabi,190,298.06231689453125,114
nf4,Punjabi,191,472.98553466796875,152
nf4,Punjabi,192,319.2732238769531,94
nf4,Punjabi,193,239.85073852539062,71
nf4,Punjabi,194,413.07098388671875,143
nf4,Punjabi,195,255.82794189453125,79
nf4,Punjabi,196,171.82095336914062,48
nf4,Punjabi,197,273.10626220703125,76
nf4,Punjabi,198,281.5139465332031,90
nf4,Punjabi,199,200.161865234375,70
nf4,Punjabi,200,411.1351318359375,138
nf4,Punjabi,201,474.58209228515625,150
nf4,Punjabi,202,457.57391357421875,163
nf4,Punjabi,203,442.5857238769531,153
nf4,Punjabi,204,332.136474609375,107
nf4,Punjabi,205,748.9375610351562,214
nf4,Punjabi,206,477.71856689453125,190
nf4,Punjabi,207,233.95797729492188,69
nf4,Punjabi,208,328.24737548828125,108
nf4,Punjabi,209,326.10150146484375,114
nf4,Punjabi,210,443.2000732421875,133
nf4,Punjabi,211,246.65097045898438,62
nf4,Punjabi,212,327.558837890625,105
nf4,Punjabi,213,372.7186279296875,141
nf4,Punjabi,214,895.5701904296875,320
nf4,Punjabi,215,359.22808837890625,124
nf4,Punjabi,216,334.87957763671875,105
nf4,Punjabi,217,274.626220703125,92
nf4,Punjabi,218,564.113037109375,253
nf4,Punjabi,219,640.989501953125,230
nf4,Punjabi,220,297.740478515625,100
nf4,Punjabi,221,145.08859252929688,50
nf4,Punjabi,222,683.3046875,246
nf4,Punjabi,223,504.4275207519531,185
nf4,Punjabi,224,178.80471801757812,51
nf4,Punjabi,225,424.6190490722656,164
nf4,Punjabi,226,373.6215515136719,110
nf4,Punjabi,227,250.97183227539062,76
nf4,Punjabi,228,375.6763000488281,116
nf4,Punjabi,229,457.4503173828125,153
nf4,Punjabi,230,244.16073608398438,84
nf4,Punjabi,231,168.5531005859375,56
nf4,Punjabi,232,548.827392578125,188
nf4,Punjabi,233,290.6298828125,101
nf4,Punjabi,234,270.99383544921875,89
nf4,Punjabi,235,299.38787841796875,90
nf4,Punjabi,236,375.540771484375,124
nf4,Punjabi,237,543.7138061523438,183
nf4,Punjabi,238,569.5938720703125,180
nf4,Punjabi,239,411.4998779296875,152
nf4,Punjabi,240,250.60888671875,78
nf4,Punjabi,241,414.138671875,142
nf4,Punjabi,242,279.39727783203125,93
nf4,Punjabi,243,401.67706298828125,145
nf4,Punjabi,244,372.4149169921875,124
nf4,Punjabi,245,139.21267700195312,30
nf4,Punjabi,246,711.9436645507812,289
nf4,Punjabi,247,155.49551391601562,44
nf4,Punjabi,248,387.6500244140625,137
nf4,Punjabi,249,276.0856628417969,91
nf4,Punjabi,250,222.2088623046875,60
nf4,Punjabi,251,704.8795166015625,262
nf4,Punjabi,252,166.8004608154297,48
nf4,Punjabi,253,373.0058288574219,116
nf4,Punjabi,254,613.3355712890625,224
nf4,Punjabi,255,242.12307739257812,85
nf4,Odia,0,558.4322509765625,171
nf4,Odia,1,571.1151123046875,177
nf4,Odia,2,238.8807373046875,71
nf4,Odia,3,422.97833251953125,141
nf4,Odia,4,426.05389404296875,132
nf4,Odia,5,459.665771484375,140
nf4,Odia,6,339.28070068359375,106
nf4,Odia,7,245.34877014160156,79
nf4,Odia,8,438.3559875488281,138
nf4,Odia,9,224.4067840576172,66
nf4,Odia,10,305.24188232421875,99
nf4,Odia,11,548.37158203125,168
nf4,Odia,12,367.3690185546875,109
nf4,Odia,13,361.06585693359375,125
nf4,Odia,14,675.1708374023438,205
nf4,Odia,15,634.2735595703125,204
nf4,Odia,16,728.57373046875,243
nf4,Odia,17,392.8843078613281,131
nf4,Odia,18,515.3016357421875,155
nf4,Odia,19,896.611328125,288
nf4,Odia,20,388.0092468261719,99
nf4,Odia,21,497.62481689453125,156
nf4,Odia,22,237.1136474609375,72
nf4,Odia,23,270.9819641113281,79
nf4,Odia,24,223.74224853515625,66
nf4,Odia,25,601.4461669921875,186
nf4,Odia,26,380.30804443359375,132
nf4,Odia,27,290.2739562988281,85
nf4,Odia,28,257.585205078125,73
nf4,Odia,29,182.16744995117188,58
nf4,Odia,30,332.02032470703125,96
nf4,Odia,31,379.4505310058594,122
nf4,Odia,32,418.0345458984375,130
nf4,Odia,33,543.6253662109375,170
nf4,Odia,34,334.9180908203125,99
nf4,Odia,35,406.08349609375,125
nf4,Odia,36,630.398681640625,196
nf4,Odia,37,314.12322998046875,90
nf4,Odia,38,379.36590576171875,117
nf4,Odia,39,301.4842529296875,95
nf4,Odia,40,357.9603576660156,107
nf4,Odia,41,922.9034423828125,319
nf4,Odia,42,322.7468566894531,114
nf4,Odia,43,932.0460205078125,333
nf4,Odia,44,712.746337890625,223
nf4,Odia,45,320.41131591796875,111
nf4,Odia,46,330.9866943359375,91
nf4,Odia,47,668.5205078125,208
nf4,Odia,48,386.44146728515625,127
nf4,Odia,49,408.8177185058594,125
nf4,Odia,50,401.8707580566406,115
nf4,Odia,51,850.6844482421875,326
nf4,Odia,52,669.9702758789062,204
nf4,Odia,53,549.4769287109375,178
nf4,Odia,54,740.025634765625,250
nf4,Odia,55,420.22998046875,122
nf4,Odia,56,752.307373046875,263
nf4,Odia,57,533.6984252929688,156
nf4,Odia,58,609.0723876953125,185
nf4,Odia,59,609.092041015625,199
nf4,Odia,60,912.146484375,344
nf4,Odia,61,417.549560546875,129
nf4,Odia,62,302.56524658203125,101
nf4,Odia,63,423.3650817871094,124
nf4,Odia,64,816.5018920898438,252
nf4,Odia,65,331.75311279296875,117
nf4,Odia,66,1543.7564697265625,491
nf4,Odia,67,717.4375,222
nf4,Odia,68,296.45123291015625,94
nf4,Odia,69,794.27099609375,290
nf4,Odia,70,590.640625,210
nf4,Odia,71,1111.8411865234375,367
nf4,Odia,72,888.33154296875,286
nf4,Odia,73,668.3020629882812,209
nf4,Odia,74,651.6661987304688,229
nf4,Odia,75,176.924560546875,53
nf4,Odia,76,270.3451232910156,78
nf4,Odia,77,325.8109130859375,97
nf4,Odia,78,1241.376220703125,371
nf4,Odia,79,1165.7374267578125,403
nf4,Odia,80,544.0914306640625,168
nf4,Odia,81,494.21038818359375,147
nf4,Odia,82,581.7247314453125,175
nf4,Odia,83,739.0133056640625,242
nf4,Odia,84,248.87347412109375,68
nf4,Odia,85,936.9384765625,336
nf4,Odia,86,274.96038818359375,81
nf4,Odia,87,206.8222198486328,54
nf4,Odia,88,334.12811279296875,117
nf4,Odia,89,367.6865234375,116
nf4,Odia,90,334.23681640625,95
nf4,Odia,91,401.3441467285156,120
nf4,Odia,92,457.55743408203125,141
nf4,Odia,93,442.8919677734375,150
nf4,Odia,94,279.568603515625,97
nf4,Odia,95,389.7606201171875,131
nf4,Odia,96,223.38461303710938,66
nf4,Odia,97,646.0901489257812,225
nf4,Odia,98,635.9220581054688,210
nf4,Odia,99,640.5175170898438,184
nf4,Odia,100,340.58489990234375,107
nf4,Odia,101,642.8190307617188,199
nf4,Odia,102,297.51287841796875,95
nf4,Odia,103,230.2213134765625,57
nf4,Odia,104,189.09873962402344,49
nf4,Odia,105,161.53652954101562,50
nf4,Odia,106,351.77203369140625,125
nf4,Odia,107,221.2191925048828,63
nf4,Odia,108,887.7723388671875,289
nf4,Odia,109,614.3368530273438,205
nf4,Odia,110,407.89593505859375,125
nf4,Odia,111,400.3294677734375,140
nf4,Odia,112,329.58740234375,104
nf4,Odia,113,251.89544677734375,72
nf4,Odia,114,872.3778076171875,298
nf4,Odia,115,583.520751953125,180
nf4,Odia,116,712.8598022460938,218
nf4,Odia,117,635.40771484375,202
nf4,Odia,118,145.8216552734375,40
nf4,Odia,119,922.4791870117188,333
nf4,Odia,120,582.1163330078125,168
nf4,Odia,121,655.3114013671875,190
nf4,Odia,122,297.41046142578125,94
nf4,Odia,123,266.1089782714844,72
nf4,Odia,124,283.629150390625,84
nf4,Odia,125,379.88690185546875,120
nf4,Odia,126,402.66583251953125,114
nf4,Odia,127,356.118896484375,105
nf4,Odia,128,388.9907531738281,118
nf4,Odia,129,398.6912841796875,119
nf4,Odia,130,642.1026611328125,171
nf4,Odia,131,400.3037414550781,109
nf4,Odia,132,511.8097229003906,163
nf4,Odia,133,571.574951171875,187
nf4,Odia,134,877.8784790039062,284
nf4,Odia,135,995.7012329101562,313
nf4,Odia,136,432.82635498046875,133
nf4,Odia,137,340.8325500488281,114
nf4,Odia,138,711.248779296875,222
nf4,Odia,139,453.5796203613281,137
nf4,Odia,140,479.1805419921875,140
nf4,Odia,141,564.1814575195312,178
nf4,Odia,142,859.8348999023438,276
nf4,Odia,143,569.5521240234375,181
nf4,Odia,144,292.4125061035156,89
nf4,Odia,145,808.8424072265625,276
nf4,Odia,146,353.8930358886719,106
nf4,Odia,147,919.4954833984375,306
nf4,Odia,148,366.9889221191406,116
nf4,Odia,149,732.2744140625,224
nf4,Odia,150,440.9395751953125,143
nf4,Odia,151,561.97509765625,175
nf4,Odia,152,242.53890991210938,77
nf4,Odia,153,559.3810424804688,181
nf4,Odia,154,588.7575073242188,216
nf4,Odia,155,322.94976806640625,81
nf4,Odia,156,618.2296142578125,200
nf4,Odia,157,383.67822265625,121
nf4,Odia,158,545.61474609375,167
nf4,Odia,159,885.206787109375,296
nf4,Odia,160,452.01861572265625,148
nf4,Odia,161,276.524658203125,78
nf4,Odia,162,338.051513671875,97
nf4,Odia,163,711.2979736328125,197
nf4,Odia,164,371.18267822265625,116
nf4,Odia,165,381.0498046875,120
nf4,Odia,166,547.3111572265625,184
nf4,Odia,167,285.3246765136719,79
nf4,Odia,168,527.7308959960938,143
nf4,Odia,169,292.25885009765625,96
nf4,Odia,170,369.6416015625,111
nf4,Odia,171,454.35528564453125,156
nf4,Odia,172,487.08660888671875,149
nf4,Odia,173,544.686279296875,173
nf4,Odia,174,606.0010986328125,198
nf4,Odia,175,376.0190124511719,108
nf4,Odia,176,605.8515625,203
nf4,Odia,177,1029.268798828125,326
nf4,Odia,178,405.7991027832031,134
nf4,Odia,179,709.9950561523438,224
nf4,Odia,180,640.0419921875,184
nf4,Odia,181,814.5870361328125,243
nf4,Odia,182,486.4396667480469,151
nf4,Odia,183,235.07601928710938,72
nf4,Odia,184,277.2578125,77
nf4,Odia,185,285.52056884765625,83
nf4,Odia,186,814.756103515625,259
nf4,Odia,187,174.79669189453125,49
nf4,Odia,188,778.0146484375,240
nf4,Odia,189,646.0924072265625,207
nf4,Odia,190,336.21917724609375,119
nf4,Odia,191,743.7659912109375,233
nf4,Odia,192,360.8226318359375,105
nf4,Odia,193,320.59979248046875,96
nf4,Odia,194,426.5639953613281,141
nf4,Odia,195,273.2640075683594,79
nf4,Odia,196,211.19638061523438,55
nf4,Odia,197,297.2905578613281,101
nf4,Odia,198,322.7913818359375,91
nf4,Odia,199,213.6922607421875,57
nf4,Odia,200,461.620361328125,157
nf4,Odia,201,512.9351806640625,172
nf4,Odia,202,531.7569580078125,188
nf4,Odia,203,602.1756591796875,174
nf4,Odia,204,473.9646301269531,141
nf4,Odia,205,835.8026123046875,239
nf4,Odia,206,687.8414916992188,236
nf4,Odia,207,319.55108642578125,94
nf4,Odia,208,481.3571472167969,153
nf4,Odia,209,482.24176025390625,142
nf4,Odia,210,522.4349975585938,166
nf4,Odia,211,395.0113525390625,122
nf4,Odia,212,429.41387939453125,126
nf4,Odia,213,510.3976135253906,159
nf4,Odia,214,1244.4129638671875,434
nf4,Odia,215,515.3118286132812,175
nf4,Odia,216,413.9923095703125,127
nf4,Odia,217,404.584716796875,130
nf4,Odia,218,882.3748779296875,331
nf4,Odia,219,996.5769653320312,359
nf4,Odia,220,394.4056701660156,111
nf4,Odia,221,242.3773193359375,59
nf4,Odia,222,872.5665893554688,274
nf4,Odia,223,607.98095703125,192
nf4,Odia,224,178.8553924560547,50
nf4,Odia,225,424.1044921875,153
nf4,Odia,226,545.4620971679688,166
nf4,Odia,227,421.0306396484375,123
nf4,Odia,228,573.122802734375,144
nf4,Odia,229,550.0867919921875,166
nf4,Odia,230,258.1015930175781,86
nf4,Odia,231,336.3389892578125,109
nf4,Odia,232,753.4780883789062,245
nf4,Odia,233,378.28350830078125,123
nf4,Odia,234,327.3297119140625,105
nf4,Odia,235,347.56500244140625,108
nf4,Odia,236,377.14581298828125,125
nf4,Odia,237,721.8350830078125,212
nf4,Odia,238,713.024658203125,230
nf4,Odia,239,557.7540283203125,189
nf4,Odia,240,290.83447265625,87
nf4,Odia,241,468.55487060546875,160
nf4,Odia,242,447.1111145019531,136
nf4,Odia,243,505.2019348144531,143
nf4,Odia,244,459.8915710449219,141
nf4,Odia,245,184.05950927734375,41
nf4,Odia,246,908.491943359375,296
nf4,Odia,247,204.2789306640625,61
nf4,Odia,248,425.5087890625,128
nf4,Odia,249,329.891845703125,101
nf4,Odia,250,238.60548400878906,77
nf4,Odia,251,1059.0670166015625,316
nf4,Odia,252,175.46575927734375,51
nf4,Odia,253,426.58642578125,120
nf4,Odia,254,762.859619140625,239
nf4,Odia,255,352.9842529296875,116
nf4,Tamil,0,378.6667175292969,173
nf4,Tamil,1,438.83349609375,223
nf4,Tamil,2,143.60275268554688,58
nf4,Tamil,3,311.04217529296875,179
nf4,Tamil,4,376.67242431640625,145
nf4,Tamil,5,313.79473876953125,199
nf4,Tamil,6,244.69476318359375,131
nf4,Tamil,7,170.86224365234375,76
nf4,Tamil,8,384.74859619140625,180
nf4,Tamil,9,144.71202087402344,56
nf4,Tamil,10,200.1519775390625,91
nf4,Tamil,11,395.26336669921875,209
nf4,Tamil,12,284.2845153808594,122
nf4,Tamil,13,208.97215270996094,112
nf4,Tamil,14,540.2010498046875,234
nf4,Tamil,15,462.69512939453125,243
nf4,Tamil,16,495.63104248046875,284
nf4,Tamil,17,270.6746520996094,141
nf4,Tamil,18,428.3780517578125,195
nf4,Tamil,19,764.3831787109375,377
nf4,Tamil,20,250.29017639160156,123
nf4,Tamil,21,385.3701171875,208
nf4,Tamil,22,228.0520477294922,91
nf4,Tamil,23,197.80953979492188,102
nf4,Tamil,24,188.97885131835938,82
nf4,Tamil,25,416.4130859375,202
nf4,Tamil,26,291.8126220703125,172
nf4,Tamil,27,145.84437561035156,79
nf4,Tamil,28,139.5598602294922,60
nf4,Tamil,29,124.96654510498047,69
nf4,Tamil,30,287.94195556640625,138
nf4,Tamil,31,270.01806640625,145
nf4,Tamil,32,238.2327117919922,141
nf4,Tamil,33,384.42510986328125,180
nf4,Tamil,34,219.41079711914062,93
nf4,Tamil,35,280.2901306152344,122
nf4,Tamil,36,510.527587890625,198
nf4,Tamil,37,296.89825439453125,134
nf4,Tamil,38,315.62579345703125,133
nf4,Tamil,39,137.29385375976562,82
nf4,Tamil,40,249.50802612304688,148
nf4,Tamil,41,497.3155517578125,304
nf4,Tamil,42,145.82028198242188,74
nf4,Tamil,43,515.9161376953125,300
nf4,Tamil,44,491.7704772949219,239
nf4,Tamil,45,254.88970947265625,129
nf4,Tamil,46,251.87086486816406,141
nf4,Tamil,47,401.6409606933594,229
nf4,Tamil,48,283.191162109375,141
nf4,Tamil,49,272.74957275390625,152
nf4,Tamil,50,275.8034362792969,127
nf4,Tamil,51,544.0476684570312,310
nf4,Tamil,52,307.870361328125,182
nf4,Tamil,53,275.5641784667969,155
nf4,Tamil,54,380.24664306640625,204
nf4,Tamil,55,236.98211669921875,142
nf4,Tamil,56,488.3917541503906,292
nf4,Tamil,57,295.9073486328125,180
nf4,Tamil,58,371.0468444824219,209
nf4,Tamil,59,352.16455078125,196
nf4,Tamil,60,578.021240234375,370
nf4,Tamil,61,268.9171142578125,142
nf4,Tamil,62,292.53485107421875,144
nf4,Tamil,63,293.6717834472656,135
nf4,Tamil,64,541.3857421875,339
nf4,Tamil,65,229.33352661132812,162
nf4,Tamil,66,865.3838500976562,485
nf4,Tamil,67,384.90887451171875,287
nf4,Tamil,68,199.07122802734375,93
nf4,Tamil,69,557.498779296875,337
nf4,Tamil,70,411.171630859375,227
nf4,Tamil,71,831.2021484375,459
nf4,Tamil,72,566.4305419921875,282
nf4,Tamil,73,446.9688415527344,231
nf4,Tamil,74,540.6712646484375,270
nf4,Tamil,75,153.15420532226562,72
nf4,Tamil,76,190.35174560546875,105
nf4,Tamil,77,227.89588928222656,126
nf4,Tamil,78,710.646240234375,385
nf4,Tamil,79,551.9151611328125,409
nf4,Tamil,80,376.9334716796875,155
nf4,Tamil,81,234.99366760253906,147
nf4,Tamil,82,386.08941650390625,196
nf4,Tamil,83,449.39208984375,218
nf4,Tamil,84,212.31915283203125,93
nf4,Tamil,85,689.4434814453125,366
nf4,Tamil,86,169.58865356445312,72
nf4,Tamil,87,143.78399658203125,69
nf4,Tamil,88,296.2382507324219,152
nf4,Tamil,89,214.6023406982422,121
nf4,Tamil,90,262.4773254394531,137
nf4,Tamil,91,194.55711364746094,119
nf4,Tamil,92,241.01812744140625,128
nf4,Tamil,93,351.393310546875,167
nf4,Tamil,94,238.5883026123047,117
nf4,Tamil,95,269.2879943847656,155
nf4,Tamil,96,149.86251831054688,75
nf4,Tamil,97,450.6178283691406,221
nf4,Tamil,98,493.6665954589844,266
nf4,Tamil,99,420.2464904785156,208
nf4,Tamil,100,171.2296142578125,82
nf4,Tamil,101,379.69378662109375,184
nf4,Tamil,102,260.86798095703125,109
nf4,Tamil,103,157.4927978515625,57
nf4,Tamil,104,138.4364013671875,70
nf4,Tamil,105,114.620849609375,59
nf4,Tamil,106,189.9108123779297,118
nf4,Tamil,107,159.3997802734375,84
nf4,Tamil,108,608.1757202148438,335
nf4,Tamil,109,449.6408996582031,269
nf4,Tamil,110,247.67031860351562,120
nf4,Tamil,111,252.47268676757812,146
nf4,Tamil,112,272.21240234375,127
nf4,Tamil,113,171.71661376953125,72
nf4,Tamil,114,654.9735107421875,362
nf4,Tamil,115,306.4136962890625,153
nf4,Tamil,116,464.1393737792969,231
nf4,Tamil,117,325.3853759765625,185
nf4,Tamil,118,201.1172332763672,78
nf4,Tamil,119,620.9398803710938,339
nf4,Tamil,120,370.2680969238281,160
nf4,Tamil,121,386.9149475097656,195
nf4,Tamil,122,217.96389770507812,132
nf4,Tamil,123,154.11721801757812,71
nf4,Tamil,124,163.87265014648438,79
nf4,Tamil,125,217.06785583496094,97
nf4,Tamil,126,256.9776611328125,106
nf4,Tamil,127,191.04779052734375,109
nf4,Tamil,128,276.02099609375,117
nf4,Tamil,129,266.51458740234375,129
nf4,Tamil,130,448.6907043457031,176
nf4,Tamil,131,216.7431640625,87
nf4,Tamil,132,287.07421875,124
nf4,Tamil,133,404.36181640625,181
nf4,Tamil,134,537.7474975585938,309
nf4,Tamil,135,616.9306640625,369
nf4,Tamil,136,360.9903564453125,155
nf4,Tamil,137,185.46307373046875,107
nf4,Tamil,138,477.08148193359375,255
nf4,Tamil,139,258.55596923828125,144
nf4,Tamil,140,310.7615051269531,125
nf4,Tamil,141,481.80755615234375,215
nf4,Tamil,142,523.5670166015625,310
nf4,Tamil,143,357.4566955566406,195
nf4,Tamil,144,205.03736877441406,86
nf4,Tamil,145,498.66766357421875,282
nf4,Tamil,146,206.60276794433594,109
nf4,Tamil,147,617.3599853515625,352
nf4,Tamil,148,199.750732421875,123
nf4,Tamil,149,391.8782043457031,256
nf4,Tamil,150,254.73220825195312,105
nf4,Tamil,151,286.640625,145
nf4,Tamil,152,147.07037353515625,60
nf4,Tamil,153,301.54150390625,144
nf4,Tamil,154,364.0831298828125,223
nf4,Tamil,155,166.48638916015625,89
nf4,Tamil,156,328.24530029296875,194
nf4,Tamil,157,239.5135040283203,104
nf4,Tamil,158,383.85858154296875,161
nf4,Tamil,159,609.9638671875,302
nf4,Tamil,160,292.6064758300781,169
nf4,Tamil,161,185.42933654785156,105
nf4,Tamil,162,241.41213989257812,98
nf4,Tamil,163,497.4991455078125,217
nf4,Tamil,164,263.4364013671875,143
nf4,Tamil,165,236.45257568359375,140
nf4,Tamil,166,292.32232666015625,154
nf4,Tamil,167,246.8623809814453,108
nf4,Tamil,168,306.35009765625,163
nf4,Tamil,169,190.85768127441406,113
nf4,Tamil,170,253.21527099609375,112
nf4,Tamil,171,274.2856750488281,162
nf4,Tamil,172,324.4759216308594,194
nf4,Tamil,173,419.52264404296875,184
nf4,Tamil,174,421.13677978515625,190
nf4,Tamil,175,291.40106201171875,139
nf4,Tamil,176,372.9988098144531,195
nf4,Tamil,177,650.3052978515625,366
nf4,Tamil,178,373.156982421875,186
nf4,Tamil,179,610.3306884765625,286
nf4,Tamil,180,420.0420837402344,209
nf4,Tamil,181,463.9141845703125,231
nf4,Tamil,182,412.81396484375,186
nf4,Tamil,183,173.47817993164062,73
nf4,Tamil,184,194.29278564453125,89
nf4,Tamil,185,187.9469757080078,80
nf4,Tamil,186,469.38958740234375,279
nf4,Tamil,187,121.75375366210938,54
nf4,Tamil,188,459.5443420410156,287
nf4,Tamil,189,331.41729736328125,194
nf4,Tamil,190,246.09825134277344,138
nf4,Tamil,191,386.15875244140625,187
nf4,Tamil,192,332.63507080078125,124
nf4,Tamil,193,229.7438507080078,93
nf4,Tamil,194,333.7058410644531,175
nf4,Tamil,195,239.01702880859375,96
nf4,Tamil,196,128.48406982421875,58
nf4,Tamil,197,234.47821044921875,109
nf4,Tamil,198,215.68145751953125,89
nf4,Tamil,199,189.436279296875,71
nf4,Tamil,200,316.58599853515625,193
nf4,Tamil,201,299.5634765625,166
nf4,Tamil,202,289.9828186035156,192
nf4,Tamil,203,353.77215576171875,216
nf4,Tamil,204,250.2266387939453,135
nf4,Tamil,205,523.3026733398438,277
nf4,Tamil,206,400.65277099609375,268
nf4,Tamil,207,195.25572204589844,91
nf4,Tamil,208,296.9892578125,128
nf4,Tamil,209,233.26336669921875,157
nf4,Tamil,210,292.21356201171875,149
nf4,Tamil,211,211.5096893310547,103
nf4,Tamil,212,298.30767822265625,144
nf4,Tamil,213,349.1983642578125,175
nf4,Tamil,214,672.6947021484375,396
nf4,Tamil,215,333.7603759765625,184
nf4,Tamil,216,318.72430419921875,154
nf4,Tamil,217,311.043212890625,141
nf4,Tamil,218,482.93756103515625,321
nf4,Tamil,219,652.7408447265625,475
nf4,Tamil,220,293.8495788574219,154
nf4,Tamil,221,133.57449340820312,48
nf4,Tamil,222,557.70654296875,305
nf4,Tamil,223,454.01983642578125,251
nf4,Tamil,224,79.58989715576172,60
nf4,Tamil,225,338.36785888671875,192
nf4,Tamil,226,273.4932556152344,137
nf4,Tamil,227,186.24835205078125,92
nf4,Tamil,228,297.68048095703125,120
nf4,Tamil,229,316.56500244140625,175
nf4,Tamil,230,211.38671875,96
nf4,Tamil,231,174.63714599609375,89
nf4,Tamil,232,512.724609375,268
nf4,Tamil,233,203.76263427734375,109
nf4,Tamil,234,259.3706970214844,124
nf4,Tamil,235,233.0294952392578,151
nf4,Tamil,236,335.92291259765625,169
nf4,Tamil,237,354.2425231933594,217
nf4,Tamil,238,408.2983093261719,222
nf4,Tamil,239,429.633544921875,196
nf4,Tamil,240,195.38983154296875,91
nf4,Tamil,241,273.758056640625,194
nf4,Tamil,242,275.4063415527344,137
nf4,Tamil,243,392.5574645996094,166
nf4,Tamil,244,321.5205993652344,164
nf4,Tamil,245,88.87763214111328,45
nf4,Tamil,246,497.41522216796875,421
nf4,Tamil,247,119.02369689941406,46
nf4,Tamil,248,262.6659240722656,149
nf4,Tamil,249,276.64398193359375,143
nf4,Tamil,250,156.63677978515625,67
nf4,Tamil,251,639.5242919921875,359
nf4,Tamil,252,82.7879638671875,48
nf4,Tamil,253,284.17041015625,136
nf4,Tamil,254,432.61175537109375,237
nf4,Tamil,255,271.0176696777344,138
nf4,Telugu,0,384.25439453125,168
nf4,Telugu,1,526.6998901367188,205
nf4,Telugu,2,162.0797882080078,60
nf4,Telugu,3,304.5152587890625,149
nf4,Telugu,4,337.7484130859375,138
nf4,Telugu,5,363.13348388671875,171
nf4,Telugu,6,246.9278564453125,136
nf4,Telugu,7,117.6834487915039,52
nf4,Telugu,8,361.8114318847656,147
nf4,Telugu,9,126.87671661376953,61
nf4,Telugu,10,228.73898315429688,90
nf4,Telugu,11,352.5361328125,125
nf4,Telugu,12,190.44174194335938,89
nf4,Telugu,13,296.38934326171875,142
nf4,Telugu,14,487.64862060546875,187
nf4,Telugu,15,390.1287536621094,168
nf4,Telugu,16,516.8878173828125,228
nf4,Telugu,17,209.96273803710938,97
nf4,Telugu,18,376.596435546875,158
nf4,Telugu,19,727.4437866210938,284
nf4,Telugu,20,226.08465576171875,89
nf4,Telugu,21,295.591796875,133
nf4,Telugu,22,197.89764404296875,84
nf4,Telugu,23,233.1739501953125,82
nf4,Telugu,24,222.30657958984375,80
nf4,Telugu,25,454.6463317871094,169
nf4,Telugu,26,284.34417724609375,117
nf4,Telugu,27,185.9409942626953,70
nf4,Telugu,28,182.114013671875,60
nf4,Telugu,29,100.28716278076172,45
nf4,Telugu,30,258.6891174316406,98
nf4,Telugu,31,305.0882873535156,123
nf4,Telugu,32,276.4229736328125,115
nf4,Telugu,33,377.88543701171875,131
nf4,Telugu,34,207.47274780273438,94
nf4,Telugu,35,277.470458984375,110
nf4,Telugu,36,439.99066162109375,186
nf4,Telugu,37,293.3918762207031,104
nf4,Telugu,38,302.22412109375,118
nf4,Telugu,39,194.18658447265625,77
nf4,Telugu,40,248.5985870361328,112
nf4,Telugu,41,528.20751953125,248
nf4,Telugu,42,169.66134643554688,97
nf4,Telugu,43,432.7047119140625,253
nf4,Telugu,44,469.8465576171875,189
nf4,Telugu,45,248.807861328125,89
nf4,Telugu,46,288.3187255859375,98
nf4,Telugu,47,366.5964050292969,172
nf4,Telugu,48,275.6734313964844,111
nf4,Telugu,49,227.85247802734375,103
nf4,Telugu,50,214.25027465820312,85
nf4,Telugu,51,492.2158508300781,260
nf4,Telugu,52,352.92919921875,160
nf4,Telugu,53,293.08770751953125,158
nf4,Telugu,54,410.7852478027344,182
nf4,Telugu,55,316.0611572265625,117
nf4,Telugu,56,523.6065063476562,281
nf4,Telugu,57,270.3070068359375,124
nf4,Telugu,58,347.755859375,142
nf4,Telugu,59,336.9075012207031,152
nf4,Telugu,60,517.2913208007812,312
nf4,Telugu,61,263.8121337890625,122
nf4,Telugu,62,275.56964111328125,97
nf4,Telugu,63,275.5831298828125,106
nf4,Telugu,64,544.34228515625,251
nf4,Telugu,65,216.68606567382812,87
nf4,Telugu,66,1017.9136962890625,404
nf4,Telugu,67,359.59808349609375,184
nf4,Telugu,68,174.2252197265625,68
nf4,Telugu,69,520.132080078125,267
nf4,Telugu,70,330.99114990234375,170
nf4,Telugu,71,903.963623046875,366
nf4,Telugu,72,563.20654296875,268
nf4,Telugu,73,406.7320556640625,176
nf4,Telugu,74,483.88995361328125,248
nf4,Telugu,75,145.13490295410156,66
nf4,Telugu,76,233.91909790039062,92
nf4,Telugu,77,230.3826904296875,107
nf4,Telugu,78,652.9068603515625,286
nf4,Telugu,79,549.7086181640625,348
nf4,Telugu,80,335.7666015625,155
nf4,Telugu,81,233.97061157226562,104
nf4,Telugu,82,428.6545104980469,160
nf4,Telugu,83,458.64984130859375,214
nf4,Telugu,84,209.90487670898438,71
nf4,Telugu,85,574.8431396484375,272
nf4,Telugu,86,151.39657592773438,77
nf4,Telugu,87,120.6952896118164,60
nf4,Telugu,88,216.9876708984375,94
nf4,Telugu,89,339.85443115234375,117
nf4,Telugu,90,173.87387084960938,96
nf4,Telugu,91,178.47409057617188,98
nf4,Telugu,92,280.6665954589844,137
nf4,Telugu,93,331.4637451171875,149
nf4,Telugu,94,236.68118286132812,98
nf4,Telugu,95,318.4459533691406,138
nf4,Telugu,96,144.44509887695312,73
nf4,Telugu,97,422.0662841796875,176
nf4,Telugu,98,453.07513427734375,185
nf4,Telugu,99,473.6476135253906,175
nf4,Telugu,100,190.31915283203125,84
nf4,Telugu,101,308.6299133300781,135
nf4,Telugu,102,239.0472412109375,101
nf4,Telugu,103,136.07998657226562,48
nf4,Telugu,104,135.5023651123047,54
nf4,Telugu,105,125.31201171875,50
nf4,Telugu,106,177.27821350097656,88
nf4,Telugu,107,159.96041870117188,74
nf4,Telugu,108,745.1860961914062,321
nf4,Telugu,109,425.43475341796875,213
nf4,Telugu,110,191.13623046875,95
nf4,Telugu,111,247.72755432128906,121
nf4,Telugu,112,214.62771606445312,90
nf4,Telugu,113,148.95587158203125,57
nf4,Telugu,114,575.0968017578125,274
nf4,Telugu,115,340.65447998046875,133
nf4,Telugu,116,464.78179931640625,218
nf4,Telugu,117,296.773193359375,131
nf4,Telugu,118,163.32432556152344,62
nf4,Telugu,119,591.4903564453125,248
nf4,Telugu,120,344.8589782714844,150
nf4,Telugu,121,393.5189208984375,150
nf4,Telugu,122,198.971435546875,93
nf4,Telugu,123,125.82290649414062,52
nf4,Telugu,124,175.90650939941406,79
nf4,Telugu,125,217.32154846191406,99
nf4,Telugu,126,268.5982360839844,110
nf4,Telugu,127,213.51885986328125,80
nf4,Telugu,128,226.0558624267578,89
nf4,Telugu,129,276.156005859375,112
nf4,Telugu,130,420.20989990234375,160
nf4,Telugu,131,244.49124145507812,101
nf4,Telugu,132,302.2835388183594,121
nf4,Telugu,133,451.06640625,172
nf4,Telugu,134,497.0216064453125,280
nf4,Telugu,135,619.021240234375,270
nf4,Telugu,136,376.39813232421875,151
nf4,Telugu,137,233.54061889648438,106
nf4,Telugu,138,520.845947265625,256
nf4,Telugu,139,271.683837890625,111
nf4,Telugu,140,330.1436767578125,123
nf4,Telugu,141,360.83587646484375,157
nf4,Telugu,142,573.7166137695312,257
nf4,Telugu,143,302.080078125,140
nf4,Telugu,144,213.8146514892578,76
nf4,Telugu,145,536.4334716796875,275
nf4,Telugu,146,241.21749877929688,97
nf4,Telugu,147,556.5567016601562,261
nf4,Telugu,148,243.6798095703125,117
nf4,Telugu,149,499.47265625,224
nf4,Telugu,150,233.49485778808594,123
nf4,Telugu,151,324.2215576171875,136
nf4,Telugu,152,168.31353759765625,77
nf4,Telugu,153,361.94384765625,167
nf4,Telugu,154,383.18511962890625,166
nf4,Telugu,155,176.2581787109375,82
nf4,Telugu,156,324.7894287109375,183
nf4,Telugu,157,204.6138153076172,95
nf4,Telugu,158,318.404541015625,131
nf4,Telugu,159,609.1345825195312,257
nf4,Telugu,160,307.9226989746094,126
nf4,Telugu,161,195.07591247558594,73
nf4,Telugu,162,222.488525390625,86
nf4,Telugu,163,477.142333984375,190
nf4,Telugu,164,204.85064697265625,117
nf4,Telugu,165,231.39329528808594,110
nf4,Telugu,166,298.19683837890625,162
nf4,Telugu,167,246.65171813964844,86
nf4,Telugu,168,339.8529357910156,137
nf4,Telugu,169,184.69728088378906,97
nf4,Telugu,170,237.50839233398438,98
nf4,Telugu,171,264.7034912109375,139
nf4,Telugu,172,267.4481201171875,129
nf4,Telugu,173,348.1477966308594,146
nf4,Telugu,174,375.9339294433594,176
nf4,Telugu,175,251.80218505859375,116
nf4,Telugu,176,314.9859924316406,152
nf4,Telugu,177,543.1472778320312,269
nf4,Telugu,178,230.94100952148438,120
nf4,Telugu,179,487.46319580078125,181
nf4,Telugu,180,508.83251953125,193
nf4,Telugu,181,546.453125,244
nf4,Telugu,182,338.3127746582031,147
nf4,Telugu,183,180.44403076171875,71
nf4,Telugu,184,185.56781005859375,85
nf4,Telugu,185,159.2110137939453,70
nf4,Telugu,186,496.7544250488281,237
nf4,Telugu,187,130.5443572998047,48
nf4,Telugu,188,442.53204345703125,254
nf4,Telugu,189,315.69073486328125,188
nf4,Telugu,190,296.0140075683594,103
nf4,Telugu,191,393.06884765625,167
nf4,Telugu,192,317.88177490234375,117
nf4,Telugu,193,191.92906188964844,79
nf4,Telugu,194,350.7015380859375,149
nf4,Telugu,195,236.05641174316406,98
nf4,Telugu,196,109.16358947753906,46
nf4,Telugu,197,199.7613525390625,101
nf4,Telugu,198,236.81350708007812,102
nf4,Telugu,199,184.89198303222656,63
nf4,Telugu,200,242.29159545898438,159
nf4,Telugu,201,375.78033447265625,181
nf4,Telugu,202,316.4432373046875,178
nf4,Telugu,203,447.8638916015625,198
nf4,Telugu,204,237.77789306640625,125
nf4,Telugu,205,819.0877685546875,265
nf4,Telugu,206,407.4803466796875,244
nf4,Telugu,207,148.65777587890625,75
nf4,Telugu,208,257.26300048828125,142
nf4,Telugu,209,215.87042236328125,125
nf4,Telugu,210,322.60589599609375,140
nf4,Telugu,211,273.428955078125,117
nf4,Telugu,212,296.1116638183594,124
nf4,Telugu,213,312.3694763183594,163
nf4,Telugu,214,715.0465087890625,361
nf4,Telugu,215,295.3243408203125,160
nf4,Telugu,216,243.50674438476562,121
nf4,Telugu,217,249.54530334472656,104
nf4,Telugu,218,479.34381103515625,257
nf4,Telugu,219,595.4639282226562,358
nf4,Telugu,220,323.107177734375,131
nf4,Telugu,221,121.26567077636719,52
nf4,Telugu,222,625.3443603515625,256
nf4,Telugu,223,424.29248046875,209
nf4,Telugu,224,93.07445526123047,46
nf4,Telugu,225,331.3251953125,160
nf4,Telugu,226,314.2982177734375,160
nf4,Telugu,227,233.67166137695312,104
nf4,Telugu,228,307.7934875488281,118
nf4,Telugu,229,297.86865234375,156
nf4,Telugu,230,195.67442321777344,86
nf4,Telugu,231,196.98715209960938,81
nf4,Telugu,232,519.4915161132812,259
nf4,Telugu,233,208.1284637451172,94
nf4,Telugu,234,199.92068481445312,91
nf4,Telugu,235,206.21685791015625,116
nf4,Telugu,236,307.1849060058594,155
nf4,Telugu,237,400.1895446777344,208
nf4,Telugu,238,460.5156555175781,211
nf4,Telugu,239,352.9736328125,165
nf4,Telugu,240,202.74334716796875,75
nf4,Telugu,241,283.5647888183594,156
nf4,Telugu,242,270.5048828125,130
nf4,Telugu,243,402.39666748046875,154
nf4,Telugu,244,341.20513916015625,137
nf4,Telugu,245,120.5119857788086,35
nf4,Telugu,246,452.09002685546875,292
nf4,Telugu,247,149.1038055419922,63
nf4,Telugu,248,273.35736083984375,128
nf4,Telugu,249,220.15225219726562,104
nf4,Telugu,250,160.8116455078125,64
nf4,Telugu,251,640.8560791015625,313
nf4,Telugu,252,81.00411987304688,42
nf4,Telugu,253,308.9873962402344,117
nf4,Telugu,254,461.81488037109375,220
nf4,Telugu,255,217.63351440429688,105
nf4,Kannada,0,777.5567016601562,184
nf4,Kannada,1,777.40185546875,198
nf4,Kannada,2,391.4381103515625,84
nf4,Kannada,3,610.0411376953125,153
nf4,Kannada,4,573.8953247070312,156
nf4,Kannada,5,651.414306640625,173
nf4,Kannada,6,613.9046020507812,152
nf4,Kannada,7,266.15228271484375,65
nf4,Kannada,8,706.1241455078125,170
nf4,Kannada,9,262.8895263671875,63
nf4,Kannada,10,460.00390625,105
nf4,Kannada,11,766.647705078125,198
nf4,Kannada,12,354.23187255859375,103
nf4,Kannada,13,516.4659423828125,124
nf4,Kannada,14,886.3468627929688,215
nf4,Kannada,15,746.6666259765625,193
nf4,Kannada,16,979.79931640625,243
nf4,Kannada,17,455.884033203125,118
nf4,Kannada,18,737.7390747070312,181
nf4,Kannada,19,1278.61328125,317
nf4,Kannada,20,414.0548095703125,98
nf4,Kannada,21,545.2262573242188,140
nf4,Kannada,22,395.681396484375,88
nf4,Kannada,23,359.329833984375,80
nf4,Kannada,24,362.9567565917969,81
nf4,Kannada,25,848.4570922851562,190
nf4,Kannada,26,513.9381103515625,133
nf4,Kannada,27,338.8997497558594,90
nf4,Kannada,28,332.9107360839844,65
nf4,Kannada,29,216.59890747070312,57
nf4,Kannada,30,532.1148681640625,132
nf4,Kannada,31,539.3470458984375,115
nf4,Kannada,32,438.57275390625,107
nf4,Kannada,33,692.81201171875,162
nf4,Kannada,34,388.40704345703125,111
nf4,Kannada,35,475.84246826171875,122
nf4,Kannada,36,874.142333984375,191
nf4,Kannada,37,476.39117431640625,114
nf4,Kannada,38,569.06787109375,129
nf4,Kannada,39,414.805908203125,91
nf4,Kannada,40,501.3691101074219,130
nf4,Kannada,41,1087.735107421875,297
nf4,Kannada,42,298.26678466796875,80
nf4,Kannada,43,950.7171020507812,266
nf4,Kannada,44,934.3135375976562,226
nf4,Kannada,45,369.4411926269531,105
nf4,Kannada,46,524.567626953125,95
nf4,Kannada,47,735.8764038085938,205
nf4,Kannada,48,622.1107177734375,160
nf4,Kannada,49,581.8907470703125,148
nf4,Kannada,50,453.8723449707031,131
nf4,Kannada,51,1055.4459228515625,319
nf4,Kannada,52,696.2471923828125,188
nf4,Kannada,53,674.6964111328125,189
nf4,Kannada,54,734.9995727539062,196
nf4,Kannada,55,499.08990478515625,118
nf4,Kannada,56,1086.6904296875,302
nf4,Kannada,57,672.10400390625,156
nf4,Kannada,58,827.1304321289062,192
nf4,Kannada,59,733.1104125976562,181
nf4,Kannada,60,1324.5465087890625,380
nf4,Kannada,61,571.2239990234375,143
nf4,Kannada,62,385.5517578125,105
nf4,Kannada,63,515.3150634765625,132
nf4,Kannada,64,1064.2861328125,281
nf4,Kannada,65,387.72869873046875,100
nf4,Kannada,66,1867.4296875,488
nf4,Kannada,67,859.1600341796875,267
nf4,Kannada,68,359.76007080078125,76
nf4,Kannada,69,974.6763305664062,289
nf4,Kannada,70,679.390869140625,169
nf4,Kannada,71,1217.0018310546875,365
nf4,Kannada,72,1109.544677734375,273
nf4,Kannada,73,715.48291015625,160
nf4,Kannada,74,844.155029296875,238
nf4,Kannada,75,236.04446411132812,63
nf4,Kannada,76,344.59405517578125,72
nf4,Kannada,77,435.11749267578125,113
nf4,Kannada,78,1469.1015625,363
nf4,Kannada,79,1351.115966796875,380
nf4,Kannada,80,553.0228271484375,148
nf4,Kannada,81,587.7676391601562,151
nf4,Kannada,82,646.84912109375,141
nf4,Kannada,83,933.8321533203125,239
nf4,Kannada,84,330.3158264160156,68
nf4,Kannada,85,1090.79150390625,325
nf4,Kannada,86,365.32843017578125,79
nf4,Kannada,87,279.3809814453125,71
nf4,Kannada,88,521.9141845703125,115
nf4,Kannada,89,504.7502136230469,120
nf4,Kannada,90,443.72796630859375,120
nf4,Kannada,91,428.1690979003906,106
nf4,Kannada,92,508.5057067871094,166
nf4,Kannada,93,630.698974609375,153
nf4,Kannada,94,447.15155029296875,98
nf4,Kannada,95,576.5291137695312,128
nf4,Kannada,96,272.9686584472656,68
nf4,Kannada,97,760.97314453125,209
nf4,Kannada,98,866.1217041015625,207
nf4,Kannada,99,674.55712890625,173
nf4,Kannada,100,402.13201904296875,103
nf4,Kannada,101,665.254638671875,163
nf4,Kannada,102,381.49676513671875,108
nf4,Kannada,103,199.96224975585938,45
nf4,Kannada,104,262.52655029296875,50
nf4,Kannada,105,237.91993713378906,58
nf4,Kannada,106,389.4607849121094,108
nf4,Kannada,107,289.36712646484375,67
nf4,Kannada,108,1259.3203125,337
nf4,Kannada,109,806.1455078125,221
nf4,Kannada,110,444.84063720703125,97
nf4,Kannada,111,549.2172241210938,127
nf4,Kannada,112,502.7736511230469,118
nf4,Kannada,113,261.5251159667969,54
nf4,Kannada,114,1008.627197265625,256
nf4,Kannada,115,628.9291381835938,181
nf4,Kannada,116,847.6625366210938,226
nf4,Kannada,117,563.1734619140625,172
nf4,Kannada,118,235.3646240234375,52
nf4,Kannada,119,1206.8212890625,309
nf4,Kannada,120,745.126220703125,153
nf4,Kannada,121,729.8545532226562,170
nf4,Kannada,122,348.4635009765625,110
nf4,Kannada,123,191.6276092529297,42
nf4,Kannada,124,291.0552978515625,71
nf4,Kannada,125,470.475830078125,112
nf4,Kannada,126,584.713623046875,105
nf4,Kannada,127,383.677001953125,87
nf4,Kannada,128,492.0589904785156,103
nf4,Kannada,129,577.44873046875,132
nf4,Kannada,130,851.1837768554688,173
nf4,Kannada,131,501.9577331542969,105
nf4,Kannada,132,704.8829956054688,147
nf4,Kannada,133,863.08740234375,167
nf4,Kannada,134,1133.302490234375,321
nf4,Kannada,135,1165.4481201171875,298
nf4,Kannada,136,570.7086181640625,140
nf4,Kannada,137,398.65863037109375,114
nf4,Kannada,138,1052.909423828125,249
nf4,Kannada,139,648.379150390625,144
nf4,Kannada,140,556.0108032226562,129
nf4,Kannada,141,645.000732421875,187
nf4,Kannada,142,889.793212890625,246
nf4,Kannada,143,577.701904296875,155
nf4,Kannada,144,356.09991455078125,87
nf4,Kannada,145,1089.168701171875,266
nf4,Kannada,146,428.42266845703125,95
nf4,Kannada,147,959.6718139648438,286
nf4,Kannada,148,450.3970947265625,121
nf4,Kannada,149,865.7011108398438,231
nf4,Kannada,150,455.3797302246094,119
nf4,Kannada,151,603.2293090820312,159
nf4,Kannada,152,339.35870361328125,90
nf4,Kannada,153,616.454345703125,149
nf4,Kannada,154,794.9859008789062,223
nf4,Kannada,155,482.2579040527344,86
nf4,Kannada,156,685.2325439453125,209
nf4,Kannada,157,359.4836120605469,96
nf4,Kannada,158,729.72705078125,155
nf4,Kannada,159,939.09375,254
nf4,Kannada,160,722.0142822265625,178
nf4,Kannada,161,323.89532470703125,81
nf4,Kannada,162,410.87152099609375,89
nf4,Kannada,163,920.4343872070312,216
nf4,Kannada,164,449.13031005859375,125
nf4,Kannada,165,464.11492919921875,104
nf4,Kannada,166,644.5611572265625,169
nf4,Kannada,167,392.5648193359375,86
nf4,Kannada,168,599.153076171875,132
nf4,Kannada,169,365.1854248046875,91
nf4,Kannada,170,390.14776611328125,89
nf4,Kannada,171,519.3282470703125,163
nf4,Kannada,172,645.9235229492188,157
nf4,Kannada,173,684.9855346679688,168
nf4,Kannada,174,690.370361328125,167
nf4,Kannada,175,475.95458984375,107
nf4,Kannada,176,611.71435546875,172
nf4,Kannada,177,1431.244873046875,410
nf4,Kannada,178,535.4024658203125,160
nf4,Kannada,179,893.1243896484375,249
nf4,Kannada,180,757.131103515625,204
nf4,Kannada,181,837.2406005859375,220
nf4,Kannada,182,714.052490234375,160
nf4,Kannada,183,295.3248596191406,72
nf4,Kannada,184,343.5689392089844,76
nf4,Kannada,185,310.9403076171875,77
nf4,Kannada,186,973.6577758789062,249
nf4,Kannada,187,264.6358642578125,64
nf4,Kannada,188,1040.862060546875,299
nf4,Kannada,189,660.394287109375,168
nf4,Kannada,190,535.1343994140625,123
nf4,Kannada,191,690.5397338867188,173
nf4,Kannada,192,514.190185546875,122
nf4,Kannada,193,332.89398193359375,79
nf4,Kannada,194,614.139404296875,152
nf4,Kannada,195,386.4827880859375,85
nf4,Kannada,196,259.2083740234375,58
nf4,Kannada,197,401.44464111328125,99
nf4,Kannada,198,456.0350341796875,106
nf4,Kannada,199,324.63323974609375,81
nf4,Kannada,200,522.652099609375,153
nf4,Kannada,201,682.9453125,201
nf4,Kannada,202,577.52001953125,171
nf4,Kannada,203,767.503662109375,176
nf4,Kannada,204,519.8717041015625,143
nf4,Kannada,205,1240.63134765625,254
nf4,Kannada,206,855.214111328125,234
nf4,Kannada,207,308.099609375,79
nf4,Kannada,208,560.6986694335938,144
nf4,Kannada,209,694.2791748046875,153
nf4,Kannada,210,733.8199462890625,151
nf4,Kannada,211,364.8194580078125,96
nf4,Kannada,212,560.87890625,140
nf4,Kannada,213,680.6573486328125,170
nf4,Kannada,214,1446.778076171875,411
nf4,Kannada,215,735.7066650390625,184
nf4,Kannada,216,558.5575561523438,136
nf4,Kannada,217,447.77001953125,130
nf4,Kannada,218,1091.691162109375,271
nf4,Kannada,219,1216.457275390625,378
nf4,Kannada,220,578.617919921875,141
nf4,Kannada,221,229.43276977539062,46
nf4,Kannada,222,1306.4395751953125,299
nf4,Kannada,223,741.5694580078125,203
nf4,Kannada,224,205.38870239257812,54
nf4,Kannada,225,644.261962890625,173
nf4,Kannada,226,636.41748046875,151
nf4,Kannada,227,427.02764892578125,103
nf4,Kannada,228,737.402099609375,143
nf4,Kannada,229,638.1810913085938,169
nf4,Kannada,230,409.2916259765625,105
nf4,Kannada,231,378.8980712890625,89
nf4,Kannada,232,793.6795654296875,226
nf4,Kannada,233,420.016845703125,122
nf4,Kannada,234,302.2692565917969,82
nf4,Kannada,235,468.7867431640625,112
nf4,Kannada,236,482.19036865234375,129
nf4,Kannada,237,748.80029296875,206
nf4,Kannada,238,805.312255859375,212
nf4,Kannada,239,699.4024047851562,191
nf4,Kannada,240,372.24920654296875,83
nf4,Kannada,241,622.813232421875,170
nf4,Kannada,242,569.51806640625,129
nf4,Kannada,243,717.9823608398438,157
nf4,Kannada,244,623.926025390625,144
nf4,Kannada,245,176.84991455078125,42
nf4,Kannada,246,1167.6888427734375,359
nf4,Kannada,247,281.554443359375,74
nf4,Kannada,248,625.0390625,151
nf4,Kannada,249,421.1086120605469,106
nf4,Kannada,250,289.78448486328125,63
nf4,Kannada,251,1302.553466796875,343
nf4,Kannada,252,206.71731567382812,50
nf4,Kannada,253,482.2269287109375,125
nf4,Kannada,254,788.952880859375,207
nf4,Kannada,255,435.3099365234375,117
nf4,Malayalam,0,528.100341796875,214
nf4,Malayalam,1,521.3841552734375,220
nf4,Malayalam,2,235.22235107421875,102
nf4,Malayalam,3,331.7673034667969,153
nf4,Malayalam,4,381.22265625,151
nf4,Malayalam,5,426.8184814453125,189
nf4,Malayalam,6,318.9111328125,115
nf4,Malayalam,7,204.745361328125,56
nf4,Malayalam,8,461.36968994140625,165
nf4,Malayalam,9,150.2361602783203,52
nf4,Malayalam,10,276.6939697265625,107
nf4,Malayalam,11,354.86224365234375,142
nf4,Malayalam,12,264.87353515625,119
nf4,Malayalam,13,351.0579833984375,144
nf4,Malayalam,14,699.253173828125,215
nf4,Malayalam,15,600.6791381835938,224
nf4,Malayalam,16,615.3466186523438,254
nf4,Malayalam,17,385.57281494140625,137
nf4,Malayalam,18,391.84490966796875,152
nf4,Malayalam,19,912.0701904296875,339
nf4,Malayalam,20,330.45269775390625,121
nf4,Malayalam,21,587.05810546875,202
nf4,Malayalam,22,232.2706756591797,71
nf4,Malayalam,23,264.84332275390625,83
nf4,Malayalam,24,262.96881103515625,97
nf4,Malayalam,25,582.3844604492188,209
nf4,Malayalam,26,363.40692138671875,145
nf4,Malayalam,27,208.75387573242188,107
nf4,Malayalam,28,193.68112182617188,77
nf4,Malayalam,29,147.7685546875,52
nf4,Malayalam,30,310.03900146484375,139
nf4,Malayalam,31,336.59014892578125,135
nf4,Malayalam,32,362.5647277832031,125
nf4,Malayalam,33,426.2943420410156,161
nf4,Malayalam,34,232.65875244140625,94
nf4,Malayalam,35,382.6760559082031,123
nf4,Malayalam,36,593.1473388671875,188
nf4,Malayalam,37,308.0374755859375,124
nf4,Malayalam,38,377.796630859375,144
nf4,Malayalam,39,234.42855834960938,94
nf4,Malayalam,40,366.882568359375,145
nf4,Malayalam,41,743.0206298828125,340
nf4,Malayalam,42,231.73672485351562,105
nf4,Malayalam,43,506.3822937011719,293
nf4,Malayalam,44,513.2266235351562,219
nf4,Malayalam,45,266.9006652832031,109
nf4,Malayalam,46,317.4080810546875,129
nf4,Malayalam,47,486.55230712890625,214
nf4,Malayalam,48,345.81329345703125,129
nf4,Malayalam,49,338.96246337890625,133
nf4,Malayalam,50,345.0795593261719,136
nf4,Malayalam,51,614.311279296875,392
nf4,Malayalam,52,422.86065673828125,185
nf4,Malayalam,53,394.4112243652344,208
nf4,Malayalam,54,586.889892578125,258
nf4,Malayalam,55,349.0940246582031,122
nf4,Malayalam,56,743.9247436523438,360
nf4,Malayalam,57,388.6972961425781,172
nf4,Malayalam,58,474.8353576660156,197
nf4,Malayalam,59,414.44317626953125,197
nf4,Malayalam,60,664.0687866210938,329
nf4,Malayalam,61,383.3424072265625,176
nf4,Malayalam,62,305.05712890625,108
nf4,Malayalam,63,493.6800537109375,162
nf4,Malayalam,64,655.7005615234375,309
nf4,Malayalam,65,241.76788330078125,111
nf4,Malayalam,66,899.8464965820312,488
nf4,Malayalam,67,548.2074584960938,252
nf4,Malayalam,68,235.573486328125,97
nf4,Malayalam,69,608.9190673828125,385
nf4,Malayalam,70,545.9473876953125,220
nf4,Malayalam,71,1000.0849609375,415
nf4,Malayalam,72,704.7959594726562,327
nf4,Malayalam,73,544.42724609375,234
nf4,Malayalam,74,542.953857421875,253
nf4,Malayalam,75,194.1180877685547,68
nf4,Malayalam,76,194.7302703857422,95
nf4,Malayalam,77,378.5186767578125,142
nf4,Malayalam,78,791.2808837890625,399
nf4,Malayalam,79,781.5665893554688,423
nf4,Malayalam,80,418.98602294921875,185
nf4,Malayalam,81,463.494140625,177
nf4,Malayalam,82,415.76800537109375,182
nf4,Malayalam,83,551.54296875,280
nf4,Malayalam,84,281.81134033203125,84
nf4,Malayalam,85,694.22607421875,340
nf4,Malayalam,86,245.08920288085938,105
nf4,Malayalam,87,190.12472534179688,68
nf4,Malayalam,88,338.32568359375,143
nf4,Malayalam,89,280.870849609375,121
nf4,Malayalam,90,302.1768493652344,149
nf4,Malayalam,91,282.93682861328125,123
nf4,Malayalam,92,313.6142578125,172
nf4,Malayalam,93,374.4840087890625,133
nf4,Malayalam,94,299.994384765625,103
nf4,Malayalam,95,291.7828369140625,158
nf4,Malayalam,96,183.19654846191406,67
nf4,Malayalam,97,531.8126220703125,234
nf4,Malayalam,98,540.587158203125,250
nf4,Malayalam,99,520.5541381835938,205
nf4,Malayalam,100,277.2261657714844,105
nf4,Malayalam,101,513.369140625,202
nf4,Malayalam,102,284.0328369140625,120
nf4,Malayalam,103,170.1033935546875,62
nf4,Malayalam,104,164.65478515625,64
nf4,Malayalam,105,176.7510986328125,49
nf4,Malayalam,106,278.68914794921875,125
nf4,Malayalam,107,198.29466247558594,82
nf4,Malayalam,108,815.2745361328125,356
nf4,Malayalam,109,460.3990478515625,214
nf4,Malayalam,110,243.11459350585938,102
nf4,Malayalam,111,340.8290710449219,144
nf4,Malayalam,112,336.6984558105469,121
nf4,Malayalam,113,199.24366760253906,82
nf4,Malayalam,114,636.1898193359375,305
nf4,Malayalam,115,339.3824462890625,156
nf4,Malayalam,116,613.0611572265625,264
nf4,Malayalam,117,384.25579833984375,191
nf4,Malayalam,118,188.2588348388672,60
nf4,Malayalam,119,635.0445556640625,296
nf4,Malayalam,120,426.8687744140625,170
nf4,Malayalam,121,427.86053466796875,174
nf4,Malayalam,122,222.67813110351562,99
nf4,Malayalam,123,174.30816650390625,59
nf4,Malayalam,124,198.11978149414062,84
nf4,Malayalam,125,282.3923034667969,108
nf4,Malayalam,126,311.9491271972656,117
nf4,Malayalam,127,302.16546630859375,93
nf4,Malayalam,128,267.6183166503906,85
nf4,Malayalam,129,311.50439453125,132
nf4,Malayalam,130,463.95343017578125,174
nf4,Malayalam,131,208.43038940429688,102
nf4,Malayalam,132,435.62188720703125,161
nf4,Malayalam,133,478.292724609375,183
nf4,Malayalam,134,629.0467529296875,330
nf4,Malayalam,135,793.5354614257812,343
nf4,Malayalam,136,427.14630126953125,170
nf4,Malayalam,137,324.9992370605469,113
nf4,Malayalam,138,641.665771484375,284
nf4,Malayalam,139,300.9229736328125,147
nf4,Malayalam,140,457.30242919921875,145
nf4,Malayalam,141,453.2575988769531,213
nf4,Malayalam,142,653.2615966796875,285
nf4,Malayalam,143,489.7117614746094,183
nf4,Malayalam,144,278.20269775390625,110
nf4,Malayalam,145,747.016357421875,325
nf4,Malayalam,146,366.7632141113281,141
nf4,Malayalam,147,639.083740234375,303
nf4,Malayalam,148,311.6195068359375,123
nf4,Malayalam,149,527.993896484375,263
nf4,Malayalam,150,382.6414794921875,127
nf4,Malayalam,151,429.695556640625,162
nf4,Malayalam,152,211.58148193359375,82
nf4,Malayalam,153,431.7220153808594,177
nf4,Malayalam,154,430.6531982421875,207
nf4,Malayalam,155,262.52008056640625,92
nf4,Malayalam,156,487.8372497558594,216
nf4,Malayalam,157,272.9154357910156,103
nf4,Malayalam,158,439.0526123046875,178
nf4,Malayalam,159,732.1990966796875,339
nf4,Malayalam,160,449.183349609375,190
nf4,Malayalam,161,225.72747802734375,94
nf4,Malayalam,162,235.03416442871094,95
nf4,Malayalam,163,532.6368408203125,226
nf4,Malayalam,164,350.8919982910156,109
nf4,Malayalam,165,237.96926879882812,98
nf4,Malayalam,166,384.6108093261719,205
nf4,Malayalam,167,233.3153076171875,93
nf4,Malayalam,168,334.7359619140625,134
nf4,Malayalam,169,263.9559326171875,97
nf4,Malayalam,170,392.25555419921875,127
nf4,Malayalam,171,234.77865600585938,113
nf4,Malayalam,172,329.6845703125,169
nf4,Malayalam,173,557.530029296875,182
nf4,Malayalam,174,414.0216064453125,164
nf4,Malayalam,175,309.67169189453125,113
nf4,Malayalam,176,368.24700927734375,180
nf4,Malayalam,177,772.9359130859375,409
nf4,Malayalam,178,389.06939697265625,144
nf4,Malayalam,179,500.9134521484375,218
nf4,Malayalam,180,651.75634765625,257
nf4,Malayalam,181,692.2211303710938,256
nf4,Malayalam,182,448.3835144042969,164
nf4,Malayalam,183,161.3113250732422,64
nf4,Malayalam,184,213.35226440429688,78
nf4,Malayalam,185,228.83624267578125,97
nf4,Malayalam,186,521.1209716796875,265
nf4,Malayalam,187,198.11083984375,65
nf4,Malayalam,188,684.9669189453125,301
nf4,Malayalam,189,542.1231079101562,218
nf4,Malayalam,190,398.99639892578125,151
nf4,Malayalam,191,537.298583984375,196
nf4,Malayalam,192,388.9587097167969,126
nf4,Malayalam,193,234.9708251953125,72
nf4,Malayalam,194,449.099365234375,155
nf4,Malayalam,195,365.18328857421875,95
nf4,Malayalam,196,140.15835571289062,53
nf4,Malayalam,197,296.800048828125,122
nf4,Malayalam,198,285.4178466796875,125
nf4,Malayalam,199,262.461181640625,106
nf4,Malayalam,200,369.1112976074219,190
nf4,Malayalam,201,450.28692626953125,180
nf4,Malayalam,202,506.90081787109375,208
nf4,Malayalam,203,481.3794860839844,185
nf4,Malayalam,204,403.90142822265625,140
nf4,Malayalam,205,693.4489135742188,252
nf4,Malayalam,206,575.2139892578125,263
nf4,Malayalam,207,201.8819122314453,74
nf4,Malayalam,208,359.1201171875,142
nf4,Malayalam,209,338.25775146484375,140
nf4,Malayalam,210,355.8227233886719,136
nf4,Malayalam,211,269.8590393066406,98
nf4,Malayalam,212,341.8394775390625,126
nf4,Malayalam,213,386.3866271972656,178
nf4,Malayalam,214,849.6014404296875,403
nf4,Malayalam,215,429.6494445800781,181
nf4,Malayalam,216,346.9827575683594,150
nf4,Malayalam,217,340.01202392578125,122
nf4,Malayalam,218,589.7200927734375,272
nf4,Malayalam,219,858.114501953125,412
nf4,Malayalam,220,312.40692138671875,136
nf4,Malayalam,221,163.8074493408203,56
nf4,Malayalam,222,735.8341064453125,287
nf4,Malayalam,223,600.3485107421875,213
nf4,Malayalam,224,156.81106567382812,62
nf4,Malayalam,225,410.98211669921875,152
nf4,Malayalam,226,397.52655029296875,172
nf4,Malayalam,227,208.9053192138672,87
nf4,Malayalam,228,435.837158203125,132
nf4,Malayalam,229,396.87689208984375,197
nf4,Malayalam,230,266.1529846191406,96
nf4,Malayalam,231,164.71749877929688,74
nf4,Malayalam,232,591.8504638671875,293
nf4,Malayalam,233,350.11285400390625,144
nf4,Malayalam,234,281.5084228515625,110
nf4,Malayalam,235,262.6950378417969,120
nf4,Malayalam,236,385.62689208984375,156
nf4,Malayalam,237,454.55621337890625,212
nf4,Malayalam,238,498.11737060546875,232
nf4,Malayalam,239,429.2041931152344,190
nf4,Malayalam,240,200.52761840820312,86
nf4,Malayalam,241,429.16705322265625,207
nf4,Malayalam,242,346.7474060058594,118
nf4,Malayalam,243,535.5067138671875,201
nf4,Malayalam,244,446.5263671875,182
nf4,Malayalam,245,161.43185424804688,54
nf4,Malayalam,246,671.545654296875,351
nf4,Malayalam,247,221.66888427734375,80
nf4,Malayalam,248,309.1414794921875,156
nf4,Malayalam,249,251.50892639160156,110
nf4,Malayalam,250,208.58731079101562,86
nf4,Malayalam,251,791.0890502929688,348
nf4,Malayalam,252,134.84701538085938,42
nf4,Malayalam,253,280.51123046875,125
nf4,Malayalam,254,504.96136474609375,222
nf4,Malayalam,255,352.98052978515625,145
