precision,language,idx,nll,chars
bf16,English,0,119.03646850585938,164
bf16,English,1,102.33012390136719,193
bf16,English,2,73.6229248046875,75
bf16,English,3,112.03410339355469,152
bf16,English,4,88.2594985961914,130
bf16,English,5,84.03300476074219,168
bf16,English,6,64.2559814453125,109
bf16,English,7,64.37902069091797,62
bf16,English,8,115.86238861083984,147
bf16,English,9,63.64299774169922,48
bf16,English,10,84.37886047363281,87
bf16,English,11,91.63264465332031,173
bf16,English,12,65.06785583496094,102
bf16,English,13,94.66513061523438,116
bf16,English,14,186.480224609375,192
bf16,English,15,172.79409790039062,192
bf16,English,16,145.11697387695312,218
bf16,English,17,118.0712661743164,119
bf16,English,18,91.16398620605469,165
bf16,English,19,240.52545166015625,351
bf16,English,20,82.6517105102539,115
bf16,English,21,103.59178161621094,154
bf16,English,22,50.36810302734375,90
bf16,English,23,60.69063949584961,73
bf16,English,24,63.970672607421875,76
bf16,English,25,106.1247787475586,210
bf16,English,26,74.78082275390625,140
bf16,English,27,54.54228973388672,76
bf16,English,28,61.788116455078125,64
bf16,English,29,56.47751235961914,59
bf16,English,30,37.823768615722656,92
bf16,English,31,92.00321960449219,110
bf16,English,32,126.30838012695312,110
bf16,English,33,111.1563949584961,155
bf16,English,34,90.34341430664062,110
bf16,English,35,86.24786376953125,123
bf16,English,36,123.74418640136719,180
bf16,English,37,143.58168029785156,116
bf16,English,38,94.59748077392578,124
bf16,English,39,53.452083587646484,63
bf16,English,40,69.07164001464844,121
bf16,English,41,155.5907745361328,230
bf16,English,42,55.98394012451172,75
bf16,English,43,165.70826721191406,327
bf16,English,44,107.75044250488281,207
bf16,English,45,64.340087890625,81
bf16,English,46,58.142547607421875,78
bf16,English,47,110.51577758789062,149
bf16,English,48,54.41822814941406,115
bf16,English,49,95.99348449707031,144
bf16,English,50,110.36756896972656,121
bf16,English,51,156.48306274414062,275
bf16,English,52,90.11624145507812,154
bf16,English,53,92.92753601074219,144
bf16,English,54,96.45573425292969,180
bf16,English,55,81.95124816894531,117
bf16,English,56,144.01657104492188,283
bf16,English,57,86.32432556152344,121
bf16,English,58,95.92945861816406,147
bf16,English,59,103.68203735351562,187
bf16,English,60,146.55471801757812,275
bf16,English,61,84.36923217773438,138
bf16,English,62,55.48853302001953,100
bf16,English,63,72.60273742675781,128
bf16,English,64,125.18612670898438,256
bf16,English,65,30.801559448242188,134
bf16,English,66,238.55145263671875,462
bf16,English,67,128.17892456054688,193
bf16,English,68,53.44989776611328,67
bf16,English,69,139.29429626464844,304
bf16,English,70,100.60897827148438,181
bf16,English,71,206.24615478515625,387
bf16,English,72,135.9062957763672,257
bf16,English,73,96.69499206542969,166
bf16,English,74,166.46578979492188,216
bf16,English,75,43.240604400634766,75
bf16,English,76,54.84850311279297,89
bf16,English,77,61.134971618652344,116
bf16,English,78,255.2106475830078,313
bf16,English,79,191.12603759765625,384
bf16,English,80,73.94081115722656,120
bf16,English,81,72.00069427490234,134
bf16,English,82,114.77378845214844,148
bf16,English,83,171.30958557128906,244
bf16,English,84,71.26946258544922,80
bf16,English,85,195.73892211914062,323
bf16,English,86,49.16411590576172,74
bf16,English,87,49.60857391357422,55
bf16,English,88,89.39869689941406,120
bf16,English,89,91.932373046875,97
bf16,English,90,52.666282653808594,107
bf16,English,91,51.85071563720703,102
bf16,English,92,80.54454803466797,121
bf16,English,93,107.52887725830078,132
bf16,English,94,75.84890747070312,86
bf16,English,95,86.5172119140625,142
bf16,English,96,53.16273498535156,80
bf16,English,97,151.30836486816406,178
bf16,English,98,168.7130126953125,243
bf16,English,99,103.9998779296875,199
bf16,English,100,64.11194610595703,88
bf16,English,101,148.6682891845703,147
bf16,English,102,96.18429565429688,80
bf16,English,103,55.02510070800781,44
bf16,English,104,60.2698860168457,44
bf16,English,105,31.124792098999023,48
bf16,English,106,66.84844207763672,92
bf16,English,107,49.86116409301758,82
bf16,English,108,203.23004150390625,290
bf16,English,109,116.1900405883789,192
bf16,English,110,91.43672943115234,112
bf16,English,111,73.0135498046875,120
bf16,English,112,84.58976745605469,105
bf16,English,113,59.42377853393555,62
bf16,English,114,197.99984741210938,252
bf16,English,115,122.21586608886719,137
bf16,English,116,163.75704956054688,212
bf16,English,117,106.39053344726562,146
bf16,English,118,35.08870315551758,44
bf16,English,119,245.0968780517578,286
bf16,English,120,111.09191131591797,143
bf16,English,121,148.59658813476562,169
bf16,English,122,57.10741424560547,86
bf16,English,123,44.769813537597656,46
bf16,English,124,81.0082778930664,69
bf16,English,125,89.15587615966797,102
bf16,English,126,71.46797943115234,94
bf16,English,127,49.914939880371094,88
bf16,English,128,85.30868530273438,94
bf16,English,129,79.33599853515625,121
bf16,English,130,104.98326873779297,140
bf16,English,131,77.07933044433594,99
bf16,English,132,79.42066955566406,126
bf16,English,133,112.60044860839844,134
bf16,English,134,160.44862365722656,274
bf16,English,135,221.06015014648438,327
bf16,English,136,96.343505859375,119
bf16,English,137,66.21554565429688,105
bf16,English,138,126.33393859863281,218
bf16,English,139,110.38424682617188,137
bf16,English,140,107.96501922607422,123
bf16,English,141,133.06532287597656,180
bf16,English,142,188.75576782226562,246
bf16,English,143,105.08109283447266,145
bf16,English,144,70.84228515625,83
bf16,English,145,149.86019897460938,253
bf16,English,146,70.18212890625,100
bf16,English,147,211.17132568359375,331
bf16,English,148,86.63554382324219,112
bf16,English,149,165.3712158203125,239
bf16,English,150,88.50035858154297,110
bf16,English,151,112.20042419433594,158
bf16,English,152,57.38279724121094,57
bf16,English,153,120.12747192382812,150
bf16,English,154,117.29721069335938,165
bf16,English,155,59.14613342285156,86
bf16,English,156,142.5963592529297,180
bf16,English,157,81.81451416015625,90
bf16,English,158,93.37330627441406,149
bf16,English,159,230.7020263671875,262
bf16,English,160,94.87225341796875,138
bf16,English,161,70.08008575439453,79
bf16,English,162,51.361473083496094,73
bf16,English,163,115.03302764892578,209
bf16,English,164,46.99568557739258,102
bf16,English,165,70.74952697753906,110
bf16,English,166,105.03962707519531,166
bf16,English,167,70.48894500732422,75
bf16,English,168,94.97340393066406,129
bf16,English,169,61.979270935058594,87
bf16,English,170,63.144100189208984,103
bf16,English,171,82.39733123779297,130
bf16,English,172,85.64379119873047,146
bf16,English,173,85.1182861328125,151
bf16,English,174,119.19315338134766,169
bf16,English,175,95.98948669433594,137
bf16,English,176,96.54093170166016,152
bf16,English,177,165.31900024414062,304
bf16,English,178,76.16812133789062,135
bf16,English,179,116.64341735839844,186
bf16,English,180,107.26583862304688,176
bf16,English,181,158.11001586914062,210
bf16,English,182,103.97747802734375,143
bf16,English,183,45.74726867675781,65
bf16,English,184,50.36429214477539,70
bf16,English,185,67.62239074707031,64
bf16,English,186,132.4143524169922,246
bf16,English,187,42.11648178100586,48
bf16,English,188,147.80108642578125,294
bf16,English,189,112.6050796508789,170
bf16,English,190,84.15786743164062,123
bf16,English,191,112.06416320800781,170
bf16,English,192,74.31490325927734,133
bf16,English,193,45.251304626464844,86
bf16,English,194,64.25210571289062,141
bf16,English,195,59.8992919921875,93
bf16,English,196,53.80396270751953,50
bf16,English,197,70.10258483886719,80
bf16,English,198,75.75846862792969,95
bf16,English,199,45.27909469604492,87
bf16,English,200,101.06707000732422,164
bf16,English,201,122.88833618164062,195
bf16,English,202,106.0080795288086,171
bf16,English,203,135.9329071044922,186
bf16,English,204,84.57875061035156,125
bf16,English,205,73.57135009765625,255
bf16,English,206,124.574951171875,240
bf16,English,207,58.36480712890625,85
bf16,English,208,64.97174835205078,118
bf16,English,209,82.99751281738281,145
bf16,English,210,73.08831024169922,150
bf16,English,211,79.5976791381836,93
bf16,English,212,72.47628021240234,130
bf16,English,213,81.41747283935547,162
bf16,English,214,211.0103759765625,345
bf16,English,215,124.5949478149414,201
bf16,English,216,97.27892303466797,137
bf16,English,217,70.3885269165039,109
bf16,English,218,157.42816162109375,255
bf16,English,219,187.93125915527344,378
bf16,English,220,69.68862915039062,97
bf16,English,221,47.894893646240234,49
bf16,English,222,111.26388549804688,312
bf16,English,223,133.65341186523438,242
bf16,English,224,42.409339904785156,54
bf16,English,225,87.03329467773438,151
bf16,English,226,120.47466278076172,124
bf16,English,227,81.16224670410156,67
bf16,English,228,124.3609619140625,110
bf16,English,229,98.12893676757812,195
bf16,English,230,59.717872619628906,88
bf16,English,231,67.62980651855469,87
bf16,English,232,195.06338500976562,235
bf16,English,233,75.4046401977539,109
bf16,English,234,65.82667541503906,116
bf16,English,235,84.21368408203125,116
bf16,English,236,89.23336791992188,151
bf16,English,237,115.60397338867188,192
bf16,English,238,104.23495483398438,185
bf16,English,239,95.29827117919922,168
bf16,English,240,39.33769607543945,77
bf16,English,241,87.58782958984375,162
bf16,English,242,85.71939086914062,125
bf16,English,243,65.46601867675781,150
bf16,English,244,127.8555679321289,162
bf16,English,245,49.594268798828125,34
bf16,English,246,177.15206909179688,336
bf16,English,247,61.08509826660156,70
bf16,English,248,110.85074615478516,147
bf16,English,249,75.16868591308594,95
bf16,English,250,60.11191940307617,65
bf16,English,251,133.70553588867188,303
bf16,English,252,37.19232177734375,33
bf16,English,253,74.67250061035156,122
bf16,English,254,141.35202026367188,193
bf16,English,255,61.39607620239258,111
bf16,Hindi,0,178.74029541015625,135
bf16,Hindi,1,179.44857788085938,183
bf16,Hindi,2,93.8286361694336,69
bf16,Hindi,3,130.072265625,169
bf16,Hindi,4,138.35296630859375,140
bf16,Hindi,5,190.16970825195312,124
bf16,Hindi,6,102.13163757324219,113
bf16,Hindi,7,95.96910858154297,62
bf16,Hindi,8,155.12973022460938,127
bf16,Hindi,9,74.00894165039062,50
bf16,Hindi,10,112.846435546875,94
bf16,Hindi,11,208.65756225585938,166
bf16,Hindi,12,108.57845306396484,119
bf16,Hindi,13,98.02246856689453,127
bf16,Hindi,14,207.90011596679688,186
bf16,Hindi,15,232.25433349609375,179
bf16,Hindi,16,244.369873046875,230
bf16,Hindi,17,130.27133178710938,99
bf16,Hindi,18,166.8487548828125,179
bf16,Hindi,19,359.29913330078125,316
bf16,Hindi,20,118.21739196777344,110
bf16,Hindi,21,150.16067504882812,149
bf16,Hindi,22,58.153968811035156,78
bf16,Hindi,23,112.62539672851562,66
bf16,Hindi,24,76.71815490722656,75
bf16,Hindi,25,177.14068603515625,200
bf16,Hindi,26,103.26927185058594,123
bf16,Hindi,27,100.93370819091797,90
bf16,Hindi,28,115.83674621582031,62
bf16,Hindi,29,61.49285125732422,63
bf16,Hindi,30,90.3260498046875,90
bf16,Hindi,31,145.87481689453125,110
bf16,Hindi,32,176.72389221191406,128
bf16,Hindi,33,165.69638061523438,135
bf16,Hindi,34,122.87874603271484,102
bf16,Hindi,35,153.96649169921875,139
bf16,Hindi,36,167.54849243164062,158
bf16,Hindi,37,149.40696716308594,133
bf16,Hindi,38,155.4490509033203,140
bf16,Hindi,39,100.49174499511719,100
bf16,Hindi,40,114.84625244140625,122
bf16,Hindi,41,243.28466796875,212
bf16,Hindi,42,72.37312316894531,92
bf16,Hindi,43,244.9320526123047,278
bf16,Hindi,44,208.0552215576172,206
bf16,Hindi,45,100.32946014404297,103
bf16,Hindi,46,91.35211181640625,80
bf16,Hindi,47,189.11920166015625,195
bf16,Hindi,48,129.5377197265625,107
bf16,Hindi,49,135.74774169921875,125
bf16,Hindi,50,180.07858276367188,130
bf16,Hindi,51,250.22996520996094,283
bf16,Hindi,52,161.72511291503906,144
bf16,Hindi,53,132.0980682373047,129
bf16,Hindi,54,190.41033935546875,197
bf16,Hindi,55,143.00953674316406,111
bf16,Hindi,56,308.90252685546875,267
bf16,Hindi,57,136.58139038085938,116
bf16,Hindi,58,180.1929168701172,152
bf16,Hindi,59,149.2489013671875,149
bf16,Hindi,60,275.30792236328125,281
bf16,Hindi,61,142.6590576171875,127
bf16,Hindi,62,117.85189056396484,92
bf16,Hindi,63,133.6815185546875,121
bf16,Hindi,64,284.0345153808594,242
bf16,Hindi,65,118.57733154296875,119
bf16,Hindi,66,422.64520263671875,436
bf16,Hindi,67,183.20753479003906,252
bf16,Hindi,68,95.9317626953125,92
bf16,Hindi,69,234.08349609375,301
bf16,Hindi,70,156.39181518554688,195
bf16,Hindi,71,351.4058532714844,333
bf16,Hindi,72,263.07928466796875,230
bf16,Hindi,73,221.67025756835938,200
bf16,Hindi,74,270.6781005859375,235
bf16,Hindi,75,62.66508483886719,62
bf16,Hindi,76,85.06101989746094,75
bf16,Hindi,77,105.1429443359375,114
bf16,Hindi,78,308.3673095703125,326
bf16,Hindi,79,327.5383605957031,396
bf16,Hindi,80,126.55429077148438,124
bf16,Hindi,81,128.01878356933594,142
bf16,Hindi,82,188.35206604003906,165
bf16,Hindi,83,235.44363403320312,223
bf16,Hindi,84,103.86146545410156,64
bf16,Hindi,85,289.19781494140625,314
bf16,Hindi,86,91.63392639160156,77
bf16,Hindi,87,70.75726318359375,55
bf16,Hindi,88,119.61581420898438,98
bf16,Hindi,89,156.21331787109375,131
bf16,Hindi,90,95.01780700683594,95
bf16,Hindi,91,80.98766326904297,108
bf16,Hindi,92,130.48666381835938,127
bf16,Hindi,93,134.30496215820312,134
bf16,Hindi,94,106.41558837890625,90
bf16,Hindi,95,122.36894989013672,123
bf16,Hindi,96,80.99052429199219,66
bf16,Hindi,97,198.38296508789062,164
bf16,Hindi,98,216.29917907714844,192
bf16,Hindi,99,205.88494873046875,188
bf16,Hindi,100,95.52127075195312,114
bf16,Hindi,101,216.56248474121094,164
bf16,Hindi,102,118.90922546386719,81
bf16,Hindi,103,71.45145416259766,43
bf16,Hindi,104,91.2376708984375,55
bf16,Hindi,105,45.428916931152344,44
bf16,Hindi,106,96.08068084716797,114
bf16,Hindi,107,79.28819274902344,63
bf16,Hindi,108,312.80718994140625,275
bf16,Hindi,109,203.32748413085938,191
bf16,Hindi,110,121.77739715576172,107
bf16,Hindi,111,122.88099670410156,144
bf16,Hindi,112,102.32054138183594,96
bf16,Hindi,113,80.23344421386719,55
bf16,Hindi,114,250.59564208984375,228
bf16,Hindi,115,174.12103271484375,120
bf16,Hindi,116,217.36090087890625,182
bf16,Hindi,117,212.0701141357422,194
bf16,Hindi,118,64.72053527832031,51
bf16,Hindi,119,335.9079284667969,332
bf16,Hindi,120,196.8112335205078,159
bf16,Hindi,121,200.51312255859375,141
bf16,Hindi,122,63.58551788330078,73
bf16,Hindi,123,86.48999786376953,72
bf16,Hindi,124,100.62062072753906,82
bf16,Hindi,125,144.14559936523438,92
bf16,Hindi,126,119.12403869628906,103
bf16,Hindi,127,84.84791564941406,86
bf16,Hindi,128,140.48243713378906,103
bf16,Hindi,129,140.00770568847656,120
bf16,Hindi,130,209.89613342285156,149
bf16,Hindi,131,133.53640747070312,82
bf16,Hindi,132,129.1240997314453,114
bf16,Hindi,133,192.71578979492188,179
bf16,Hindi,134,190.92691040039062,259
bf16,Hindi,135,309.3687438964844,292
bf16,Hindi,136,147.9940948486328,124
bf16,Hindi,137,88.5442123413086,93
bf16,Hindi,138,210.63699340820312,205
bf16,Hindi,139,133.1295166015625,148
bf16,Hindi,140,131.01113891601562,115
bf16,Hindi,141,168.87831115722656,154
bf16,Hindi,142,236.1605224609375,267
bf16,Hindi,143,158.0000457763672,161
bf16,Hindi,144,99.34487915039062,89
bf16,Hindi,145,240.09828186035156,278
bf16,Hindi,146,108.28842163085938,102
bf16,Hindi,147,271.2275390625,289
bf16,Hindi,148,117.17387390136719,119
bf16,Hindi,149,213.7403564453125,207
bf16,Hindi,150,157.9076385498047,122
bf16,Hindi,151,145.3743133544922,135
bf16,Hindi,152,110.4654312133789,78
bf16,Hindi,153,246.2025146484375,155
bf16,Hindi,154,161.18463134765625,173
bf16,Hindi,155,85.68414306640625,81
bf16,Hindi,156,206.6939697265625,185
bf16,Hindi,157,95.86246490478516,97
bf16,Hindi,158,157.92385864257812,150
bf16,Hindi,159,323.8604736328125,247
bf16,Hindi,160,175.86773681640625,161
bf16,Hindi,161,85.18978118896484,71
bf16,Hindi,162,126.06011962890625,99
bf16,Hindi,163,159.7535858154297,187
bf16,Hindi,164,91.8768310546875,97
bf16,Hindi,165,97.06074523925781,100
bf16,Hindi,166,153.23703002929688,164
bf16,Hindi,167,118.60970306396484,84
bf16,Hindi,168,150.71778869628906,120
bf16,Hindi,169,93.10093688964844,70
bf16,Hindi,170,106.16848754882812,92
bf16,Hindi,171,153.11441040039062,131
bf16,Hindi,172,169.51507568359375,158
bf16,Hindi,173,180.7943115234375,146
bf16,Hindi,174,187.77952575683594,183
bf16,Hindi,175,128.66375732421875,131
bf16,Hindi,176,169.91537475585938,159
bf16,Hindi,177,304.373779296875,325
bf16,Hindi,178,139.63648986816406,139
bf16,Hindi,179,253.96234130859375,229
bf16,Hindi,180,207.05374145507812,164
bf16,Hindi,181,270.53704833984375,207
bf16,Hindi,182,150.4919891357422,148
bf16,Hindi,183,75.82028198242188,74
bf16,Hindi,184,112.58233642578125,64
bf16,Hindi,185,97.91258239746094,68
bf16,Hindi,186,250.70440673828125,243
bf16,Hindi,187,65.96257781982422,54
bf16,Hindi,188,302.1287536621094,259
bf16,Hindi,189,175.46975708007812,151
bf16,Hindi,190,109.69901275634766,111
bf16,Hindi,191,194.45159912109375,183
bf16,Hindi,192,114.84044647216797,110
bf16,Hindi,193,98.0418930053711,68
bf16,Hindi,194,126.01263427734375,143
bf16,Hindi,195,105.53338623046875,78
bf16,Hindi,196,72.94976806640625,42
bf16,Hindi,197,162.21578979492188,134
bf16,Hindi,198,117.37629699707031,89
bf16,Hindi,199,70.28941345214844,63
bf16,Hindi,200,149.12542724609375,147
bf16,Hindi,201,179.971923828125,171
bf16,Hindi,202,161.73590087890625,162
bf16,Hindi,203,216.79962158203125,177
bf16,Hindi,204,112.54540252685547,115
bf16,Hindi,205,250.67776489257812,221
bf16,Hindi,206,188.04171752929688,212
bf16,Hindi,207,78.64060974121094,67
bf16,Hindi,208,127.41917419433594,137
bf16,Hindi,209,126.50823974609375,159
bf16,Hindi,210,122.87635803222656,166
bf16,Hindi,211,120.29308319091797,98
bf16,Hindi,212,126.54566955566406,129
bf16,Hindi,213,149.6055908203125,169
bf16,Hindi,214,380.2742614746094,380
bf16,Hindi,215,155.41708374023438,159
bf16,Hindi,216,162.98814392089844,136
bf16,Hindi,217,94.53657531738281,118
bf16,Hindi,218,268.4888610839844,285
bf16,Hindi,219,310.89654541015625,342
bf16,Hindi,220,143.79034423828125,137
bf16,Hindi,221,63.31461715698242,46
bf16,Hindi,222,197.2560577392578,266
bf16,Hindi,223,211.13047790527344,185
bf16,Hindi,224,56.15852355957031,57
bf16,Hindi,225,124.67955017089844,132
bf16,Hindi,226,163.69528198242188,116
bf16,Hindi,227,107.23829650878906,97
bf16,Hindi,228,176.86788940429688,107
bf16,Hindi,229,154.31277465820312,167
bf16,Hindi,230,98.34974670410156,86
bf16,Hindi,231,100.22673797607422,79
bf16,Hindi,232,215.33294677734375,185
bf16,Hindi,233,106.65461730957031,108
bf16,Hindi,234,91.54545593261719,101
bf16,Hindi,235,101.22421264648438,97
bf16,Hindi,236,148.13626098632812,135
bf16,Hindi,237,158.81341552734375,179
bf16,Hindi,238,236.41162109375,234
bf16,Hindi,239,172.16806030273438,185
bf16,Hindi,240,79.15847778320312,85
bf16,Hindi,241,128.72775268554688,162
bf16,Hindi,242,128.46530151367188,119
bf16,Hindi,243,154.99366760253906,142
bf16,Hindi,244,143.38418579101562,148
bf16,Hindi,245,58.86949920654297,34
bf16,Hindi,246,234.24559020996094,250
bf16,Hindi,247,78.19296264648438,64
bf16,Hindi,248,150.76141357421875,123
bf16,Hindi,249,117.24494934082031,120
bf16,Hindi,250,81.84586334228516,61
bf16,Hindi,251,271.4610290527344,294
bf16,Hindi,252,46.98133850097656,44
bf16,Hindi,253,112.53297424316406,108
bf16,Hindi,254,241.6357421875,202
bf16,Hindi,255,89.44160461425781,103
bf16,Bengali,0,256.92303466796875,161
bf16,Bengali,1,205.18289184570312,169
bf16,Bengali,2,102.24693298339844,57
bf16,Bengali,3,176.18368530273438,152
bf16,Bengali,4,236.164306640625,148
bf16,Bengali,5,238.42788696289062,170
bf16,Bengali,6,142.87664794921875,102
bf16,Bengali,7,123.94456481933594,54
bf16,Bengali,8,208.44747924804688,122
bf16,Bengali,9,81.91278076171875,47
bf16,Bengali,10,148.5050811767578,92
bf16,Bengali,11,261.391357421875,155
bf16,Bengali,12,122.6214599609375,80
bf16,Bengali,13,153.64039611816406,107
bf16,Bengali,14,213.06002807617188,179
bf16,Bengali,15,297.37762451171875,227
bf16,Bengali,16,260.5373229980469,215
bf16,Bengali,17,158.56561279296875,99
bf16,Bengali,18,288.31182861328125,136
bf16,Bengali,19,409.01202392578125,272
bf16,Bengali,20,130.7662353515625,97
bf16,Bengali,21,174.73028564453125,131
bf16,Bengali,22,84.13589477539062,72
bf16,Bengali,23,123.13603973388672,70
bf16,Bengali,24,118.67156982421875,71
bf16,Bengali,25,193.733154296875,163
bf16,Bengali,26,160.74981689453125,111
bf16,Bengali,27,113.83750915527344,69
bf16,Bengali,28,133.76126098632812,75
bf16,Bengali,29,81.8566665649414,48
bf16,Bengali,30,133.17034912109375,82
bf16,Bengali,31,155.56826782226562,98
bf16,Bengali,32,177.52200317382812,127
bf16,Bengali,33,159.8784637451172,138
bf16,Bengali,34,137.8118896484375,90
bf16,Bengali,35,181.21665954589844,116
bf16,Bengali,36,249.67454528808594,166
bf16,Bengali,37,176.34030151367188,98
bf16,Bengali,38,194.63165283203125,130
bf16,Bengali,39,107.12794494628906,66
bf16,Bengali,40,123.46371459960938,105
bf16,Bengali,41,290.86920166015625,214
bf16,Bengali,42,103.26216125488281,89
bf16,Bengali,43,261.87835693359375,241
bf16,Bengali,44,232.2000274658203,181
bf16,Bengali,45,136.7164306640625,78
bf16,Bengali,46,104.40509033203125,81
bf16,Bengali,47,206.05450439453125,156
bf16,Bengali,48,167.25689697265625,125
bf16,Bengali,49,185.93968200683594,129
bf16,Bengali,50,169.20396423339844,95
bf16,Bengali,51,233.02398681640625,263
bf16,Bengali,52,199.63893127441406,147
bf16,Bengali,53,179.09658813476562,142
bf16,Bengali,54,250.03347778320312,195
bf16,Bengali,55,152.4333038330078,123
bf16,Bengali,56,298.49090576171875,221
bf16,Bengali,57,161.15505981445312,129
bf16,Bengali,58,226.7667236328125,156
bf16,Bengali,59,216.57901000976562,180
bf16,Bengali,60,285.0419921875,255
bf16,Bengali,61,151.17453002929688,112
bf16,Bengali,62,105.53551483154297,83
bf16,Bengali,63,155.9365692138672,109
bf16,Bengali,64,311.9781494140625,243
bf16,Bengali,65,104.48593139648438,85
bf16,Bengali,66,609.1741943359375,489
bf16,Bengali,67,244.64892578125,208
bf16,Bengali,68,112.04048156738281,80
bf16,Bengali,69,264.09613037109375,283
bf16,Bengali,70,194.47157287597656,168
bf16,Bengali,71,418.0972900390625,322
bf16,Bengali,72,310.9134826660156,226
bf16,Bengali,73,195.0401153564453,142
bf16,Bengali,74,249.02684020996094,216
bf16,Bengali,75,69.50013732910156,47
bf16,Bengali,76,86.1265869140625,64
bf16,Bengali,77,115.55089569091797,87
bf16,Bengali,78,416.8855895996094,302
bf16,Bengali,79,348.978759765625,343
bf16,Bengali,80,181.90594482421875,139
bf16,Bengali,81,163.73095703125,114
bf16,Bengali,82,229.58688354492188,140
bf16,Bengali,83,240.0953826904297,171
bf16,Bengali,84,130.38873291015625,73
bf16,Bengali,85,372.82647705078125,312
bf16,Bengali,86,115.60882568359375,82
bf16,Bengali,87,79.68671417236328,47
bf16,Bengali,88,151.34381103515625,91
bf16,Bengali,89,166.01959228515625,108
bf16,Bengali,90,127.71319580078125,73
bf16,Bengali,91,116.15721893310547,101
bf16,Bengali,92,147.2835693359375,102
bf16,Bengali,93,167.36590576171875,133
bf16,Bengali,94,122.3511734008789,76
bf16,Bengali,95,152.07899475097656,113
bf16,Bengali,96,89.64277648925781,69
bf16,Bengali,97,265.4971618652344,169
bf16,Bengali,98,247.90036010742188,182
bf16,Bengali,99,234.51300048828125,159
bf16,Bengali,100,101.46151733398438,80
bf16,Bengali,101,265.72259521484375,145
bf16,Bengali,102,127.80892181396484,79
bf16,Bengali,103,92.65341186523438,49
bf16,Bengali,104,92.79914093017578,49
bf16,Bengali,105,83.41361236572266,37
bf16,Bengali,106,117.85798645019531,91
bf16,Bengali,107,91.3853759765625,62
bf16,Bengali,108,369.1748352050781,270
bf16,Bengali,109,234.35433959960938,153
bf16,Bengali,110,139.96212768554688,108
bf16,Bengali,111,133.38153076171875,109
bf16,Bengali,112,142.97911071777344,87
bf16,Bengali,113,82.04840850830078,61
bf16,Bengali,114,304.6556396484375,213
bf16,Bengali,115,226.39068603515625,132
bf16,Bengali,116,284.0862121582031,189
bf16,Bengali,117,199.41323852539062,149
bf16,Bengali,118,87.19241333007812,42
bf16,Bengali,119,362.216796875,250
bf16,Bengali,120,251.92852783203125,170
bf16,Bengali,121,223.89395141601562,140
bf16,Bengali,122,84.80683898925781,74
bf16,Bengali,123,93.16606140136719,49
bf16,Bengali,124,124.37346649169922,77
bf16,Bengali,125,143.7686767578125,92
bf16,Bengali,126,134.67601013183594,106
bf16,Bengali,127,102.35028076171875,72
bf16,Bengali,128,204.92538452148438,113
bf16,Bengali,129,180.15802001953125,121
bf16,Bengali,130,257.1458740234375,158
bf16,Bengali,131,110.83207702636719,86
bf16,Bengali,132,160.56991577148438,121
bf16,Bengali,133,209.66226196289062,169
bf16,Bengali,134,273.52508544921875,238
bf16,Bengali,135,360.5813293457031,273
bf16,Bengali,136,158.82577514648438,134
bf16,Bengali,137,96.01628112792969,92
bf16,Bengali,138,248.33419799804688,220
bf16,Bengali,139,172.122314453125,140
bf16,Bengali,140,158.36141967773438,114
bf16,Bengali,141,200.00332641601562,160
bf16,Bengali,142,274.5968017578125,224
bf16,Bengali,143,179.79959106445312,143
bf16,Bengali,144,109.53623962402344,74
bf16,Bengali,145,284.1727294921875,253
bf16,Bengali,146,124.1131591796875,112
bf16,Bengali,147,331.97314453125,301
bf16,Bengali,148,137.2895965576172,98
bf16,Bengali,149,276.8782958984375,213
bf16,Bengali,150,158.07632446289062,107
bf16,Bengali,151,199.82992553710938,134
bf16,Bengali,152,100.07783508300781,68
bf16,Bengali,153,247.69187927246094,147
bf16,Bengali,154,153.62539672851562,157
bf16,Bengali,155,143.47781372070312,94
bf16,Bengali,156,266.0237731933594,207
bf16,Bengali,157,88.81404113769531,89
bf16,Bengali,158,180.4613037109375,160
bf16,Bengali,159,438.3509521484375,265
bf16,Bengali,160,154.40585327148438,129
bf16,Bengali,161,97.07250213623047,75
bf16,Bengali,162,136.43016052246094,72
bf16,Bengali,163,220.7583465576172,181
bf16,Bengali,164,113.94440460205078,109
bf16,Bengali,165,133.76974487304688,100
bf16,Bengali,166,168.30230712890625,129
bf16,Bengali,167,113.81593322753906,60
bf16,Bengali,168,246.6815643310547,137
bf16,Bengali,169,112.09700012207031,72
bf16,Bengali,170,132.58087158203125,82
bf16,Bengali,171,169.71356201171875,129
bf16,Bengali,172,163.44354248046875,133
bf16,Bengali,173,224.41629028320312,162
bf16,Bengali,174,186.24728393554688,159
bf16,Bengali,175,126.41273498535156,118
bf16,Bengali,176,190.07647705078125,122
bf16,Bengali,177,398.4258117675781,295
bf16,Bengali,178,175.10072326660156,135
bf16,Bengali,179,268.68572998046875,162
bf16,Bengali,180,293.26007080078125,180
bf16,Bengali,181,298.948974609375,193
bf16,Bengali,182,171.7481231689453,118
bf16,Bengali,183,93.28520202636719,65
bf16,Bengali,184,97.99988555908203,64
bf16,Bengali,185,116.40660095214844,80
bf16,Bengali,186,266.44366455078125,237
bf16,Bengali,187,73.33201599121094,53
bf16,Bengali,188,304.121337890625,237
bf16,Bengali,189,202.1676025390625,172
bf16,Bengali,190,149.88999938964844,106
bf16,Bengali,191,221.83175659179688,154
bf16,Bengali,192,122.99344635009766,102
bf16,Bengali,193,117.5457763671875,80
bf16,Bengali,194,156.91891479492188,135
bf16,Bengali,195,115.26870727539062,71
bf16,Bengali,196,92.69590759277344,44
bf16,Bengali,197,135.50987243652344,87
bf16,Bengali,198,121.9778060913086,81
bf16,Bengali,199,90.77627563476562,60
bf16,Bengali,200,155.5560302734375,162
bf16,Bengali,201,198.52484130859375,154
bf16,Bengali,202,188.24746704101562,164
bf16,Bengali,203,246.8917999267578,186
bf16,Bengali,204,195.49508666992188,148
bf16,Bengali,205,292.57989501953125,239
bf16,Bengali,206,201.044189453125,196
bf16,Bengali,207,103.18556213378906,79
bf16,Bengali,208,143.69876098632812,110
bf16,Bengali,209,180.86427307128906,141
bf16,Bengali,210,176.13710021972656,126
bf16,Bengali,211,111.06504821777344,76
bf16,Bengali,212,166.7373809814453,99
bf16,Bengali,213,146.05343627929688,145
bf16,Bengali,214,398.49493408203125,335
bf16,Bengali,215,197.87484741210938,168
bf16,Bengali,216,188.53802490234375,112
bf16,Bengali,217,118.01673889160156,101
bf16,Bengali,218,307.205810546875,276
bf16,Bengali,219,330.3210144042969,317
bf16,Bengali,220,168.44561767578125,101
bf16,Bengali,221,76.51971435546875,43
bf16,Bengali,222,292.1094665527344,263
bf16,Bengali,223,238.8754119873047,196
bf16,Bengali,224,61.70749282836914,43
bf16,Bengali,225,193.55706787109375,145
bf16,Bengali,226,187.0924072265625,154
bf16,Bengali,227,111.21815490722656,95
bf16,Bengali,228,200.53433227539062,117
bf16,Bengali,229,171.69287109375,138
bf16,Bengali,230,110.24154663085938,75
bf16,Bengali,231,106.34249877929688,75
bf16,Bengali,232,276.91845703125,221
bf16,Bengali,233,107.67555236816406,97
bf16,Bengali,234,120.68450927734375,90
bf16,Bengali,235,140.39471435546875,100
bf16,Bengali,236,176.7198944091797,137
bf16,Bengali,237,253.72291564941406,208
bf16,Bengali,238,237.50161743164062,184
bf16,Bengali,239,230.7500762939453,175
bf16,Bengali,240,136.1629180908203,81
bf16,Bengali,241,178.56588745117188,163
bf16,Bengali,242,178.5445556640625,123
bf16,Bengali,243,179.18719482421875,130
bf16,Bengali,244,218.13389587402344,149
bf16,Bengali,245,59.41584777832031,34
bf16,Bengali,246,300.6807861328125,265
bf16,Bengali,247,100.636962890625,51
bf16,Bengali,248,189.40304565429688,146
bf16,Bengali,249,149.15658569335938,110
bf16,Bengali,250,98.8516616821289,61
bf16,Bengali,251,370.943603515625,295
bf16,Bengali,252,54.042205810546875,41
bf16,Bengali,253,144.48069763183594,113
bf16,Bengali,254,270.041015625,212
bf16,Bengali,255,121.7889175415039,99
bf16,Marathi,0,231.31826782226562,143
bf16,Marathi,1,206.57872009277344,178
bf16,Marathi,2,115.35260009765625,67
bf16,Marathi,3,208.9253692626953,149
bf16,Marathi,4,204.39163208007812,133
bf16,Marathi,5,252.07017517089844,156
bf16,Marathi,6,172.2716064453125,109
bf16,Marathi,7,112.81045532226562,66
bf16,Marathi,8,212.54364013671875,145
bf16,Marathi,9,102.64960479736328,54
bf16,Marathi,10,163.1342010498047,97
bf16,Marathi,11,269.26885986328125,142
bf16,Marathi,12,136.03900146484375,101
bf16,Marathi,13,141.52932739257812,129
bf16,Marathi,14,278.230712890625,194
bf16,Marathi,15,259.9266052246094,180
bf16,Marathi,16,293.82763671875,215
bf16,Marathi,17,193.24163818359375,117
bf16,Marathi,18,215.072021484375,133
bf16,Marathi,19,472.0538635253906,318
bf16,Marathi,20,137.57064819335938,91
bf16,Marathi,21,198.78408813476562,181
bf16,Marathi,22,104.79007720947266,90
bf16,Marathi,23,130.85220336914062,71
bf16,Marathi,24,114.61602783203125,63
bf16,Marathi,25,233.043701171875,204
bf16,Marathi,26,130.0358428955078,128
bf16,Marathi,27,135.01150512695312,63
bf16,Marathi,28,134.07107543945312,72
bf16,Marathi,29,80.63265991210938,41
bf16,Marathi,30,139.53286743164062,104
bf16,Marathi,31,168.1640625,113
bf16,Marathi,32,157.267333984375,98
bf16,Marathi,33,185.8479766845703,150
bf16,Marathi,34,170.73231506347656,108
bf16,Marathi,35,206.27320861816406,125
bf16,Marathi,36,231.78929138183594,163
bf16,Marathi,37,193.16055297851562,125
bf16,Marathi,38,153.97030639648438,120
bf16,Marathi,39,133.24188232421875,69
bf16,Marathi,40,154.092041015625,120
bf16,Marathi,41,374.80908203125,255
bf16,Marathi,42,115.34349822998047,83
bf16,Marathi,43,312.74310302734375,252
bf16,Marathi,44,281.4888000488281,179
bf16,Marathi,45,144.3933563232422,85
bf16,Marathi,46,148.6611328125,87
bf16,Marathi,47,247.71478271484375,187
bf16,Marathi,48,181.0315399169922,113
bf16,Marathi,49,189.60952758789062,142
bf16,Marathi,50,199.15541076660156,132
bf16,Marathi,51,312.9034118652344,255
bf16,Marathi,52,226.96481323242188,166
bf16,Marathi,53,222.97084045410156,183
bf16,Marathi,54,225.69976806640625,210
bf16,Marathi,55,174.76559448242188,107
bf16,Marathi,56,339.8623046875,288
bf16,Marathi,57,185.58447265625,136
bf16,Marathi,58,227.52597045898438,192
bf16,Marathi,59,214.87216186523438,157
bf16,Marathi,60,356.19427490234375,335
bf16,Marathi,61,173.47792053222656,124
bf16,Marathi,62,149.7769775390625,99
bf16,Marathi,63,184.8955078125,115
bf16,Marathi,64,327.1140441894531,260
bf16,Marathi,65,102.85757446289062,113
bf16,Marathi,66,638.5748901367188,505
bf16,Marathi,67,290.761474609375,198
bf16,Marathi,68,116.69496154785156,81
bf16,Marathi,69,383.3326110839844,362
bf16,Marathi,70,218.2091522216797,186
bf16,Marathi,71,513.338134765625,380
bf16,Marathi,72,284.184326171875,263
bf16,Marathi,73,240.19554138183594,164
bf16,Marathi,74,374.2983703613281,318
bf16,Marathi,75,65.70083618164062,54
bf16,Marathi,76,114.64382934570312,82
bf16,Marathi,77,128.96946716308594,105
bf16,Marathi,78,439.6495361328125,322
bf16,Marathi,79,475.1950988769531,387
bf16,Marathi,80,202.46131896972656,146
bf16,Marathi,81,170.2113037109375,117
bf16,Marathi,82,200.28277587890625,143
bf16,Marathi,83,324.6337890625,215
bf16,Marathi,84,113.28506469726562,64
bf16,Marathi,85,418.30938720703125,292
bf16,Marathi,86,120.59431457519531,74
bf16,Marathi,87,103.09078216552734,49
bf16,Marathi,88,186.8170166015625,113
bf16,Marathi,89,171.3997802734375,113
bf16,Marathi,90,126.77749633789062,97
bf16,Marathi,91,126.44851684570312,106
bf16,Marathi,92,214.6042022705078,159
bf16,Marathi,93,192.12445068359375,121
bf16,Marathi,94,166.71115112304688,103
bf16,Marathi,95,145.74212646484375,126
bf16,Marathi,96,101.8909683227539,71
bf16,Marathi,97,284.98779296875,174
bf16,Marathi,98,260.1357421875,233
bf16,Marathi,99,268.3710632324219,162
bf16,Marathi,100,133.22042846679688,102
bf16,Marathi,101,262.3236083984375,174
bf16,Marathi,102,142.48451232910156,91
bf16,Marathi,103,82.81123352050781,44
bf16,Marathi,104,99.289794921875,49
bf16,Marathi,105,66.65214538574219,27
bf16,Marathi,106,150.822265625,86
bf16,Marathi,107,97.195556640625,63
bf16,Marathi,108,488.040283203125,313
bf16,Marathi,109,308.9210205078125,224
bf16,Marathi,110,144.4034423828125,95
bf16,Marathi,111,161.33575439453125,132
bf16,Marathi,112,138.4155731201172,96
bf16,Marathi,113,116.23482513427734,64
bf16,Marathi,114,373.2464294433594,261
bf16,Marathi,115,209.278076171875,121
bf16,Marathi,116,306.87457275390625,211
bf16,Marathi,117,245.95343017578125,199
bf16,Marathi,118,100.56932067871094,42
bf16,Marathi,119,384.64129638671875,266
bf16,Marathi,120,204.8775634765625,160
bf16,Marathi,121,269.1554260253906,180
bf16,Marathi,122,97.94281005859375,86
bf16,Marathi,123,82.31655883789062,35
bf16,Marathi,124,142.4713592529297,70
bf16,Marathi,125,155.36888122558594,109
bf16,Marathi,126,178.38638305664062,104
bf16,Marathi,127,101.26757049560547,101
bf16,Marathi,128,187.14993286132812,99
bf16,Marathi,129,168.22328186035156,103
bf16,Marathi,130,213.67626953125,141
bf16,Marathi,131,165.24667358398438,92
bf16,Marathi,132,148.04869079589844,129
bf16,Marathi,133,240.47406005859375,193
bf16,Marathi,134,300.29656982421875,273
bf16,Marathi,135,407.25543212890625,301
bf16,Marathi,136,171.40994262695312,131
bf16,Marathi,137,121.16556549072266,106
bf16,Marathi,138,278.71392822265625,237
bf16,Marathi,139,177.47605895996094,141
bf16,Marathi,140,186.30734252929688,139
bf16,Marathi,141,224.66806030273438,173
bf16,Marathi,142,267.91119384765625,241
bf16,Marathi,143,192.23251342773438,145
bf16,Marathi,144,123.28802490234375,64
bf16,Marathi,145,293.8960266113281,262
bf16,Marathi,146,156.211181640625,104
bf16,Marathi,147,343.5308532714844,297
bf16,Marathi,148,124.51400756835938,86
bf16,Marathi,149,257.50164794921875,218
bf16,Marathi,150,153.7347869873047,118
bf16,Marathi,151,232.428466796875,129
bf16,Marathi,152,138.92770385742188,80
bf16,Marathi,153,255.07786560058594,160
bf16,Marathi,154,218.5688934326172,183
bf16,Marathi,155,102.16149139404297,85
bf16,Marathi,156,267.0730895996094,187
bf16,Marathi,157,136.39874267578125,108
bf16,Marathi,158,249.99319458007812,175
bf16,Marathi,159,369.42742919921875,278
bf16,Marathi,160,212.2347869873047,142
bf16,Marathi,161,125.32178497314453,66
bf16,Marathi,162,135.46380615234375,82
bf16,Marathi,163,254.55154418945312,193
bf16,Marathi,164,138.56692504882812,86
bf16,Marathi,165,155.1618194580078,113
bf16,Marathi,166,191.52099609375,161
bf16,Marathi,167,153.1101531982422,80
bf16,Marathi,168,226.09957885742188,129
bf16,Marathi,169,107.02049255371094,93
bf16,Marathi,170,158.18653869628906,96
bf16,Marathi,171,195.7457275390625,124
bf16,Marathi,172,224.8007354736328,127
bf16,Marathi,173,234.85671997070312,146
bf16,Marathi,174,227.1719207763672,158
bf16,Marathi,175,166.60089111328125,127
bf16,Marathi,176,220.70278930664062,157
bf16,Marathi,177,423.27545166015625,359
bf16,Marathi,178,186.71888732910156,140
bf16,Marathi,179,285.12890625,184
bf16,Marathi,180,280.4510192871094,168
bf16,Marathi,181,300.4239501953125,196
bf16,Marathi,182,229.932861328125,137
bf16,Marathi,183,109.87290954589844,65
bf16,Marathi,184,114.052001953125,71
bf16,Marathi,185,117.91730499267578,81
bf16,Marathi,186,346.6312561035156,269
bf16,Marathi,187,79.54075622558594,41
bf16,Marathi,188,341.16131591796875,249
bf16,Marathi,189,258.7135314941406,173
bf16,Marathi,190,166.20205688476562,101
bf16,Marathi,191,254.95864868164062,179
bf16,Marathi,192,193.41981506347656,114
bf16,Marathi,193,122.29366302490234,68
bf16,Marathi,194,188.67236328125,143
bf16,Marathi,195,120.87640380859375,75
bf16,Marathi,196,90.03517150878906,35
bf16,Marathi,197,143.49375915527344,86
bf16,Marathi,198,141.59812927246094,91
bf16,Marathi,199,122.22836303710938,69
bf16,Marathi,200,174.91014099121094,143
bf16,Marathi,201,247.02813720703125,199
bf16,Marathi,202,221.16705322265625,193
bf16,Marathi,203,251.2782745361328,196
bf16,Marathi,204,181.66224670410156,137
bf16,Marathi,205,365.98602294921875,256
bf16,Marathi,206,248.49740600585938,215
bf16,Marathi,207,99.06304168701172,67
bf16,Marathi,208,140.02366638183594,116
bf16,Marathi,209,190.90219116210938,148
bf16,Marathi,210,166.05105590820312,140
bf16,Marathi,211,143.65872192382812,80
bf16,Marathi,212,195.66708374023438,128
bf16,Marathi,213,183.62925720214844,165
bf16,Marathi,214,433.4460144042969,340
bf16,Marathi,215,215.06797790527344,149
bf16,Marathi,216,194.34942626953125,143
bf16,Marathi,217,140.84942626953125,101
bf16,Marathi,218,317.61358642578125,306
bf16,Marathi,219,409.3367919921875,352
bf16,Marathi,220,158.364013671875,123
bf16,Marathi,221,73.31521606445312,44
bf16,Marathi,222,262.9801025390625,293
bf16,Marathi,223,247.1870574951172,208
bf16,Marathi,224,76.53413391113281,48
bf16,Marathi,225,189.80490112304688,160
bf16,Marathi,226,224.211181640625,155
bf16,Marathi,227,129.55197143554688,99
bf16,Marathi,228,225.61810302734375,126
bf16,Marathi,229,202.983642578125,188
bf16,Marathi,230,123.48145294189453,89
bf16,Marathi,231,102.55846405029297,61
bf16,Marathi,232,319.00616455078125,244
bf16,Marathi,233,128.58990478515625,111
bf16,Marathi,234,131.1245574951172,103
bf16,Marathi,235,164.78848266601562,100
bf16,Marathi,236,206.0348663330078,118
bf16,Marathi,237,269.0498046875,207
bf16,Marathi,238,271.40399169921875,223
bf16,Marathi,239,194.89035034179688,150
bf16,Marathi,240,106.6135025024414,84
bf16,Marathi,241,187.65902709960938,158
bf16,Marathi,242,198.7823486328125,146
bf16,Marathi,243,197.85379028320312,142
bf16,Marathi,244,190.89498901367188,137
bf16,Marathi,245,66.48687744140625,29
bf16,Marathi,246,331.5418701171875,306
bf16,Marathi,247,86.2348861694336,52
bf16,Marathi,248,201.71682739257812,137
bf16,Marathi,249,154.87423706054688,102
bf16,Marathi,250,107.14625549316406,53
bf16,Marathi,251,359.80816650390625,250
bf16,Marathi,252,66.11402893066406,38
bf16,Marathi,253,177.92425537109375,113
bf16,Marathi,254,304.4354248046875,205
bf16,Marathi,255,132.01539611816406,106
bf16,Gujarati,0,273.83154296875,130
bf16,Gujarati,1,256.1860046386719,159
bf16,Gujarati,2,107.49665069580078,53
bf16,Gujarati,3,204.29708862304688,133
bf16,Gujarati,4,195.7188262939453,113
bf16,Gujarati,5,239.8278350830078,137
bf16,Gujarati,6,157.01602172851562,82
bf16,Gujarati,7,126.04075622558594,45
bf16,Gujarati,8,215.7907257080078,114
bf16,Gujarati,9,82.91814422607422,44
bf16,Gujarati,10,158.7653350830078,91
bf16,Gujarati,11,304.71075439453125,149
bf16,Gujarati,12,171.00445556640625,89
bf16,Gujarati,13,155.25051879882812,108
bf16,Gujarati,14,335.182373046875,192
bf16,Gujarati,15,253.98934936523438,139
bf16,Gujarati,16,277.1581726074219,189
bf16,Gujarati,17,158.65716552734375,102
bf16,Gujarati,18,275.2130432128906,158
bf16,Gujarati,19,446.9513244628906,277
bf16,Gujarati,20,167.72103881835938,90
bf16,Gujarati,21,188.459228515625,132
bf16,Gujarati,22,103.4037094116211,73
bf16,Gujarati,23,136.85220336914062,72
bf16,Gujarati,24,123.05058288574219,69
bf16,Gujarati,25,271.7341613769531,174
bf16,Gujarati,26,162.26373291015625,128
bf16,Gujarati,27,133.5699005126953,88
bf16,Gujarati,28,136.40078735351562,61
bf16,Gujarati,29,97.70806121826172,57
bf16,Gujarati,30,149.905029296875,105
bf16,Gujarati,31,161.08587646484375,93
bf16,Gujarati,32,212.83331298828125,104
bf16,Gujarati,33,202.89590454101562,126
bf16,Gujarati,34,196.4166259765625,97
bf16,Gujarati,35,202.68255615234375,107
bf16,Gujarati,36,289.89715576171875,172
bf16,Gujarati,37,200.4677734375,98
bf16,Gujarati,38,176.39697265625,114
bf16,Gujarati,39,120.37711334228516,72
bf16,Gujarati,40,166.575439453125,111
bf16,Gujarati,41,375.7078857421875,262
bf16,Gujarati,42,120.68367004394531,95
bf16,Gujarati,43,351.9825439453125,246
bf16,Gujarati,44,290.9327392578125,167
bf16,Gujarati,45,134.5608367919922,79
bf16,Gujarati,46,156.73001098632812,75
bf16,Gujarati,47,279.60650634765625,166
bf16,Gujarati,48,177.31997680664062,103
bf16,Gujarati,49,201.81813049316406,105
bf16,Gujarati,50,183.44955444335938,89
bf16,Gujarati,51,301.6292419433594,232
bf16,Gujarati,52,248.90826416015625,148
bf16,Gujarati,53,231.01910400390625,141
bf16,Gujarati,54,257.4959411621094,197
bf16,Gujarati,55,203.17974853515625,103
bf16,Gujarati,56,363.63275146484375,249
bf16,Gujarati,57,189.8457794189453,108
bf16,Gujarati,58,243.90203857421875,149
bf16,Gujarati,59,224.86880493164062,158
bf16,Gujarati,60,322.758544921875,283
bf16,Gujarati,61,195.16305541992188,127
bf16,Gujarati,62,136.0946502685547,83
bf16,Gujarati,63,200.3057098388672,116
bf16,Gujarati,64,338.73748779296875,213
bf16,Gujarati,65,151.81735229492188,103
bf16,Gujarati,66,620.5107421875,424
bf16,Gujarati,67,303.9230651855469,166
bf16,Gujarati,68,113.56611633300781,59
bf16,Gujarati,69,385.2989807128906,294
bf16,Gujarati,70,195.59207153320312,145
bf16,Gujarati,71,483.6853332519531,281
bf16,Gujarati,72,391.78143310546875,239
bf16,Gujarati,73,241.91891479492188,153
bf16,Gujarati,74,289.0233154296875,198
bf16,Gujarati,75,95.99067687988281,48
bf16,Gujarati,76,130.65309143066406,78
bf16,Gujarati,77,137.21127319335938,88
bf16,Gujarati,78,523.53125,302
bf16,Gujarati,79,495.61737060546875,366
bf16,Gujarati,80,185.97647094726562,143
bf16,Gujarati,81,210.0225830078125,122
bf16,Gujarati,82,228.2127685546875,132
bf16,Gujarati,83,377.6403503417969,233
bf16,Gujarati,84,107.4163818359375,65
bf16,Gujarati,85,419.248291015625,299
bf16,Gujarati,86,124.35636901855469,58
bf16,Gujarati,87,115.66862487792969,62
bf16,Gujarati,88,172.72047424316406,86
bf16,Gujarati,89,247.640625,121
bf16,Gujarati,90,140.5177001953125,86
bf16,Gujarati,91,150.51248168945312,95
bf16,Gujarati,92,189.31187438964844,116
bf16,Gujarati,93,178.322998046875,116
bf16,Gujarati,94,151.04295349121094,80
bf16,Gujarati,95,193.56626892089844,120
bf16,Gujarati,96,111.62202453613281,69
bf16,Gujarati,97,295.071533203125,152
bf16,Gujarati,98,296.3619689941406,202
bf16,Gujarati,99,316.144775390625,168
bf16,Gujarati,100,129.23614501953125,96
bf16,Gujarati,101,269.7831115722656,151
bf16,Gujarati,102,171.38320922851562,81
bf16,Gujarati,103,100.46839904785156,42
bf16,Gujarati,104,100.82101440429688,46
bf16,Gujarati,105,85.6304702758789,35
bf16,Gujarati,106,140.28009033203125,87
bf16,Gujarati,107,99.93500518798828,67
bf16,Gujarati,108,475.64801025390625,296
bf16,Gujarati,109,248.91574096679688,168
bf16,Gujarati,110,189.94607543945312,94
bf16,Gujarati,111,142.8919677734375,110
bf16,Gujarati,112,162.6228485107422,92
bf16,Gujarati,113,96.64459228515625,48
bf16,Gujarati,114,399.08831787109375,244
bf16,Gujarati,115,257.2306213378906,117
bf16,Gujarati,116,311.2080078125,192
bf16,Gujarati,117,267.9910583496094,131
bf16,Gujarati,118,105.58937072753906,47
bf16,Gujarati,119,442.05950927734375,278
bf16,Gujarati,120,232.2657470703125,151
bf16,Gujarati,121,286.76959228515625,149
bf16,Gujarati,122,106.32087707519531,74
bf16,Gujarati,123,74.73654174804688,40
bf16,Gujarati,124,125.75344848632812,62
bf16,Gujarati,125,181.39480590820312,87
bf16,Gujarati,126,190.3516845703125,101
bf16,Gujarati,127,117.87483978271484,85
bf16,Gujarati,128,232.05694580078125,106
bf16,Gujarati,129,171.58082580566406,103
bf16,Gujarati,130,299.5814208984375,139
bf16,Gujarati,131,165.44744873046875,91
bf16,Gujarati,132,209.11126708984375,130
bf16,Gujarati,133,244.17007446289062,148
bf16,Gujarati,134,359.4692687988281,283
bf16,Gujarati,135,353.78411865234375,238
bf16,Gujarati,136,175.1415252685547,116
bf16,Gujarati,137,147.40780639648438,91
bf16,Gujarati,138,326.6894226074219,211
bf16,Gujarati,139,215.9755096435547,128
bf16,Gujarati,140,179.67874145507812,124
bf16,Gujarati,141,226.3505859375,151
bf16,Gujarati,142,287.65863037109375,196
bf16,Gujarati,143,192.89810180664062,129
bf16,Gujarati,144,129.0462188720703,81
bf16,Gujarati,145,340.04962158203125,246
bf16,Gujarati,146,175.8852996826172,82
bf16,Gujarati,147,316.945556640625,228
bf16,Gujarati,148,149.1073760986328,106
bf16,Gujarati,149,267.885986328125,182
bf16,Gujarati,150,187.7516326904297,114
bf16,Gujarati,151,237.01255798339844,145
bf16,Gujarati,152,107.84615325927734,59
bf16,Gujarati,153,229.46920776367188,131
bf16,Gujarati,154,199.66787719726562,149
bf16,Gujarati,155,146.17950439453125,81
bf16,Gujarati,156,239.74391174316406,157
bf16,Gujarati,157,131.9714813232422,101
bf16,Gujarati,158,250.18899536132812,159
bf16,Gujarati,159,389.52044677734375,237
bf16,Gujarati,160,170.38795471191406,114
bf16,Gujarati,161,109.42643737792969,66
bf16,Gujarati,162,161.94375610351562,78
bf16,Gujarati,163,284.863525390625,188
bf16,Gujarati,164,143.119384765625,104
bf16,Gujarati,165,146.36898803710938,93
bf16,Gujarati,166,250.50588989257812,148
bf16,Gujarati,167,135.7892303466797,73
bf16,Gujarati,168,224.86280822753906,120
bf16,Gujarati,169,141.07293701171875,79
bf16,Gujarati,170,158.98117065429688,89
bf16,Gujarati,171,218.8697052001953,139
bf16,Gujarati,172,209.29074096679688,122
bf16,Gujarati,173,229.84164428710938,146
bf16,Gujarati,174,212.2661895751953,149
bf16,Gujarati,175,194.21249389648438,120
bf16,Gujarati,176,235.8602294921875,152
bf16,Gujarati,177,454.771728515625,270
bf16,Gujarati,178,196.5767059326172,124
bf16,Gujarati,179,262.6702880859375,147
bf16,Gujarati,180,317.5771484375,158
bf16,Gujarati,181,315.3521423339844,179
bf16,Gujarati,182,251.63302612304688,141
bf16,Gujarati,183,114.1506576538086,59
bf16,Gujarati,184,112.32681274414062,64
bf16,Gujarati,185,154.38919067382812,97
bf16,Gujarati,186,328.4235534667969,239
bf16,Gujarati,187,86.94490051269531,43
bf16,Gujarati,188,373.537353515625,233
bf16,Gujarati,189,225.20655822753906,171
bf16,Gujarati,190,167.6312255859375,116
bf16,Gujarati,191,285.4292907714844,157
bf16,Gujarati,192,179.80487060546875,99
bf16,Gujarati,193,152.53775024414062,89
bf16,Gujarati,194,235.14515686035156,132
bf16,Gujarati,195,118.3636245727539,69
bf16,Gujarati,196,102.10709381103516,55
bf16,Gujarati,197,205.01026916503906,108
bf16,Gujarati,198,137.17578125,92
bf16,Gujarati,199,106.2205810546875,61
bf16,Gujarati,200,171.35984802246094,137
bf16,Gujarati,201,259.32672119140625,153
bf16,Gujarati,202,269.0557861328125,167
bf16,Gujarati,203,320.3966064453125,177
bf16,Gujarati,204,212.1583709716797,119
bf16,Gujarati,205,374.604248046875,219
bf16,Gujarati,206,275.914306640625,202
bf16,Gujarati,207,126.66514587402344,71
bf16,Gujarati,208,195.2361297607422,128
bf16,Gujarati,209,236.43418884277344,132
bf16,Gujarati,210,239.09658813476562,145
bf16,Gujarati,211,152.408935546875,80
bf16,Gujarati,212,204.91864013671875,120
bf16,Gujarati,213,206.46127319335938,140
bf16,Gujarati,214,490.8101501464844,390
bf16,Gujarati,215,264.1598815917969,187
bf16,Gujarati,216,205.34344482421875,109
bf16,Gujarati,217,143.0310516357422,127
bf16,Gujarati,218,355.4501647949219,273
bf16,Gujarati,219,387.7055969238281,294
bf16,Gujarati,220,184.98974609375,118
bf16,Gujarati,221,83.11174011230469,48
bf16,Gujarati,222,354.36334228515625,282
bf16,Gujarati,223,245.84127807617188,173
bf16,Gujarati,224,74.21763610839844,52
bf16,Gujarati,225,193.73997497558594,127
bf16,Gujarati,226,234.196533203125,113
bf16,Gujarati,227,138.2756805419922,97
bf16,Gujarati,228,212.05247497558594,107
bf16,Gujarati,229,208.90309143066406,147
bf16,Gujarati,230,125.52930450439453,79
bf16,Gujarati,231,115.18077850341797,66
bf16,Gujarati,232,269.17803955078125,173
bf16,Gujarati,233,159.5560760498047,98
bf16,Gujarati,234,132.5890350341797,83
bf16,Gujarati,235,183.70921325683594,89
bf16,Gujarati,236,198.38156127929688,104
bf16,Gujarati,237,250.72799682617188,178
bf16,Gujarati,238,269.9996337890625,171
bf16,Gujarati,239,236.31637573242188,143
bf16,Gujarati,240,131.76832580566406,73
bf16,Gujarati,241,199.411865234375,158
bf16,Gujarati,242,191.8754425048828,112
bf16,Gujarati,243,266.86724853515625,152
bf16,Gujarati,244,252.54415893554688,132
bf16,Gujarati,245,75.59100341796875,34
bf16,Gujarati,246,410.02838134765625,279
bf16,Gujarati,247,92.78384399414062,50
bf16,Gujarati,248,210.94134521484375,131
bf16,Gujarati,249,138.2910919189453,83
bf16,Gujarati,250,121.13973999023438,62
bf16,Gujarati,251,423.3076171875,270
bf16,Gujarati,252,70.23887634277344,45
bf16,Gujarati,253,184.63539123535156,116
bf16,Gujarati,254,338.99908447265625,198
bf16,Gujarati,255,128.4332275390625,91
bf16,Punjabi,0,284.02587890625,140
bf16,Punjabi,1,302.36151123046875,167
bf16,Punjabi,2,123.67576599121094,71
bf16,Punjabi,3,254.7713623046875,134
bf16,Punjabi,4,256.9054260253906,122
bf16,Punjabi,5,287.59490966796875,141
bf16,Punjabi,6,177.61892700195312,89
bf16,Punjabi,7,126.71348571777344,52
bf16,Punjabi,8,247.82086181640625,130
bf16,Punjabi,9,89.77154541015625,40
bf16,Punjabi,10,137.95948791503906,65
bf16,Punjabi,11,306.1279296875,136
bf16,Punjabi,12,211.79083251953125,114
bf16,Punjabi,13,155.53860473632812,83
bf16,Punjabi,14,357.83013916015625,180
bf16,Punjabi,15,295.5880432128906,157
bf16,Punjabi,16,365.685546875,200
bf16,Punjabi,17,195.53965759277344,98
bf16,Punjabi,18,323.0567321777344,168
bf16,Punjabi,19,518.4759521484375,268
bf16,Punjabi,20,180.73617553710938,93
bf16,Punjabi,21,215.5122833251953,129
bf16,Punjabi,22,116.14228820800781,75
bf16,Punjabi,23,147.36630249023438,78
bf16,Punjabi,24,127.16317749023438,65
bf16,Punjabi,25,244.6903076171875,125
bf16,Punjabi,26,258.773193359375,155
bf16,Punjabi,27,136.81591796875,85
bf16,Punjabi,28,165.20306396484375,76
bf16,Punjabi,29,95.45538330078125,51
bf16,Punjabi,30,184.44630432128906,99
bf16,Punjabi,31,178.03713989257812,88
bf16,Punjabi,32,228.22142028808594,102
bf16,Punjabi,33,249.02142333984375,138
bf16,Punjabi,34,212.9418182373047,98
bf16,Punjabi,35,258.6922302246094,113
bf16,Punjabi,36,357.5312805175781,170
bf16,Punjabi,37,256.6733093261719,134
bf16,Punjabi,38,219.3125457763672,110
bf16,Punjabi,39,145.54766845703125,85
bf16,Punjabi,40,231.47203063964844,125
bf16,Punjabi,41,410.2073669433594,212
bf16,Punjabi,42,134.8792266845703,74
bf16,Punjabi,43,431.66265869140625,239
bf16,Punjabi,44,196.99559020996094,117
bf16,Punjabi,45,136.42434692382812,67
bf16,Punjabi,46,199.35604858398438,89
bf16,Punjabi,47,326.00360107421875,166
bf16,Punjabi,48,191.59930419921875,107
bf16,Punjabi,49,241.15628051757812,128
bf16,Punjabi,50,183.7546844482422,91
bf16,Punjabi,51,344.9360046386719,236
bf16,Punjabi,52,280.6981201171875,155
bf16,Punjabi,53,194.76809692382812,137
bf16,Punjabi,54,372.31024169921875,183
bf16,Punjabi,55,263.4609375,107
bf16,Punjabi,56,394.925048828125,292
bf16,Punjabi,57,199.87405395507812,107
bf16,Punjabi,58,311.0990905761719,127
bf16,Punjabi,59,258.09735107421875,135
bf16,Punjabi,60,330.2783508300781,207
bf16,Punjabi,61,233.8091278076172,139
bf16,Punjabi,62,222.13421630859375,96
bf16,Punjabi,63,207.1259002685547,122
bf16,Punjabi,64,384.43377685546875,220
bf16,Punjabi,65,177.53622436523438,98
bf16,Punjabi,66,525.9441528320312,291
bf16,Punjabi,67,239.48062133789062,187
bf16,Punjabi,68,150.07208251953125,68
bf16,Punjabi,69,442.6528015136719,273
bf16,Punjabi,70,222.1077880859375,150
bf16,Punjabi,71,506.13140869140625,230
bf16,Punjabi,72,480.6524353027344,229
bf16,Punjabi,73,215.73687744140625,141
bf16,Punjabi,74,383.53509521484375,176
bf16,Punjabi,75,112.26573944091797,61
bf16,Punjabi,76,156.976318359375,74
bf16,Punjabi,77,137.52574157714844,70
bf16,Punjabi,78,513.2481689453125,288
bf16,Punjabi,79,582.1583251953125,333
bf16,Punjabi,80,230.0474853515625,115
bf16,Punjabi,81,191.82186889648438,108
bf16,Punjabi,82,226.34378051757812,133
bf16,Punjabi,83,369.8064880371094,236
bf16,Punjabi,84,113.83273315429688,49
bf16,Punjabi,85,496.277099609375,267
bf16,Punjabi,86,150.48806762695312,76
bf16,Punjabi,87,117.91496276855469,51
bf16,Punjabi,88,177.21121215820312,97
bf16,Punjabi,89,221.89111328125,107
bf16,Punjabi,90,159.6179962158203,89
bf16,Punjabi,91,152.83700561523438,86
bf16,Punjabi,92,206.61624145507812,137
bf16,Punjabi,93,192.59495544433594,99
bf16,Punjabi,94,112.17919158935547,71
bf16,Punjabi,95,196.9423370361328,108
bf16,Punjabi,96,170.5475311279297,68
bf16,Punjabi,97,329.847900390625,152
bf16,Punjabi,98,279.8302917480469,166
bf16,Punjabi,99,209.64776611328125,119
bf16,Punjabi,100,169.7230987548828,97
bf16,Punjabi,101,280.6913757324219,122
bf16,Punjabi,102,202.0964813232422,95
bf16,Punjabi,103,103.06410217285156,40
bf16,Punjabi,104,127.89898681640625,42
bf16,Punjabi,105,69.68077850341797,33
bf16,Punjabi,106,134.19590759277344,86
bf16,Punjabi,107,145.82716369628906,77
bf16,Punjabi,108,540.017333984375,333
bf16,Punjabi,109,278.2800598144531,165
bf16,Punjabi,110,140.74609375,83
bf16,Punjabi,111,168.93856811523438,108
bf16,Punjabi,112,187.62867736816406,94
bf16,Punjabi,113,102.52771759033203,51
bf16,Punjabi,114,443.30718994140625,221
bf16,Punjabi,115,244.02976989746094,111
bf16,Punjabi,116,357.984130859375,164
bf16,Punjabi,117,194.5146484375,109
bf16,Punjabi,118,111.70272827148438,42
bf16,Punjabi,119,475.491943359375,303
bf16,Punjabi,120,234.45362854003906,110
bf16,Punjabi,121,274.5664978027344,136
bf16,Punjabi,122,136.65750122070312,89
bf16,Punjabi,123,90.2593994140625,55
bf16,Punjabi,124,158.22421264648438,71
bf16,Punjabi,125,198.2937469482422,122
bf16,Punjabi,126,221.26907348632812,112
bf16,Punjabi,127,171.05209350585938,76
bf16,Punjabi,128,191.06927490234375,69
bf16,Punjabi,129,230.07022094726562,129
bf16,Punjabi,130,271.9380798339844,103
bf16,Punjabi,131,146.5106201171875,68
bf16,Punjabi,132,198.32882690429688,116
bf16,Punjabi,133,254.92750549316406,137
bf16,Punjabi,134,363.43450927734375,243
bf16,Punjabi,135,472.90966796875,304
bf16,Punjabi,136,238.48983764648438,112
bf16,Punjabi,137,154.26998901367188,80
bf16,Punjabi,138,350.14569091796875,198
bf16,Punjabi,139,250.52127075195312,131
bf16,Punjabi,140,224.09339904785156,114
bf16,Punjabi,141,217.86074829101562,125
bf16,Punjabi,142,392.07501220703125,190
bf16,Punjabi,143,272.72216796875,151
bf16,Punjabi,144,118.92442321777344,46
bf16,Punjabi,145,375.46875,224
bf16,Punjabi,146,136.09866333007812,66
bf16,Punjabi,147,378.994384765625,243
bf16,Punjabi,148,220.43682861328125,103
bf16,Punjabi,149,329.85064697265625,180
bf16,Punjabi,150,185.87918090820312,87
bf16,Punjabi,151,257.74072265625,116
bf16,Punjabi,152,133.6673126220703,67
bf16,Punjabi,153,283.2662048339844,123
bf16,Punjabi,154,169.37600708007812,95
bf16,Punjabi,155,143.75726318359375,65
bf16,Punjabi,156,302.973876953125,166
bf16,Punjabi,157,121.12600708007812,68
bf16,Punjabi,158,274.35400390625,159
bf16,Punjabi,159,407.33160400390625,205
bf16,Punjabi,160,233.71429443359375,147
bf16,Punjabi,161,163.79859924316406,69
bf16,Punjabi,162,160.26107788085938,76
bf16,Punjabi,163,326.551513671875,174
bf16,Punjabi,164,149.60342407226562,89
bf16,Punjabi,165,181.4536895751953,101
bf16,Punjabi,166,212.60389709472656,130
bf16,Punjabi,167,160.14820861816406,66
bf16,Punjabi,168,253.28993225097656,111
bf16,Punjabi,169,145.39837646484375,71
bf16,Punjabi,170,178.08468627929688,90
bf16,Punjabi,171,246.8563690185547,121
bf16,Punjabi,172,258.9216003417969,151
bf16,Punjabi,173,274.3028564453125,150
bf16,Punjabi,174,347.5345764160156,167
bf16,Punjabi,175,203.24127197265625,91
bf16,Punjabi,176,229.54647827148438,125
bf16,Punjabi,177,409.79718017578125,227
bf16,Punjabi,178,227.452392578125,140
bf16,Punjabi,179,310.49725341796875,168
bf16,Punjabi,180,396.19610595703125,163
bf16,Punjabi,181,402.018310546875,204
bf16,Punjabi,182,200.43138122558594,113
bf16,Punjabi,183,119.17816925048828,59
bf16,Punjabi,184,118.27831268310547,62
bf16,Punjabi,185,110.10508728027344,62
bf16,Punjabi,186,392.3915100097656,220
bf16,Punjabi,187,94.84417724609375,41
bf16,Punjabi,188,495.06494140625,235
bf16,Punjabi,189,281.750244140625,161
bf16,Punjabi,190,185.7877197265625,114
bf16,Punjabi,191,286.7862854003906,152
bf16,Punjabi,192,218.12448120117188,94
bf16,Punjabi,193,139.11566162109375,71
bf16,Punjabi,194,222.8007049560547,143
bf16,Punjabi,195,163.9707794189453,79
bf16,Punjabi,196,95.1117935180664,48
bf16,Punjabi,197,194.4968719482422,76
bf16,Punjabi,198,162.54754638671875,90
bf16,Punjabi,199,130.96563720703125,70
bf16,Punjabi,200,237.2001495361328,138
bf16,Punjabi,201,314.9913330078125,150
bf16,Punjabi,202,309.8223571777344,163
bf16,Punjabi,203,300.28814697265625,153
bf16,Punjabi,204,197.16339111328125,107
bf16,Punjabi,205,485.68072509765625,214
bf16,Punjabi,206,267.83599853515625,190
bf16,Punjabi,207,144.90719604492188,69
bf16,Punjabi,208,196.68350219726562,108
bf16,Punjabi,209,232.05128479003906,114
bf16,Punjabi,210,268.78424072265625,133
bf16,Punjabi,211,168.82965087890625,62
bf16,Punjabi,212,203.45574951171875,105
bf16,Punjabi,213,217.30636596679688,141
bf16,Punjabi,214,531.2922973632812,320
bf16,Punjabi,215,241.26119995117188,124
bf16,Punjabi,216,239.50172424316406,105
bf16,Punjabi,217,171.97772216796875,92
bf16,Punjabi,218,396.4300537109375,253
bf16,Punjabi,219,435.8745422363281,230
bf16,Punjabi,220,162.75242614746094,100
bf16,Punjabi,221,91.11819458007812,50
bf16,Punjabi,222,434.12158203125,246
bf16,Punjabi,223,325.2935791015625,185
bf16,Punjabi,224,115.69601440429688,51
bf16,Punjabi,225,256.2642517089844,164
bf16,Punjabi,226,213.6973876953125,110
bf16,Punjabi,227,152.14749145507812,76
bf16,Punjabi,228,259.51519775390625,116
bf16,Punjabi,229,292.72314453125,153
bf16,Punjabi,230,150.7874755859375,84
bf16,Punjabi,231,101.84764862060547,56
bf16,Punjabi,232,350.1855163574219,188
bf16,Punjabi,233,196.61671447753906,101
bf16,Punjabi,234,184.31234741210938,89
bf16,Punjabi,235,209.24267578125,90
bf16,Punjabi,236,258.506103515625,124
bf16,Punjabi,237,292.82830810546875,183
bf16,Punjabi,238,322.53546142578125,180
bf16,Punjabi,239,273.3033142089844,152
bf16,Punjabi,240,158.45291137695312,78
bf16,Punjabi,241,240.86514282226562,142
bf16,Punjabi,242,202.52578735351562,93
bf16,Punjabi,243,282.53851318359375,145
bf16,Punjabi,244,255.56954956054688,124
bf16,Punjabi,245,89.23855590820312,30
bf16,Punjabi,246,411.57513427734375,289
bf16,Punjabi,247,101.68592834472656,44
bf16,Punjabi,248,230.6215057373047,137
bf16,Punjabi,249,154.5743865966797,91
bf16,Punjabi,250,143.87599182128906,60
bf16,Punjabi,251,463.22528076171875,262
bf16,Punjabi,252,96.14635467529297,48
bf16,Punjabi,253,215.7335662841797,116
bf16,Punjabi,254,296.2259826660156,224
bf16,Punjabi,255,161.0727996826172,85
bf16,Odia,0,344.5185852050781,171
bf16,Odia,1,268.72247314453125,177
bf16,Odia,2,126.63241577148438,71
bf16,Odia,3,217.15650939941406,141
bf16,Odia,4,242.00950622558594,132
bf16,Odia,5,244.85047912597656,140
bf16,Odia,6,201.5150604248047,106
bf16,Odia,7,164.59864807128906,79
bf16,Odia,8,271.0651550292969,138
bf16,Odia,9,116.3885726928711,66
bf16,Odia,10,159.332763671875,99
bf16,Odia,11,343.21026611328125,168
bf16,Odia,12,182.41116333007812,109
bf16,Odia,13,178.3897247314453,125
bf16,Odia,14,325.0968322753906,205
bf16,Odia,15,388.007080078125,204
bf16,Odia,16,394.96551513671875,243
bf16,Odia,17,203.331298828125,131
bf16,Odia,18,325.33721923828125,155
bf16,Odia,19,525.2600708007812,288
bf16,Odia,20,187.8711395263672,99
bf16,Odia,21,248.44961547851562,156
bf16,Odia,22,115.5054702758789,72
bf16,Odia,23,141.0745849609375,79
bf16,Odia,24,138.34979248046875,66
bf16,Odia,25,297.36029052734375,186
bf16,Odia,26,228.7537841796875,132
bf16,Odia,27,130.23684692382812,85
bf16,Odia,28,162.97369384765625,73
bf16,Odia,29,106.80770874023438,58
bf16,Odia,30,167.51095581054688,96
bf16,Odia,31,211.958740234375,122
bf16,Odia,32,223.70225524902344,130
bf16,Odia,33,255.2159881591797,170
bf16,Odia,34,211.71800231933594,99
bf16,Odia,35,238.17413330078125,125
bf16,Odia,36,344.07403564453125,196
bf16,Odia,37,176.4033660888672,90
bf16,Odia,38,225.3568572998047,117
bf16,Odia,39,156.6572265625,95
bf16,Odia,40,195.7348175048828,107
bf16,Odia,41,491.9421081542969,319
bf16,Odia,42,172.0528106689453,114
bf16,Odia,43,464.06732177734375,333
bf16,Odia,44,426.37237548828125,223
bf16,Odia,45,172.81765747070312,111
bf16,Odia,46,179.21524047851562,91
bf16,Odia,47,322.9423522949219,208
bf16,Odia,48,206.137451171875,127
bf16,Odia,49,243.8583221435547,125
bf16,Odia,50,249.211181640625,115
bf16,Odia,51,397.3028564453125,326
bf16,Odia,52,275.5771484375,204
bf16,Odia,53,276.6229553222656,178
bf16,Odia,54,345.93798828125,250
bf16,Odia,55,212.88900756835938,122
bf16,Odia,56,428.1219177246094,263
bf16,Odia,57,272.5390930175781,156
bf16,Odia,58,325.342529296875,185
bf16,Odia,59,305.9167175292969,199
bf16,Odia,60,411.5051574707031,344
bf16,Odia,61,255.42709350585938,129
bf16,Odia,62,166.37210083007812,101
bf16,Odia,63,268.4153137207031,124
bf16,Odia,64,480.29815673828125,252
bf16,Odia,65,212.18661499023438,117
bf16,Odia,66,789.2957763671875,491
bf16,Odia,67,379.8780517578125,222
bf16,Odia,68,174.626708984375,94
bf16,Odia,69,414.83184814453125,290
bf16,Odia,70,305.18011474609375,210
bf16,Odia,71,647.228759765625,367
bf16,Odia,72,449.47802734375,286
bf16,Odia,73,350.59747314453125,209
bf16,Odia,74,336.12615966796875,229
bf16,Odia,75,99.06271362304688,53
bf16,Odia,76,123.73255920410156,78
bf16,Odia,77,162.95860290527344,97
bf16,Odia,78,667.3267822265625,371
bf16,Odia,79,568.2943115234375,403
bf16,Odia,80,257.0108642578125,168
bf16,Odia,81,244.72470092773438,147
bf16,Odia,82,333.38995361328125,175
bf16,Odia,83,384.8172607421875,242
bf16,Odia,84,150.20208740234375,68
bf16,Odia,85,509.0709533691406,336
bf16,Odia,86,164.57159423828125,81
bf16,Odia,87,108.34387969970703,54
bf16,Odia,88,196.44705200195312,117
bf16,Odia,89,240.93637084960938,116
bf16,Odia,90,208.0921173095703,95
bf16,Odia,91,229.05194091796875,120
bf16,Odia,92,217.783935546875,141
bf16,Odia,93,248.71095275878906,150
bf16,Odia,94,171.62326049804688,97
bf16,Odia,95,214.940673828125,131
bf16,Odia,96,108.99655151367188,66
bf16,Odia,97,378.4873046875,225
bf16,Odia,98,345.6678466796875,210
bf16,Odia,99,328.85382080078125,184
bf16,Odia,100,168.31973266601562,107
bf16,Odia,101,406.34765625,199
bf16,Odia,102,174.3416290283203,95
bf16,Odia,103,144.04598999023438,57
bf16,Odia,104,127.13302612304688,49
bf16,Odia,105,94.60909271240234,50
bf16,Odia,106,188.16311645507812,125
bf16,Odia,107,112.6826171875,63
bf16,Odia,108,468.92401123046875,289
bf16,Odia,109,333.0003967285156,205
bf16,Odia,110,227.9222412109375,125
bf16,Odia,111,202.01123046875,140
bf16,Odia,112,177.2320556640625,104
bf16,Odia,113,134.52896118164062,72
bf16,Odia,114,472.52996826171875,298
bf16,Odia,115,355.87060546875,180
bf16,Odia,116,442.88983154296875,218
bf16,Odia,117,333.39971923828125,202
bf16,Odia,118,93.23059844970703,40
bf16,Odia,119,479.0784912109375,333
bf16,Odia,120,284.24981689453125,168
bf16,Odia,121,344.43994140625,190
bf16,Odia,122,151.26043701171875,94
bf16,Odia,123,158.1096649169922,72
bf16,Odia,124,147.66641235351562,84
bf16,Odia,125,197.51104736328125,120
bf16,Odia,126,168.66458129882812,114
bf16,Odia,127,159.81881713867188,105
bf16,Odia,128,232.27944946289062,118
bf16,Odia,129,218.57212829589844,119
bf16,Odia,130,356.4928283691406,171
bf16,Odia,131,232.57040405273438,109
bf16,Odia,132,209.82821655273438,163
bf16,Odia,133,293.5529479980469,187
bf16,Odia,134,402.01434326171875,284
bf16,Odia,135,514.4879150390625,313
bf16,Odia,136,219.90072631835938,133
bf16,Odia,137,139.99896240234375,114
bf16,Odia,138,327.68017578125,222
bf16,Odia,139,219.5293426513672,137
bf16,Odia,140,260.7738037109375,140
bf16,Odia,141,292.7417907714844,178
bf16,Odia,142,426.86871337890625,276
bf16,Odia,143,248.87884521484375,181
bf16,Odia,144,139.85292053222656,89
bf16,Odia,145,392.76873779296875,276
bf16,Odia,146,199.63153076171875,106
bf16,Odia,147,460.80126953125,306
bf16,Odia,148,173.04983520507812,116
bf16,Odia,149,343.2933349609375,224
bf16,Odia,150,237.27297973632812,143
bf16,Odia,151,305.1295166015625,175
bf16,Odia,152,128.54844665527344,77
bf16,Odia,153,326.13623046875,181
bf16,Odia,154,275.37908935546875,216
bf16,Odia,155,128.29379272460938,81
bf16,Odia,156,312.24420166015625,200
bf16,Odia,157,162.26869201660156,121
bf16,Odia,158,303.161865234375,167
bf16,Odia,159,510.7921142578125,296
bf16,Odia,160,217.63995361328125,148
bf16,Odia,161,140.7925262451172,78
bf16,Odia,162,184.3393096923828,97
bf16,Odia,163,332.95391845703125,197
bf16,Odia,164,178.11422729492188,116
bf16,Odia,165,197.20118713378906,120
bf16,Odia,166,255.78060913085938,184
bf16,Odia,167,166.7716064453125,79
bf16,Odia,168,325.7567443847656,143
bf16,Odia,169,163.41253662109375,96
bf16,Odia,170,205.73385620117188,111
bf16,Odia,171,260.1911926269531,156
bf16,Odia,172,276.3748474121094,149
bf16,Odia,173,299.4949951171875,173
bf16,Odia,174,325.61572265625,198
bf16,Odia,175,187.80328369140625,108
bf16,Odia,176,303.1755065917969,203
bf16,Odia,177,511.21844482421875,326
bf16,Odia,178,231.85946655273438,134
bf16,Odia,179,421.3363952636719,224
bf16,Odia,180,392.5388488769531,184
bf16,Odia,181,513.415771484375,243
bf16,Odia,182,286.97210693359375,151
bf16,Odia,183,155.03817749023438,72
bf16,Odia,184,161.83978271484375,77
bf16,Odia,185,183.49722290039062,83
bf16,Odia,186,395.7984619140625,259
bf16,Odia,187,112.0304183959961,49
bf16,Odia,188,409.40557861328125,240
bf16,Odia,189,350.7099914550781,207
bf16,Odia,190,176.66986083984375,119
bf16,Odia,191,419.118408203125,233
bf16,Odia,192,221.2509765625,105
bf16,Odia,193,185.94284057617188,96
bf16,Odia,194,222.80462646484375,141
bf16,Odia,195,139.19869995117188,79
bf16,Odia,196,112.65621185302734,55
bf16,Odia,197,147.30999755859375,101
bf16,Odia,198,151.4571990966797,91
bf16,Odia,199,108.80291748046875,57
bf16,Odia,200,226.5089111328125,157
bf16,Odia,201,253.8376007080078,172
bf16,Odia,202,276.91217041015625,188
bf16,Odia,203,315.5912170410156,174
bf16,Odia,204,260.5899658203125,141
bf16,Odia,205,439.0401611328125,239
bf16,Odia,206,343.071044921875,236
bf16,Odia,207,167.55035400390625,94
bf16,Odia,208,239.57449340820312,153
bf16,Odia,209,243.22177124023438,142
bf16,Odia,210,247.84085083007812,166
bf16,Odia,211,236.0493927001953,122
bf16,Odia,212,283.8927001953125,126
bf16,Odia,213,287.2232971191406,159
bf16,Odia,214,650.3214721679688,434
bf16,Odia,215,289.55303955078125,175
bf16,Odia,216,241.89883422851562,127
bf16,Odia,217,211.0912322998047,130
bf16,Odia,218,426.336669921875,331
bf16,Odia,219,526.533935546875,359
bf16,Odia,220,211.9996337890625,111
bf16,Odia,221,105.7392578125,59
bf16,Odia,222,424.406982421875,274
bf16,Odia,223,339.0731201171875,192
bf16,Odia,224,78.5297622680664,50
bf16,Odia,225,245.51812744140625,153
bf16,Odia,226,300.0159912109375,166
bf16,Odia,227,203.34259033203125,123
bf16,Odia,228,312.4600830078125,144
bf16,Odia,229,317.7151184082031,166
bf16,Odia,230,151.3722381591797,86
bf16,Odia,231,165.2403564453125,109
bf16,Odia,232,402.9098205566406,245
bf16,Odia,233,209.94528198242188,123
bf16,Odia,234,150.6437530517578,105
bf16,Odia,235,205.9268798828125,108
bf16,Odia,236,238.1717071533203,125
bf16,Odia,237,361.60662841796875,212
bf16,Odia,238,366.58721923828125,230
bf16,Odia,239,329.074951171875,189
bf16,Odia,240,168.48086547851562,87
bf16,Odia,241,215.85206604003906,160
bf16,Odia,242,211.88433837890625,136
bf16,Odia,243,229.4983673095703,143
bf16,Odia,244,241.10690307617188,141
bf16,Odia,245,88.46630859375,41
bf16,Odia,246,421.7084045410156,296
bf16,Odia,247,113.29679107666016,61
bf16,Odia,248,219.47239685058594,128
bf16,Odia,249,151.61276245117188,101
bf16,Odia,250,131.77626037597656,77
bf16,Odia,251,497.36175537109375,316
bf16,Odia,252,84.98750305175781,51
bf16,Odia,253,212.49838256835938,120
bf16,Odia,254,389.15826416015625,239
bf16,Odia,255,184.75079345703125,116
bf16,Tamil,0,256.1082458496094,173
bf16,Tamil,1,233.43988037109375,223
bf16,Tamil,2,90.10723114013672,58
bf16,Tamil,3,185.14395141601562,179
bf16,Tamil,4,209.23431396484375,145
bf16,Tamil,5,206.22940063476562,199
bf16,Tamil,6,178.62423706054688,131
bf16,Tamil,7,125.57235717773438,76
bf16,Tamil,8,246.84661865234375,180
bf16,Tamil,9,94.88232421875,56
bf16,Tamil,10,133.30760192871094,91
bf16,Tamil,11,244.51510620117188,209
bf16,Tamil,12,144.09747314453125,122
bf16,Tamil,13,127.12398529052734,112
bf16,Tamil,14,305.63836669921875,234
bf16,Tamil,15,264.2851257324219,243
bf16,Tamil,16,325.652099609375,284
bf16,Tamil,17,190.22962951660156,141
bf16,Tamil,18,251.66998291015625,195
bf16,Tamil,19,486.683349609375,377
bf16,Tamil,20,129.01625061035156,123
bf16,Tamil,21,213.78529357910156,208
bf16,Tamil,22,91.9082260131836,91
bf16,Tamil,23,132.5410614013672,102
bf16,Tamil,24,105.28558349609375,82
bf16,Tamil,25,257.3647155761719,202
bf16,Tamil,26,159.3024139404297,172
bf16,Tamil,27,100.73336791992188,79
bf16,Tamil,28,78.07290649414062,60
bf16,Tamil,29,70.73782348632812,69
bf16,Tamil,30,186.2864532470703,138
bf16,Tamil,31,173.17520141601562,145
bf16,Tamil,32,181.22994995117188,141
bf16,Tamil,33,229.0059356689453,180
bf16,Tamil,34,130.50555419921875,93
bf16,Tamil,35,165.76126098632812,122
bf16,Tamil,36,320.956298828125,198
bf16,Tamil,37,202.5353546142578,134
bf16,Tamil,38,175.00238037109375,133
bf16,Tamil,39,102.44021606445312,82
bf16,Tamil,40,171.578369140625,148
bf16,Tamil,41,347.34271240234375,304
bf16,Tamil,42,103.42073059082031,74
bf16,Tamil,43,323.05877685546875,300
bf16,Tamil,44,285.7185974121094,239
bf16,Tamil,45,139.09983825683594,129
bf16,Tamil,46,153.47377014160156,141
bf16,Tamil,47,265.2560119628906,229
bf16,Tamil,48,160.11102294921875,141
bf16,Tamil,49,201.89637756347656,152
bf16,Tamil,50,207.44326782226562,127
bf16,Tamil,51,302.74664306640625,310
bf16,Tamil,52,199.46429443359375,182
bf16,Tamil,53,210.6318817138672,155
bf16,Tamil,54,189.19432067871094,204
bf16,Tamil,55,152.6781463623047,142
bf16,Tamil,56,305.8077697753906,292
bf16,Tamil,57,220.40235900878906,180
bf16,Tamil,58,240.0645751953125,209
bf16,Tamil,59,203.31336975097656,196
bf16,Tamil,60,346.28277587890625,370
bf16,Tamil,61,175.44482421875,142
bf16,Tamil,62,134.9423065185547,144
bf16,Tamil,63,185.98855590820312,135
bf16,Tamil,64,365.80230712890625,339
bf16,Tamil,65,135.49081420898438,162
bf16,Tamil,66,599.360595703125,485
bf16,Tamil,67,240.95555114746094,287
bf16,Tamil,68,99.97308349609375,93
bf16,Tamil,69,332.43841552734375,337
bf16,Tamil,70,233.77687072753906,227
bf16,Tamil,71,498.3393249511719,459
bf16,Tamil,72,335.3517150878906,282
bf16,Tamil,73,246.50115966796875,231
bf16,Tamil,74,307.5990905761719,270
bf16,Tamil,75,84.1418685913086,72
bf16,Tamil,76,118.70413970947266,105
bf16,Tamil,77,134.8284912109375,126
bf16,Tamil,78,460.237060546875,385
bf16,Tamil,79,356.29986572265625,409
bf16,Tamil,80,207.61204528808594,155
bf16,Tamil,81,148.47463989257812,147
bf16,Tamil,82,208.13775634765625,196
bf16,Tamil,83,289.68341064453125,218
bf16,Tamil,84,122.37181091308594,93
bf16,Tamil,85,388.9852294921875,366
bf16,Tamil,86,93.84835815429688,72
bf16,Tamil,87,91.63832092285156,69
bf16,Tamil,88,174.50497436523438,152
bf16,Tamil,89,156.78854370117188,121
bf16,Tamil,90,137.97991943359375,137
bf16,Tamil,91,106.04094696044922,119
bf16,Tamil,92,165.376708984375,128
bf16,Tamil,93,206.56640625,167
bf16,Tamil,94,143.13800048828125,117
bf16,Tamil,95,152.6351318359375,155
bf16,Tamil,96,92.42807006835938,75
bf16,Tamil,97,299.4190979003906,221
bf16,Tamil,98,314.2248840332031,266
bf16,Tamil,99,258.1603088378906,208
bf16,Tamil,100,121.8364028930664,82
bf16,Tamil,101,256.3580627441406,184
bf16,Tamil,102,151.77931213378906,109
bf16,Tamil,103,87.29331970214844,57
bf16,Tamil,104,84.53721618652344,70
bf16,Tamil,105,76.44558715820312,59
bf16,Tamil,106,127.79800415039062,118
bf16,Tamil,107,106.19451904296875,84
bf16,Tamil,108,376.5592346191406,335
bf16,Tamil,109,277.942138671875,269
bf16,Tamil,110,159.59906005859375,120
bf16,Tamil,111,162.23867797851562,146
bf16,Tamil,112,156.29937744140625,127
bf16,Tamil,113,101.33757781982422,72
bf16,Tamil,114,366.03179931640625,362
bf16,Tamil,115,216.70816040039062,153
bf16,Tamil,116,317.22845458984375,231
bf16,Tamil,117,176.9320526123047,185
bf16,Tamil,118,112.01190185546875,78
bf16,Tamil,119,429.52862548828125,339
bf16,Tamil,120,200.34481811523438,160
bf16,Tamil,121,270.04229736328125,195
bf16,Tamil,122,102.37284088134766,132
bf16,Tamil,123,82.88055419921875,71
bf16,Tamil,124,107.69818878173828,79
bf16,Tamil,125,125.3861312866211,97
bf16,Tamil,126,136.53309631347656,106
bf16,Tamil,127,110.04142761230469,109
bf16,Tamil,128,179.31304931640625,117
bf16,Tamil,129,161.62820434570312,129
bf16,Tamil,130,271.3436279296875,176
bf16,Tamil,131,139.0748291015625,87
bf16,Tamil,132,173.63333129882812,124
bf16,Tamil,133,225.6636505126953,181
bf16,Tamil,134,286.01922607421875,309
bf16,Tamil,135,379.6311340332031,369
bf16,Tamil,136,161.43899536132812,155
bf16,Tamil,137,113.24713134765625,107
bf16,Tamil,138,267.3341369628906,255
bf16,Tamil,139,165.98995971679688,144
bf16,Tamil,140,178.13607788085938,125
bf16,Tamil,141,272.00885009765625,215
bf16,Tamil,142,332.17279052734375,310
bf16,Tamil,143,212.30859375,195
bf16,Tamil,144,107.83147430419922,86
bf16,Tamil,145,279.9883728027344,282
bf16,Tamil,146,140.13375854492188,109
bf16,Tamil,147,355.4462890625,352
bf16,Tamil,148,133.43948364257812,123
bf16,Tamil,149,255.94403076171875,256
bf16,Tamil,150,163.70797729492188,105
bf16,Tamil,151,183.6267852783203,145
bf16,Tamil,152,88.63702392578125,60
bf16,Tamil,153,191.11781311035156,144
bf16,Tamil,154,228.70989990234375,223
bf16,Tamil,155,86.17455291748047,89
bf16,Tamil,156,216.73062133789062,194
bf16,Tamil,157,138.09027099609375,104
bf16,Tamil,158,206.6235809326172,161
bf16,Tamil,159,358.6204528808594,302
bf16,Tamil,160,188.03123474121094,169
bf16,Tamil,161,98.28715515136719,105
bf16,Tamil,162,132.05490112304688,98
bf16,Tamil,163,248.47662353515625,217
bf16,Tamil,164,153.90782165527344,143
bf16,Tamil,165,162.74227905273438,140
bf16,Tamil,166,163.40367126464844,154
bf16,Tamil,167,140.37310791015625,108
bf16,Tamil,168,216.2427978515625,163
bf16,Tamil,169,114.95555114746094,113
bf16,Tamil,170,150.062744140625,112
bf16,Tamil,171,173.01263427734375,162
bf16,Tamil,172,212.07785034179688,194
bf16,Tamil,173,246.84521484375,184
bf16,Tamil,174,259.127197265625,190
bf16,Tamil,175,149.80665588378906,139
bf16,Tamil,176,181.39056396484375,195
bf16,Tamil,177,412.21392822265625,366
bf16,Tamil,178,161.8170623779297,186
bf16,Tamil,179,365.67718505859375,286
bf16,Tamil,180,272.3294677734375,209
bf16,Tamil,181,322.8017272949219,231
bf16,Tamil,182,230.332763671875,186
bf16,Tamil,183,93.06427001953125,73
bf16,Tamil,184,113.49334716796875,89
bf16,Tamil,185,93.917236328125,80
bf16,Tamil,186,306.0032958984375,279
bf16,Tamil,187,62.924041748046875,54
bf16,Tamil,188,325.07275390625,287
bf16,Tamil,189,226.62106323242188,194
bf16,Tamil,190,153.6242218017578,138
bf16,Tamil,191,251.96221923828125,187
bf16,Tamil,192,139.3876190185547,124
bf16,Tamil,193,126.97555541992188,93
bf16,Tamil,194,164.46139526367188,175
bf16,Tamil,195,118.632568359375,96
bf16,Tamil,196,85.87982177734375,58
bf16,Tamil,197,133.39395141601562,109
bf16,Tamil,198,123.85258483886719,89
bf16,Tamil,199,108.29157257080078,71
bf16,Tamil,200,187.19143676757812,193
bf16,Tamil,201,210.93682861328125,166
bf16,Tamil,202,224.94528198242188,192
bf16,Tamil,203,211.94082641601562,216
bf16,Tamil,204,159.24557495117188,135
bf16,Tamil,205,319.3173828125,277
bf16,Tamil,206,223.60546875,268
bf16,Tamil,207,130.84060668945312,91
bf16,Tamil,208,155.94869995117188,128
bf16,Tamil,209,148.6669921875,157
bf16,Tamil,210,170.36184692382812,149
bf16,Tamil,211,144.55133056640625,103
bf16,Tamil,212,194.99606323242188,144
bf16,Tamil,213,184.57601928710938,175
bf16,Tamil,214,460.30126953125,396
bf16,Tamil,215,215.49609375,184
bf16,Tamil,216,199.58969116210938,154
bf16,Tamil,217,163.95156860351562,141
bf16,Tamil,218,297.41168212890625,321
bf16,Tamil,219,450.8275451660156,475
bf16,Tamil,220,162.9427947998047,154
bf16,Tamil,221,66.77692413330078,48
bf16,Tamil,222,312.083740234375,305
bf16,Tamil,223,273.8195495605469,251
bf16,Tamil,224,73.4783706665039,60
bf16,Tamil,225,224.48233032226562,192
bf16,Tamil,226,175.9962615966797,137
bf16,Tamil,227,117.35966491699219,92
bf16,Tamil,228,192.63449096679688,120
bf16,Tamil,229,193.16075134277344,175
bf16,Tamil,230,120.26339721679688,96
bf16,Tamil,231,111.88487243652344,89
bf16,Tamil,232,313.4461669921875,268
bf16,Tamil,233,137.92938232421875,109
bf16,Tamil,234,167.0433807373047,124
bf16,Tamil,235,161.84298706054688,151
bf16,Tamil,236,218.95663452148438,169
bf16,Tamil,237,215.33306884765625,217
bf16,Tamil,238,282.97930908203125,222
bf16,Tamil,239,239.3720245361328,196
bf16,Tamil,240,99.57662963867188,91
bf16,Tamil,241,168.58563232421875,194
bf16,Tamil,242,182.78533935546875,137
bf16,Tamil,243,187.39881896972656,166
bf16,Tamil,244,224.73101806640625,164
bf16,Tamil,245,56.57763671875,45
bf16,Tamil,246,350.6304931640625,421
bf16,Tamil,247,79.14799499511719,46
bf16,Tamil,248,189.8162841796875,149
bf16,Tamil,249,155.22805786132812,143
bf16,Tamil,250,103.60464477539062,67
bf16,Tamil,251,399.4776306152344,359
bf16,Tamil,252,65.08628845214844,48
bf16,Tamil,253,173.1051025390625,136
bf16,Tamil,254,253.35501098632812,237
bf16,Tamil,255,147.26641845703125,138
bf16,Telugu,0,264.6696472167969,168
bf16,Telugu,1,288.306396484375,205
bf16,Telugu,2,112.00669860839844,60
bf16,Telugu,3,200.5683135986328,149
bf16,Telugu,4,192.35455322265625,138
bf16,Telugu,5,226.06593322753906,171
bf16,Telugu,6,196.287841796875,136
bf16,Telugu,7,97.05964660644531,52
bf16,Telugu,8,249.7767333984375,147
bf16,Telugu,9,87.0722885131836,61
bf16,Telugu,10,147.85800170898438,90
bf16,Telugu,11,243.36593627929688,125
bf16,Telugu,12,121.17462158203125,89
bf16,Telugu,13,137.20082092285156,142
bf16,Telugu,14,283.55926513671875,187
bf16,Telugu,15,278.8796081542969,168
bf16,Telugu,16,352.11236572265625,228
bf16,Telugu,17,154.46615600585938,97
bf16,Telugu,18,255.14968872070312,158
bf16,Telugu,19,500.18658447265625,284
bf16,Telugu,20,134.39297485351562,89
bf16,Telugu,21,197.99835205078125,133
bf16,Telugu,22,104.35034942626953,84
bf16,Telugu,23,141.3983612060547,82
bf16,Telugu,24,127.27813720703125,80
bf16,Telugu,25,237.17352294921875,169
bf16,Telugu,26,170.19064331054688,117
bf16,Telugu,27,103.23696899414062,70
bf16,Telugu,28,123.0913314819336,60
bf16,Telugu,29,66.52135467529297,45
bf16,Telugu,30,148.94403076171875,98
bf16,Telugu,31,163.14483642578125,123
bf16,Telugu,32,182.99594116210938,115
bf16,Telugu,33,229.1110076904297,131
bf16,Telugu,34,147.62416076660156,94
bf16,Telugu,35,180.763916015625,110
bf16,Telugu,36,286.2454833984375,186
bf16,Telugu,37,202.777587890625,104
bf16,Telugu,38,180.6070556640625,118
bf16,Telugu,39,116.67488861083984,77
bf16,Telugu,40,165.85984802246094,112
bf16,Telugu,41,324.9275207519531,248
bf16,Telugu,42,110.63874816894531,97
bf16,Telugu,43,280.3170471191406,253
bf16,Telugu,44,274.29986572265625,189
bf16,Telugu,45,153.68316650390625,89
bf16,Telugu,46,162.17172241210938,98
bf16,Telugu,47,237.96580505371094,172
bf16,Telugu,48,165.2677459716797,111
bf16,Telugu,49,139.23825073242188,103
bf16,Telugu,50,176.136474609375,85
bf16,Telugu,51,341.93841552734375,260
bf16,Telugu,52,183.77777099609375,160
bf16,Telugu,53,217.06732177734375,158
bf16,Telugu,54,243.9606170654297,182
bf16,Telugu,55,212.27398681640625,117
bf16,Telugu,56,314.7440185546875,281
bf16,Telugu,57,176.2816162109375,124
bf16,Telugu,58,262.11956787109375,142
bf16,Telugu,59,195.4363250732422,152
bf16,Telugu,60,333.8275146484375,312
bf16,Telugu,61,162.97364807128906,122
bf16,Telugu,62,185.97988891601562,97
bf16,Telugu,63,222.115234375,106
bf16,Telugu,64,359.4378662109375,251
bf16,Telugu,65,121.37828063964844,87
bf16,Telugu,66,554.7958984375,404
bf16,Telugu,67,272.0003967285156,184
bf16,Telugu,68,114.774658203125,68
bf16,Telugu,69,328.16595458984375,267
bf16,Telugu,70,208.46261596679688,170
bf16,Telugu,71,542.1190185546875,366
bf16,Telugu,72,367.2046813964844,268
bf16,Telugu,73,236.02911376953125,176
bf16,Telugu,74,280.9698486328125,248
bf16,Telugu,75,104.79078674316406,66
bf16,Telugu,76,127.61300659179688,92
bf16,Telugu,77,141.50450134277344,107
bf16,Telugu,78,448.4268493652344,286
bf16,Telugu,79,355.66522216796875,348
bf16,Telugu,80,184.00485229492188,155
bf16,Telugu,81,156.84423828125,104
bf16,Telugu,82,252.62136840820312,160
bf16,Telugu,83,315.23443603515625,214
bf16,Telugu,84,105.81288146972656,71
bf16,Telugu,85,370.0069274902344,272
bf16,Telugu,86,101.7108154296875,77
bf16,Telugu,87,93.38374328613281,60
bf16,Telugu,88,160.09988403320312,94
bf16,Telugu,89,215.39010620117188,117
bf16,Telugu,90,126.14590454101562,96
bf16,Telugu,91,131.52456665039062,98
bf16,Telugu,92,234.603515625,137
bf16,Telugu,93,214.3986358642578,149
bf16,Telugu,94,146.0727081298828,98
bf16,Telugu,95,179.97097778320312,138
bf16,Telugu,96,95.41160583496094,73
bf16,Telugu,97,287.80712890625,176
bf16,Telugu,98,274.91436767578125,185
bf16,Telugu,99,248.33026123046875,175
bf16,Telugu,100,118.73602294921875,84
bf16,Telugu,101,202.2254638671875,135
bf16,Telugu,102,184.40536499023438,101
bf16,Telugu,103,107.20785522460938,48
bf16,Telugu,104,101.15419006347656,54
bf16,Telugu,105,87.2573013305664,50
bf16,Telugu,106,131.1961669921875,88
bf16,Telugu,107,96.8389892578125,74
bf16,Telugu,108,479.14508056640625,321
bf16,Telugu,109,281.33843994140625,213
bf16,Telugu,110,155.8389892578125,95
bf16,Telugu,111,155.25582885742188,121
bf16,Telugu,112,135.54920959472656,90
bf16,Telugu,113,108.84881591796875,57
bf16,Telugu,114,361.383056640625,274
bf16,Telugu,115,233.14007568359375,133
bf16,Telugu,116,325.5236511230469,218
bf16,Telugu,117,191.6712646484375,131
bf16,Telugu,118,108.50732421875,62
bf16,Telugu,119,391.61358642578125,248
bf16,Telugu,120,221.1331024169922,150
bf16,Telugu,121,257.853515625,150
bf16,Telugu,122,109.78886413574219,93
bf16,Telugu,123,82.20404052734375,52
bf16,Telugu,124,132.1641387939453,79
bf16,Telugu,125,170.77757263183594,99
bf16,Telugu,126,174.17552185058594,110
bf16,Telugu,127,131.46585083007812,80
bf16,Telugu,128,171.51016235351562,89
bf16,Telugu,129,166.33154296875,112
bf16,Telugu,130,251.85977172851562,160
bf16,Telugu,131,164.30990600585938,101
bf16,Telugu,132,159.5998992919922,121
bf16,Telugu,133,227.70858764648438,172
bf16,Telugu,134,286.5953063964844,280
bf16,Telugu,135,364.93621826171875,270
bf16,Telugu,136,190.2142333984375,151
bf16,Telugu,137,130.7445831298828,106
bf16,Telugu,138,336.48895263671875,256
bf16,Telugu,139,163.42982482910156,111
bf16,Telugu,140,159.15525817871094,123
bf16,Telugu,141,200.59176635742188,157
bf16,Telugu,142,308.9918212890625,257
bf16,Telugu,143,180.0015869140625,140
bf16,Telugu,144,119.52210998535156,76
bf16,Telugu,145,324.5225524902344,275
bf16,Telugu,146,145.4633331298828,97
bf16,Telugu,147,331.64691162109375,261
bf16,Telugu,148,153.06973266601562,117
bf16,Telugu,149,297.02398681640625,224
bf16,Telugu,150,167.33909606933594,123
bf16,Telugu,151,194.454833984375,136
bf16,Telugu,152,107.48211669921875,77
bf16,Telugu,153,239.62271118164062,167
bf16,Telugu,154,192.24710083007812,166
bf16,Telugu,155,114.03195190429688,82
bf16,Telugu,156,237.90191650390625,183
bf16,Telugu,157,111.84402465820312,95
bf16,Telugu,158,196.36090087890625,131
bf16,Telugu,159,408.22125244140625,257
bf16,Telugu,160,197.64764404296875,126
bf16,Telugu,161,110.13030242919922,73
bf16,Telugu,162,144.3663330078125,86
bf16,Telugu,163,281.450439453125,190
bf16,Telugu,164,122.99735260009766,117
bf16,Telugu,165,156.00791931152344,110
bf16,Telugu,166,182.21707153320312,162
bf16,Telugu,167,138.5446319580078,86
bf16,Telugu,168,208.64410400390625,137
bf16,Telugu,169,137.95933532714844,97
bf16,Telugu,170,149.69223022460938,98
bf16,Telugu,171,192.957763671875,139
bf16,Telugu,172,179.1471710205078,129
bf16,Telugu,173,232.14505004882812,146
bf16,Telugu,174,245.73895263671875,176
bf16,Telugu,175,161.01109313964844,116
bf16,Telugu,176,224.99588012695312,152
bf16,Telugu,177,350.877685546875,269
bf16,Telugu,178,158.21644592285156,120
bf16,Telugu,179,274.72467041015625,181
bf16,Telugu,180,289.4466552734375,193
bf16,Telugu,181,348.7789306640625,244
bf16,Telugu,182,222.84434509277344,147
bf16,Telugu,183,101.92916870117188,71
bf16,Telugu,184,125.21864318847656,85
bf16,Telugu,185,106.791015625,70
bf16,Telugu,186,300.70849609375,237
bf16,Telugu,187,83.61687469482422,48
bf16,Telugu,188,298.75579833984375,254
bf16,Telugu,189,231.2673797607422,188
bf16,Telugu,190,142.91127014160156,103
bf16,Telugu,191,265.04364013671875,167
bf16,Telugu,192,155.82974243164062,117
bf16,Telugu,193,114.59973907470703,79
bf16,Telugu,194,189.12181091308594,149
bf16,Telugu,195,135.33697509765625,98
bf16,Telugu,196,84.34060668945312,46
bf16,Telugu,197,148.1992645263672,101
bf16,Telugu,198,161.87937927246094,102
bf16,Telugu,199,98.7268295288086,63
bf16,Telugu,200,160.8046112060547,159
bf16,Telugu,201,266.22802734375,181
bf16,Telugu,202,231.880615234375,178
bf16,Telugu,203,297.25860595703125,198
bf16,Telugu,204,160.68984985351562,125
bf16,Telugu,205,441.84375,265
bf16,Telugu,206,247.86749267578125,244
bf16,Telugu,207,125.12802124023438,75
bf16,Telugu,208,152.49095153808594,142
bf16,Telugu,209,170.0827178955078,125
bf16,Telugu,210,166.40164184570312,140
bf16,Telugu,211,197.12901306152344,117
bf16,Telugu,212,193.09922790527344,124
bf16,Telugu,213,182.6422119140625,163
bf16,Telugu,214,423.79925537109375,361
bf16,Telugu,215,193.069580078125,160
bf16,Telugu,216,191.79959106445312,121
bf16,Telugu,217,139.37380981445312,104
bf16,Telugu,218,312.1123352050781,257
bf16,Telugu,219,424.7896423339844,358
bf16,Telugu,220,203.02630615234375,131
bf16,Telugu,221,77.01191711425781,52
bf16,Telugu,222,312.6788024902344,256
bf16,Telugu,223,267.4306945800781,209
bf16,Telugu,224,69.4336929321289,46
bf16,Telugu,225,200.01031494140625,160
bf16,Telugu,226,220.1101837158203,160
bf16,Telugu,227,158.55340576171875,104
bf16,Telugu,228,186.09442138671875,118
bf16,Telugu,229,184.54629516601562,156
bf16,Telugu,230,130.74151611328125,86
bf16,Telugu,231,112.9503173828125,81
bf16,Telugu,232,336.350830078125,259
bf16,Telugu,233,153.57675170898438,94
bf16,Telugu,234,122.66075897216797,91
bf16,Telugu,235,147.72128295898438,116
bf16,Telugu,236,215.13763427734375,155
bf16,Telugu,237,261.68524169921875,208
bf16,Telugu,238,273.9770202636719,211
bf16,Telugu,239,212.2661895751953,165
bf16,Telugu,240,145.6885986328125,75
bf16,Telugu,241,206.387939453125,156
bf16,Telugu,242,173.95111083984375,130
bf16,Telugu,243,209.7538299560547,154
bf16,Telugu,244,221.6810302734375,137
bf16,Telugu,245,88.06182861328125,35
bf16,Telugu,246,316.41815185546875,292
bf16,Telugu,247,95.25252532958984,63
bf16,Telugu,248,178.65151977539062,128
bf16,Telugu,249,141.88858032226562,104
bf16,Telugu,250,101.16856384277344,64
bf16,Telugu,251,405.28314208984375,313
bf16,Telugu,252,67.12673950195312,42
bf16,Telugu,253,185.8685302734375,117
bf16,Telugu,254,315.0657043457031,220
bf16,Telugu,255,127.0589828491211,105
bf16,Kannada,0,288.1467590332031,184
bf16,Kannada,1,245.82928466796875,198
bf16,Kannada,2,117.55073547363281,84
bf16,Kannada,3,198.8415069580078,153
bf16,Kannada,4,220.41595458984375,156
bf16,Kannada,5,256.51715087890625,173
bf16,Kannada,6,232.3197021484375,152
bf16,Kannada,7,114.00837707519531,65
bf16,Kannada,8,243.5179443359375,170
bf16,Kannada,9,90.8976058959961,63
bf16,Kannada,10,185.6034393310547,105
bf16,Kannada,11,297.85723876953125,198
bf16,Kannada,12,130.13656616210938,103
bf16,Kannada,13,149.96607971191406,124
bf16,Kannada,14,296.27178955078125,215
bf16,Kannada,15,284.84930419921875,193
bf16,Kannada,16,338.0992431640625,243
bf16,Kannada,17,199.08663940429688,118
bf16,Kannada,18,269.10736083984375,181
bf16,Kannada,19,466.0909423828125,317
bf16,Kannada,20,130.1435546875,98
bf16,Kannada,21,220.50433349609375,140
bf16,Kannada,22,116.6581802368164,88
bf16,Kannada,23,134.942138671875,80
bf16,Kannada,24,130.46588134765625,81
bf16,Kannada,25,238.40533447265625,190
bf16,Kannada,26,169.958740234375,133
bf16,Kannada,27,136.26873779296875,90
bf16,Kannada,28,141.1366424560547,65
bf16,Kannada,29,66.57471466064453,57
bf16,Kannada,30,180.82798767089844,132
bf16,Kannada,31,179.18093872070312,115
bf16,Kannada,32,191.12088012695312,107
bf16,Kannada,33,241.2574462890625,162
bf16,Kannada,34,167.16439819335938,111
bf16,Kannada,35,213.31834411621094,122
bf16,Kannada,36,261.9508056640625,191
bf16,Kannada,37,178.19869995117188,114
bf16,Kannada,38,176.74652099609375,129
bf16,Kannada,39,161.48394775390625,91
bf16,Kannada,40,174.0603485107422,130
bf16,Kannada,41,378.55731201171875,297
bf16,Kannada,42,99.30555725097656,80
bf16,Kannada,43,335.54949951171875,266
bf16,Kannada,44,265.8743896484375,226
bf16,Kannada,45,158.78445434570312,105
bf16,Kannada,46,143.5477752685547,95
bf16,Kannada,47,226.25839233398438,205
bf16,Kannada,48,216.58486938476562,160
bf16,Kannada,49,170.5933837890625,148
bf16,Kannada,50,199.53880310058594,131
bf16,Kannada,51,354.6780090332031,319
bf16,Kannada,52,230.09487915039062,188
bf16,Kannada,53,209.75863647460938,189
bf16,Kannada,54,239.8316192626953,196
bf16,Kannada,55,169.11920166015625,118
bf16,Kannada,56,358.7419128417969,302
bf16,Kannada,57,198.26284790039062,156
bf16,Kannada,58,305.126953125,192
bf16,Kannada,59,186.37103271484375,181
bf16,Kannada,60,348.2998352050781,380
bf16,Kannada,61,178.6348876953125,143
bf16,Kannada,62,147.18055725097656,105
bf16,Kannada,63,177.3483123779297,132
bf16,Kannada,64,367.7880859375,281
bf16,Kannada,65,121.07526397705078,100
bf16,Kannada,66,587.0634765625,488
bf16,Kannada,67,287.64630126953125,267
bf16,Kannada,68,114.1703872680664,76
bf16,Kannada,69,303.22381591796875,289
bf16,Kannada,70,232.07537841796875,169
bf16,Kannada,71,479.5086669921875,365
bf16,Kannada,72,384.3909912109375,273
bf16,Kannada,73,249.08938598632812,160
bf16,Kannada,74,322.2595520019531,238
bf16,Kannada,75,88.70354461669922,63
bf16,Kannada,76,107.53958892822266,72
bf16,Kannada,77,150.92300415039062,113
bf16,Kannada,78,441.8147277832031,363
bf16,Kannada,79,407.66046142578125,380
bf16,Kannada,80,201.878662109375,148
bf16,Kannada,81,193.72232055664062,151
bf16,Kannada,82,240.27828979492188,141
bf16,Kannada,83,339.51593017578125,239
bf16,Kannada,84,119.1315689086914,68
bf16,Kannada,85,381.80450439453125,325
bf16,Kannada,86,122.3382797241211,79
bf16,Kannada,87,95.4818344116211,71
bf16,Kannada,88,211.96690368652344,115
bf16,Kannada,89,223.4642333984375,120
bf16,Kannada,90,170.39352416992188,120
bf16,Kannada,91,118.783935546875,106
bf16,Kannada,92,202.21560668945312,166
bf16,Kannada,93,191.22512817382812,153
bf16,Kannada,94,186.1930389404297,98
bf16,Kannada,95,160.4466552734375,128
bf16,Kannada,96,100.95297241210938,68
bf16,Kannada,97,295.2748107910156,209
bf16,Kannada,98,281.5357971191406,207
bf16,Kannada,99,243.91732788085938,173
bf16,Kannada,100,144.0288848876953,103
bf16,Kannada,101,294.8310241699219,163
bf16,Kannada,102,162.9982147216797,108
bf16,Kannada,103,102.7176513671875,45
bf16,Kannada,104,122.48890686035156,50
bf16,Kannada,105,104.88751220703125,58
bf16,Kannada,106,140.16000366210938,108
bf16,Kannada,107,93.07151794433594,67
bf16,Kannada,108,419.470703125,337
bf16,Kannada,109,265.8945617675781,221
bf16,Kannada,110,142.72328186035156,97
bf16,Kannada,111,147.46665954589844,127
bf16,Kannada,112,144.42208862304688,118
bf16,Kannada,113,112.02999114990234,54
bf16,Kannada,114,379.02386474609375,256
bf16,Kannada,115,266.498046875,181
bf16,Kannada,116,348.12078857421875,226
bf16,Kannada,117,237.61990356445312,172
bf16,Kannada,118,80.21168518066406,52
bf16,Kannada,119,479.74737548828125,309
bf16,Kannada,120,242.83226013183594,153
bf16,Kannada,121,279.86993408203125,170
bf16,Kannada,122,106.65739440917969,110
bf16,Kannada,123,60.03319549560547,42
bf16,Kannada,124,143.38076782226562,71
bf16,Kannada,125,159.50311279296875,112
bf16,Kannada,126,175.39059448242188,105
bf16,Kannada,127,111.13510131835938,87
bf16,Kannada,128,247.20179748535156,103
bf16,Kannada,129,198.02584838867188,132
bf16,Kannada,130,292.14288330078125,173
bf16,Kannada,131,152.4945526123047,105
bf16,Kannada,132,183.89901733398438,147
bf16,Kannada,133,216.0391845703125,167
bf16,Kannada,134,331.3976135253906,321
bf16,Kannada,135,351.53997802734375,298
bf16,Kannada,136,188.08718872070312,140
bf16,Kannada,137,134.8323211669922,114
bf16,Kannada,138,343.08905029296875,249
bf16,Kannada,139,178.42819213867188,144
bf16,Kannada,140,167.37835693359375,129
bf16,Kannada,141,233.93505859375,187
bf16,Kannada,142,253.6580352783203,246
bf16,Kannada,143,199.2706298828125,155
bf16,Kannada,144,109.00675201416016,87
bf16,Kannada,145,314.0049133300781,266
bf16,Kannada,146,135.5125732421875,95
bf16,Kannada,147,334.89276123046875,286
bf16,Kannada,148,142.0633087158203,121
bf16,Kannada,149,289.86334228515625,231
bf16,Kannada,150,180.62753295898438,119
bf16,Kannada,151,229.93621826171875,159
bf16,Kannada,152,101.07887268066406,90
bf16,Kannada,153,245.71456909179688,149
bf16,Kannada,154,222.60879516601562,223
bf16,Kannada,155,118.08025360107422,86
bf16,Kannada,156,299.4085693359375,209
bf16,Kannada,157,111.83971405029297,96
bf16,Kannada,158,207.18177795410156,155
bf16,Kannada,159,417.78424072265625,254
bf16,Kannada,160,202.4269256591797,178
bf16,Kannada,161,106.90743255615234,81
bf16,Kannada,162,152.3819580078125,89
bf16,Kannada,163,269.6875,216
bf16,Kannada,164,128.50868225097656,125
bf16,Kannada,165,144.73721313476562,104
bf16,Kannada,166,182.12908935546875,169
bf16,Kannada,167,134.50491333007812,86
bf16,Kannada,168,219.15435791015625,132
bf16,Kannada,169,105.91386413574219,91
bf16,Kannada,170,160.22833251953125,89
bf16,Kannada,171,194.93099975585938,163
bf16,Kannada,172,188.61227416992188,157
bf16,Kannada,173,230.47840881347656,168
bf16,Kannada,174,232.0125274658203,167
bf16,Kannada,175,158.49652099609375,107
bf16,Kannada,176,204.20013427734375,172
bf16,Kannada,177,508.1225280761719,410
bf16,Kannada,178,166.472412109375,160
bf16,Kannada,179,323.0444641113281,249
bf16,Kannada,180,282.42669677734375,204
bf16,Kannada,181,355.6348876953125,220
bf16,Kannada,182,214.92190551757812,160
bf16,Kannada,183,103.59249114990234,72
bf16,Kannada,184,115.5176773071289,76
bf16,Kannada,185,113.57209777832031,77
bf16,Kannada,186,318.55938720703125,249
bf16,Kannada,187,74.66287231445312,64
bf16,Kannada,188,355.70361328125,299
bf16,Kannada,189,208.6915740966797,168
bf16,Kannada,190,181.49557495117188,123
bf16,Kannada,191,248.93869018554688,173
bf16,Kannada,192,160.8739013671875,122
bf16,Kannada,193,108.2182388305664,79
bf16,Kannada,194,157.26217651367188,152
bf16,Kannada,195,120.75662994384766,85
bf16,Kannada,196,98.7192611694336,58
bf16,Kannada,197,148.3874053955078,99
bf16,Kannada,198,146.88870239257812,106
bf16,Kannada,199,140.22024536132812,81
bf16,Kannada,200,162.5168914794922,153
bf16,Kannada,201,246.32809448242188,201
bf16,Kannada,202,211.87474060058594,171
bf16,Kannada,203,226.13265991210938,176
bf16,Kannada,204,193.57073974609375,143
bf16,Kannada,205,353.786376953125,254
bf16,Kannada,206,225.5321044921875,234
bf16,Kannada,207,119.06611633300781,79
bf16,Kannada,208,170.03646850585938,144
bf16,Kannada,209,206.016845703125,153
bf16,Kannada,210,191.3488006591797,151
bf16,Kannada,211,170.37997436523438,96
bf16,Kannada,212,199.7979736328125,140
bf16,Kannada,213,192.32168579101562,170
bf16,Kannada,214,496.5238952636719,411
bf16,Kannada,215,194.60963439941406,184
bf16,Kannada,216,203.37710571289062,136
bf16,Kannada,217,144.16744995117188,130
bf16,Kannada,218,344.0602111816406,271
bf16,Kannada,219,419.37567138671875,378
bf16,Kannada,220,155.88650512695312,141
bf16,Kannada,221,76.37509155273438,46
bf16,Kannada,222,353.65057373046875,299
bf16,Kannada,223,245.49029541015625,203
bf16,Kannada,224,65.67481231689453,54
bf16,Kannada,225,224.12997436523438,173
bf16,Kannada,226,240.07357788085938,151
bf16,Kannada,227,138.76031494140625,103
bf16,Kannada,228,248.42770385742188,143
bf16,Kannada,229,194.2389678955078,169
bf16,Kannada,230,127.30363464355469,105
bf16,Kannada,231,134.96963500976562,89
bf16,Kannada,232,295.812255859375,226
bf16,Kannada,233,144.57760620117188,122
bf16,Kannada,234,125.10102844238281,82
bf16,Kannada,235,174.34234619140625,112
bf16,Kannada,236,180.49139404296875,129
bf16,Kannada,237,259.43048095703125,206
bf16,Kannada,238,254.72911071777344,212
bf16,Kannada,239,221.64505004882812,191
bf16,Kannada,240,110.95256805419922,83
bf16,Kannada,241,193.224609375,170
bf16,Kannada,242,160.39752197265625,129
bf16,Kannada,243,213.48529052734375,157
bf16,Kannada,244,227.0377197265625,144
bf16,Kannada,245,83.32469940185547,42
bf16,Kannada,246,417.3805236816406,359
bf16,Kannada,247,102.35079193115234,74
bf16,Kannada,248,230.9051055908203,151
bf16,Kannada,249,153.3751220703125,106
bf16,Kannada,250,110.6732177734375,63
bf16,Kannada,251,432.592529296875,343
bf16,Kannada,252,75.8386459350586,50
bf16,Kannada,253,207.55325317382812,125
bf16,Kannada,254,289.66473388671875,207
bf16,Kannada,255,158.41090393066406,117
bf16,Malayalam,0,321.5572509765625,214
bf16,Malayalam,1,230.81593322753906,220
bf16,Malayalam,2,142.6949462890625,102
bf16,Malayalam,3,189.68270874023438,153
bf16,Malayalam,4,217.4629669189453,151
bf16,Malayalam,5,230.35812377929688,189
bf16,Malayalam,6,182.75836181640625,115
bf16,Malayalam,7,115.10891723632812,56
bf16,Malayalam,8,275.856689453125,165
bf16,Malayalam,9,97.11650085449219,52
bf16,Malayalam,10,160.39096069335938,107
bf16,Malayalam,11,253.96852111816406,142
bf16,Malayalam,12,155.71847534179688,119
bf16,Malayalam,13,160.58628845214844,144
bf16,Malayalam,14,321.67138671875,215
bf16,Malayalam,15,297.593994140625,224
bf16,Malayalam,16,335.7834777832031,254
bf16,Malayalam,17,209.31259155273438,137
bf16,Malayalam,18,227.660400390625,152
bf16,Malayalam,19,468.88287353515625,339
bf16,Malayalam,20,155.21221923828125,121
bf16,Malayalam,21,252.38247680664062,202
bf16,Malayalam,22,99.68368530273438,71
bf16,Malayalam,23,131.1803741455078,83
bf16,Malayalam,24,121.04100036621094,97
bf16,Malayalam,25,298.523193359375,209
bf16,Malayalam,26,164.19093322753906,145
bf16,Malayalam,27,116.08634948730469,107
bf16,Malayalam,28,127.74237060546875,77
bf16,Malayalam,29,74.19221496582031,52
bf16,Malayalam,30,201.44288635253906,139
bf16,Malayalam,31,217.0170135498047,135
bf16,Malayalam,32,210.9533233642578,125
bf16,Malayalam,33,193.07786560058594,161
bf16,Malayalam,34,148.6935577392578,94
bf16,Malayalam,35,203.4119415283203,123
bf16,Malayalam,36,295.6875,188
bf16,Malayalam,37,205.58389282226562,124
bf16,Malayalam,38,195.86233520507812,144
bf16,Malayalam,39,141.49610900878906,94
bf16,Malayalam,40,183.29103088378906,145
bf16,Malayalam,41,426.5575256347656,340
bf16,Malayalam,42,106.47575378417969,105
bf16,Malayalam,43,314.7996826171875,293
bf16,Malayalam,44,332.70758056640625,219
bf16,Malayalam,45,141.5936279296875,109
bf16,Malayalam,46,154.02093505859375,129
bf16,Malayalam,47,250.66001892089844,214
bf16,Malayalam,48,158.30807495117188,129
bf16,Malayalam,49,197.77215576171875,133
bf16,Malayalam,50,203.93063354492188,136
bf16,Malayalam,51,374.1619873046875,392
bf16,Malayalam,52,228.64239501953125,185
bf16,Malayalam,53,230.45428466796875,208
bf16,Malayalam,54,303.752197265625,258
bf16,Malayalam,55,183.6857147216797,122
bf16,Malayalam,56,405.232666015625,360
bf16,Malayalam,57,217.98770141601562,172
bf16,Malayalam,58,236.18692016601562,197
bf16,Malayalam,59,222.94456481933594,197
bf16,Malayalam,60,358.6932067871094,329
bf16,Malayalam,61,191.28411865234375,176
bf16,Malayalam,62,152.45773315429688,108
bf16,Malayalam,63,215.1630859375,162
bf16,Malayalam,64,443.9290771484375,309
bf16,Malayalam,65,138.99000549316406,111
bf16,Malayalam,66,574.23828125,488
bf16,Malayalam,67,292.25482177734375,252
bf16,Malayalam,68,106.3462142944336,97
bf16,Malayalam,69,450.5315856933594,385
bf16,Malayalam,70,272.0807800292969,220
bf16,Malayalam,71,566.7952880859375,415
bf16,Malayalam,72,415.78924560546875,327
bf16,Malayalam,73,268.05682373046875,234
bf16,Malayalam,74,317.2982177734375,253
bf16,Malayalam,75,80.86187744140625,68
bf16,Malayalam,76,119.93202209472656,95
bf16,Malayalam,77,162.81045532226562,142
bf16,Malayalam,78,525.5452880859375,399
bf16,Malayalam,79,441.2930603027344,423
bf16,Malayalam,80,247.1699676513672,185
bf16,Malayalam,81,228.79554748535156,177
bf16,Malayalam,82,244.80548095703125,182
bf16,Malayalam,83,365.30413818359375,280
bf16,Malayalam,84,130.10482788085938,84
bf16,Malayalam,85,415.133056640625,340
bf16,Malayalam,86,142.76165771484375,105
bf16,Malayalam,87,98.26223754882812,68
bf16,Malayalam,88,197.8931121826172,143
bf16,Malayalam,89,187.20556640625,121
bf16,Malayalam,90,144.53564453125,149
bf16,Malayalam,91,139.3197784423828,123
bf16,Malayalam,92,214.78334045410156,172
bf16,Malayalam,93,183.74337768554688,133
bf16,Malayalam,94,162.4840545654297,103
bf16,Malayalam,95,179.44058227539062,158
bf16,Malayalam,96,104.76373291015625,67
bf16,Malayalam,97,342.58624267578125,234
bf16,Malayalam,98,297.7530822753906,250
bf16,Malayalam,99,290.27960205078125,205
bf16,Malayalam,100,142.29994201660156,105
bf16,Malayalam,101,327.3836975097656,202
bf16,Malayalam,102,169.53060913085938,120
bf16,Malayalam,103,110.12825775146484,62
bf16,Malayalam,104,105.40584564208984,64
bf16,Malayalam,105,85.10089111328125,49
bf16,Malayalam,106,151.09942626953125,125
bf16,Malayalam,107,100.66059112548828,82
bf16,Malayalam,108,456.11993408203125,356
bf16,Malayalam,109,278.98486328125,214
bf16,Malayalam,110,173.76852416992188,102
bf16,Malayalam,111,155.231689453125,144
bf16,Malayalam,112,173.2401885986328,121
bf16,Malayalam,113,129.65036010742188,82
bf16,Malayalam,114,401.85235595703125,305
bf16,Malayalam,115,219.90530395507812,156
bf16,Malayalam,116,376.65142822265625,264
bf16,Malayalam,117,226.8245849609375,191
bf16,Malayalam,118,121.4324722290039,60
bf16,Malayalam,119,443.657958984375,296
bf16,Malayalam,120,241.74789428710938,170
bf16,Malayalam,121,258.101318359375,174
bf16,Malayalam,122,113.21248626708984,99
bf16,Malayalam,123,92.1289291381836,59
bf16,Malayalam,124,131.4660186767578,84
bf16,Malayalam,125,138.47308349609375,108
bf16,Malayalam,126,182.2889404296875,117
bf16,Malayalam,127,124.1597900390625,93
bf16,Malayalam,128,188.835693359375,85
bf16,Malayalam,129,165.48765563964844,132
bf16,Malayalam,130,260.2142639160156,174
bf16,Malayalam,131,148.19168090820312,102
bf16,Malayalam,132,233.8999481201172,161
bf16,Malayalam,133,232.27764892578125,183
bf16,Malayalam,134,356.5497741699219,330
bf16,Malayalam,135,430.70404052734375,343
bf16,Malayalam,136,184.45399475097656,170
bf16,Malayalam,137,140.2272491455078,113
bf16,Malayalam,138,323.9252014160156,284
bf16,Malayalam,139,189.34555053710938,147
bf16,Malayalam,140,209.96194458007812,145
bf16,Malayalam,141,270.38140869140625,213
bf16,Malayalam,142,312.6490478515625,285
bf16,Malayalam,143,254.7955322265625,183
bf16,Malayalam,144,164.07540893554688,110
bf16,Malayalam,145,375.2938232421875,325
bf16,Malayalam,146,181.94125366210938,141
bf16,Malayalam,147,416.93408203125,303
bf16,Malayalam,148,149.8526611328125,123
bf16,Malayalam,149,264.37933349609375,263
bf16,Malayalam,150,185.87608337402344,127
bf16,Malayalam,151,204.77334594726562,162
bf16,Malayalam,152,115.67288970947266,82
bf16,Malayalam,153,265.9898986816406,177
bf16,Malayalam,154,218.70419311523438,207
bf16,Malayalam,155,124.26248168945312,92
bf16,Malayalam,156,236.15834045410156,216
bf16,Malayalam,157,147.89825439453125,103
bf16,Malayalam,158,245.18678283691406,178
bf16,Malayalam,159,410.482421875,339
bf16,Malayalam,160,237.886474609375,190
bf16,Malayalam,161,109.40111541748047,94
bf16,Malayalam,162,150.13865661621094,95
bf16,Malayalam,163,276.13189697265625,226
bf16,Malayalam,164,182.6997528076172,109
bf16,Malayalam,165,138.8720703125,98
bf16,Malayalam,166,202.4912872314453,205
bf16,Malayalam,167,130.9271240234375,93
bf16,Malayalam,168,199.74664306640625,134
bf16,Malayalam,169,152.20846557617188,97
bf16,Malayalam,170,188.98965454101562,127
bf16,Malayalam,171,159.1567840576172,113
bf16,Malayalam,172,196.91775512695312,169
bf16,Malayalam,173,273.2555847167969,182
bf16,Malayalam,174,238.4078369140625,164
bf16,Malayalam,175,174.15927124023438,113
bf16,Malayalam,176,225.16343688964844,180
bf16,Malayalam,177,513.33056640625,409
bf16,Malayalam,178,183.16278076171875,144
bf16,Malayalam,179,270.151123046875,218
bf16,Malayalam,180,362.63665771484375,257
bf16,Malayalam,181,388.46435546875,256
bf16,Malayalam,182,220.5751495361328,164
bf16,Malayalam,183,99.19670104980469,64
bf16,Malayalam,184,124.6147232055664,78
bf16,Malayalam,185,145.1954345703125,97
bf16,Malayalam,186,325.4151611328125,265
bf16,Malayalam,187,86.97328186035156,65
bf16,Malayalam,188,380.42645263671875,301
bf16,Malayalam,189,295.93548583984375,218
bf16,Malayalam,190,146.60891723632812,151
bf16,Malayalam,191,282.7748107910156,196
bf16,Malayalam,192,182.8099365234375,126
bf16,Malayalam,193,134.76422119140625,72
bf16,Malayalam,194,174.458740234375,155
bf16,Malayalam,195,168.30929565429688,95
bf16,Malayalam,196,97.07832336425781,53
bf16,Malayalam,197,161.27142333984375,122
bf16,Malayalam,198,159.44854736328125,125
bf16,Malayalam,199,152.4557647705078,106
bf16,Malayalam,200,185.02499389648438,190
bf16,Malayalam,201,239.23272705078125,180
bf16,Malayalam,202,233.69754028320312,208
bf16,Malayalam,203,273.67510986328125,185
bf16,Malayalam,204,196.0325927734375,140
bf16,Malayalam,205,360.3787536621094,252
bf16,Malayalam,206,255.45291137695312,263
bf16,Malayalam,207,124.0406265258789,74
bf16,Malayalam,208,160.84698486328125,142
bf16,Malayalam,209,187.5146484375,140
bf16,Malayalam,210,163.81689453125,136
bf16,Malayalam,211,157.22181701660156,98
bf16,Malayalam,212,167.27786254882812,126
bf16,Malayalam,213,201.35440063476562,178
bf16,Malayalam,214,464.7142028808594,403
bf16,Malayalam,215,208.6869354248047,181
bf16,Malayalam,216,203.5026092529297,150
bf16,Malayalam,217,157.91012573242188,122
bf16,Malayalam,218,302.69635009765625,272
bf16,Malayalam,219,406.3514404296875,412
bf16,Malayalam,220,145.5457000732422,136
bf16,Malayalam,221,89.92471313476562,56
bf16,Malayalam,222,347.6737060546875,287
bf16,Malayalam,223,260.1212158203125,213
bf16,Malayalam,224,82.44281005859375,62
bf16,Malayalam,225,207.10812377929688,152
bf16,Malayalam,226,239.90167236328125,172
bf16,Malayalam,227,138.30929565429688,87
bf16,Malayalam,228,209.79513549804688,132
bf16,Malayalam,229,204.75210571289062,197
bf16,Malayalam,230,151.10671997070312,96
bf16,Malayalam,231,101.77120971679688,74
bf16,Malayalam,232,311.96502685546875,293
bf16,Malayalam,233,163.86495971679688,144
bf16,Malayalam,234,133.53579711914062,110
bf16,Malayalam,235,163.07476806640625,120
bf16,Malayalam,236,231.35018920898438,156
bf16,Malayalam,237,284.33758544921875,212
bf16,Malayalam,238,265.6531982421875,232
bf16,Malayalam,239,185.9954833984375,190
bf16,Malayalam,240,119.02099609375,86
bf16,Malayalam,241,238.41241455078125,207
bf16,Malayalam,242,175.75079345703125,118
bf16,Malayalam,243,263.7961120605469,201
bf16,Malayalam,244,260.628173828125,182
bf16,Malayalam,245,82.17896270751953,54
bf16,Malayalam,246,355.2061767578125,351
bf16,Malayalam,247,137.6319122314453,80
bf16,Malayalam,248,199.35328674316406,156
bf16,Malayalam,249,149.31727600097656,110
bf16,Malayalam,250,126.40492248535156,86
bf16,Malayalam,251,411.466552734375,348
bf16,Malayalam,252,86.70321655273438,42
bf16,Malayalam,253,185.81881713867188,125
bf16,Malayalam,254,296.20245361328125,222
bf16,Malayalam,255,188.95809936523438,145
int8,English,0,118.31112670898438,164
int8,English,1,101.9886474609375,193
int8,English,2,73.67007446289062,75
int8,English,3,112.05511474609375,152
int8,English,4,87.4640121459961,130
int8,English,5,85.28306579589844,168
int8,English,6,63.556175231933594,109
int8,English,7,64.29595184326172,62
int8,English,8,114.508056640625,147
int8,English,9,65.55450439453125,48
int8,English,10,85.21544647216797,87
int8,English,11,94.24274444580078,173
int8,English,12,66.915283203125,102
int8,English,13,94.11234283447266,116
int8,English,14,184.91769409179688,192
int8,English,15,173.07797241210938,192
int8,English,16,147.174560546875,218
int8,English,17,117.09579467773438,119
int8,English,18,91.74044799804688,165
int8,English,19,244.38876342773438,351
int8,English,20,84.1964111328125,115
int8,English,21,103.69316864013672,154
int8,English,22,51.6019287109375,90
int8,English,23,60.49017333984375,73
int8,English,24,62.89778518676758,76
int8,English,25,107.50650787353516,210
int8,English,26,75.41461181640625,140
int8,English,27,55.33586883544922,76
int8,English,28,62.512027740478516,64
int8,English,29,56.774879455566406,59
int8,English,30,37.313568115234375,92
int8,English,31,92.84534454345703,110
int8,English,32,126.32732391357422,110
int8,English,33,112.47845458984375,155
int8,English,34,90.56889343261719,110
int8,English,35,86.2890625,123
int8,English,36,124.43766784667969,180
int8,English,37,141.54098510742188,116
int8,English,38,96.0269546508789,124
int8,English,39,53.27045440673828,63
int8,English,40,68.38737487792969,121
int8,English,41,154.54278564453125,230
int8,English,42,56.87504577636719,75
int8,English,43,164.12295532226562,327
int8,English,44,109.11822509765625,207
int8,English,45,64.39252471923828,81
int8,English,46,57.413063049316406,78
int8,English,47,110.53340911865234,149
int8,English,48,54.87368392944336,115
int8,English,49,95.15027618408203,144
int8,English,50,111.28398132324219,121
int8,English,51,156.77835083007812,275
int8,English,52,90.52384948730469,154
int8,English,53,94.40321350097656,144
int8,English,54,97.95584106445312,180
int8,English,55,82.85621643066406,117
int8,English,56,144.3440399169922,283
int8,English,57,85.09871673583984,121
int8,English,58,96.71394348144531,147
int8,English,59,105.600830078125,187
int8,English,60,150.12881469726562,275
int8,English,61,83.64739227294922,138
int8,English,62,55.0677490234375,100
int8,English,63,72.98637390136719,128
int8,English,64,130.29396057128906,256
int8,English,65,30.882848739624023,134
int8,English,66,238.50604248046875,462
int8,English,67,128.9675750732422,193
int8,English,68,53.54789733886719,67
int8,English,69,141.48133850097656,304
int8,English,70,100.95848083496094,181
int8,English,71,205.8815155029297,387
int8,English,72,136.86526489257812,257
int8,English,73,97.54920196533203,166
int8,English,74,166.71737670898438,216
int8,English,75,42.72359848022461,75
int8,English,76,54.1648063659668,89
int8,English,77,61.513916015625,116
int8,English,78,255.93893432617188,313
int8,English,79,192.37557983398438,384
int8,English,80,74.93091583251953,120
int8,English,81,72.23343658447266,134
int8,English,82,114.8045883178711,148
int8,English,83,171.60394287109375,244
int8,English,84,72.01669311523438,80
int8,English,85,194.82684326171875,323
int8,English,86,47.99809265136719,74
int8,English,87,50.367759704589844,55
int8,English,88,88.96998596191406,120
int8,English,89,92.68768310546875,97
int8,English,90,52.254119873046875,107
int8,English,91,52.02923583984375,102
int8,English,92,79.82113647460938,121
int8,English,93,107.94788360595703,132
int8,English,94,76.78291320800781,86
int8,English,95,85.9556655883789,142
int8,English,96,54.20036315917969,80
int8,English,97,153.23110961914062,178
int8,English,98,170.6923065185547,243
int8,English,99,105.18667602539062,199
int8,English,100,64.25236511230469,88
int8,English,101,149.5465087890625,147
int8,English,102,95.90103149414062,80
int8,English,103,54.876861572265625,44
int8,English,104,59.234466552734375,44
int8,English,105,31.201990127563477,48
int8,English,106,66.10874938964844,92
int8,English,107,49.977134704589844,82
int8,English,108,203.29071044921875,290
int8,English,109,116.72313690185547,192
int8,English,110,92.0567626953125,112
int8,English,111,74.04618072509766,120
int8,English,112,85.80755615234375,105
int8,English,113,59.99335479736328,62
int8,English,114,198.56524658203125,252
int8,English,115,122.20751953125,137
int8,English,116,164.47308349609375,212
int8,English,117,106.49641418457031,146
int8,English,118,35.5313835144043,44
int8,English,119,248.8961639404297,286
int8,English,120,112.09663391113281,143
int8,English,121,147.50245666503906,169
int8,English,122,55.544620513916016,86
int8,English,123,44.82978439331055,46
int8,English,124,80.78730010986328,69
int8,English,125,89.74881744384766,102
int8,English,126,70.56881713867188,94
int8,English,127,49.20366287231445,88
int8,English,128,88.04411315917969,94
int8,English,129,79.31918334960938,121
int8,English,130,104.01885223388672,140
int8,English,131,76.42631530761719,99
int8,English,132,78.5718002319336,126
int8,English,133,112.14019775390625,134
int8,English,134,159.52813720703125,274
int8,English,135,221.38113403320312,327
int8,English,136,96.4652099609375,119
int8,English,137,66.0245590209961,105
int8,English,138,126.0,218
int8,English,139,110.06993865966797,137
int8,English,140,107.26654052734375,123
int8,English,141,133.89007568359375,180
int8,English,142,189.23257446289062,246
int8,English,143,106.11542510986328,145
int8,English,144,69.97503662109375,83
int8,English,145,149.5420379638672,253
int8,English,146,71.03701782226562,100
int8,English,147,211.19342041015625,331
int8,English,148,86.05926513671875,112
int8,English,149,167.18954467773438,239
int8,English,150,88.55009460449219,110
int8,English,151,112.67308807373047,158
int8,English,152,59.060245513916016,57
int8,English,153,118.81849670410156,150
int8,English,154,118.382080078125,165
int8,English,155,58.445159912109375,86
int8,English,156,143.05255126953125,180
int8,English,157,81.7562484741211,90
int8,English,158,93.36685180664062,149
int8,English,159,232.3480682373047,262
int8,English,160,94.06224060058594,138
int8,English,161,69.95820617675781,79
int8,English,162,50.77392578125,73
int8,English,163,114.68717956542969,209
int8,English,164,46.58673858642578,102
int8,English,165,69.6719970703125,110
int8,English,166,105.23115539550781,166
int8,English,167,71.56631469726562,75
int8,English,168,95.4466552734375,129
int8,English,169,62.141414642333984,87
int8,English,170,63.299652099609375,103
int8,English,171,82.95182800292969,130
int8,English,172,86.70433807373047,146
int8,English,173,85.24036407470703,151
int8,English,174,117.77582550048828,169
int8,English,175,96.3620376586914,137
int8,English,176,96.23682403564453,152
int8,English,177,168.24514770507812,304
int8,English,178,75.5372314453125,135
int8,English,179,117.20081329345703,186
int8,English,180,107.21015930175781,176
int8,English,181,160.21002197265625,210
int8,English,182,105.00505065917969,143
int8,English,183,45.9107780456543,65
int8,English,184,50.99738311767578,70
int8,English,185,67.88338470458984,64
int8,English,186,134.0126190185547,246
int8,English,187,41.160362243652344,48
int8,English,188,147.51571655273438,294
int8,English,189,114.17839813232422,170
int8,English,190,83.48007202148438,123
int8,English,191,112.09127807617188,170
int8,English,192,74.62150573730469,133
int8,English,193,45.531654357910156,86
int8,English,194,64.69216918945312,141
int8,English,195,60.45856475830078,93
int8,English,196,54.047218322753906,50
int8,English,197,69.32835388183594,80
int8,English,198,76.37347412109375,95
int8,English,199,45.34483337402344,87
int8,English,200,101.12973022460938,164
int8,English,201,124.62963104248047,195
int8,English,202,106.60598754882812,171
int8,English,203,139.5897979736328,186
int8,English,204,83.58328247070312,125
int8,English,205,75.29972076416016,255
int8,English,206,125.42333221435547,240
int8,English,207,58.32185363769531,85
int8,English,208,65.80548858642578,118
int8,English,209,84.56238555908203,145
int8,English,210,73.13265991210938,150
int8,English,211,80.70962524414062,93
int8,English,212,73.33837890625,130
int8,English,213,80.71165466308594,162
int8,English,214,212.38983154296875,345
int8,English,215,125.17972564697266,201
int8,English,216,97.71617126464844,137
int8,English,217,70.3738784790039,109
int8,English,218,159.62034606933594,255
int8,English,219,188.19461059570312,378
int8,English,220,70.38249206542969,97
int8,English,221,48.39826965332031,49
int8,English,222,113.02002716064453,312
int8,English,223,134.63400268554688,242
int8,English,224,42.44279479980469,54
int8,English,225,87.54025268554688,151
int8,English,226,120.47430419921875,124
int8,English,227,80.17665100097656,67
int8,English,228,123.68685913085938,110
int8,English,229,98.91547393798828,195
int8,English,230,59.809696197509766,88
int8,English,231,67.93252563476562,87
int8,English,232,193.30157470703125,235
int8,English,233,75.21163940429688,109
int8,English,234,66.29302978515625,116
int8,English,235,85.27662658691406,116
int8,English,236,89.64360046386719,151
int8,English,237,115.28646850585938,192
int8,English,238,104.5763168334961,185
int8,English,239,94.63597106933594,168
int8,English,240,39.502540588378906,77
int8,English,241,87.58206176757812,162
int8,English,242,85.91673278808594,125
int8,English,243,65.84849548339844,150
int8,English,244,128.9957733154297,162
int8,English,245,50.0203857421875,34
int8,English,246,179.2819366455078,336
int8,English,247,60.74482345581055,70
int8,English,248,110.22632598876953,147
int8,English,249,73.91136169433594,95
int8,English,250,60.37470245361328,65
int8,English,251,135.00424194335938,303
int8,English,252,37.03988265991211,33
int8,English,253,75.56671905517578,122
int8,English,254,142.15980529785156,193
int8,English,255,62.03244400024414,111
int8,Hindi,0,176.16835021972656,135
int8,Hindi,1,181.43563842773438,183
int8,Hindi,2,94.74986267089844,69
int8,Hindi,3,129.3237762451172,169
int8,Hindi,4,138.7750244140625,140
int8,Hindi,5,194.01751708984375,124
int8,Hindi,6,103.52687072753906,113
int8,Hindi,7,98.50153350830078,62
int8,Hindi,8,157.4541778564453,127
int8,Hindi,9,74.39668273925781,50
int8,Hindi,10,113.9009017944336,94
int8,Hindi,11,208.16812133789062,166
int8,Hindi,12,108.03050231933594,119
int8,Hindi,13,100.3690185546875,127
int8,Hindi,14,211.85809326171875,186
int8,Hindi,15,233.33680725097656,179
int8,Hindi,16,245.1949005126953,230
int8,Hindi,17,132.41476440429688,99
int8,Hindi,18,168.5714111328125,179
int8,Hindi,19,362.31195068359375,316
int8,Hindi,20,117.45515441894531,110
int8,Hindi,21,153.0390625,149
int8,Hindi,22,59.36720275878906,78
int8,Hindi,23,107.60575866699219,66
int8,Hindi,24,78.15048217773438,75
int8,Hindi,25,179.06137084960938,200
int8,Hindi,26,105.65155792236328,123
int8,Hindi,27,101.56489562988281,90
int8,Hindi,28,119.63970184326172,62
int8,Hindi,29,61.61122512817383,63
int8,Hindi,30,92.51443481445312,90
int8,Hindi,31,145.1679229736328,110
int8,Hindi,32,178.4307861328125,128
int8,Hindi,33,167.31838989257812,135
int8,Hindi,34,121.10615539550781,102
int8,Hindi,35,156.53904724121094,139
int8,Hindi,36,171.4078826904297,158
int8,Hindi,37,154.6929931640625,133
int8,Hindi,38,157.58566284179688,140
int8,Hindi,39,100.35758209228516,100
int8,Hindi,40,116.07945251464844,122
int8,Hindi,41,244.8032989501953,212
int8,Hindi,42,71.58934020996094,92
int8,Hindi,43,245.8067169189453,278
int8,Hindi,44,213.3150634765625,206
int8,Hindi,45,101.38636779785156,103
int8,Hindi,46,91.64810180664062,80
int8,Hindi,47,189.16188049316406,195
int8,Hindi,48,131.32516479492188,107
int8,Hindi,49,134.0542449951172,125
int8,Hindi,50,183.50271606445312,130
int8,Hindi,51,253.4332733154297,283
int8,Hindi,52,164.11456298828125,144
int8,Hindi,53,131.4437255859375,129
int8,Hindi,54,191.74905395507812,197
int8,Hindi,55,144.38265991210938,111
int8,Hindi,56,307.173095703125,267
int8,Hindi,57,139.0732879638672,116
int8,Hindi,58,182.48922729492188,152
int8,Hindi,59,151.03997802734375,149
int8,Hindi,60,279.46929931640625,281
int8,Hindi,61,143.6513671875,127
int8,Hindi,62,118.4873046875,92
int8,Hindi,63,136.20912170410156,121
int8,Hindi,64,284.18292236328125,242
int8,Hindi,65,117.5765380859375,119
int8,Hindi,66,424.0672302246094,436
int8,Hindi,67,183.04449462890625,252
int8,Hindi,68,98.07014465332031,92
int8,Hindi,69,235.28759765625,301
int8,Hindi,70,159.63626098632812,195
int8,Hindi,71,350.8373107910156,333
int8,Hindi,72,266.2037048339844,230
int8,Hindi,73,224.80596923828125,200
int8,Hindi,74,274.56317138671875,235
int8,Hindi,75,64.71141815185547,62
int8,Hindi,76,83.72711181640625,75
int8,Hindi,77,107.25250244140625,114
int8,Hindi,78,309.3733215332031,326
int8,Hindi,79,334.15252685546875,396
int8,Hindi,80,128.98220825195312,124
int8,Hindi,81,129.3879852294922,142
int8,Hindi,82,187.14161682128906,165
int8,Hindi,83,237.29861450195312,223
int8,Hindi,84,103.07682800292969,64
int8,Hindi,85,290.2694396972656,314
int8,Hindi,86,92.76604461669922,77
int8,Hindi,87,71.47605895996094,55
int8,Hindi,88,119.88677215576172,98
int8,Hindi,89,159.6934814453125,131
int8,Hindi,90,96.36177062988281,95
int8,Hindi,91,79.73513793945312,108
int8,Hindi,92,132.53201293945312,127
int8,Hindi,93,134.79904174804688,134
int8,Hindi,94,107.50146484375,90
int8,Hindi,95,123.19114685058594,123
int8,Hindi,96,82.02217102050781,66
int8,Hindi,97,198.81884765625,164
int8,Hindi,98,217.12155151367188,192
int8,Hindi,99,207.61326599121094,188
int8,Hindi,100,95.36607360839844,114
int8,Hindi,101,218.1479949951172,164
int8,Hindi,102,122.56294250488281,81
int8,Hindi,103,72.28974914550781,43
int8,Hindi,104,92.90794372558594,55
int8,Hindi,105,45.8321533203125,44
int8,Hindi,106,98.41105651855469,114
int8,Hindi,107,79.82817077636719,63
int8,Hindi,108,311.4554748535156,275
int8,Hindi,109,205.30496215820312,191
int8,Hindi,110,121.79673767089844,107
int8,Hindi,111,123.94892120361328,144
int8,Hindi,112,104.25994873046875,96
int8,Hindi,113,81.53031158447266,55
int8,Hindi,114,255.2744598388672,228
int8,Hindi,115,178.05117797851562,120
int8,Hindi,116,216.53756713867188,182
int8,Hindi,117,211.61668395996094,194
int8,Hindi,118,64.61448669433594,51
int8,Hindi,119,339.751220703125,332
int8,Hindi,120,203.3184051513672,159
int8,Hindi,121,204.3475341796875,141
int8,Hindi,122,64.19331359863281,73
int8,Hindi,123,88.01559448242188,72
int8,Hindi,124,100.74118041992188,82
int8,Hindi,125,145.2701416015625,92
int8,Hindi,126,121.09817504882812,103
int8,Hindi,127,87.2524642944336,86
int8,Hindi,128,141.45912170410156,103
int8,Hindi,129,142.0621337890625,120
int8,Hindi,130,212.08160400390625,149
int8,Hindi,131,137.15872192382812,82
int8,Hindi,132,131.07882690429688,114
int8,Hindi,133,193.0449981689453,179
int8,Hindi,134,195.7921600341797,259
int8,Hindi,135,307.68218994140625,292
int8,Hindi,136,146.11740112304688,124
int8,Hindi,137,89.26553344726562,93
int8,Hindi,138,216.7574005126953,205
int8,Hindi,139,134.094482421875,148
int8,Hindi,140,130.30319213867188,115
int8,Hindi,141,171.89617919921875,154
int8,Hindi,142,235.61500549316406,267
int8,Hindi,143,156.6287841796875,161
int8,Hindi,144,100.60395812988281,89
int8,Hindi,145,243.69415283203125,278
int8,Hindi,146,107.9020004272461,102
int8,Hindi,147,275.40521240234375,289
int8,Hindi,148,119.86892700195312,119
int8,Hindi,149,216.53274536132812,207
int8,Hindi,150,159.17225646972656,122
int8,Hindi,151,149.7220458984375,135
int8,Hindi,152,113.67640686035156,78
int8,Hindi,153,247.3809051513672,155
int8,Hindi,154,161.61380004882812,173
int8,Hindi,155,85.80237579345703,81
int8,Hindi,156,209.838623046875,185
int8,Hindi,157,98.88702392578125,97
int8,Hindi,158,158.12954711914062,150
int8,Hindi,159,324.7326354980469,247
int8,Hindi,160,176.22384643554688,161
int8,Hindi,161,83.50574493408203,71
int8,Hindi,162,127.73725891113281,99
int8,Hindi,163,160.19354248046875,187
int8,Hindi,164,91.753662109375,97
int8,Hindi,165,96.46488952636719,100
int8,Hindi,166,155.859619140625,164
int8,Hindi,167,120.01177215576172,84
int8,Hindi,168,153.04112243652344,120
int8,Hindi,169,93.20046997070312,70
int8,Hindi,170,109.07958984375,92
int8,Hindi,171,153.2762451171875,131
int8,Hindi,172,170.51173400878906,158
int8,Hindi,173,183.87704467773438,146
int8,Hindi,174,190.609619140625,183
int8,Hindi,175,130.8022003173828,131
int8,Hindi,176,172.94888305664062,159
int8,Hindi,177,303.54229736328125,325
int8,Hindi,178,140.51901245117188,139
int8,Hindi,179,253.19015502929688,229
int8,Hindi,180,210.5603790283203,164
int8,Hindi,181,273.73040771484375,207
int8,Hindi,182,154.64707946777344,148
int8,Hindi,183,77.4902114868164,74
int8,Hindi,184,110.5155258178711,64
int8,Hindi,185,98.64004516601562,68
int8,Hindi,186,257.213134765625,243
int8,Hindi,187,69.39790344238281,54
int8,Hindi,188,308.4664306640625,259
int8,Hindi,189,173.36813354492188,151
int8,Hindi,190,110.61833190917969,111
int8,Hindi,191,193.5669403076172,183
int8,Hindi,192,118.04261779785156,110
int8,Hindi,193,99.13322448730469,68
int8,Hindi,194,125.010498046875,143
int8,Hindi,195,105.76167297363281,78
int8,Hindi,196,73.66282653808594,42
int8,Hindi,197,161.68612670898438,134
int8,Hindi,198,118.11595153808594,89
int8,Hindi,199,70.96690368652344,63
int8,Hindi,200,149.22088623046875,147
int8,Hindi,201,180.00277709960938,171
int8,Hindi,202,164.93063354492188,162
int8,Hindi,203,217.05587768554688,177
int8,Hindi,204,112.94966125488281,115
int8,Hindi,205,254.74314880371094,221
int8,Hindi,206,193.26449584960938,212
int8,Hindi,207,80.18812561035156,67
int8,Hindi,208,128.49517822265625,137
int8,Hindi,209,126.76276397705078,159
int8,Hindi,210,128.2869415283203,166
int8,Hindi,211,122.58464050292969,98
int8,Hindi,212,126.4874267578125,129
int8,Hindi,213,151.41021728515625,169
int8,Hindi,214,380.9323425292969,380
int8,Hindi,215,157.2860107421875,159
int8,Hindi,216,165.28775024414062,136
int8,Hindi,217,94.14207458496094,118
int8,Hindi,218,270.8171691894531,285
int8,Hindi,219,312.4395446777344,342
int8,Hindi,220,145.3286895751953,137
int8,Hindi,221,63.88981246948242,46
int8,Hindi,222,199.7728729248047,266
int8,Hindi,223,217.84878540039062,185
int8,Hindi,224,57.125831604003906,57
int8,Hindi,225,126.12397766113281,132
int8,Hindi,226,165.9068603515625,116
int8,Hindi,227,106.1702651977539,97
int8,Hindi,228,175.88839721679688,107
int8,Hindi,229,156.0091552734375,167
int8,Hindi,230,102.34842681884766,86
int8,Hindi,231,100.64441680908203,79
int8,Hindi,232,217.8790283203125,185
int8,Hindi,233,105.72171020507812,108
int8,Hindi,234,93.1910629272461,101
int8,Hindi,235,101.25192260742188,97
int8,Hindi,236,146.98965454101562,135
int8,Hindi,237,160.25051879882812,179
int8,Hindi,238,237.29714965820312,234
int8,Hindi,239,174.0692138671875,185
int8,Hindi,240,80.29696655273438,85
int8,Hindi,241,131.81988525390625,162
int8,Hindi,242,130.04324340820312,119
int8,Hindi,243,158.0503692626953,142
int8,Hindi,244,144.8632049560547,148
int8,Hindi,245,60.15689468383789,34
int8,Hindi,246,240.01556396484375,250
int8,Hindi,247,80.05570983886719,64
int8,Hindi,248,151.03857421875,123
int8,Hindi,249,118.03590393066406,120
int8,Hindi,250,82.10401916503906,61
int8,Hindi,251,276.8658447265625,294
int8,Hindi,252,47.510093688964844,44
int8,Hindi,253,111.41886901855469,108
int8,Hindi,254,243.60157775878906,202
int8,Hindi,255,88.70535278320312,103
int8,Bengali,0,261.2055358886719,161
int8,Bengali,1,210.9641571044922,169
int8,Bengali,2,105.40681457519531,57
int8,Bengali,3,181.8538818359375,152
int8,Bengali,4,241.26438903808594,148
int8,Bengali,5,248.7596435546875,170
int8,Bengali,6,140.86749267578125,102
int8,Bengali,7,124.48165893554688,54
int8,Bengali,8,210.64739990234375,122
int8,Bengali,9,84.05569458007812,47
int8,Bengali,10,152.05575561523438,92
int8,Bengali,11,270.61334228515625,155
int8,Bengali,12,124.66500854492188,80
int8,Bengali,13,160.20001220703125,107
int8,Bengali,14,219.32083129882812,179
int8,Bengali,15,305.32086181640625,227
int8,Bengali,16,268.85601806640625,215
int8,Bengali,17,159.93109130859375,99
int8,Bengali,18,292.36090087890625,136
int8,Bengali,19,417.67523193359375,272
int8,Bengali,20,134.35556030273438,97
int8,Bengali,21,174.428955078125,131
int8,Bengali,22,86.90191650390625,72
int8,Bengali,23,126.19698333740234,70
int8,Bengali,24,120.82484436035156,71
int8,Bengali,25,198.3545379638672,163
int8,Bengali,26,162.23497009277344,111
int8,Bengali,27,117.083740234375,69
int8,Bengali,28,133.97909545898438,75
int8,Bengali,29,82.81397247314453,48
int8,Bengali,30,137.01641845703125,82
int8,Bengali,31,158.50413513183594,98
int8,Bengali,32,180.212646484375,127
int8,Bengali,33,164.65350341796875,138
int8,Bengali,34,138.92950439453125,90
int8,Bengali,35,185.82225036621094,116
int8,Bengali,36,256.9442443847656,166
int8,Bengali,37,176.9306640625,98
int8,Bengali,38,198.67929077148438,130
int8,Bengali,39,106.42453002929688,66
int8,Bengali,40,127.59856414794922,105
int8,Bengali,41,292.0639343261719,214
int8,Bengali,42,110.1865463256836,89
int8,Bengali,43,266.04254150390625,241
int8,Bengali,44,235.28857421875,181
int8,Bengali,45,140.72384643554688,78
int8,Bengali,46,111.21717071533203,81
int8,Bengali,47,211.10635375976562,156
int8,Bengali,48,169.36990356445312,125
int8,Bengali,49,186.68641662597656,129
int8,Bengali,50,171.62088012695312,95
int8,Bengali,51,237.9512939453125,263
int8,Bengali,52,197.79574584960938,147
int8,Bengali,53,183.60244750976562,142
int8,Bengali,54,252.23257446289062,195
int8,Bengali,55,160.46200561523438,123
int8,Bengali,56,308.02630615234375,221
int8,Bengali,57,167.36648559570312,129
int8,Bengali,58,226.06825256347656,156
int8,Bengali,59,221.66650390625,180
int8,Bengali,60,289.5386047363281,255
int8,Bengali,61,151.67984008789062,112
int8,Bengali,62,110.77392578125,83
int8,Bengali,63,159.33523559570312,109
int8,Bengali,64,326.9198913574219,243
int8,Bengali,65,107.67407989501953,85
int8,Bengali,66,618.3829956054688,489
int8,Bengali,67,253.4871368408203,208
int8,Bengali,68,116.61900329589844,80
int8,Bengali,69,270.8309631347656,283
int8,Bengali,70,200.55935668945312,168
int8,Bengali,71,425.92266845703125,322
int8,Bengali,72,318.029541015625,226
int8,Bengali,73,200.54385375976562,142
int8,Bengali,74,253.33865356445312,216
int8,Bengali,75,72.5036849975586,47
int8,Bengali,76,86.60655212402344,64
int8,Bengali,77,115.95152282714844,87
int8,Bengali,78,421.7325744628906,302
int8,Bengali,79,364.2326354980469,343
int8,Bengali,80,184.73574829101562,139
int8,Bengali,81,167.084716796875,114
int8,Bengali,82,232.1786651611328,140
int8,Bengali,83,245.56167602539062,171
int8,Bengali,84,133.76937866210938,73
int8,Bengali,85,385.8184814453125,312
int8,Bengali,86,115.0726318359375,82
int8,Bengali,87,84.28047943115234,47
int8,Bengali,88,152.9713134765625,91
int8,Bengali,89,172.4891357421875,108
int8,Bengali,90,131.05337524414062,73
int8,Bengali,91,118.70591735839844,101
int8,Bengali,92,154.3387451171875,102
int8,Bengali,93,172.281005859375,133
int8,Bengali,94,123.2176284790039,76
int8,Bengali,95,162.40725708007812,113
int8,Bengali,96,94.02916717529297,69
int8,Bengali,97,272.18743896484375,169
int8,Bengali,98,256.3573913574219,182
int8,Bengali,99,238.24497985839844,159
int8,Bengali,100,101.77091979980469,80
int8,Bengali,101,275.31683349609375,145
int8,Bengali,102,127.94229125976562,79
int8,Bengali,103,92.07888793945312,49
int8,Bengali,104,93.11646270751953,49
int8,Bengali,105,85.86152648925781,37
int8,Bengali,106,122.5669174194336,91
int8,Bengali,107,94.828369140625,62
int8,Bengali,108,381.529052734375,270
int8,Bengali,109,246.43577575683594,153
int8,Bengali,110,143.47364807128906,108
int8,Bengali,111,137.79473876953125,109
int8,Bengali,112,147.2015380859375,87
int8,Bengali,113,85.98419952392578,61
int8,Bengali,114,304.03558349609375,213
int8,Bengali,115,230.69607543945312,132
int8,Bengali,116,291.25787353515625,189
int8,Bengali,117,206.5302734375,149
int8,Bengali,118,88.9564208984375,42
int8,Bengali,119,364.53729248046875,250
int8,Bengali,120,258.7471923828125,170
int8,Bengali,121,223.35179138183594,140
int8,Bengali,122,87.11820220947266,74
int8,Bengali,123,96.23429870605469,49
int8,Bengali,124,128.64060974121094,77
int8,Bengali,125,141.29393005371094,92
int8,Bengali,126,137.33316040039062,106
int8,Bengali,127,102.48583984375,72
int8,Bengali,128,208.60440063476562,113
int8,Bengali,129,182.61639404296875,121
int8,Bengali,130,261.59625244140625,158
int8,Bengali,131,113.97676849365234,86
int8,Bengali,132,165.254150390625,121
int8,Bengali,133,217.81277465820312,169
int8,Bengali,134,285.8082580566406,238
int8,Bengali,135,369.86907958984375,273
int8,Bengali,136,157.94808959960938,134
int8,Bengali,137,100.01744079589844,92
int8,Bengali,138,260.18206787109375,220
int8,Bengali,139,178.47821044921875,140
int8,Bengali,140,161.86212158203125,114
int8,Bengali,141,205.79861450195312,160
int8,Bengali,142,293.0496520996094,224
int8,Bengali,143,187.5568389892578,143
int8,Bengali,144,109.19232177734375,74
int8,Bengali,145,285.28265380859375,253
int8,Bengali,146,128.62033081054688,112
int8,Bengali,147,339.6041564941406,301
int8,Bengali,148,144.02731323242188,98
int8,Bengali,149,287.26678466796875,213
int8,Bengali,150,163.47801208496094,107
int8,Bengali,151,203.52137756347656,134
int8,Bengali,152,104.46033477783203,68
int8,Bengali,153,253.90899658203125,147
int8,Bengali,154,157.74740600585938,157
int8,Bengali,155,147.72317504882812,94
int8,Bengali,156,271.57122802734375,207
int8,Bengali,157,92.186767578125,89
int8,Bengali,158,186.07998657226562,160
int8,Bengali,159,447.05322265625,265
int8,Bengali,160,156.29873657226562,129
int8,Bengali,161,98.9390640258789,75
int8,Bengali,162,137.87130737304688,72
int8,Bengali,163,226.67030334472656,181
int8,Bengali,164,120.81100463867188,109
int8,Bengali,165,136.00888061523438,100
int8,Bengali,166,171.96432495117188,129
int8,Bengali,167,120.775634765625,60
int8,Bengali,168,248.861083984375,137
int8,Bengali,169,115.49913024902344,72
int8,Bengali,170,138.67538452148438,82
int8,Bengali,171,173.0142059326172,129
int8,Bengali,172,166.90557861328125,133
int8,Bengali,173,230.6797637939453,162
int8,Bengali,174,191.9275665283203,159
int8,Bengali,175,130.687744140625,118
int8,Bengali,176,193.12042236328125,122
int8,Bengali,177,411.4192810058594,295
int8,Bengali,178,182.07054138183594,135
int8,Bengali,179,272.40020751953125,162
int8,Bengali,180,301.07208251953125,180
int8,Bengali,181,302.287841796875,193
int8,Bengali,182,177.49652099609375,118
int8,Bengali,183,95.14256286621094,65
int8,Bengali,184,103.26834106445312,64
int8,Bengali,185,116.79997253417969,80
int8,Bengali,186,272.6763610839844,237
int8,Bengali,187,75.64730072021484,53
int8,Bengali,188,315.82122802734375,237
int8,Bengali,189,204.95321655273438,172
int8,Bengali,190,150.55462646484375,106
int8,Bengali,191,224.1532440185547,154
int8,Bengali,192,128.60546875,102
int8,Bengali,193,122.89546966552734,80
int8,Bengali,194,163.61187744140625,135
int8,Bengali,195,117.83511352539062,71
int8,Bengali,196,96.92088317871094,44
int8,Bengali,197,140.63934326171875,87
int8,Bengali,198,123.6771240234375,81
int8,Bengali,199,94.92134857177734,60
int8,Bengali,200,155.70669555664062,162
int8,Bengali,201,202.70436096191406,154
int8,Bengali,202,197.79762268066406,164
int8,Bengali,203,241.7663116455078,186
int8,Bengali,204,202.9314422607422,148
int8,Bengali,205,303.63525390625,239
int8,Bengali,206,208.2609100341797,196
int8,Bengali,207,103.80538940429688,79
int8,Bengali,208,147.88833618164062,110
int8,Bengali,209,184.54725646972656,141
int8,Bengali,210,178.2281951904297,126
int8,Bengali,211,114.0760269165039,76
int8,Bengali,212,169.931884765625,99
int8,Bengali,213,149.19444274902344,145
int8,Bengali,214,410.3819580078125,335
int8,Bengali,215,203.0,168
int8,Bengali,216,192.67190551757812,112
int8,Bengali,217,123.69158172607422,101
int8,Bengali,218,311.61907958984375,276
int8,Bengali,219,346.45068359375,317
int8,Bengali,220,168.96551513671875,101
int8,Bengali,221,78.07704162597656,43
int8,Bengali,222,300.6075439453125,263
int8,Bengali,223,247.20767211914062,196
int8,Bengali,224,63.240257263183594,43
int8,Bengali,225,197.99072265625,145
int8,Bengali,226,188.9104766845703,154
int8,Bengali,227,114.49574279785156,95
int8,Bengali,228,203.5370330810547,117
int8,Bengali,229,176.9141845703125,138
int8,Bengali,230,119.97795104980469,75
int8,Bengali,231,110.71400451660156,75
int8,Bengali,232,277.608642578125,221
int8,Bengali,233,111.85772705078125,97
int8,Bengali,234,121.05633544921875,90
int8,Bengali,235,143.6237335205078,100
int8,Bengali,236,185.28887939453125,137
int8,Bengali,237,259.5888977050781,208
int8,Bengali,238,245.82431030273438,184
int8,Bengali,239,237.86614990234375,175
int8,Bengali,240,134.42514038085938,81
int8,Bengali,241,181.6455078125,163
int8,Bengali,242,182.3856201171875,123
int8,Bengali,243,184.75656127929688,130
int8,Bengali,244,219.18572998046875,149
int8,Bengali,245,60.72104263305664,34
int8,Bengali,246,312.08258056640625,265
int8,Bengali,247,104.51516723632812,51
int8,Bengali,248,193.65538024902344,146
int8,Bengali,249,150.76988220214844,110
int8,Bengali,250,97.72148132324219,61
int8,Bengali,251,378.6449279785156,295
int8,Bengali,252,56.790260314941406,41
int8,Bengali,253,147.89605712890625,113
int8,Bengali,254,274.0521545410156,212
int8,Bengali,255,127.82206726074219,99
int8,Marathi,0,233.551025390625,143
int8,Marathi,1,206.5163116455078,178
int8,Marathi,2,114.13372802734375,67
int8,Marathi,3,212.19300842285156,149
int8,Marathi,4,205.22213745117188,133
int8,Marathi,5,260.5505065917969,156
int8,Marathi,6,177.3187255859375,109
int8,Marathi,7,113.71176147460938,66
int8,Marathi,8,212.7467041015625,145
int8,Marathi,9,102.7773666381836,54
int8,Marathi,10,163.846435546875,97
int8,Marathi,11,274.47430419921875,142
int8,Marathi,12,134.64181518554688,101
int8,Marathi,13,143.25628662109375,129
int8,Marathi,14,278.41729736328125,194
int8,Marathi,15,259.99749755859375,180
int8,Marathi,16,294.9698181152344,215
int8,Marathi,17,197.65606689453125,117
int8,Marathi,18,215.49569702148438,133
int8,Marathi,19,483.8899841308594,318
int8,Marathi,20,140.26678466796875,91
int8,Marathi,21,202.92926025390625,181
int8,Marathi,22,108.07444763183594,90
int8,Marathi,23,133.0294952392578,71
int8,Marathi,24,114.2734603881836,63
int8,Marathi,25,233.00384521484375,204
int8,Marathi,26,132.51995849609375,128
int8,Marathi,27,136.736083984375,63
int8,Marathi,28,138.65994262695312,72
int8,Marathi,29,82.46701049804688,41
int8,Marathi,30,144.33627319335938,104
int8,Marathi,31,167.57179260253906,113
int8,Marathi,32,161.44557189941406,98
int8,Marathi,33,188.76129150390625,150
int8,Marathi,34,171.55662536621094,108
int8,Marathi,35,211.01425170898438,125
int8,Marathi,36,228.8319091796875,163
int8,Marathi,37,196.1995391845703,125
int8,Marathi,38,157.2146759033203,120
int8,Marathi,39,133.40328979492188,69
int8,Marathi,40,157.23062133789062,120
int8,Marathi,41,378.14837646484375,255
int8,Marathi,42,118.80303192138672,83
int8,Marathi,43,318.6759033203125,252
int8,Marathi,44,283.72991943359375,179
int8,Marathi,45,144.33560180664062,85
int8,Marathi,46,148.96783447265625,87
int8,Marathi,47,251.04998779296875,187
int8,Marathi,48,184.7008819580078,113
int8,Marathi,49,192.65345764160156,142
int8,Marathi,50,201.76522827148438,132
int8,Marathi,51,311.24114990234375,255
int8,Marathi,52,228.71658325195312,166
int8,Marathi,53,226.703369140625,183
int8,Marathi,54,228.7487335205078,210
int8,Marathi,55,175.49317932128906,107
int8,Marathi,56,345.2266845703125,288
int8,Marathi,57,189.4414825439453,136
int8,Marathi,58,227.31378173828125,192
int8,Marathi,59,216.549072265625,157
int8,Marathi,60,358.7595520019531,335
int8,Marathi,61,173.58868408203125,124
int8,Marathi,62,150.30259704589844,99
int8,Marathi,63,188.94692993164062,115
int8,Marathi,64,330.4580078125,260
int8,Marathi,65,105.6202163696289,113
int8,Marathi,66,644.1975708007812,505
int8,Marathi,67,292.4224548339844,198
int8,Marathi,68,115.803466796875,81
int8,Marathi,69,388.80084228515625,362
int8,Marathi,70,221.99783325195312,186
int8,Marathi,71,520.2976684570312,380
int8,Marathi,72,288.9786376953125,263
int8,Marathi,73,239.64381408691406,164
int8,Marathi,74,380.14630126953125,318
int8,Marathi,75,69.92558288574219,54
int8,Marathi,76,113.83320617675781,82
int8,Marathi,77,131.4481964111328,105
int8,Marathi,78,447.20245361328125,322
int8,Marathi,79,480.4397888183594,387
int8,Marathi,80,202.17251586914062,146
int8,Marathi,81,170.16412353515625,117
int8,Marathi,82,204.4789276123047,143
int8,Marathi,83,322.17242431640625,215
int8,Marathi,84,115.16957092285156,64
int8,Marathi,85,418.669921875,292
int8,Marathi,86,118.91909790039062,74
int8,Marathi,87,103.27437591552734,49
int8,Marathi,88,194.22210693359375,113
int8,Marathi,89,172.85614013671875,113
int8,Marathi,90,129.63681030273438,97
int8,Marathi,91,129.7543182373047,106
int8,Marathi,92,217.767578125,159
int8,Marathi,93,191.09616088867188,121
int8,Marathi,94,168.50051879882812,103
int8,Marathi,95,148.87680053710938,126
int8,Marathi,96,103.9062271118164,71
int8,Marathi,97,284.324462890625,174
int8,Marathi,98,264.8328857421875,233
int8,Marathi,99,268.243896484375,162
int8,Marathi,100,131.4403076171875,102
int8,Marathi,101,264.489013671875,174
int8,Marathi,102,143.73660278320312,91
int8,Marathi,103,86.33099365234375,44
int8,Marathi,104,98.86529541015625,49
int8,Marathi,105,68.65215301513672,27
int8,Marathi,106,150.73239135742188,86
int8,Marathi,107,98.07359313964844,63
int8,Marathi,108,491.75677490234375,313
int8,Marathi,109,310.2969665527344,224
int8,Marathi,110,144.9466552734375,95
int8,Marathi,111,163.48387145996094,132
int8,Marathi,112,137.38531494140625,96
int8,Marathi,113,117.05594635009766,64
int8,Marathi,114,373.72967529296875,261
int8,Marathi,115,205.80624389648438,121
int8,Marathi,116,305.8866882324219,211
int8,Marathi,117,249.5980987548828,199
int8,Marathi,118,103.03695678710938,42
int8,Marathi,119,383.07745361328125,266
int8,Marathi,120,207.120361328125,160
int8,Marathi,121,269.3687744140625,180
int8,Marathi,122,98.25242614746094,86
int8,Marathi,123,84.97874450683594,35
int8,Marathi,124,142.52459716796875,70
int8,Marathi,125,157.09005737304688,109
int8,Marathi,126,178.01406860351562,104
int8,Marathi,127,102.26821899414062,101
int8,Marathi,128,189.87286376953125,99
int8,Marathi,129,169.73040771484375,103
int8,Marathi,130,217.46157836914062,141
int8,Marathi,131,165.4396209716797,92
int8,Marathi,132,152.21334838867188,129
int8,Marathi,133,245.00816345214844,193
int8,Marathi,134,292.6101989746094,273
int8,Marathi,135,411.346435546875,301
int8,Marathi,136,174.4775390625,131
int8,Marathi,137,123.82054901123047,106
int8,Marathi,138,279.5108642578125,237
int8,Marathi,139,179.8946533203125,141
int8,Marathi,140,188.1728515625,139
int8,Marathi,141,229.261474609375,173
int8,Marathi,142,269.8094482421875,241
int8,Marathi,143,190.9366455078125,145
int8,Marathi,144,128.8443603515625,64
int8,Marathi,145,297.62615966796875,262
int8,Marathi,146,157.9042510986328,104
int8,Marathi,147,353.507568359375,297
int8,Marathi,148,124.21041870117188,86
int8,Marathi,149,261.39276123046875,218
int8,Marathi,150,152.9894561767578,118
int8,Marathi,151,235.83432006835938,129
int8,Marathi,152,137.9905242919922,80
int8,Marathi,153,256.3875427246094,160
int8,Marathi,154,220.71954345703125,183
int8,Marathi,155,102.04537963867188,85
int8,Marathi,156,268.08184814453125,187
int8,Marathi,157,139.43173217773438,108
int8,Marathi,158,250.79771423339844,175
int8,Marathi,159,374.33111572265625,278
int8,Marathi,160,214.221435546875,142
int8,Marathi,161,122.90304565429688,66
int8,Marathi,162,136.84976196289062,82
int8,Marathi,163,253.58648681640625,193
int8,Marathi,164,140.08290100097656,86
int8,Marathi,165,157.13351440429688,113
int8,Marathi,166,196.1011505126953,161
int8,Marathi,167,153.04473876953125,80
int8,Marathi,168,231.22152709960938,129
int8,Marathi,169,112.98843383789062,93
int8,Marathi,170,153.8793487548828,96
int8,Marathi,171,197.79638671875,124
int8,Marathi,172,229.4872589111328,127
int8,Marathi,173,233.612548828125,146
int8,Marathi,174,229.1737060546875,158
int8,Marathi,175,168.55874633789062,127
int8,Marathi,176,225.5977783203125,157
int8,Marathi,177,434.3489990234375,359
int8,Marathi,178,187.42933654785156,140
int8,Marathi,179,291.2860107421875,184
int8,Marathi,180,280.23931884765625,168
int8,Marathi,181,301.53924560546875,196
int8,Marathi,182,233.25961303710938,137
int8,Marathi,183,109.87149810791016,65
int8,Marathi,184,114.23834228515625,71
int8,Marathi,185,119.21954345703125,81
int8,Marathi,186,346.89031982421875,269
int8,Marathi,187,79.07302856445312,41
int8,Marathi,188,349.9339599609375,249
int8,Marathi,189,258.10052490234375,173
int8,Marathi,190,167.50318908691406,101
int8,Marathi,191,257.76812744140625,179
int8,Marathi,192,195.29507446289062,114
int8,Marathi,193,124.74568939208984,68
int8,Marathi,194,191.00106811523438,143
int8,Marathi,195,126.658447265625,75
int8,Marathi,196,89.53396606445312,35
int8,Marathi,197,146.47494506835938,86
int8,Marathi,198,144.3846893310547,91
int8,Marathi,199,124.44146728515625,69
int8,Marathi,200,177.10317993164062,143
int8,Marathi,201,247.98538208007812,199
int8,Marathi,202,223.53128051757812,193
int8,Marathi,203,256.89959716796875,196
int8,Marathi,204,184.59658813476562,137
int8,Marathi,205,369.98175048828125,256
int8,Marathi,206,250.60342407226562,215
int8,Marathi,207,102.6722640991211,67
int8,Marathi,208,140.1304473876953,116
int8,Marathi,209,192.58905029296875,148
int8,Marathi,210,168.49859619140625,140
int8,Marathi,211,147.61830139160156,80
int8,Marathi,212,197.81732177734375,128
int8,Marathi,213,188.16824340820312,165
int8,Marathi,214,432.3742370605469,340
int8,Marathi,215,210.56448364257812,149
int8,Marathi,216,196.11550903320312,143
int8,Marathi,217,143.21804809570312,101
int8,Marathi,218,324.87432861328125,306
int8,Marathi,219,413.87353515625,352
int8,Marathi,220,160.63299560546875,123
int8,Marathi,221,75.0840835571289,44
int8,Marathi,222,271.05926513671875,293
int8,Marathi,223,251.72071838378906,208
int8,Marathi,224,75.8822021484375,48
int8,Marathi,225,189.23568725585938,160
int8,Marathi,226,223.76959228515625,155
int8,Marathi,227,129.4138946533203,99
int8,Marathi,228,222.3541259765625,126
int8,Marathi,229,207.32748413085938,188
int8,Marathi,230,127.03005981445312,89
int8,Marathi,231,103.92756652832031,61
int8,Marathi,232,321.29107666015625,244
int8,Marathi,233,130.0230712890625,111
int8,Marathi,234,133.07748413085938,103
int8,Marathi,235,164.3754425048828,100
int8,Marathi,236,205.9874725341797,118
int8,Marathi,237,272.6663513183594,207
int8,Marathi,238,274.93695068359375,223
int8,Marathi,239,195.59347534179688,150
int8,Marathi,240,110.67018127441406,84
int8,Marathi,241,191.00442504882812,158
int8,Marathi,242,199.13148498535156,146
int8,Marathi,243,196.99603271484375,142
int8,Marathi,244,191.34927368164062,137
int8,Marathi,245,66.68649291992188,29
int8,Marathi,246,337.198974609375,306
int8,Marathi,247,85.80357360839844,52
int8,Marathi,248,203.04928588867188,137
int8,Marathi,249,158.01898193359375,102
int8,Marathi,250,109.41217041015625,53
int8,Marathi,251,364.2125549316406,250
int8,Marathi,252,66.80340576171875,38
int8,Marathi,253,183.36929321289062,113
int8,Marathi,254,305.42779541015625,205
int8,Marathi,255,133.38720703125,106
int8,Gujarati,0,273.02386474609375,130
int8,Gujarati,1,264.769287109375,159
int8,Gujarati,2,107.65616607666016,53
int8,Gujarati,3,209.83389282226562,133
int8,Gujarati,4,200.92819213867188,113
int8,Gujarati,5,243.24713134765625,137
int8,Gujarati,6,160.15533447265625,82
int8,Gujarati,7,129.697509765625,45
int8,Gujarati,8,217.2493896484375,114
int8,Gujarati,9,83.26081848144531,44
int8,Gujarati,10,160.33126831054688,91
int8,Gujarati,11,307.6170654296875,149
int8,Gujarati,12,169.56866455078125,89
int8,Gujarati,13,157.41677856445312,108
int8,Gujarati,14,347.51727294921875,192
int8,Gujarati,15,261.2782897949219,139
int8,Gujarati,16,277.7698974609375,189
int8,Gujarati,17,164.14353942871094,102
int8,Gujarati,18,286.564697265625,158
int8,Gujarati,19,459.17779541015625,277
int8,Gujarati,20,165.75466918945312,90
int8,Gujarati,21,197.35731506347656,132
int8,Gujarati,22,104.02143859863281,73
int8,Gujarati,23,140.50924682617188,72
int8,Gujarati,24,123.70323181152344,69
int8,Gujarati,25,277.558349609375,174
int8,Gujarati,26,162.38525390625,128
int8,Gujarati,27,135.8765869140625,88
int8,Gujarati,28,139.73983764648438,61
int8,Gujarati,29,100.5501937866211,57
int8,Gujarati,30,154.68621826171875,105
int8,Gujarati,31,160.52517700195312,93
int8,Gujarati,32,215.4944610595703,104
int8,Gujarati,33,205.66015625,126
int8,Gujarati,34,202.220947265625,97
int8,Gujarati,35,201.8525390625,107
int8,Gujarati,36,303.1093444824219,172
int8,Gujarati,37,207.2117156982422,98
int8,Gujarati,38,178.92385864257812,114
int8,Gujarati,39,125.147705078125,72
int8,Gujarati,40,168.76846313476562,111
int8,Gujarati,41,384.68304443359375,262
int8,Gujarati,42,131.47256469726562,95
int8,Gujarati,43,358.8751525878906,246
int8,Gujarati,44,305.67169189453125,167
int8,Gujarati,45,138.29244995117188,79
int8,Gujarati,46,159.8248291015625,75
int8,Gujarati,47,288.17755126953125,166
int8,Gujarati,48,184.34844970703125,103
int8,Gujarati,49,208.6466064453125,105
int8,Gujarati,50,182.35121154785156,89
int8,Gujarati,51,309.077880859375,232
int8,Gujarati,52,257.22393798828125,148
int8,Gujarati,53,243.1943817138672,141
int8,Gujarati,54,264.4868469238281,197
int8,Gujarati,55,205.37782287597656,103
int8,Gujarati,56,372.4368896484375,249
int8,Gujarati,57,195.84530639648438,108
int8,Gujarati,58,249.468994140625,149
int8,Gujarati,59,227.27032470703125,158
int8,Gujarati,60,338.99560546875,283
int8,Gujarati,61,207.09860229492188,127
int8,Gujarati,62,142.20558166503906,83
int8,Gujarati,63,208.425537109375,116
int8,Gujarati,64,346.50579833984375,213
int8,Gujarati,65,156.3870391845703,103
int8,Gujarati,66,638.6602783203125,424
int8,Gujarati,67,312.98553466796875,166
int8,Gujarati,68,114.83170318603516,59
int8,Gujarati,69,403.21209716796875,294
int8,Gujarati,70,203.70513916015625,145
int8,Gujarati,71,491.7528076171875,281
int8,Gujarati,72,401.1715393066406,239
int8,Gujarati,73,249.73587036132812,153
int8,Gujarati,74,299.5626220703125,198
int8,Gujarati,75,96.18770599365234,48
int8,Gujarati,76,132.18460083007812,78
int8,Gujarati,77,139.9466552734375,88
int8,Gujarati,78,534.9605102539062,302
int8,Gujarati,79,496.6880798339844,366
int8,Gujarati,80,189.60198974609375,143
int8,Gujarati,81,214.57308959960938,122
int8,Gujarati,82,242.181640625,132
int8,Gujarati,83,390.4123229980469,233
int8,Gujarati,84,108.58431243896484,65
int8,Gujarati,85,444.89923095703125,299
int8,Gujarati,86,131.97181701660156,58
int8,Gujarati,87,118.94444274902344,62
int8,Gujarati,88,170.739990234375,86
int8,Gujarati,89,260.8865966796875,121
int8,Gujarati,90,150.39578247070312,86
int8,Gujarati,91,157.64927673339844,95
int8,Gujarati,92,197.95712280273438,116
int8,Gujarati,93,177.30845642089844,116
int8,Gujarati,94,156.95291137695312,80
int8,Gujarati,95,201.40011596679688,120
int8,Gujarati,96,117.62709045410156,69
int8,Gujarati,97,303.9483642578125,152
int8,Gujarati,98,305.73468017578125,202
int8,Gujarati,99,313.57196044921875,168
int8,Gujarati,100,144.20126342773438,96
int8,Gujarati,101,273.7073669433594,151
int8,Gujarati,102,174.31182861328125,81
int8,Gujarati,103,104.09970092773438,42
int8,Gujarati,104,100.67369079589844,46
int8,Gujarati,105,84.87952423095703,35
int8,Gujarati,106,146.086181640625,87
int8,Gujarati,107,101.661376953125,67
int8,Gujarati,108,486.043212890625,296
int8,Gujarati,109,256.9552917480469,168
int8,Gujarati,110,194.28353881835938,94
int8,Gujarati,111,149.08197021484375,110
int8,Gujarati,112,163.24105834960938,92
int8,Gujarati,113,100.20246124267578,48
int8,Gujarati,114,399.2772521972656,244
int8,Gujarati,115,260.4160461425781,117
int8,Gujarati,116,321.04156494140625,192
int8,Gujarati,117,271.73785400390625,131
int8,Gujarati,118,105.64997863769531,47
int8,Gujarati,119,452.0943603515625,278
int8,Gujarati,120,244.4204559326172,151
int8,Gujarati,121,290.5235900878906,149
int8,Gujarati,122,111.55485534667969,74
int8,Gujarati,123,75.45123291015625,40
int8,Gujarati,124,131.34201049804688,62
int8,Gujarati,125,182.4454345703125,87
int8,Gujarati,126,193.1182098388672,101
int8,Gujarati,127,122.72160339355469,85
int8,Gujarati,128,245.31700134277344,106
int8,Gujarati,129,172.78787231445312,103
int8,Gujarati,130,304.5503845214844,139
int8,Gujarati,131,172.48936462402344,91
int8,Gujarati,132,214.271240234375,130
int8,Gujarati,133,249.29014587402344,148
int8,Gujarati,134,371.7043762207031,283
int8,Gujarati,135,360.28509521484375,238
int8,Gujarati,136,177.164794921875,116
int8,Gujarati,137,152.08030700683594,91
int8,Gujarati,138,335.6766357421875,211
int8,Gujarati,139,221.3133087158203,128
int8,Gujarati,140,183.03884887695312,124
int8,Gujarati,141,230.6259765625,151
int8,Gujarati,142,301.8391418457031,196
int8,Gujarati,143,196.17379760742188,129
int8,Gujarati,144,133.179931640625,81
int8,Gujarati,145,353.07904052734375,246
int8,Gujarati,146,176.9182891845703,82
int8,Gujarati,147,323.0899658203125,228
int8,Gujarati,148,155.8959197998047,106
int8,Gujarati,149,280.7594299316406,182
int8,Gujarati,150,199.36032104492188,114
int8,Gujarati,151,241.02487182617188,145
int8,Gujarati,152,108.14332580566406,59
int8,Gujarati,153,228.23289489746094,131
int8,Gujarati,154,204.05496215820312,149
int8,Gujarati,155,144.84027099609375,81
int8,Gujarati,156,244.35572814941406,157
int8,Gujarati,157,137.9009246826172,101
int8,Gujarati,158,255.842041015625,159
int8,Gujarati,159,408.8291015625,237
int8,Gujarati,160,176.60736083984375,114
int8,Gujarati,161,114.59361267089844,66
int8,Gujarati,162,159.35806274414062,78
int8,Gujarati,163,294.3673095703125,188
int8,Gujarati,164,154.64340209960938,104
int8,Gujarati,165,149.31637573242188,93
int8,Gujarati,166,254.91403198242188,148
int8,Gujarati,167,141.45596313476562,73
int8,Gujarati,168,234.3605194091797,120
int8,Gujarati,169,144.16525268554688,79
int8,Gujarati,170,163.11410522460938,89
int8,Gujarati,171,224.63897705078125,139
int8,Gujarati,172,216.5697479248047,122
int8,Gujarati,173,230.42605590820312,146
int8,Gujarati,174,218.31427001953125,149
int8,Gujarati,175,203.3114013671875,120
int8,Gujarati,176,235.2740478515625,152
int8,Gujarati,177,473.6247253417969,270
int8,Gujarati,178,206.62899780273438,124
int8,Gujarati,179,263.3616027832031,147
int8,Gujarati,180,324.69830322265625,158
int8,Gujarati,181,319.5791015625,179
int8,Gujarati,182,259.9217529296875,141
int8,Gujarati,183,116.28440856933594,59
int8,Gujarati,184,114.63626098632812,64
int8,Gujarati,185,158.99807739257812,97
int8,Gujarati,186,335.0919189453125,239
int8,Gujarati,187,89.22145080566406,43
int8,Gujarati,188,382.93743896484375,233
int8,Gujarati,189,230.6460418701172,171
int8,Gujarati,190,169.21530151367188,116
int8,Gujarati,191,297.4798889160156,157
int8,Gujarati,192,184.17393493652344,99
int8,Gujarati,193,153.72817993164062,89
int8,Gujarati,194,233.6622314453125,132
int8,Gujarati,195,125.75401306152344,69
int8,Gujarati,196,103.33399963378906,55
int8,Gujarati,197,207.0842742919922,108
int8,Gujarati,198,141.77662658691406,92
int8,Gujarati,199,108.01654052734375,61
int8,Gujarati,200,176.74923706054688,137
int8,Gujarati,201,262.4257507324219,153
int8,Gujarati,202,283.99444580078125,167
int8,Gujarati,203,324.38336181640625,177
int8,Gujarati,204,225.98971557617188,119
int8,Gujarati,205,378.7944030761719,219
int8,Gujarati,206,276.06610107421875,202
int8,Gujarati,207,131.60572814941406,71
int8,Gujarati,208,198.5751495361328,128
int8,Gujarati,209,244.2923583984375,132
int8,Gujarati,210,250.82313537597656,145
int8,Gujarati,211,157.7845916748047,80
int8,Gujarati,212,216.6297149658203,120
int8,Gujarati,213,215.78038024902344,140
int8,Gujarati,214,524.5557861328125,390
int8,Gujarati,215,275.24224853515625,187
int8,Gujarati,216,206.46072387695312,109
int8,Gujarati,217,143.3143310546875,127
int8,Gujarati,218,366.4452209472656,273
int8,Gujarati,219,398.3353271484375,294
int8,Gujarati,220,189.5558624267578,118
int8,Gujarati,221,88.0238037109375,48
int8,Gujarati,222,371.1627502441406,282
int8,Gujarati,223,252.363037109375,173
int8,Gujarati,224,76.3296890258789,52
int8,Gujarati,225,202.5357666015625,127
int8,Gujarati,226,238.73138427734375,113
int8,Gujarati,227,140.50814819335938,97
int8,Gujarati,228,214.0794677734375,107
int8,Gujarati,229,216.09828186035156,147
int8,Gujarati,230,134.29843139648438,79
int8,Gujarati,231,120.60392761230469,66
int8,Gujarati,232,275.0672607421875,173
int8,Gujarati,233,168.9417724609375,98
int8,Gujarati,234,131.6344451904297,83
int8,Gujarati,235,186.3443603515625,89
int8,Gujarati,236,197.99624633789062,104
int8,Gujarati,237,257.90289306640625,178
int8,Gujarati,238,276.0005798339844,171
int8,Gujarati,239,244.12631225585938,143
int8,Gujarati,240,134.95849609375,73
int8,Gujarati,241,202.13104248046875,158
int8,Gujarati,242,199.60952758789062,112
int8,Gujarati,243,269.53143310546875,152
int8,Gujarati,244,256.8136901855469,132
int8,Gujarati,245,76.45796203613281,34
int8,Gujarati,246,421.6124267578125,279
int8,Gujarati,247,94.72810363769531,50
int8,Gujarati,248,220.9229736328125,131
int8,Gujarati,249,140.513427734375,83
int8,Gujarati,250,123.962890625,62
int8,Gujarati,251,449.12841796875,270
int8,Gujarati,252,71.35972595214844,45
int8,Gujarati,253,190.1295623779297,116
int8,Gujarati,254,348.4044189453125,198
int8,Gujarati,255,129.24317932128906,91
int8,Punjabi,0,288.04327392578125,140
int8,Punjabi,1,307.3362121582031,167
int8,Punjabi,2,126.18280029296875,71
int8,Punjabi,3,258.10211181640625,134
int8,Punjabi,4,254.87326049804688,122
int8,Punjabi,5,294.19964599609375,141
int8,Punjabi,6,182.01564025878906,89
int8,Punjabi,7,128.6641845703125,52
int8,Punjabi,8,249.9808349609375,130
int8,Punjabi,9,86.72637939453125,40
int8,Punjabi,10,141.01416015625,65
int8,Punjabi,11,306.804443359375,136
int8,Punjabi,12,218.92477416992188,114
int8,Punjabi,13,157.0560302734375,83
int8,Punjabi,14,357.70050048828125,180
int8,Punjabi,15,290.141845703125,157
int8,Punjabi,16,369.1357727050781,200
int8,Punjabi,17,201.87924194335938,98
int8,Punjabi,18,329.9423828125,168
int8,Punjabi,19,530.5278930664062,268
int8,Punjabi,20,184.48143005371094,93
int8,Punjabi,21,224.87429809570312,129
int8,Punjabi,22,119.32447814941406,75
int8,Punjabi,23,151.4816131591797,78
int8,Punjabi,24,128.0685272216797,65
int8,Punjabi,25,244.77835083007812,125
int8,Punjabi,26,264.43206787109375,155
int8,Punjabi,27,138.8206787109375,85
int8,Punjabi,28,162.27793884277344,76
int8,Punjabi,29,95.9749755859375,51
int8,Punjabi,30,189.0605926513672,99
int8,Punjabi,31,179.65484619140625,88
int8,Punjabi,32,230.4268798828125,102
int8,Punjabi,33,257.4875793457031,138
int8,Punjabi,34,213.0015869140625,98
int8,Punjabi,35,265.6051025390625,113
int8,Punjabi,36,357.8358154296875,170
int8,Punjabi,37,257.7229309082031,134
int8,Punjabi,38,223.97317504882812,110
int8,Punjabi,39,154.05935668945312,85
int8,Punjabi,40,232.9005126953125,125
int8,Punjabi,41,417.4342346191406,212
int8,Punjabi,42,137.80836486816406,74
int8,Punjabi,43,434.895263671875,239
int8,Punjabi,44,201.4945831298828,117
int8,Punjabi,45,136.53289794921875,67
int8,Punjabi,46,199.58358764648438,89
int8,Punjabi,47,335.18231201171875,166
int8,Punjabi,48,191.53929138183594,107
int8,Punjabi,49,245.2270050048828,128
int8,Punjabi,50,186.27328491210938,91
int8,Punjabi,51,351.42340087890625,236
int8,Punjabi,52,284.97344970703125,155
int8,Punjabi,53,204.58348083496094,137
int8,Punjabi,54,376.6429443359375,183
int8,Punjabi,55,264.7967834472656,107
int8,Punjabi,56,412.2235107421875,292
int8,Punjabi,57,202.9508056640625,107
int8,Punjabi,58,309.84405517578125,127
int8,Punjabi,59,267.5422058105469,135
int8,Punjabi,60,338.06219482421875,207
int8,Punjabi,61,238.20849609375,139
int8,Punjabi,62,229.2197265625,96
int8,Punjabi,63,208.08016967773438,122
int8,Punjabi,64,396.2625732421875,220
int8,Punjabi,65,183.41473388671875,98
int8,Punjabi,66,529.4788818359375,291
int8,Punjabi,67,241.27557373046875,187
int8,Punjabi,68,155.5379638671875,68
int8,Punjabi,69,452.54248046875,273
int8,Punjabi,70,227.11334228515625,150
int8,Punjabi,71,511.1658935546875,230
int8,Punjabi,72,489.7272644042969,229
int8,Punjabi,73,220.7286376953125,141
int8,Punjabi,74,391.3658447265625,176
int8,Punjabi,75,115.18888854980469,61
int8,Punjabi,76,163.2333984375,74
int8,Punjabi,77,144.50970458984375,70
int8,Punjabi,78,514.3899536132812,288
int8,Punjabi,79,594.9193115234375,333
int8,Punjabi,80,236.3713836669922,115
int8,Punjabi,81,194.74209594726562,108
int8,Punjabi,82,225.32261657714844,133
int8,Punjabi,83,384.2315673828125,236
int8,Punjabi,84,119.52076721191406,49
int8,Punjabi,85,503.0322265625,267
int8,Punjabi,86,152.7275390625,76
int8,Punjabi,87,124.20504760742188,51
int8,Punjabi,88,180.67263793945312,97
int8,Punjabi,89,229.3056182861328,107
int8,Punjabi,90,159.6276092529297,89
int8,Punjabi,91,153.1689453125,86
int8,Punjabi,92,217.55331420898438,137
int8,Punjabi,93,193.01718139648438,99
int8,Punjabi,94,116.82312774658203,71
int8,Punjabi,95,200.15985107421875,108
int8,Punjabi,96,178.92721557617188,68
int8,Punjabi,97,339.48968505859375,152
int8,Punjabi,98,280.615966796875,166
int8,Punjabi,99,214.5277862548828,119
int8,Punjabi,100,171.32000732421875,97
int8,Punjabi,101,284.7834777832031,122
int8,Punjabi,102,202.2006072998047,95
int8,Punjabi,103,103.98729705810547,40
int8,Punjabi,104,131.82440185546875,42
int8,Punjabi,105,72.2589111328125,33
int8,Punjabi,106,138.27406311035156,86
int8,Punjabi,107,150.344970703125,77
int8,Punjabi,108,554.9725952148438,333
int8,Punjabi,109,282.6999816894531,165
int8,Punjabi,110,143.82058715820312,83
int8,Punjabi,111,179.6887969970703,108
int8,Punjabi,112,191.74285888671875,94
int8,Punjabi,113,104.16322326660156,51
int8,Punjabi,114,450.3330078125,221
int8,Punjabi,115,251.23291015625,111
int8,Punjabi,116,365.509765625,164
int8,Punjabi,117,196.57809448242188,109
int8,Punjabi,118,112.48240661621094,42
int8,Punjabi,119,488.9780578613281,303
int8,Punjabi,120,237.5018310546875,110
int8,Punjabi,121,275.29296875,136
int8,Punjabi,122,135.3081817626953,89
int8,Punjabi,123,90.39689636230469,55
int8,Punjabi,124,159.2755584716797,71
int8,Punjabi,125,205.78810119628906,122
int8,Punjabi,126,224.24545288085938,112
int8,Punjabi,127,181.7648162841797,76
int8,Punjabi,128,191.08169555664062,69
int8,Punjabi,129,230.47071838378906,129
int8,Punjabi,130,274.166015625,103
int8,Punjabi,131,146.70989990234375,68
int8,Punjabi,132,203.56130981445312,116
int8,Punjabi,133,258.60968017578125,137
int8,Punjabi,134,379.5735168457031,243
int8,Punjabi,135,493.3369445800781,304
int8,Punjabi,136,246.71539306640625,112
int8,Punjabi,137,158.75216674804688,80
int8,Punjabi,138,351.374267578125,198
int8,Punjabi,139,258.6583557128906,131
int8,Punjabi,140,235.31979370117188,114
int8,Punjabi,141,224.11376953125,125
int8,Punjabi,142,398.1665344238281,190
int8,Punjabi,143,282.8962707519531,151
int8,Punjabi,144,119.58595275878906,46
int8,Punjabi,145,389.8382568359375,224
int8,Punjabi,146,141.0688934326172,66
int8,Punjabi,147,385.85528564453125,243
int8,Punjabi,148,222.78555297851562,103
int8,Punjabi,149,337.1800537109375,180
int8,Punjabi,150,190.62196350097656,87
int8,Punjabi,151,267.52459716796875,116
int8,Punjabi,152,137.86827087402344,67
int8,Punjabi,153,286.3609924316406,123
int8,Punjabi,154,175.93463134765625,95
int8,Punjabi,155,141.124267578125,65
int8,Punjabi,156,307.5610656738281,166
int8,Punjabi,157,125.95695495605469,68
int8,Punjabi,158,278.50482177734375,159
int8,Punjabi,159,417.173095703125,205
int8,Punjabi,160,239.09242248535156,147
int8,Punjabi,161,165.83938598632812,69
int8,Punjabi,162,162.678466796875,76
int8,Punjabi,163,338.1641845703125,174
int8,Punjabi,164,153.69325256347656,89
int8,Punjabi,165,180.5288543701172,101
int8,Punjabi,166,224.85186767578125,130
int8,Punjabi,167,170.43118286132812,66
int8,Punjabi,168,255.8912353515625,111
int8,Punjabi,169,145.7236328125,71
int8,Punjabi,170,179.0113525390625,90
int8,Punjabi,171,252.0441131591797,121
int8,Punjabi,172,269.6542053222656,151
int8,Punjabi,173,279.8983154296875,150
int8,Punjabi,174,354.308349609375,167
int8,Punjabi,175,207.17279052734375,91
int8,Punjabi,176,237.18873596191406,125
int8,Punjabi,177,422.47406005859375,227
int8,Punjabi,178,236.24021911621094,140
int8,Punjabi,179,314.03076171875,168
int8,Punjabi,180,397.3426513671875,163
int8,Punjabi,181,415.66070556640625,204
int8,Punjabi,182,204.09524536132812,113
int8,Punjabi,183,122.32286834716797,59
int8,Punjabi,184,120.02925109863281,62
int8,Punjabi,185,112.76885986328125,62
int8,Punjabi,186,398.65313720703125,220
int8,Punjabi,187,97.38493347167969,41
int8,Punjabi,188,507.16473388671875,235
int8,Punjabi,189,284.927490234375,161
int8,Punjabi,190,191.08775329589844,114
int8,Punjabi,191,295.39520263671875,152
int8,Punjabi,192,221.9751434326172,94
int8,Punjabi,193,143.8873748779297,71
int8,Punjabi,194,229.53848266601562,143
int8,Punjabi,195,167.07809448242188,79
int8,Punjabi,196,98.34095001220703,48
int8,Punjabi,197,200.69610595703125,76
int8,Punjabi,198,167.82620239257812,90
int8,Punjabi,199,132.45289611816406,70
int8,Punjabi,200,238.1436767578125,138
int8,Punjabi,201,324.89605712890625,150
int8,Punjabi,202,315.7596435546875,163
int8,Punjabi,203,310.5684814453125,153
int8,Punjabi,204,203.99314880371094,107
int8,Punjabi,205,497.3604736328125,214
int8,Punjabi,206,272.541748046875,190
int8,Punjabi,207,148.97267150878906,69
int8,Punjabi,208,202.18692016601562,108
int8,Punjabi,209,233.66470336914062,114
int8,Punjabi,210,265.9214782714844,133
int8,Punjabi,211,172.91250610351562,62
int8,Punjabi,212,206.1079864501953,105
int8,Punjabi,213,223.837890625,141
int8,Punjabi,214,535.50830078125,320
int8,Punjabi,215,245.1273956298828,124
int8,Punjabi,216,251.21484375,105
int8,Punjabi,217,177.03768920898438,92
int8,Punjabi,218,406.5865783691406,253
int8,Punjabi,219,440.8049621582031,230
int8,Punjabi,220,170.05685424804688,100
int8,Punjabi,221,90.65496063232422,50
int8,Punjabi,222,439.8336181640625,246
int8,Punjabi,223,331.8648681640625,185
int8,Punjabi,224,119.19422912597656,51
int8,Punjabi,225,258.5024719238281,164
int8,Punjabi,226,218.73968505859375,110
int8,Punjabi,227,154.92315673828125,76
int8,Punjabi,228,260.2437744140625,116
int8,Punjabi,229,292.66748046875,153
int8,Punjabi,230,161.63552856445312,84
int8,Punjabi,231,103.0321044921875,56
int8,Punjabi,232,361.2696533203125,188
int8,Punjabi,233,200.83834838867188,101
int8,Punjabi,234,187.54568481445312,89
int8,Punjabi,235,217.029052734375,90
int8,Punjabi,236,261.3190612792969,124
int8,Punjabi,237,298.84295654296875,183
int8,Punjabi,238,325.90802001953125,180
int8,Punjabi,239,280.51690673828125,152
int8,Punjabi,240,160.6077117919922,78
int8,Punjabi,241,247.19288635253906,142
int8,Punjabi,242,205.83157348632812,93
int8,Punjabi,243,283.1012268066406,145
int8,Punjabi,244,262.3750915527344,124
int8,Punjabi,245,90.96643829345703,30
int8,Punjabi,246,415.7500915527344,289
int8,Punjabi,247,103.01527404785156,44
int8,Punjabi,248,232.74029541015625,137
int8,Punjabi,249,159.7007293701172,91
int8,Punjabi,250,143.84994506835938,60
int8,Punjabi,251,462.6197814941406,262
int8,Punjabi,252,98.66896057128906,48
int8,Punjabi,253,220.29515075683594,116
int8,Punjabi,254,298.818603515625,224
int8,Punjabi,255,164.07083129882812,85
int8,Odia,0,354.40771484375,171
int8,Odia,1,283.06268310546875,177
int8,Odia,2,133.2943115234375,71
int8,Odia,3,214.828369140625,141
int8,Odia,4,249.57830810546875,132
int8,Odia,5,244.2650146484375,140
int8,Odia,6,211.0335693359375,106
int8,Odia,7,170.4014129638672,79
int8,Odia,8,281.7276916503906,138
int8,Odia,9,117.9850082397461,66
int8,Odia,10,159.61578369140625,99
int8,Odia,11,351.933837890625,168
int8,Odia,12,186.91209411621094,109
int8,Odia,13,185.80807495117188,125
int8,Odia,14,326.467041015625,205
int8,Odia,15,400.2353515625,204
int8,Odia,16,411.654541015625,243
int8,Odia,17,215.2689208984375,131
int8,Odia,18,338.96087646484375,155
int8,Odia,19,544.3001098632812,288
int8,Odia,20,190.95321655273438,99
int8,Odia,21,260.4278869628906,156
int8,Odia,22,118.80381774902344,72
int8,Odia,23,146.33978271484375,79
int8,Odia,24,148.8721923828125,66
int8,Odia,25,312.1832275390625,186
int8,Odia,26,247.17083740234375,132
int8,Odia,27,134.73788452148438,85
int8,Odia,28,167.35174560546875,73
int8,Odia,29,109.51838684082031,58
int8,Odia,30,172.57501220703125,96
int8,Odia,31,223.93505859375,122
int8,Odia,32,226.02578735351562,130
int8,Odia,33,270.03631591796875,170
int8,Odia,34,219.83407592773438,99
int8,Odia,35,250.0469970703125,125
int8,Odia,36,356.69879150390625,196
int8,Odia,37,183.12608337402344,90
int8,Odia,38,231.0966339111328,117
int8,Odia,39,163.55763244628906,95
int8,Odia,40,199.84210205078125,107
int8,Odia,41,501.8114013671875,319
int8,Odia,42,179.68902587890625,114
int8,Odia,43,482.7501220703125,333
int8,Odia,44,439.8092041015625,223
int8,Odia,45,179.93756103515625,111
int8,Odia,46,185.5583038330078,91
int8,Odia,47,342.5952453613281,208
int8,Odia,48,207.55120849609375,127
int8,Odia,49,254.65060424804688,125
int8,Odia,50,250.8587646484375,115
int8,Odia,51,412.45050048828125,326
int8,Odia,52,295.1397705078125,204
int8,Odia,53,285.9165954589844,178
int8,Odia,54,360.3277587890625,250
int8,Odia,55,216.4263916015625,122
int8,Odia,56,451.39794921875,263
int8,Odia,57,281.0321350097656,156
int8,Odia,58,334.11669921875,185
int8,Odia,59,313.1506042480469,199
int8,Odia,60,428.0333251953125,344
int8,Odia,61,260.7669677734375,129
int8,Odia,62,171.7318572998047,101
int8,Odia,63,275.3122253417969,124
int8,Odia,64,495.74365234375,252
int8,Odia,65,220.5440673828125,117
int8,Odia,66,811.487060546875,491
int8,Odia,67,384.6786193847656,222
int8,Odia,68,180.3616943359375,94
int8,Odia,69,437.05841064453125,290
int8,Odia,70,315.9001770019531,210
int8,Odia,71,664.3906860351562,367
int8,Odia,72,467.06719970703125,286
int8,Odia,73,363.8540344238281,209
int8,Odia,74,356.2635803222656,229
int8,Odia,75,98.2619857788086,53
int8,Odia,76,128.1748046875,78
int8,Odia,77,168.32057189941406,97
int8,Odia,78,700.7762451171875,371
int8,Odia,79,588.1876220703125,403
int8,Odia,80,266.3041076660156,168
int8,Odia,81,255.23440551757812,147
int8,Odia,82,337.526123046875,175
int8,Odia,83,393.1994934082031,242
int8,Odia,84,149.4065704345703,68
int8,Odia,85,525.9415283203125,336
int8,Odia,86,175.24606323242188,81
int8,Odia,87,111.18185424804688,54
int8,Odia,88,209.3672637939453,117
int8,Odia,89,246.70999145507812,116
int8,Odia,90,214.16183471679688,95
int8,Odia,91,237.2366943359375,120
int8,Odia,92,222.8831024169922,141
int8,Odia,93,257.5950012207031,150
int8,Odia,94,174.6512451171875,97
int8,Odia,95,219.36460876464844,131
int8,Odia,96,115.30825805664062,66
int8,Odia,97,384.047119140625,225
int8,Odia,98,347.94097900390625,210
int8,Odia,99,340.47076416015625,184
int8,Odia,100,170.93125915527344,107
int8,Odia,101,412.7054443359375,199
int8,Odia,102,172.92291259765625,95
int8,Odia,103,147.58364868164062,57
int8,Odia,104,129.48785400390625,49
int8,Odia,105,98.53254699707031,50
int8,Odia,106,194.3521728515625,125
int8,Odia,107,122.90243530273438,63
int8,Odia,108,484.361328125,289
int8,Odia,109,341.8590087890625,205
int8,Odia,110,239.46142578125,125
int8,Odia,111,209.87159729003906,140
int8,Odia,112,184.9202117919922,104
int8,Odia,113,141.76646423339844,72
int8,Odia,114,481.658203125,298
int8,Odia,115,360.42974853515625,180
int8,Odia,116,455.61566162109375,218
int8,Odia,117,342.7930908203125,202
int8,Odia,118,96.41651916503906,40
int8,Odia,119,502.0386962890625,333
int8,Odia,120,303.14373779296875,168
int8,Odia,121,352.3869934082031,190
int8,Odia,122,157.33026123046875,94
int8,Odia,123,158.09384155273438,72
int8,Odia,124,157.33282470703125,84
int8,Odia,125,201.11627197265625,120
int8,Odia,126,175.62557983398438,114
int8,Odia,127,169.2200927734375,105
int8,Odia,128,233.91848754882812,118
int8,Odia,129,224.1126708984375,119
int8,Odia,130,358.69073486328125,171
int8,Odia,131,234.87330627441406,109
int8,Odia,132,216.02780151367188,163
int8,Odia,133,308.70904541015625,187
int8,Odia,134,412.75439453125,284
int8,Odia,135,526.4356689453125,313
int8,Odia,136,225.63986206054688,133
int8,Odia,137,149.76034545898438,114
int8,Odia,138,342.988525390625,222
int8,Odia,139,235.95355224609375,137
int8,Odia,140,265.81494140625,140
int8,Odia,141,304.6612548828125,178
int8,Odia,142,451.39300537109375,276
int8,Odia,143,262.17584228515625,181
int8,Odia,144,143.590576171875,89
int8,Odia,145,408.7700500488281,276
int8,Odia,146,208.14540100097656,106
int8,Odia,147,477.04974365234375,306
int8,Odia,148,181.7967071533203,116
int8,Odia,149,359.95343017578125,224
int8,Odia,150,255.18609619140625,143
int8,Odia,151,307.6985168457031,175
int8,Odia,152,130.44456481933594,77
int8,Odia,153,334.9550476074219,181
int8,Odia,154,285.39306640625,216
int8,Odia,155,136.427490234375,81
int8,Odia,156,326.09735107421875,200
int8,Odia,157,170.12338256835938,121
int8,Odia,158,308.6686706542969,167
int8,Odia,159,535.587890625,296
int8,Odia,160,226.03738403320312,148
int8,Odia,161,143.08702087402344,78
int8,Odia,162,187.18435668945312,97
int8,Odia,163,355.25531005859375,197
int8,Odia,164,187.81529235839844,116
int8,Odia,165,200.77223205566406,120
int8,Odia,166,266.0927734375,184
int8,Odia,167,173.41934204101562,79
int8,Odia,168,328.2588195800781,143
int8,Odia,169,173.72476196289062,96
int8,Odia,170,207.50006103515625,111
int8,Odia,171,266.1927490234375,156
int8,Odia,172,286.9364929199219,149
int8,Odia,173,311.9935302734375,173
int8,Odia,174,341.146240234375,198
int8,Odia,175,190.65884399414062,108
int8,Odia,176,316.78643798828125,203
int8,Odia,177,526.2310791015625,326
int8,Odia,178,233.5289306640625,134
int8,Odia,179,438.03326416015625,224
int8,Odia,180,404.6215515136719,184
int8,Odia,181,528.1673583984375,243
int8,Odia,182,302.7765197753906,151
int8,Odia,183,156.90219116210938,72
int8,Odia,184,161.14028930664062,77
int8,Odia,185,180.2972869873047,83
int8,Odia,186,412.68121337890625,259
int8,Odia,187,111.44284057617188,49
int8,Odia,188,427.4801940917969,240
int8,Odia,189,356.3338928222656,207
int8,Odia,190,183.9216766357422,119
int8,Odia,191,431.8239440917969,233
int8,Odia,192,225.38723754882812,105
int8,Odia,193,194.85781860351562,96
int8,Odia,194,227.85086059570312,141
int8,Odia,195,148.7035675048828,79
int8,Odia,196,116.599365234375,55
int8,Odia,197,156.03488159179688,101
int8,Odia,198,154.49893188476562,91
int8,Odia,199,117.764404296875,57
int8,Odia,200,237.6668701171875,157
int8,Odia,201,263.59332275390625,172
int8,Odia,202,295.67626953125,188
int8,Odia,203,333.8186340332031,174
int8,Odia,204,272.3984069824219,141
int8,Odia,205,450.880615234375,239
int8,Odia,206,349.1213684082031,236
int8,Odia,207,176.6831817626953,94
int8,Odia,208,243.82568359375,153
int8,Odia,209,250.59490966796875,142
int8,Odia,210,248.82188415527344,166
int8,Odia,211,247.11534118652344,122
int8,Odia,212,291.8365478515625,126
int8,Odia,213,297.452880859375,159
int8,Odia,214,684.4495239257812,434
int8,Odia,215,303.75653076171875,175
int8,Odia,216,262.89599609375,127
int8,Odia,217,218.28260803222656,130
int8,Odia,218,437.8857116699219,331
int8,Odia,219,553.4057006835938,359
int8,Odia,220,215.13687133789062,111
int8,Odia,221,103.1661148071289,59
int8,Odia,222,430.9784851074219,274
int8,Odia,223,355.52618408203125,192
int8,Odia,224,78.92976379394531,50
int8,Odia,225,251.9213104248047,153
int8,Odia,226,306.03900146484375,166
int8,Odia,227,209.3944549560547,123
int8,Odia,228,325.166015625,144
int8,Odia,229,326.8984680175781,166
int8,Odia,230,164.34986877441406,86
int8,Odia,231,172.55670166015625,109
int8,Odia,232,426.62591552734375,245
int8,Odia,233,211.80941772460938,123
int8,Odia,234,155.8317413330078,105
int8,Odia,235,205.83270263671875,108
int8,Odia,236,250.3297576904297,125
int8,Odia,237,362.94873046875,212
int8,Odia,238,385.5228271484375,230
int8,Odia,239,341.8930969238281,189
int8,Odia,240,170.0787353515625,87
int8,Odia,241,229.42434692382812,160
int8,Odia,242,224.21249389648438,136
int8,Odia,243,238.69903564453125,143
int8,Odia,244,255.0989227294922,141
int8,Odia,245,92.68208312988281,41
int8,Odia,246,435.57427978515625,296
int8,Odia,247,117.94851684570312,61
int8,Odia,248,231.16549682617188,128
int8,Odia,249,161.30877685546875,101
int8,Odia,250,139.14710998535156,77
int8,Odia,251,516.8226318359375,316
int8,Odia,252,83.5999526977539,51
int8,Odia,253,220.15972900390625,120
int8,Odia,254,389.88214111328125,239
int8,Odia,255,187.49530029296875,116
int8,Tamil,0,258.34234619140625,173
int8,Tamil,1,244.43186950683594,223
int8,Tamil,2,91.7918701171875,58
int8,Tamil,3,190.35877990722656,179
int8,Tamil,4,218.54843139648438,145
int8,Tamil,5,209.68408203125,199
int8,Tamil,6,182.562255859375,131
int8,Tamil,7,126.00482177734375,76
int8,Tamil,8,247.61041259765625,180
int8,Tamil,9,96.94804382324219,56
int8,Tamil,10,141.46481323242188,91
int8,Tamil,11,246.16189575195312,209
int8,Tamil,12,146.37571716308594,122
int8,Tamil,13,132.66561889648438,112
int8,Tamil,14,315.86102294921875,234
int8,Tamil,15,278.8343505859375,243
int8,Tamil,16,337.40789794921875,284
int8,Tamil,17,199.20651245117188,141
int8,Tamil,18,254.69259643554688,195
int8,Tamil,19,494.13128662109375,377
int8,Tamil,20,135.2184600830078,123
int8,Tamil,21,215.25262451171875,208
int8,Tamil,22,98.60980987548828,91
int8,Tamil,23,134.32237243652344,102
int8,Tamil,24,106.52488708496094,82
int8,Tamil,25,263.698486328125,202
int8,Tamil,26,162.40261840820312,172
int8,Tamil,27,104.54719543457031,79
int8,Tamil,28,80.40066528320312,60
int8,Tamil,29,75.34599304199219,69
int8,Tamil,30,187.21316528320312,138
int8,Tamil,31,176.11746215820312,145
int8,Tamil,32,182.64736938476562,141
int8,Tamil,33,237.75930786132812,180
int8,Tamil,34,138.71495056152344,93
int8,Tamil,35,169.12020874023438,122
int8,Tamil,36,328.4639892578125,198
int8,Tamil,37,205.05421447753906,134
int8,Tamil,38,182.02975463867188,133
int8,Tamil,39,106.55652618408203,82
int8,Tamil,40,173.2063446044922,148
int8,Tamil,41,350.1722717285156,304
int8,Tamil,42,106.09281921386719,74
int8,Tamil,43,337.4458923339844,300
int8,Tamil,44,299.14581298828125,239
int8,Tamil,45,141.82650756835938,129
int8,Tamil,46,159.50015258789062,141
int8,Tamil,47,272.3879699707031,229
int8,Tamil,48,158.95614624023438,141
int8,Tamil,49,212.13967895507812,152
int8,Tamil,50,213.66217041015625,127
int8,Tamil,51,312.1005554199219,310
int8,Tamil,52,211.86575317382812,182
int8,Tamil,53,216.2319793701172,155
int8,Tamil,54,195.93197631835938,204
int8,Tamil,55,157.13986206054688,142
int8,Tamil,56,314.8985595703125,292
int8,Tamil,57,229.7437744140625,180
int8,Tamil,58,239.83175659179688,209
int8,Tamil,59,212.99658203125,196
int8,Tamil,60,353.3108215332031,370
int8,Tamil,61,182.12033081054688,142
int8,Tamil,62,140.4810333251953,144
int8,Tamil,63,191.00955200195312,135
int8,Tamil,64,378.5231018066406,339
int8,Tamil,65,138.55715942382812,162
int8,Tamil,66,620.5776977539062,485
int8,Tamil,67,247.9661865234375,287
int8,Tamil,68,106.75984191894531,93
int8,Tamil,69,353.39764404296875,337
int8,Tamil,70,244.74789428710938,227
int8,Tamil,71,512.88134765625,459
int8,Tamil,72,337.3277587890625,282
int8,Tamil,73,253.230224609375,231
int8,Tamil,74,323.2818908691406,270
int8,Tamil,75,85.7593994140625,72
int8,Tamil,76,129.85662841796875,105
int8,Tamil,77,137.0446014404297,126
int8,Tamil,78,478.10888671875,385
int8,Tamil,79,364.1675109863281,409
int8,Tamil,80,209.57003784179688,155
int8,Tamil,81,156.94091796875,147
int8,Tamil,82,218.9595947265625,196
int8,Tamil,83,300.37689208984375,218
int8,Tamil,84,128.04800415039062,93
int8,Tamil,85,395.0957336425781,366
int8,Tamil,86,98.53924560546875,72
int8,Tamil,87,97.22069549560547,69
int8,Tamil,88,176.22781372070312,152
int8,Tamil,89,159.423828125,121
int8,Tamil,90,142.4476776123047,137
int8,Tamil,91,109.24436950683594,119
int8,Tamil,92,170.69607543945312,128
int8,Tamil,93,215.77484130859375,167
int8,Tamil,94,147.0021209716797,117
int8,Tamil,95,157.08847045898438,155
int8,Tamil,96,93.2364501953125,75
int8,Tamil,97,304.24664306640625,221
int8,Tamil,98,324.6337890625,266
int8,Tamil,99,264.08148193359375,208
int8,Tamil,100,123.54185485839844,82
int8,Tamil,101,257.8759460449219,184
int8,Tamil,102,153.26461791992188,109
int8,Tamil,103,89.4610595703125,57
int8,Tamil,104,88.22063446044922,70
int8,Tamil,105,75.7153549194336,59
int8,Tamil,106,129.815185546875,118
int8,Tamil,107,108.81930541992188,84
int8,Tamil,108,391.4947509765625,335
int8,Tamil,109,293.6040954589844,269
int8,Tamil,110,166.54629516601562,120
int8,Tamil,111,166.5039520263672,146
int8,Tamil,112,162.43264770507812,127
int8,Tamil,113,102.32919311523438,72
int8,Tamil,114,378.5935363769531,362
int8,Tamil,115,217.00448608398438,153
int8,Tamil,116,328.4576110839844,231
int8,Tamil,117,185.0712127685547,185
int8,Tamil,118,116.5137939453125,78
int8,Tamil,119,434.79754638671875,339
int8,Tamil,120,203.95477294921875,160
int8,Tamil,121,272.5638732910156,195
int8,Tamil,122,105.89764404296875,132
int8,Tamil,123,85.79149627685547,71
int8,Tamil,124,108.53934478759766,79
int8,Tamil,125,127.88392639160156,97
int8,Tamil,126,140.92681884765625,106
int8,Tamil,127,112.86981201171875,109
int8,Tamil,128,182.56723022460938,117
int8,Tamil,129,163.9808349609375,129
int8,Tamil,130,274.6298828125,176
int8,Tamil,131,143.7559051513672,87
int8,Tamil,132,180.37710571289062,124
int8,Tamil,133,228.90435791015625,181
int8,Tamil,134,301.14215087890625,309
int8,Tamil,135,388.705078125,369
int8,Tamil,136,161.2436065673828,155
int8,Tamil,137,117.13970184326172,107
int8,Tamil,138,277.89398193359375,255
int8,Tamil,139,169.41526794433594,144
int8,Tamil,140,183.53399658203125,125
int8,Tamil,141,275.14984130859375,215
int8,Tamil,142,336.89788818359375,310
int8,Tamil,143,225.90533447265625,195
int8,Tamil,144,113.28997039794922,86
int8,Tamil,145,293.17840576171875,282
int8,Tamil,146,138.53494262695312,109
int8,Tamil,147,376.7442626953125,352
int8,Tamil,148,137.98744201660156,123
int8,Tamil,149,260.28973388671875,256
int8,Tamil,150,172.07713317871094,105
int8,Tamil,151,186.93096923828125,145
int8,Tamil,152,93.30130004882812,60
int8,Tamil,153,196.81468200683594,144
int8,Tamil,154,227.81475830078125,223
int8,Tamil,155,89.03388977050781,89
int8,Tamil,156,220.58193969726562,194
int8,Tamil,157,143.5184783935547,104
int8,Tamil,158,209.70974731445312,161
int8,Tamil,159,372.5606689453125,302
int8,Tamil,160,193.97067260742188,169
int8,Tamil,161,101.59356689453125,105
int8,Tamil,162,137.60186767578125,98
int8,Tamil,163,256.796630859375,217
int8,Tamil,164,158.4801025390625,143
int8,Tamil,165,164.50698852539062,140
int8,Tamil,166,166.08668518066406,154
int8,Tamil,167,141.01580810546875,108
int8,Tamil,168,219.86663818359375,163
int8,Tamil,169,116.22271728515625,113
int8,Tamil,170,153.28343200683594,112
int8,Tamil,171,179.9070587158203,162
int8,Tamil,172,218.70428466796875,194
int8,Tamil,173,256.2742919921875,184
int8,Tamil,174,265.19378662109375,190
int8,Tamil,175,160.06784057617188,139
int8,Tamil,176,191.21270751953125,195
int8,Tamil,177,425.137939453125,366
int8,Tamil,178,167.53305053710938,186
int8,Tamil,179,383.21502685546875,286
int8,Tamil,180,280.3866882324219,209
int8,Tamil,181,322.50408935546875,231
int8,Tamil,182,238.1800537109375,186
int8,Tamil,183,97.63614654541016,73
int8,Tamil,184,115.92121887207031,89
int8,Tamil,185,97.86603546142578,80
int8,Tamil,186,305.9356689453125,279
int8,Tamil,187,63.93824005126953,54
int8,Tamil,188,333.8743591308594,287
int8,Tamil,189,230.42791748046875,194
int8,Tamil,190,154.7720947265625,138
int8,Tamil,191,259.43133544921875,187
int8,Tamil,192,145.20208740234375,124
int8,Tamil,193,129.55828857421875,93
int8,Tamil,194,171.98162841796875,175
int8,Tamil,195,120.15582275390625,96
int8,Tamil,196,85.80235290527344,58
int8,Tamil,197,135.61236572265625,109
int8,Tamil,198,131.7021026611328,89
int8,Tamil,199,115.934326171875,71
int8,Tamil,200,189.88316345214844,193
int8,Tamil,201,215.86534118652344,166
int8,Tamil,202,231.9039306640625,192
int8,Tamil,203,222.32778930664062,216
int8,Tamil,204,163.37612915039062,135
int8,Tamil,205,318.8467102050781,277
int8,Tamil,206,230.5931396484375,268
int8,Tamil,207,132.258056640625,91
int8,Tamil,208,159.98300170898438,128
int8,Tamil,209,153.52137756347656,157
int8,Tamil,210,177.709228515625,149
int8,Tamil,211,155.095947265625,103
int8,Tamil,212,198.63710021972656,144
int8,Tamil,213,192.96990966796875,175
int8,Tamil,214,473.7353820800781,396
int8,Tamil,215,223.37515258789062,184
int8,Tamil,216,211.08709716796875,154
int8,Tamil,217,175.40560913085938,141
int8,Tamil,218,304.56964111328125,321
int8,Tamil,219,472.54443359375,475
int8,Tamil,220,167.4898681640625,154
int8,Tamil,221,65.61041259765625,48
int8,Tamil,222,337.3541564941406,305
int8,Tamil,223,285.27911376953125,251
int8,Tamil,224,76.72352600097656,60
int8,Tamil,225,239.1343994140625,192
int8,Tamil,226,181.7887725830078,137
int8,Tamil,227,121.68547821044922,92
int8,Tamil,228,191.4182891845703,120
int8,Tamil,229,198.73779296875,175
int8,Tamil,230,125.85179901123047,96
int8,Tamil,231,114.29593658447266,89
int8,Tamil,232,316.64642333984375,268
int8,Tamil,233,135.54586791992188,109
int8,Tamil,234,168.2092742919922,124
int8,Tamil,235,166.86648559570312,151
int8,Tamil,236,232.57359313964844,169
int8,Tamil,237,226.08944702148438,217
int8,Tamil,238,292.56268310546875,222
int8,Tamil,239,247.19979858398438,196
int8,Tamil,240,106.21026611328125,91
int8,Tamil,241,172.20101928710938,194
int8,Tamil,242,195.045166015625,137
int8,Tamil,243,193.20623779296875,166
int8,Tamil,244,224.99075317382812,164
int8,Tamil,245,56.61115264892578,45
int8,Tamil,246,359.383056640625,421
int8,Tamil,247,78.23048400878906,46
int8,Tamil,248,198.49478149414062,149
int8,Tamil,249,163.8157196044922,143
int8,Tamil,250,103.78695678710938,67
int8,Tamil,251,414.09283447265625,359
int8,Tamil,252,67.91357421875,48
int8,Tamil,253,182.8330078125,136
int8,Tamil,254,258.105712890625,237
int8,Tamil,255,155.48472595214844,138
int8,Telugu,0,266.98870849609375,168
int8,Telugu,1,298.53265380859375,205
int8,Telugu,2,111.77449798583984,60
int8,Telugu,3,208.86888122558594,149
int8,Telugu,4,198.5322723388672,138
int8,Telugu,5,230.20541381835938,171
int8,Telugu,6,198.7120361328125,136
int8,Telugu,7,98.18363189697266,52
int8,Telugu,8,256.87353515625,147
int8,Telugu,9,88.30669403076172,61
int8,Telugu,10,152.9937744140625,90
int8,Telugu,11,253.2652130126953,125
int8,Telugu,12,130.4826202392578,89
int8,Telugu,13,142.0226593017578,142
int8,Telugu,14,291.3072814941406,187
int8,Telugu,15,288.11895751953125,168
int8,Telugu,16,367.666748046875,228
int8,Telugu,17,162.37249755859375,97
int8,Telugu,18,258.6505126953125,158
int8,Telugu,19,507.94781494140625,284
int8,Telugu,20,133.43760681152344,89
int8,Telugu,21,196.79080200195312,133
int8,Telugu,22,109.70319366455078,84
int8,Telugu,23,143.73089599609375,82
int8,Telugu,24,133.83448791503906,80
int8,Telugu,25,246.11434936523438,169
int8,Telugu,26,171.78274536132812,117
int8,Telugu,27,105.62480163574219,70
int8,Telugu,28,126.8119888305664,60
int8,Telugu,29,68.84011840820312,45
int8,Telugu,30,151.655517578125,98
int8,Telugu,31,168.14910888671875,123
int8,Telugu,32,191.0091094970703,115
int8,Telugu,33,233.6100311279297,131
int8,Telugu,34,157.1002655029297,94
int8,Telugu,35,188.5194549560547,110
int8,Telugu,36,298.89019775390625,186
int8,Telugu,37,208.46359252929688,104
int8,Telugu,38,186.7928009033203,118
int8,Telugu,39,117.87764739990234,77
int8,Telugu,40,167.83438110351562,112
int8,Telugu,41,337.85205078125,248
int8,Telugu,42,120.9537353515625,97
int8,Telugu,43,290.67547607421875,253
int8,Telugu,44,285.7991027832031,189
int8,Telugu,45,157.55091857910156,89
int8,Telugu,46,163.7486572265625,98
int8,Telugu,47,243.73570251464844,172
int8,Telugu,48,174.3970947265625,111
int8,Telugu,49,138.91847229003906,103
int8,Telugu,50,173.07833862304688,85
int8,Telugu,51,355.98004150390625,260
int8,Telugu,52,192.0677490234375,160
int8,Telugu,53,226.9167022705078,158
int8,Telugu,54,259.86871337890625,182
int8,Telugu,55,214.5609588623047,117
int8,Telugu,56,329.85357666015625,281
int8,Telugu,57,179.50140380859375,124
int8,Telugu,58,270.6097717285156,142
int8,Telugu,59,204.6105499267578,152
int8,Telugu,60,343.86749267578125,312
int8,Telugu,61,169.76919555664062,122
int8,Telugu,62,190.21649169921875,97
int8,Telugu,63,232.15469360351562,106
int8,Telugu,64,367.2531433105469,251
int8,Telugu,65,126.35563659667969,87
int8,Telugu,66,572.3422241210938,404
int8,Telugu,67,278.8555603027344,184
int8,Telugu,68,114.49333190917969,68
int8,Telugu,69,341.8597717285156,267
int8,Telugu,70,216.92739868164062,170
int8,Telugu,71,545.7714233398438,366
int8,Telugu,72,383.9603271484375,268
int8,Telugu,73,249.29644775390625,176
int8,Telugu,74,291.05499267578125,248
int8,Telugu,75,107.31002044677734,66
int8,Telugu,76,129.13490295410156,92
int8,Telugu,77,144.9398193359375,107
int8,Telugu,78,460.98736572265625,286
int8,Telugu,79,365.67266845703125,348
int8,Telugu,80,185.22076416015625,155
int8,Telugu,81,160.28225708007812,104
int8,Telugu,82,256.6958312988281,160
int8,Telugu,83,322.99786376953125,214
int8,Telugu,84,109.34494018554688,71
int8,Telugu,85,383.09515380859375,272
int8,Telugu,86,105.84571838378906,77
int8,Telugu,87,99.99744415283203,60
int8,Telugu,88,163.6833038330078,94
int8,Telugu,89,218.19439697265625,117
int8,Telugu,90,125.42205810546875,96
int8,Telugu,91,135.74508666992188,98
int8,Telugu,92,245.61746215820312,137
int8,Telugu,93,226.04547119140625,149
int8,Telugu,94,146.50201416015625,98
int8,Telugu,95,190.85232543945312,138
int8,Telugu,96,100.72728729248047,73
int8,Telugu,97,297.646728515625,176
int8,Telugu,98,281.36328125,185
int8,Telugu,99,253.79525756835938,175
int8,Telugu,100,123.8055648803711,84
int8,Telugu,101,204.36740112304688,135
int8,Telugu,102,193.10623168945312,101
int8,Telugu,103,111.94952392578125,48
int8,Telugu,104,104.83528137207031,54
int8,Telugu,105,88.82466888427734,50
int8,Telugu,106,132.895751953125,88
int8,Telugu,107,104.02068328857422,74
int8,Telugu,108,489.8637390136719,321
int8,Telugu,109,290.51922607421875,213
int8,Telugu,110,167.60546875,95
int8,Telugu,111,161.97689819335938,121
int8,Telugu,112,141.58981323242188,90
int8,Telugu,113,114.62939453125,57
int8,Telugu,114,366.2872619628906,274
int8,Telugu,115,243.78277587890625,133
int8,Telugu,116,336.1591796875,218
int8,Telugu,117,190.280029296875,131
int8,Telugu,118,117.82062530517578,62
int8,Telugu,119,403.0379638671875,248
int8,Telugu,120,231.47596740722656,150
int8,Telugu,121,266.8135070800781,150
int8,Telugu,122,113.22602081298828,93
int8,Telugu,123,85.86268615722656,52
int8,Telugu,124,135.95611572265625,79
int8,Telugu,125,180.20904541015625,99
int8,Telugu,126,178.35328674316406,110
int8,Telugu,127,133.664794921875,80
int8,Telugu,128,176.8717041015625,89
int8,Telugu,129,171.68515014648438,112
int8,Telugu,130,256.6387939453125,160
int8,Telugu,131,167.1676025390625,101
int8,Telugu,132,167.69064331054688,121
int8,Telugu,133,231.4964599609375,172
int8,Telugu,134,304.5704040527344,280
int8,Telugu,135,377.321533203125,270
int8,Telugu,136,197.388671875,151
int8,Telugu,137,137.8140106201172,106
int8,Telugu,138,354.359619140625,256
int8,Telugu,139,165.74143981933594,111
int8,Telugu,140,164.34039306640625,123
int8,Telugu,141,205.04022216796875,157
int8,Telugu,142,314.81640625,257
int8,Telugu,143,184.68283081054688,140
int8,Telugu,144,129.70111083984375,76
int8,Telugu,145,326.16632080078125,275
int8,Telugu,146,146.56118774414062,97
int8,Telugu,147,346.732421875,261
int8,Telugu,148,158.89419555664062,117
int8,Telugu,149,312.83843994140625,224
int8,Telugu,150,178.1212615966797,123
int8,Telugu,151,201.28811645507812,136
int8,Telugu,152,107.26786041259766,77
int8,Telugu,153,251.66607666015625,167
int8,Telugu,154,199.7618408203125,166
int8,Telugu,155,117.34829711914062,82
int8,Telugu,156,244.0528564453125,183
int8,Telugu,157,115.48756408691406,95
int8,Telugu,158,204.9871826171875,131
int8,Telugu,159,421.9941711425781,257
int8,Telugu,160,198.93507385253906,126
int8,Telugu,161,114.20500183105469,73
int8,Telugu,162,152.4195556640625,86
int8,Telugu,163,291.75732421875,190
int8,Telugu,164,127.025634765625,117
int8,Telugu,165,158.21661376953125,110
int8,Telugu,166,188.6229248046875,162
int8,Telugu,167,143.40481567382812,86
int8,Telugu,168,215.87384033203125,137
int8,Telugu,169,142.99563598632812,97
int8,Telugu,170,151.7454833984375,98
int8,Telugu,171,200.95193481445312,139
int8,Telugu,172,187.35931396484375,129
int8,Telugu,173,239.33770751953125,146
int8,Telugu,174,257.81829833984375,176
int8,Telugu,175,164.6282196044922,116
int8,Telugu,176,230.6645965576172,152
int8,Telugu,177,348.12359619140625,269
int8,Telugu,178,165.7010498046875,120
int8,Telugu,179,280.41741943359375,181
int8,Telugu,180,301.5433349609375,193
int8,Telugu,181,360.664306640625,244
int8,Telugu,182,228.51031494140625,147
int8,Telugu,183,105.05239868164062,71
int8,Telugu,184,128.47198486328125,85
int8,Telugu,185,111.80618286132812,70
int8,Telugu,186,309.6269226074219,237
int8,Telugu,187,87.99676513671875,48
int8,Telugu,188,329.1834716796875,254
int8,Telugu,189,238.2323760986328,188
int8,Telugu,190,147.94041442871094,103
int8,Telugu,191,274.8671875,167
int8,Telugu,192,153.12559509277344,117
int8,Telugu,193,122.90852355957031,79
int8,Telugu,194,192.79177856445312,149
int8,Telugu,195,143.549560546875,98
int8,Telugu,196,84.972900390625,46
int8,Telugu,197,148.818603515625,101
int8,Telugu,198,167.71548461914062,102
int8,Telugu,199,99.79022979736328,63
int8,Telugu,200,169.85183715820312,159
int8,Telugu,201,272.7581787109375,181
int8,Telugu,202,237.3969268798828,178
int8,Telugu,203,308.45928955078125,198
int8,Telugu,204,164.7940216064453,125
int8,Telugu,205,449.7763977050781,265
int8,Telugu,206,256.59112548828125,244
int8,Telugu,207,126.23417663574219,75
int8,Telugu,208,152.44552612304688,142
int8,Telugu,209,172.4969024658203,125
int8,Telugu,210,167.72457885742188,140
int8,Telugu,211,199.86135864257812,117
int8,Telugu,212,196.64248657226562,124
int8,Telugu,213,186.36712646484375,163
int8,Telugu,214,444.3812255859375,361
int8,Telugu,215,199.978759765625,160
int8,Telugu,216,196.90176391601562,121
int8,Telugu,217,142.42422485351562,104
int8,Telugu,218,317.3155822753906,257
int8,Telugu,219,422.9837646484375,358
int8,Telugu,220,209.28407287597656,131
int8,Telugu,221,79.12773132324219,52
int8,Telugu,222,322.3890075683594,256
int8,Telugu,223,273.5511474609375,209
int8,Telugu,224,71.0326156616211,46
int8,Telugu,225,209.2611083984375,160
int8,Telugu,226,228.28399658203125,160
int8,Telugu,227,163.57960510253906,104
int8,Telugu,228,188.4490203857422,118
int8,Telugu,229,193.48226928710938,156
int8,Telugu,230,140.85731506347656,86
int8,Telugu,231,121.68359375,81
int8,Telugu,232,348.6828918457031,259
int8,Telugu,233,161.6416015625,94
int8,Telugu,234,126.13126373291016,91
int8,Telugu,235,154.29049682617188,116
int8,Telugu,236,223.2270050048828,155
int8,Telugu,237,275.16546630859375,208
int8,Telugu,238,285.711181640625,211
int8,Telugu,239,214.38331604003906,165
int8,Telugu,240,146.71865844726562,75
int8,Telugu,241,211.64749145507812,156
int8,Telugu,242,177.9462890625,130
int8,Telugu,243,221.4330596923828,154
int8,Telugu,244,225.51885986328125,137
int8,Telugu,245,88.99031829833984,35
int8,Telugu,246,332.2137451171875,292
int8,Telugu,247,98.91592407226562,63
int8,Telugu,248,183.39187622070312,128
int8,Telugu,249,146.86886596679688,104
int8,Telugu,250,100.06883239746094,64
int8,Telugu,251,424.43511962890625,313
int8,Telugu,252,69.33080291748047,42
int8,Telugu,253,188.73159790039062,117
int8,Telugu,254,325.7276611328125,220
int8,Telugu,255,134.696044921875,105
int8,Kannada,0,286.58746337890625,184
int8,Kannada,1,252.4350128173828,198
int8,Kannada,2,121.88563537597656,84
int8,Kannada,3,199.40890502929688,153
int8,Kannada,4,227.7874298095703,156
int8,Kannada,5,261.41754150390625,173
int8,Kannada,6,232.73992919921875,152
int8,Kannada,7,115.9570541381836,65
int8,Kannada,8,254.05377197265625,170
int8,Kannada,9,92.14756774902344,63
int8,Kannada,10,200.59487915039062,105
int8,Kannada,11,300.94891357421875,198
int8,Kannada,12,135.33148193359375,103
int8,Kannada,13,160.02243041992188,124
int8,Kannada,14,310.0589599609375,215
int8,Kannada,15,295.0925598144531,193
int8,Kannada,16,348.3462219238281,243
int8,Kannada,17,202.05990600585938,118
int8,Kannada,18,272.9688415527344,181
int8,Kannada,19,479.30999755859375,317
int8,Kannada,20,131.6533203125,98
int8,Kannada,21,220.84536743164062,140
int8,Kannada,22,125.88372802734375,88
int8,Kannada,23,142.93560791015625,80
int8,Kannada,24,136.64459228515625,81
int8,Kannada,25,243.44529724121094,190
int8,Kannada,26,167.28353881835938,133
int8,Kannada,27,136.365966796875,90
int8,Kannada,28,144.56182861328125,65
int8,Kannada,29,75.09451293945312,57
int8,Kannada,30,183.66796875,132
int8,Kannada,31,174.255859375,115
int8,Kannada,32,194.0438232421875,107
int8,Kannada,33,245.75723266601562,162
int8,Kannada,34,168.96426391601562,111
int8,Kannada,35,217.25433349609375,122
int8,Kannada,36,273.68292236328125,191
int8,Kannada,37,181.79440307617188,114
int8,Kannada,38,181.4821319580078,129
int8,Kannada,39,163.29359436035156,91
int8,Kannada,40,184.196533203125,130
int8,Kannada,41,383.88641357421875,297
int8,Kannada,42,103.1519775390625,80
int8,Kannada,43,340.6322021484375,266
int8,Kannada,44,280.3435974121094,226
int8,Kannada,45,161.32691955566406,105
int8,Kannada,46,153.26248168945312,95
int8,Kannada,47,228.99343872070312,205
int8,Kannada,48,231.39663696289062,160
int8,Kannada,49,173.35691833496094,148
int8,Kannada,50,203.80691528320312,131
int8,Kannada,51,369.29766845703125,319
int8,Kannada,52,234.4025115966797,188
int8,Kannada,53,219.02310180664062,189
int8,Kannada,54,243.85861206054688,196
int8,Kannada,55,175.4779815673828,118
int8,Kannada,56,372.6138000488281,302
int8,Kannada,57,202.4172821044922,156
int8,Kannada,58,310.2513427734375,192
int8,Kannada,59,193.852294921875,181
int8,Kannada,60,360.6396484375,380
int8,Kannada,61,184.3080596923828,143
int8,Kannada,62,151.16143798828125,105
int8,Kannada,63,184.62158203125,132
int8,Kannada,64,377.4972839355469,281
int8,Kannada,65,128.13343811035156,100
int8,Kannada,66,604.6130981445312,488
int8,Kannada,67,298.31549072265625,267
int8,Kannada,68,120.79491424560547,76
int8,Kannada,69,306.9934387207031,289
int8,Kannada,70,235.8651123046875,169
int8,Kannada,71,484.6358642578125,365
int8,Kannada,72,395.96697998046875,273
int8,Kannada,73,259.55731201171875,160
int8,Kannada,74,329.7737731933594,238
int8,Kannada,75,93.60364532470703,63
int8,Kannada,76,110.63660430908203,72
int8,Kannada,77,157.37112426757812,113
int8,Kannada,78,456.2502136230469,363
int8,Kannada,79,424.748779296875,380
int8,Kannada,80,206.24264526367188,148
int8,Kannada,81,198.43411254882812,151
int8,Kannada,82,246.56808471679688,141
int8,Kannada,83,347.15301513671875,239
int8,Kannada,84,120.19302368164062,68
int8,Kannada,85,392.00933837890625,325
int8,Kannada,86,125.73789978027344,79
int8,Kannada,87,99.94204711914062,71
int8,Kannada,88,220.46002197265625,115
int8,Kannada,89,233.1881866455078,120
int8,Kannada,90,178.74644470214844,120
int8,Kannada,91,121.57176208496094,106
int8,Kannada,92,209.7093505859375,166
int8,Kannada,93,197.0328369140625,153
int8,Kannada,94,191.86788940429688,98
int8,Kannada,95,170.5428009033203,128
int8,Kannada,96,100.48741912841797,68
int8,Kannada,97,298.42938232421875,209
int8,Kannada,98,295.10650634765625,207
int8,Kannada,99,251.53782653808594,173
int8,Kannada,100,152.52536010742188,103
int8,Kannada,101,302.67254638671875,163
int8,Kannada,102,167.11280822753906,108
int8,Kannada,103,105.92091369628906,45
int8,Kannada,104,129.23312377929688,50
int8,Kannada,105,107.40386962890625,58
int8,Kannada,106,149.9293670654297,108
int8,Kannada,107,97.43472290039062,67
int8,Kannada,108,436.7427062988281,337
int8,Kannada,109,274.4830322265625,221
int8,Kannada,110,148.09698486328125,97
int8,Kannada,111,154.78317260742188,127
int8,Kannada,112,153.21141052246094,118
int8,Kannada,113,115.518310546875,54
int8,Kannada,114,392.75054931640625,256
int8,Kannada,115,270.95184326171875,181
int8,Kannada,116,356.964599609375,226
int8,Kannada,117,240.2895965576172,172
int8,Kannada,118,87.67088317871094,52
int8,Kannada,119,494.5478515625,309
int8,Kannada,120,256.1298828125,153
int8,Kannada,121,283.9385986328125,170
int8,Kannada,122,108.91522979736328,110
int8,Kannada,123,60.125328063964844,42
int8,Kannada,124,150.74867248535156,71
int8,Kannada,125,165.68460083007812,112
int8,Kannada,126,179.49966430664062,105
int8,Kannada,127,111.19345092773438,87
int8,Kannada,128,253.80230712890625,103
int8,Kannada,129,199.970703125,132
int8,Kannada,130,301.24163818359375,173
int8,Kannada,131,160.5039520263672,105
int8,Kannada,132,188.89950561523438,147
int8,Kannada,133,218.2248077392578,167
int8,Kannada,134,339.8858947753906,321
int8,Kannada,135,362.51177978515625,298
int8,Kannada,136,196.33578491210938,140
int8,Kannada,137,135.99343872070312,114
int8,Kannada,138,364.7647705078125,249
int8,Kannada,139,179.9456329345703,144
int8,Kannada,140,174.57693481445312,129
int8,Kannada,141,245.48643493652344,187
int8,Kannada,142,259.34619140625,246
int8,Kannada,143,211.4206085205078,155
int8,Kannada,144,110.569580078125,87
int8,Kannada,145,326.4521789550781,266
int8,Kannada,146,137.44027709960938,95
int8,Kannada,147,338.2874450683594,286
int8,Kannada,148,143.01968383789062,121
int8,Kannada,149,299.1983642578125,231
int8,Kannada,150,189.1012725830078,119
int8,Kannada,151,231.640869140625,159
int8,Kannada,152,106.02730560302734,90
int8,Kannada,153,253.6920166015625,149
int8,Kannada,154,236.91387939453125,223
int8,Kannada,155,125.42762756347656,86
int8,Kannada,156,307.813232421875,209
int8,Kannada,157,119.51577758789062,96
int8,Kannada,158,214.8893280029297,155
int8,Kannada,159,427.63226318359375,254
int8,Kannada,160,208.81358337402344,178
int8,Kannada,161,109.63877868652344,81
int8,Kannada,162,155.21652221679688,89
int8,Kannada,163,279.3038635253906,216
int8,Kannada,164,138.99485778808594,125
int8,Kannada,165,149.98617553710938,104
int8,Kannada,166,190.87408447265625,169
int8,Kannada,167,136.67164611816406,86
int8,Kannada,168,224.8289337158203,132
int8,Kannada,169,113.7408447265625,91
int8,Kannada,170,166.46905517578125,89
int8,Kannada,171,202.17019653320312,163
int8,Kannada,172,188.72628784179688,157
int8,Kannada,173,232.24102783203125,168
int8,Kannada,174,233.8271026611328,167
int8,Kannada,175,166.2348175048828,107
int8,Kannada,176,209.09754943847656,172
int8,Kannada,177,520.8932495117188,410
int8,Kannada,178,170.65829467773438,160
int8,Kannada,179,337.4193115234375,249
int8,Kannada,180,292.0042419433594,204
int8,Kannada,181,359.5460205078125,220
int8,Kannada,182,223.50440979003906,160
int8,Kannada,183,106.90230560302734,72
int8,Kannada,184,114.82806396484375,76
int8,Kannada,185,118.91524505615234,77
int8,Kannada,186,329.960693359375,249
int8,Kannada,187,76.22640991210938,64
int8,Kannada,188,361.9632568359375,299
int8,Kannada,189,220.267333984375,168
int8,Kannada,190,180.66334533691406,123
int8,Kannada,191,261.384033203125,173
int8,Kannada,192,165.8517303466797,122
int8,Kannada,193,113.84998321533203,79
int8,Kannada,194,161.87139892578125,152
int8,Kannada,195,124.8409194946289,85
int8,Kannada,196,102.70518493652344,58
int8,Kannada,197,152.86570739746094,99
int8,Kannada,198,153.057861328125,106
int8,Kannada,199,143.76141357421875,81
int8,Kannada,200,165.79063415527344,153
int8,Kannada,201,262.71014404296875,201
int8,Kannada,202,227.004638671875,171
int8,Kannada,203,230.82972717285156,176
int8,Kannada,204,193.40902709960938,143
int8,Kannada,205,365.4948425292969,254
int8,Kannada,206,237.0147705078125,234
int8,Kannada,207,124.67591857910156,79
int8,Kannada,208,176.91558837890625,144
int8,Kannada,209,215.75718688964844,153
int8,Kannada,210,197.77816772460938,151
int8,Kannada,211,180.15469360351562,96
int8,Kannada,212,208.3199462890625,140
int8,Kannada,213,200.16207885742188,170
int8,Kannada,214,515.9219970703125,411
int8,Kannada,215,204.78912353515625,184
int8,Kannada,216,208.5147247314453,136
int8,Kannada,217,142.54849243164062,130
int8,Kannada,218,344.74188232421875,271
int8,Kannada,219,424.541748046875,378
int8,Kannada,220,158.11419677734375,141
int8,Kannada,221,81.046875,46
int8,Kannada,222,374.700927734375,299
int8,Kannada,223,259.55657958984375,203
int8,Kannada,224,65.93484497070312,54
int8,Kannada,225,231.2493896484375,173
int8,Kannada,226,244.2014923095703,151
int8,Kannada,227,143.8574981689453,103
int8,Kannada,228,248.53858947753906,143
int8,Kannada,229,197.62942504882812,169
int8,Kannada,230,133.1730499267578,105
int8,Kannada,231,137.71014404296875,89
int8,Kannada,232,314.5743408203125,226
int8,Kannada,233,152.88153076171875,122
int8,Kannada,234,128.1105499267578,82
int8,Kannada,235,177.51449584960938,112
int8,Kannada,236,187.57943725585938,129
int8,Kannada,237,267.0982666015625,206
int8,Kannada,238,257.0694580078125,212
int8,Kannada,239,238.35171508789062,191
int8,Kannada,240,116.0114974975586,83
int8,Kannada,241,196.54583740234375,170
int8,Kannada,242,164.05120849609375,129
int8,Kannada,243,216.77554321289062,157
int8,Kannada,244,233.18301391601562,144
int8,Kannada,245,88.07593536376953,42
int8,Kannada,246,428.6949462890625,359
int8,Kannada,247,107.05241394042969,74
int8,Kannada,248,237.5445556640625,151
int8,Kannada,249,161.70916748046875,106
int8,Kannada,250,113.66289520263672,63
int8,Kannada,251,450.069091796875,343
int8,Kannada,252,78.6891860961914,50
int8,Kannada,253,216.2088623046875,125
int8,Kannada,254,300.34442138671875,207
int8,Kannada,255,160.29556274414062,117
int8,Malayalam,0,330.68035888671875,214
int8,Malayalam,1,241.8127899169922,220
int8,Malayalam,2,148.4156951904297,102
int8,Malayalam,3,200.96568298339844,153
int8,Malayalam,4,222.91232299804688,151
int8,Malayalam,5,236.46389770507812,189
int8,Malayalam,6,188.51522827148438,115
int8,Malayalam,7,118.06094360351562,56
int8,Malayalam,8,274.5870361328125,165
int8,Malayalam,9,100.46366882324219,52
int8,Malayalam,10,172.07061767578125,107
int8,Malayalam,11,263.4205627441406,142
int8,Malayalam,12,159.6818389892578,119
int8,Malayalam,13,169.68942260742188,144
int8,Malayalam,14,325.6284484863281,215
int8,Malayalam,15,310.808349609375,224
int8,Malayalam,16,350.08685302734375,254
int8,Malayalam,17,219.38577270507812,137
int8,Malayalam,18,233.75299072265625,152
int8,Malayalam,19,490.5675964355469,339
int8,Malayalam,20,158.34901428222656,121
int8,Malayalam,21,267.1529541015625,202
int8,Malayalam,22,105.34931945800781,71
int8,Malayalam,23,140.81813049316406,83
int8,Malayalam,24,124.55899047851562,97
int8,Malayalam,25,306.6177978515625,209
int8,Malayalam,26,166.83096313476562,145
int8,Malayalam,27,120.8010482788086,107
int8,Malayalam,28,129.04342651367188,77
int8,Malayalam,29,78.80825805664062,52
int8,Malayalam,30,208.23855590820312,139
int8,Malayalam,31,229.68743896484375,135
int8,Malayalam,32,211.9932098388672,125
int8,Malayalam,33,199.82647705078125,161
int8,Malayalam,34,154.64427185058594,94
int8,Malayalam,35,207.36485290527344,123
int8,Malayalam,36,306.7250061035156,188
int8,Malayalam,37,206.7735595703125,124
int8,Malayalam,38,196.69692993164062,144
int8,Malayalam,39,149.16058349609375,94
int8,Malayalam,40,195.68955993652344,145
int8,Malayalam,41,433.6516418457031,340
int8,Malayalam,42,112.3750991821289,105
int8,Malayalam,43,329.39215087890625,293
int8,Malayalam,44,349.59613037109375,219
int8,Malayalam,45,144.79519653320312,109
int8,Malayalam,46,161.95281982421875,129
int8,Malayalam,47,259.27227783203125,214
int8,Malayalam,48,165.560791015625,129
int8,Malayalam,49,200.58944702148438,133
int8,Malayalam,50,205.01806640625,136
int8,Malayalam,51,383.3740234375,392
int8,Malayalam,52,236.37545776367188,185
int8,Malayalam,53,239.26327514648438,208
int8,Malayalam,54,317.59814453125,258
int8,Malayalam,55,187.56564331054688,122
int8,Malayalam,56,415.37127685546875,360
int8,Malayalam,57,222.99441528320312,172
int8,Malayalam,58,244.083740234375,197
int8,Malayalam,59,233.23060607910156,197
int8,Malayalam,60,374.98406982421875,329
int8,Malayalam,61,203.12535095214844,176
int8,Malayalam,62,155.76202392578125,108
int8,Malayalam,63,215.74998474121094,162
int8,Malayalam,64,452.1014709472656,309
int8,Malayalam,65,143.94308471679688,111
int8,Malayalam,66,588.4193115234375,488
int8,Malayalam,67,300.28759765625,252
int8,Malayalam,68,104.93975830078125,97
int8,Malayalam,69,471.3521728515625,385
int8,Malayalam,70,290.6546936035156,220
int8,Malayalam,71,581.9976196289062,415
int8,Malayalam,72,426.06219482421875,327
int8,Malayalam,73,274.3248291015625,234
int8,Malayalam,74,332.63134765625,253
int8,Malayalam,75,83.74921417236328,68
int8,Malayalam,76,127.83460235595703,95
int8,Malayalam,77,177.1167755126953,142
int8,Malayalam,78,541.9554443359375,399
int8,Malayalam,79,461.487548828125,423
int8,Malayalam,80,254.38824462890625,185
int8,Malayalam,81,243.5628662109375,177
int8,Malayalam,82,250.09237670898438,182
int8,Malayalam,83,371.4732971191406,280
int8,Malayalam,84,135.91073608398438,84
int8,Malayalam,85,422.0325012207031,340
int8,Malayalam,86,154.16505432128906,105
int8,Malayalam,87,99.09991455078125,68
int8,Malayalam,88,197.64344787597656,143
int8,Malayalam,89,194.76036071777344,121
int8,Malayalam,90,150.38015747070312,149
int8,Malayalam,91,149.69747924804688,123
int8,Malayalam,92,222.39248657226562,172
int8,Malayalam,93,189.49859619140625,133
int8,Malayalam,94,171.2275390625,103
int8,Malayalam,95,186.32308959960938,158
int8,Malayalam,96,106.99417114257812,67
int8,Malayalam,97,352.3210144042969,234
int8,Malayalam,98,305.5362548828125,250
int8,Malayalam,99,295.9972839355469,205
int8,Malayalam,100,149.37716674804688,105
int8,Malayalam,101,329.4302978515625,202
int8,Malayalam,102,171.813232421875,120
int8,Malayalam,103,116.40470886230469,62
int8,Malayalam,104,105.34150695800781,64
int8,Malayalam,105,88.44478607177734,49
int8,Malayalam,106,154.0385284423828,125
int8,Malayalam,107,106.19435119628906,82
int8,Malayalam,108,472.56329345703125,356
int8,Malayalam,109,285.88824462890625,214
int8,Malayalam,110,183.269287109375,102
int8,Malayalam,111,157.05624389648438,144
int8,Malayalam,112,180.3193359375,121
int8,Malayalam,113,138.60977172851562,82
int8,Malayalam,114,409.1357421875,305
int8,Malayalam,115,230.65573120117188,156
int8,Malayalam,116,393.53955078125,264
int8,Malayalam,117,230.11524963378906,191
int8,Malayalam,118,123.8232650756836,60
int8,Malayalam,119,446.89404296875,296
int8,Malayalam,120,252.1340789794922,170
int8,Malayalam,121,263.2763671875,174
int8,Malayalam,122,114.1337661743164,99
int8,Malayalam,123,95.68641662597656,59
int8,Malayalam,124,133.03822326660156,84
int8,Malayalam,125,139.22518920898438,108
int8,Malayalam,126,190.88653564453125,117
int8,Malayalam,127,135.83966064453125,93
int8,Malayalam,128,191.1357879638672,85
int8,Malayalam,129,170.4627685546875,132
int8,Malayalam,130,263.0455627441406,174
int8,Malayalam,131,150.8616485595703,102
int8,Malayalam,132,243.09759521484375,161
int8,Malayalam,133,239.15170288085938,183
int8,Malayalam,134,365.8106994628906,330
int8,Malayalam,135,436.68804931640625,343
int8,Malayalam,136,186.62539672851562,170
int8,Malayalam,137,140.96530151367188,113
int8,Malayalam,138,336.4705505371094,284
int8,Malayalam,139,194.04916381835938,147
int8,Malayalam,140,216.4959716796875,145
int8,Malayalam,141,277.04296875,213
int8,Malayalam,142,313.6790466308594,285
int8,Malayalam,143,263.72406005859375,183
int8,Malayalam,144,170.72860717773438,110
int8,Malayalam,145,395.5569152832031,325
int8,Malayalam,146,188.39089965820312,141
int8,Malayalam,147,430.6322021484375,303
int8,Malayalam,148,151.1834259033203,123
int8,Malayalam,149,275.04327392578125,263
int8,Malayalam,150,200.22723388671875,127
int8,Malayalam,151,208.06198120117188,162
int8,Malayalam,152,117.97225952148438,82
int8,Malayalam,153,268.060546875,177
int8,Malayalam,154,221.8922119140625,207
int8,Malayalam,155,128.48434448242188,92
int8,Malayalam,156,242.57601928710938,216
int8,Malayalam,157,154.90130615234375,103
int8,Malayalam,158,258.075439453125,178
int8,Malayalam,159,422.6854248046875,339
int8,Malayalam,160,240.43344116210938,190
int8,Malayalam,161,116.140625,94
int8,Malayalam,162,152.5249481201172,95
int8,Malayalam,163,288.35003662109375,226
int8,Malayalam,164,185.45346069335938,109
int8,Malayalam,165,146.70370483398438,98
int8,Malayalam,166,213.6490936279297,205
int8,Malayalam,167,138.61294555664062,93
int8,Malayalam,168,203.73605346679688,134
int8,Malayalam,169,157.17750549316406,97
int8,Malayalam,170,194.07958984375,127
int8,Malayalam,171,165.5584716796875,113
int8,Malayalam,172,201.24972534179688,169
int8,Malayalam,173,277.0647277832031,182
int8,Malayalam,174,240.75131225585938,164
int8,Malayalam,175,178.20962524414062,113
int8,Malayalam,176,224.91734313964844,180
int8,Malayalam,177,528.2771606445312,409
int8,Malayalam,178,194.98020935058594,144
int8,Malayalam,179,278.895751953125,218
int8,Malayalam,180,372.0633239746094,257
int8,Malayalam,181,387.9303894042969,256
int8,Malayalam,182,228.84405517578125,164
int8,Malayalam,183,100.56558227539062,64
int8,Malayalam,184,126.62482452392578,78
int8,Malayalam,185,146.4681854248047,97
int8,Malayalam,186,332.94036865234375,265
int8,Malayalam,187,88.50868225097656,65
int8,Malayalam,188,400.2069091796875,301
int8,Malayalam,189,307.5142822265625,218
int8,Malayalam,190,149.88861083984375,151
int8,Malayalam,191,294.71923828125,196
int8,Malayalam,192,186.26486206054688,126
int8,Malayalam,193,140.5328369140625,72
int8,Malayalam,194,180.73907470703125,155
int8,Malayalam,195,174.31492614746094,95
int8,Malayalam,196,98.98575592041016,53
int8,Malayalam,197,171.415771484375,122
int8,Malayalam,198,164.79501342773438,125
int8,Malayalam,199,163.63185119628906,106
int8,Malayalam,200,193.03427124023438,190
int8,Malayalam,201,250.21206665039062,180
int8,Malayalam,202,238.73297119140625,208
int8,Malayalam,203,281.62115478515625,185
int8,Malayalam,204,200.61134338378906,140
int8,Malayalam,205,371.9342346191406,252
int8,Malayalam,206,269.7514343261719,263
int8,Malayalam,207,129.12869262695312,74
int8,Malayalam,208,162.98509216308594,142
int8,Malayalam,209,189.86810302734375,140
int8,Malayalam,210,177.36859130859375,136
int8,Malayalam,211,165.45001220703125,98
int8,Malayalam,212,177.9933624267578,126
int8,Malayalam,213,204.76092529296875,178
int8,Malayalam,214,472.55377197265625,403
int8,Malayalam,215,218.17730712890625,181
int8,Malayalam,216,209.094482421875,150
int8,Malayalam,217,169.24851989746094,122
int8,Malayalam,218,308.74896240234375,272
int8,Malayalam,219,431.4546203613281,412
int8,Malayalam,220,148.11001586914062,136
int8,Malayalam,221,93.75657653808594,56
int8,Malayalam,222,358.2183837890625,287
int8,Malayalam,223,270.027099609375,213
int8,Malayalam,224,87.45286560058594,62
int8,Malayalam,225,212.3896484375,152
int8,Malayalam,226,249.5256805419922,172
int8,Malayalam,227,144.46145629882812,87
int8,Malayalam,228,213.2596435546875,132
int8,Malayalam,229,205.74282836914062,197
int8,Malayalam,230,152.6436004638672,96
int8,Malayalam,231,104.24087524414062,74
int8,Malayalam,232,325.42529296875,293
int8,Malayalam,233,173.1422119140625,144
int8,Malayalam,234,142.80239868164062,110
int8,Malayalam,235,166.60235595703125,120
int8,Malayalam,236,241.6864013671875,156
int8,Malayalam,237,296.03106689453125,212
int8,Malayalam,238,276.4582824707031,232
int8,Malayalam,239,197.93145751953125,190
int8,Malayalam,240,120.79908752441406,86
int8,Malayalam,241,242.65028381347656,207
int8,Malayalam,242,184.43701171875,118
int8,Malayalam,243,275.37640380859375,201
int8,Malayalam,244,268.686279296875,182
int8,Malayalam,245,86.0123291015625,54
int8,Malayalam,246,375.9416809082031,351
int8,Malayalam,247,139.80511474609375,80
int8,Malayalam,248,212.41722106933594,156
int8,Malayalam,249,151.2400665283203,110
int8,Malayalam,250,128.7806396484375,86
int8,Malayalam,251,421.5325927734375,348
int8,Malayalam,252,90.22038269042969,42
int8,Malayalam,253,187.25457763671875,125
int8,Malayalam,254,301.345458984375,222
int8,Malayalam,255,195.8162078857422,145
nf4,English,0,120.05474853515625,164
nf4,English,1,107.01852416992188,193
nf4,English,2,74.56842041015625,75
nf4,English,3,108.26819610595703,152
nf4,English,4,95.62702941894531,130
nf4,English,5,95.63323974609375,168
nf4,English,6,67.17124938964844,109
nf4,English,7,61.58391571044922,62
nf4,English,8,118.44886016845703,147
nf4,English,9,64.12993621826172,48
nf4,English,10,87.52525329589844,87
nf4,English,11,95.09439086914062,173
nf4,English,12,71.19219970703125,102
nf4,English,13,92.22659301757812,116
nf4,English,14,187.4081268310547,192
nf4,English,15,177.7740478515625,192
nf4,English,16,147.2615203857422,218
nf4,English,17,115.53041076660156,119
nf4,English,18,98.65884399414062,165
nf4,English,19,254.57925415039062,351
nf4,English,20,91.90755462646484,115
nf4,English,21,109.35840606689453,154
nf4,English,22,49.24060821533203,90
nf4,English,23,62.46132278442383,73
nf4,English,24,65.07926940917969,76
nf4,English,25,107.68359375,210
nf4,English,26,77.04707336425781,140
nf4,English,27,55.73883819580078,76
nf4,English,28,68.39942932128906,64
nf4,English,29,53.61280822753906,59
nf4,English,30,38.89973449707031,92
nf4,English,31,92.11151123046875,110
nf4,English,32,123.73735809326172,110
nf4,English,33,109.16569519042969,155
nf4,English,34,92.5984115600586,110
nf4,English,35,86.90168762207031,123
nf4,English,36,131.39869689941406,180
nf4,English,37,146.72645568847656,116
nf4,English,38,93.3097915649414,124
nf4,English,39,54.610870361328125,63
nf4,English,40,71.3410415649414,121
nf4,English,41,164.78372192382812,230
nf4,English,42,55.70355224609375,75
nf4,English,43,170.1007080078125,327
nf4,English,44,112.89144134521484,207
nf4,English,45,65.34970092773438,81
nf4,English,46,59.29773712158203,78
nf4,English,47,113.15216064453125,149
nf4,English,48,54.157752990722656,115
nf4,English,49,98.20333099365234,144
nf4,English,50,110.46075439453125,121
nf4,English,51,163.47714233398438,275
nf4,English,52,92.9523696899414,154
nf4,English,53,94.24961853027344,144
nf4,English,54,101.82962036132812,180
nf4,English,55,84.34417724609375,117
nf4,English,56,145.00192260742188,283
nf4,English,57,87.88109588623047,121
nf4,English,58,99.01448059082031,147
nf4,English,59,105.30413818359375,187
nf4,English,60,151.90560913085938,275
nf4,English,61,84.04352569580078,138
nf4,English,62,55.860904693603516,100
nf4,English,63,76.76300048828125,128
nf4,English,64,131.6826171875,256
nf4,English,65,32.299468994140625,134
nf4,English,66,250.08071899414062,462
nf4,English,67,134.93475341796875,193
nf4,English,68,53.49776840209961,67
nf4,English,69,141.1037139892578,304
nf4,English,70,104.99043273925781,181
nf4,English,71,211.90017700195312,387
nf4,English,72,136.21389770507812,257
nf4,English,73,98.64917755126953,166
nf4,English,74,170.84890747070312,216
nf4,English,75,44.07225799560547,75
nf4,English,76,54.72170639038086,89
nf4,English,77,64.03054809570312,116
nf4,English,78,266.8243408203125,313
nf4,English,79,194.09947204589844,384
nf4,English,80,74.5904541015625,120
nf4,English,81,73.08647155761719,134
nf4,English,82,117.28348541259766,148
nf4,English,83,174.3264617919922,244
nf4,English,84,72.96723175048828,80
nf4,English,85,198.49920654296875,323
nf4,English,86,47.30302810668945,74
nf4,English,87,50.77930450439453,55
nf4,English,88,93.78257751464844,120
nf4,English,89,94.47343444824219,97
nf4,English,90,53.74669647216797,107
nf4,English,91,52.352516174316406,102
nf4,English,92,83.01142120361328,121
nf4,English,93,107.04576110839844,132
nf4,English,94,77.16520690917969,86
nf4,English,95,84.51115417480469,142
nf4,English,96,52.31851577758789,80
nf4,English,97,156.35797119140625,178
nf4,English,98,169.633056640625,243
nf4,English,99,108.93209838867188,199
nf4,English,100,66.69129943847656,88
nf4,English,101,153.51055908203125,147
nf4,English,102,96.84542846679688,80
nf4,English,103,54.362613677978516,44
nf4,English,104,57.33366394042969,44
nf4,English,105,31.33983612060547,48
nf4,English,106,65.20999145507812,92
nf4,English,107,50.344810485839844,82
nf4,English,108,208.83609008789062,290
nf4,English,109,119.72425079345703,192
nf4,English,110,93.54621124267578,112
nf4,English,111,77.32731628417969,120
nf4,English,112,82.37001037597656,105
nf4,English,113,59.51508331298828,62
nf4,English,114,203.18832397460938,252
nf4,English,115,122.57746124267578,137
nf4,English,116,163.23997497558594,212
nf4,English,117,100.1944580078125,146
nf4,English,118,34.98765182495117,44
nf4,English,119,238.72164916992188,286
nf4,English,120,110.70297241210938,143
nf4,English,121,151.17535400390625,169
nf4,English,122,55.79478454589844,86
nf4,English,123,45.179283142089844,46
nf4,English,124,80.641357421875,69
nf4,English,125,89.38771057128906,102
nf4,English,126,74.86769104003906,94
nf4,English,127,55.40619659423828,88
nf4,English,128,87.70748901367188,94
nf4,English,129,80.00874328613281,121
nf4,English,130,110.06472778320312,140
nf4,English,131,75.44227600097656,99
nf4,English,132,87.23936462402344,126
nf4,English,133,110.73634338378906,134
nf4,English,134,159.78860473632812,274
nf4,English,135,232.60296630859375,327
nf4,English,136,96.26173400878906,119
nf4,English,137,66.37736511230469,105
nf4,English,138,129.09103393554688,218
nf4,English,139,108.71186828613281,137
nf4,English,140,109.12350463867188,123
nf4,English,141,134.2865753173828,180
nf4,English,142,193.63934326171875,246
nf4,English,143,104.92005920410156,145
nf4,English,144,69.5271224975586,83
nf4,English,145,152.04148864746094,253
nf4,English,146,68.67500305175781,100
nf4,English,147,212.58602905273438,331
nf4,English,148,89.79266357421875,112
nf4,English,149,172.07716369628906,239
nf4,English,150,86.91349792480469,110
nf4,English,151,112.3145751953125,158
nf4,English,152,59.123985290527344,57
nf4,English,153,124.58737182617188,150
nf4,English,154,117.84445190429688,165
nf4,English,155,60.76636505126953,86
nf4,English,156,142.99502563476562,180
nf4,English,157,78.82572937011719,90
nf4,English,158,93.88664245605469,149
nf4,English,159,231.80694580078125,262
nf4,English,160,99.28721618652344,138
nf4,English,161,70.49642181396484,79
nf4,English,162,55.077476501464844,73
nf4,English,163,118.73338317871094,209
nf4,English,164,43.299217224121094,102
nf4,English,165,70.02946472167969,110
nf4,English,166,110.34480285644531,166
nf4,English,167,74.83251953125,75
nf4,English,168,95.8371810913086,129
nf4,English,169,61.75341033935547,87
nf4,English,170,63.64147186279297,103
nf4,English,171,84.08879089355469,130
nf4,English,172,84.6677017211914,146
nf4,English,173,83.9550552368164,151
nf4,English,174,118.12466430664062,169
nf4,English,175,96.94032287597656,137
nf4,English,176,101.09870910644531,152
nf4,English,177,173.66787719726562,304
nf4,English,178,78.95979309082031,135
nf4,English,179,115.41504669189453,186
nf4,English,180,109.26844787597656,176
nf4,English,181,159.39358520507812,210
nf4,English,182,107.71199035644531,143
nf4,English,183,45.02714920043945,65
nf4,English,184,51.708213806152344,70
nf4,English,185,67.33555603027344,64
nf4,English,186,135.42434692382812,246
nf4,English,187,39.39080810546875,48
nf4,English,188,152.61917114257812,294
nf4,English,189,113.96849822998047,170
nf4,English,190,85.11708068847656,123
nf4,English,191,113.52796936035156,170
nf4,English,192,76.90084838867188,133
nf4,English,193,46.1546630859375,86
nf4,English,194,66.07537841796875,141
nf4,English,195,60.88533020019531,93
nf4,English,196,54.311241149902344,50
nf4,English,197,69.75677490234375,80
nf4,English,198,81.0569076538086,95
nf4,English,199,51.61798858642578,87
nf4,English,200,101.02300262451172,164
nf4,English,201,128.62525939941406,195
nf4,English,202,107.73023986816406,171
nf4,English,203,142.3778839111328,186
nf4,English,204,87.09664916992188,125
nf4,English,205,80.98277282714844,255
nf4,English,206,129.34796142578125,240
nf4,English,207,60.564781188964844,85
nf4,English,208,65.93582916259766,118
nf4,English,209,85.52925109863281,145
nf4,English,210,74.39555358886719,150
nf4,English,211,80.32447814941406,93
nf4,English,212,72.05126190185547,130
nf4,English,213,83.76335906982422,162
nf4,English,214,211.87945556640625,345
nf4,English,215,124.66775512695312,201
nf4,English,216,96.64715576171875,137
nf4,English,217,73.58692932128906,109
nf4,English,218,155.253662109375,255
nf4,English,219,193.82142639160156,378
nf4,English,220,72.35122680664062,97
nf4,English,221,48.18587875366211,49
nf4,English,222,127.98622131347656,312
nf4,English,223,133.25144958496094,242
nf4,English,224,42.257808685302734,54
nf4,English,225,87.95675659179688,151
nf4,English,226,125.28219604492188,124
nf4,English,227,83.02680206298828,67
nf4,English,228,124.9157943725586,110
nf4,English,229,100.05572509765625,195
nf4,English,230,59.41907501220703,88
nf4,English,231,67.39083099365234,87
nf4,English,232,201.12950134277344,235
nf4,English,233,75.7697525024414,109
nf4,English,234,68.3425064086914,116
nf4,English,235,81.4246826171875,116
nf4,English,236,90.39309692382812,151
nf4,English,237,119.3204116821289,192
nf4,English,238,111.53125,185
nf4,English,239,101.09710693359375,168
nf4,English,240,40.27927780151367,77
nf4,English,241,86.038330078125,162
nf4,English,242,87.781005859375,125
nf4,English,243,69.11932373046875,150
nf4,English,244,131.5260009765625,162
nf4,English,245,49.76426315307617,34
nf4,English,246,185.4850616455078,336
nf4,English,247,62.7960205078125,70
nf4,English,248,111.72174835205078,147
nf4,English,249,76.0465087890625,95
nf4,English,250,59.406925201416016,65
nf4,English,251,141.09634399414062,303
nf4,English,252,37.50102996826172,33
nf4,English,253,73.66639709472656,122
nf4,English,254,144.01583862304688,193
nf4,English,255,61.8861083984375,111
nf4,Hindi,0,185.77426147460938,135
nf4,Hindi,1,195.88348388671875,183
nf4,Hindi,2,93.00869750976562,69
nf4,Hindi,3,140.986572265625,169
nf4,Hindi,4,143.30401611328125,140
nf4,Hindi,5,210.53384399414062,124
nf4,Hindi,6,112.75,113
nf4,Hindi,7,98.44583129882812,62
nf4,Hindi,8,157.61175537109375,127
nf4,Hindi,9,76.20445251464844,50
nf4,Hindi,10,122.6025619506836,94
nf4,Hindi,11,222.03097534179688,166
nf4,Hindi,12,111.67859649658203,119
nf4,Hindi,13,100.82437133789062,127
nf4,Hindi,14,226.2093505859375,186
nf4,Hindi,15,252.49984741210938,179
nf4,Hindi,16,255.592041015625,230
nf4,Hindi,17,140.4490966796875,99
nf4,Hindi,18,178.20579528808594,179
nf4,Hindi,19,384.5301208496094,316
nf4,Hindi,20,125.21784973144531,110
nf4,Hindi,21,154.86376953125,149
nf4,Hindi,22,64.99982452392578,78
nf4,Hindi,23,113.00836181640625,66
nf4,Hindi,24,85.87105560302734,75
nf4,Hindi,25,196.3316650390625,200
nf4,Hindi,26,104.18168640136719,123
nf4,Hindi,27,101.92794036865234,90
nf4,Hindi,28,121.61299133300781,62
nf4,Hindi,29,60.74401092529297,63
nf4,Hindi,30,98.75691986083984,90
nf4,Hindi,31,156.95278930664062,110
nf4,Hindi,32,182.71652221679688,128
nf4,Hindi,33,166.03802490234375,135
nf4,Hindi,34,129.71803283691406,102
nf4,Hindi,35,172.5627899169922,139
nf4,Hindi,36,176.24021911621094,158
nf4,Hindi,37,154.67922973632812,133
nf4,Hindi,38,165.49452209472656,140
nf4,Hindi,39,105.76929473876953,100
nf4,Hindi,40,133.45404052734375,122
nf4,Hindi,41,247.81460571289062,212
nf4,Hindi,42,76.16799926757812,92
nf4,Hindi,43,253.9585723876953,278
nf4,Hindi,44,220.42013549804688,206
nf4,Hindi,45,102.07038116455078,103
nf4,Hindi,46,96.10911560058594,80
nf4,Hindi,47,191.27606201171875,195
nf4,Hindi,48,134.78074645996094,107
nf4,Hindi,49,133.23220825195312,125
nf4,Hindi,50,188.2708282470703,130
nf4,Hindi,51,269.1302795410156,283
nf4,Hindi,52,169.90699768066406,144
nf4,Hindi,53,138.30255126953125,129
nf4,Hindi,54,201.23025512695312,197
nf4,Hindi,55,143.12167358398438,111
nf4,Hindi,56,327.9931335449219,267
nf4,Hindi,57,141.7007598876953,116
nf4,Hindi,58,183.61892700195312,152
nf4,Hindi,59,156.3061065673828,149
nf4,Hindi,60,283.20977783203125,281
nf4,Hindi,61,149.81228637695312,127
nf4,Hindi,62,124.29603576660156,92
nf4,Hindi,63,139.92274475097656,121
nf4,Hindi,64,306.32379150390625,242
nf4,Hindi,65,123.27983093261719,119
nf4,Hindi,66,460.999267578125,436
nf4,Hindi,67,199.85231018066406,252
nf4,Hindi,68,96.06771850585938,92
nf4,Hindi,69,254.11854553222656,301
nf4,Hindi,70,167.86935424804688,195
nf4,Hindi,71,363.910400390625,333
nf4,Hindi,72,280.86187744140625,230
nf4,Hindi,73,232.53599548339844,200
nf4,Hindi,74,281.4486083984375,235
nf4,Hindi,75,66.0179672241211,62
nf4,Hindi,76,88.98931121826172,75
nf4,Hindi,77,112.9688720703125,114
nf4,Hindi,78,329.8038024902344,326
nf4,Hindi,79,356.8257141113281,396
nf4,Hindi,80,140.0927276611328,124
nf4,Hindi,81,139.85012817382812,142
nf4,Hindi,82,203.31863403320312,165
nf4,Hindi,83,244.6042022705078,223
nf4,Hindi,84,114.99768829345703,64
nf4,Hindi,85,312.528076171875,314
nf4,Hindi,86,93.80859375,77
nf4,Hindi,87,74.46109008789062,55
nf4,Hindi,88,120.93904113769531,98
nf4,Hindi,89,159.3237762451172,131
nf4,Hindi,90,103.18484497070312,95
nf4,Hindi,91,87.93045043945312,108
nf4,Hindi,92,132.79713439941406,127
nf4,Hindi,93,151.42433166503906,134
nf4,Hindi,94,110.49577331542969,90
nf4,Hindi,95,123.9903793334961,123
nf4,Hindi,96,82.69256591796875,66
nf4,Hindi,97,206.48422241210938,164
nf4,Hindi,98,231.1107177734375,192
nf4,Hindi,99,224.51150512695312,188
nf4,Hindi,100,99.71664428710938,114
nf4,Hindi,101,235.392578125,164
nf4,Hindi,102,128.2703857421875,81
nf4,Hindi,103,76.56010437011719,43
nf4,Hindi,104,90.54591369628906,55
nf4,Hindi,105,46.552154541015625,44
nf4,Hindi,106,94.47862243652344,114
nf4,Hindi,107,84.36837768554688,63
nf4,Hindi,108,325.3126220703125,275
nf4,Hindi,109,217.33151245117188,191
nf4,Hindi,110,123.3045654296875,107
nf4,Hindi,111,123.77391052246094,144
nf4,Hindi,112,112.35110473632812,96
nf4,Hindi,113,79.14483642578125,55
nf4,Hindi,114,274.78515625,228
nf4,Hindi,115,177.84715270996094,120
nf4,Hindi,116,226.54852294921875,182
nf4,Hindi,117,220.30308532714844,194
nf4,Hindi,118,67.81489562988281,51
nf4,Hindi,119,356.9860534667969,332
nf4,Hindi,120,198.89466857910156,159
nf4,Hindi,121,207.32321166992188,141
nf4,Hindi,122,67.1080322265625,73
nf4,Hindi,123,92.5196533203125,72
nf4,Hindi,124,106.19693756103516,82
nf4,Hindi,125,138.96841430664062,92
nf4,Hindi,126,118.95480346679688,103
nf4,Hindi,127,93.73592376708984,86
nf4,Hindi,128,153.7560577392578,103
nf4,Hindi,129,145.09841918945312,120
nf4,Hindi,130,219.13726806640625,149
nf4,Hindi,131,141.84161376953125,82
nf4,Hindi,132,131.70285034179688,114
nf4,Hindi,133,200.5245819091797,179
nf4,Hindi,134,202.03262329101562,259
nf4,Hindi,135,327.0441589355469,292
nf4,Hindi,136,152.20399475097656,124
nf4,Hindi,137,97.661376953125,93
nf4,Hindi,138,222.6096954345703,205
nf4,Hindi,139,141.00091552734375,148
nf4,Hindi,140,135.30711364746094,115
nf4,Hindi,141,168.24386596679688,154
nf4,Hindi,142,246.822265625,267
nf4,Hindi,143,159.10498046875,161
nf4,Hindi,144,102.85698699951172,89
nf4,Hindi,145,260.176025390625,278
nf4,Hindi,146,108.84010314941406,102
nf4,Hindi,147,274.60498046875,289
nf4,Hindi,148,124.90318298339844,119
nf4,Hindi,149,220.8767852783203,207
nf4,Hindi,150,163.28817749023438,122
nf4,Hindi,151,149.67916870117188,135
nf4,Hindi,152,116.53031921386719,78
nf4,Hindi,153,245.50592041015625,155
nf4,Hindi,154,159.65142822265625,173
nf4,Hindi,155,85.97076416015625,81
nf4,Hindi,156,215.19631958007812,185
nf4,Hindi,157,96.51795196533203,97
nf4,Hindi,158,152.454833984375,150
nf4,Hindi,159,340.5780944824219,247
nf4,Hindi,160,179.912353515625,161
nf4,Hindi,161,85.1297607421875,71
nf4,Hindi,162,136.63320922851562,99
nf4,Hindi,163,171.47406005859375,187
nf4,Hindi,164,99.22895812988281,97
nf4,Hindi,165,102.41357421875,100
nf4,Hindi,166,165.0186767578125,164
nf4,Hindi,167,122.0380859375,84
nf4,Hindi,168,157.5365753173828,120
nf4,Hindi,169,94.005859375,70
nf4,Hindi,170,110.83369445800781,92
nf4,Hindi,171,163.57276916503906,131
nf4,Hindi,172,172.434326171875,158
nf4,Hindi,173,188.53311157226562,146
nf4,Hindi,174,192.85098266601562,183
nf4,Hindi,175,140.31692504882812,131
nf4,Hindi,176,198.15455627441406,159
nf4,Hindi,177,319.430908203125,325
nf4,Hindi,178,149.05018615722656,139
nf4,Hindi,179,279.9803466796875,229
nf4,Hindi,180,229.6781005859375,164
nf4,Hindi,181,279.6971130371094,207
nf4,Hindi,182,162.52621459960938,148
nf4,Hindi,183,84.61009216308594,74
nf4,Hindi,184,117.30802917480469,64
nf4,Hindi,185,104.89252471923828,68
nf4,Hindi,186,261.37445068359375,243
nf4,Hindi,187,71.17432403564453,54
nf4,Hindi,188,312.78375244140625,259
nf4,Hindi,189,187.46475219726562,151
nf4,Hindi,190,115.57722473144531,111
nf4,Hindi,191,200.4879150390625,183
nf4,Hindi,192,116.93077850341797,110
nf4,Hindi,193,103.75228881835938,68
nf4,Hindi,194,139.45257568359375,143
nf4,Hindi,195,113.3709945678711,78
nf4,Hindi,196,72.82137298583984,42
nf4,Hindi,197,173.9552001953125,134
nf4,Hindi,198,122.78619384765625,89
nf4,Hindi,199,72.67855834960938,63
nf4,Hindi,200,155.634033203125,147
nf4,Hindi,201,186.86346435546875,171
nf4,Hindi,202,164.05955505371094,162
nf4,Hindi,203,215.5069122314453,177
nf4,Hindi,204,118.62873840332031,115
nf4,Hindi,205,278.5870361328125,221
nf4,Hindi,206,194.217529296875,212
nf4,Hindi,207,87.03836822509766,67
nf4,Hindi,208,138.5665283203125,137
nf4,Hindi,209,136.6546173095703,159
nf4,Hindi,210,135.1990509033203,166
nf4,Hindi,211,124.39076232910156,98
nf4,Hindi,212,136.14932250976562,129
nf4,Hindi,213,153.86181640625,169
nf4,Hindi,214,392.01873779296875,380
nf4,Hindi,215,166.08590698242188,159
nf4,Hindi,216,163.73715209960938,136
nf4,Hindi,217,92.38804626464844,118
nf4,Hindi,218,282.86126708984375,285
nf4,Hindi,219,333.294189453125,342
nf4,Hindi,220,161.61976623535156,137
nf4,Hindi,221,64.31812286376953,46
nf4,Hindi,222,217.4443359375,266
nf4,Hindi,223,222.24143981933594,185
nf4,Hindi,224,59.240623474121094,57
nf4,Hindi,225,132.73098754882812,132
nf4,Hindi,226,179.05535888671875,116
nf4,Hindi,227,110.62141418457031,97
nf4,Hindi,228,177.35592651367188,107
nf4,Hindi,229,165.7004852294922,167
nf4,Hindi,230,102.14042663574219,86
nf4,Hindi,231,102.45576477050781,79
nf4,Hindi,232,231.83518981933594,185
nf4,Hindi,233,109.90121459960938,108
nf4,Hindi,234,100.378173828125,101
nf4,Hindi,235,108.14762878417969,97
nf4,Hindi,236,158.46011352539062,135
nf4,Hindi,237,168.09498596191406,179
nf4,Hindi,238,241.5059356689453,234
nf4,Hindi,239,172.64068603515625,185
nf4,Hindi,240,78.09223175048828,85
nf4,Hindi,241,130.80979919433594,162
nf4,Hindi,242,138.6058807373047,119
nf4,Hindi,243,162.026611328125,142
nf4,Hindi,244,161.0588836669922,148
nf4,Hindi,245,60.022499084472656,34
nf4,Hindi,246,251.6920928955078,250
nf4,Hindi,247,75.23118591308594,64
nf4,Hindi,248,154.7398223876953,123
nf4,Hindi,249,121.26005554199219,120
nf4,Hindi,250,81.45958709716797,61
nf4,Hindi,251,285.27996826171875,294
nf4,Hindi,252,50.74425506591797,44
nf4,Hindi,253,120.33956909179688,108
nf4,Hindi,254,252.87075805664062,202
nf4,Hindi,255,97.21778869628906,103
nf4,Bengali,0,303.69903564453125,161
nf4,Bengali,1,268.5141906738281,169
nf4,Bengali,2,106.91150665283203,57
nf4,Bengali,3,202.62411499023438,152
nf4,Bengali,4,281.0245361328125,148
nf4,Bengali,5,279.7857360839844,170
nf4,Bengali,6,154.560546875,102
nf4,Bengali,7,149.69554138183594,54
nf4,Bengali,8,237.5946807861328,122
nf4,Bengali,9,89.10459899902344,47
nf4,Bengali,10,156.28231811523438,92
nf4,Bengali,11,290.30877685546875,155
nf4,Bengali,12,143.50094604492188,80
nf4,Bengali,13,171.5470733642578,107
nf4,Bengali,14,265.6457214355469,179
nf4,Bengali,15,352.03973388671875,227
nf4,Bengali,16,307.15631103515625,215
nf4,Bengali,17,181.1282958984375,99
nf4,Bengali,18,312.4429931640625,136
nf4,Bengali,19,468.35662841796875,272
nf4,Bengali,20,159.78985595703125,97
nf4,Bengali,21,192.29693603515625,131
nf4,Bengali,22,101.57548522949219,72
nf4,Bengali,23,147.10025024414062,70
nf4,Bengali,24,133.8583984375,71
nf4,Bengali,25,242.33840942382812,163
nf4,Bengali,26,179.35020446777344,111
nf4,Bengali,27,125.94113159179688,69
nf4,Bengali,28,156.8919677734375,75
nf4,Bengali,29,107.35833740234375,48
nf4,Bengali,30,154.0256805419922,82
nf4,Bengali,31,185.37686157226562,98
nf4,Bengali,32,196.39474487304688,127
nf4,Bengali,33,199.99417114257812,138
nf4,Bengali,34,171.2974853515625,90
nf4,Bengali,35,213.81356811523438,116
nf4,Bengali,36,285.94903564453125,166
nf4,Bengali,37,204.70028686523438,98
nf4,Bengali,38,224.28045654296875,130
nf4,Bengali,39,117.90087890625,66
nf4,Bengali,40,149.19822692871094,105
nf4,Bengali,41,336.5409851074219,214
nf4,Bengali,42,124.08515167236328,89
nf4,Bengali,43,312.744140625,241
nf4,Bengali,44,286.29217529296875,181
nf4,Bengali,45,152.4635009765625,78
nf4,Bengali,46,124.01447296142578,81
nf4,Bengali,47,246.93878173828125,156
nf4,Bengali,48,183.82217407226562,125
nf4,Bengali,49,217.4012451171875,129
nf4,Bengali,50,195.4976348876953,95
nf4,Bengali,51,282.4205322265625,263
nf4,Bengali,52,229.79449462890625,147
nf4,Bengali,53,228.1055145263672,142
nf4,Bengali,54,281.5705871582031,195
nf4,Bengali,55,190.62136840820312,123
nf4,Bengali,56,362.1746826171875,221
nf4,Bengali,57,188.89871215820312,129
nf4,Bengali,58,266.41180419921875,156
nf4,Bengali,59,248.75717163085938,180
nf4,Bengali,60,346.7368469238281,255
nf4,Bengali,61,176.07171630859375,112
nf4,Bengali,62,131.10299682617188,83
nf4,Bengali,63,188.47682189941406,109
nf4,Bengali,64,365.69989013671875,243
nf4,Bengali,65,135.62619018554688,85
nf4,Bengali,66,752.0186767578125,489
nf4,Bengali,67,308.0068359375,208
nf4,Bengali,68,127.22515106201172,80
nf4,Bengali,69,332.7021789550781,283
nf4,Bengali,70,248.01553344726562,168
nf4,Bengali,71,495.1971435546875,322
nf4,Bengali,72,361.55035400390625,226
nf4,Bengali,73,252.61959838867188,142
nf4,Bengali,74,303.49774169921875,216
nf4,Bengali,75,85.61274719238281,47
nf4,Bengali,76,104.06168365478516,64
nf4,Bengali,77,134.99203491210938,87
nf4,Bengali,78,511.86004638671875,302
nf4,Bengali,79,421.25238037109375,343
nf4,Bengali,80,211.9510498046875,139
nf4,Bengali,81,200.20675659179688,114
nf4,Bengali,82,242.66200256347656,140
nf4,Bengali,83,281.17041015625,171
nf4,Bengali,84,132.28823852539062,73
nf4,Bengali,85,452.3409423828125,312
nf4,Bengali,86,149.88156127929688,82
nf4,Bengali,87,96.43942260742188,47
nf4,Bengali,88,166.44764709472656,91
nf4,Bengali,89,184.95486450195312,108
nf4,Bengali,90,143.91116333007812,73
nf4,Bengali,91,144.8514404296875,101
nf4,Bengali,92,187.4957275390625,102
nf4,Bengali,93,206.30218505859375,133
nf4,Bengali,94,139.32418823242188,76
nf4,Bengali,95,187.90948486328125,113
nf4,Bengali,96,103.58885192871094,69
nf4,Bengali,97,307.75115966796875,169
nf4,Bengali,98,315.0225524902344,182
nf4,Bengali,99,273.3714599609375,159
nf4,Bengali,100,123.53982543945312,80
nf4,Bengali,101,279.7765197753906,145
nf4,Bengali,102,135.62362670898438,79
nf4,Bengali,103,99.77920532226562,49
nf4,Bengali,104,95.5859375,49
nf4,Bengali,105,87.1712646484375,37
nf4,Bengali,106,121.33052062988281,91
nf4,Bengali,107,103.56465148925781,62
nf4,Bengali,108,454.5196228027344,270
nf4,Bengali,109,273.60699462890625,153
nf4,Bengali,110,168.3982696533203,108
nf4,Bengali,111,157.42633056640625,109
nf4,Bengali,112,168.84127807617188,87
nf4,Bengali,113,97.39974975585938,61
nf4,Bengali,114,359.8808288574219,213
nf4,Bengali,115,252.29684448242188,132
nf4,Bengali,116,327.7486572265625,189
nf4,Bengali,117,251.91915893554688,149
nf4,Bengali,118,98.96431732177734,42
nf4,Bengali,119,415.1583557128906,250
nf4,Bengali,120,282.6976318359375,170
nf4,Bengali,121,258.00750732421875,140
nf4,Bengali,122,101.099853515625,74
nf4,Bengali,123,101.82872009277344,49
nf4,Bengali,124,150.41659545898438,77
nf4,Bengali,125,160.34320068359375,92
nf4,Bengali,126,152.6551971435547,106
nf4,Bengali,127,114.83740234375,72
nf4,Bengali,128,219.38067626953125,113
nf4,Bengali,129,200.6932830810547,121
nf4,Bengali,130,296.7047119140625,158
nf4,Bengali,131,137.46864318847656,86
nf4,Bengali,132,190.2669219970703,121
nf4,Bengali,133,262.230224609375,169
nf4,Bengali,134,335.4669494628906,238
nf4,Bengali,135,428.75433349609375,273
nf4,Bengali,136,177.4039764404297,134
nf4,Bengali,137,110.85415649414062,92
nf4,Bengali,138,313.6703796386719,220
nf4,Bengali,139,198.95994567871094,140
nf4,Bengali,140,177.43714904785156,114
nf4,Bengali,141,244.52223205566406,160
nf4,Bengali,142,329.81219482421875,224
nf4,Bengali,143,213.4168243408203,143
nf4,Bengali,144,123.48411560058594,74
nf4,Bengali,145,348.3887939453125,253
nf4,Bengali,146,161.205810546875,112
nf4,Bengali,147,400.36724853515625,301
nf4,Bengali,148,167.52114868164062,98
nf4,Bengali,149,334.07049560546875,213
nf4,Bengali,150,176.12646484375,107
nf4,Bengali,151,215.58676147460938,134
nf4,Bengali,152,113.93782806396484,68
nf4,Bengali,153,269.2953796386719,147
nf4,Bengali,154,186.9663543701172,157
nf4,Bengali,155,149.75674438476562,94
nf4,Bengali,156,320.78082275390625,207
nf4,Bengali,157,108.81683349609375,89
nf4,Bengali,158,226.09970092773438,160
nf4,Bengali,159,490.686767578125,265
nf4,Bengali,160,197.86215209960938,129
nf4,Bengali,161,105.59539794921875,75
nf4,Bengali,162,148.7244873046875,72
nf4,Bengali,163,264.8367919921875,181
nf4,Bengali,164,133.8203125,109
nf4,Bengali,165,153.23532104492188,100
nf4,Bengali,166,182.603271484375,129
nf4,Bengali,167,113.17228698730469,60
nf4,Bengali,168,275.8365478515625,137
nf4,Bengali,169,141.69119262695312,72
nf4,Bengali,170,163.40188598632812,82
nf4,Bengali,171,194.42254638671875,129
nf4,Bengali,172,181.23007202148438,133
nf4,Bengali,173,269.69622802734375,162
nf4,Bengali,174,213.845458984375,159
nf4,Bengali,175,158.71417236328125,118
nf4,Bengali,176,224.55142211914062,122
nf4,Bengali,177,471.91387939453125,295
nf4,Bengali,178,230.8700408935547,135
nf4,Bengali,179,305.80718994140625,162
nf4,Bengali,180,340.90625,180
nf4,Bengali,181,349.25042724609375,193
nf4,Bengali,182,209.17459106445312,118
nf4,Bengali,183,111.6689453125,65
nf4,Bengali,184,115.94966888427734,64
nf4,Bengali,185,145.8192901611328,80
nf4,Bengali,186,310.5064697265625,237
nf4,Bengali,187,86.38473510742188,53
nf4,Bengali,188,393.9365539550781,237
nf4,Bengali,189,239.77423095703125,172
nf4,Bengali,190,172.35537719726562,106
nf4,Bengali,191,246.88937377929688,154
nf4,Bengali,192,154.65737915039062,102
nf4,Bengali,193,136.8645477294922,80
nf4,Bengali,194,204.05526733398438,135
nf4,Bengali,195,130.9214630126953,71
nf4,Bengali,196,115.26512145996094,44
nf4,Bengali,197,169.6328125,87
nf4,Bengali,198,138.42196655273438,81
nf4,Bengali,199,108.7121353149414,60
nf4,Bengali,200,207.91319274902344,162
nf4,Bengali,201,240.70489501953125,154
nf4,Bengali,202,236.53799438476562,164
nf4,Bengali,203,283.4052734375,186
nf4,Bengali,204,240.34228515625,148
nf4,Bengali,205,364.7677001953125,239
nf4,Bengali,206,234.58877563476562,196
nf4,Bengali,207,112.95246887207031,79
nf4,Bengali,208,183.61544799804688,110
nf4,Bengali,209,209.64984130859375,141
nf4,Bengali,210,217.9007568359375,126
nf4,Bengali,211,144.9842529296875,76
nf4,Bengali,212,181.9156951904297,99
nf4,Bengali,213,191.70596313476562,145
nf4,Bengali,214,469.0745849609375,335
nf4,Bengali,215,227.81654357910156,168
nf4,Bengali,216,209.78414916992188,112
nf4,Bengali,217,138.53634643554688,101
nf4,Bengali,218,338.79815673828125,276
nf4,Bengali,219,404.6821594238281,317
nf4,Bengali,220,189.1245880126953,101
nf4,Bengali,221,88.31907653808594,43
nf4,Bengali,222,363.771484375,263
nf4,Bengali,223,273.5350036621094,196
nf4,Bengali,224,74.81798553466797,43
nf4,Bengali,225,242.84832763671875,145
nf4,Bengali,226,231.36007690429688,154
nf4,Bengali,227,129.2283477783203,95
nf4,Bengali,228,210.96022033691406,117
nf4,Bengali,229,213.49037170410156,138
nf4,Bengali,230,117.1664047241211,75
nf4,Bengali,231,140.27871704101562,75
nf4,Bengali,232,301.40045166015625,221
nf4,Bengali,233,129.53846740722656,97
nf4,Bengali,234,152.06686401367188,90
nf4,Bengali,235,163.19711303710938,100
nf4,Bengali,236,231.81410217285156,137
nf4,Bengali,237,304.37005615234375,208
nf4,Bengali,238,293.13238525390625,184
nf4,Bengali,239,292.3745422363281,175
nf4,Bengali,240,146.11941528320312,81
nf4,Bengali,241,213.60311889648438,163
nf4,Bengali,242,203.5996551513672,123
nf4,Bengali,243,224.7154541015625,130
nf4,Bengali,244,265.1517333984375,149
nf4,Bengali,245,64.66563415527344,34
nf4,Bengali,246,365.6714782714844,265
nf4,Bengali,247,107.31130981445312,51
nf4,Bengali,248,230.37066650390625,146
nf4,Bengali,249,175.0766143798828,110
nf4,Bengali,250,116.47732543945312,61
nf4,Bengali,251,451.3626403808594,295
nf4,Bengali,252,63.39524841308594,41
nf4,Bengali,253,182.72708129882812,113
nf4,Bengali,254,324.7033996582031,212
nf4,Bengali,255,143.2861328125,99
nf4,Marathi,0,247.89346313476562,143
nf4,Marathi,1,236.6712646484375,178
nf4,Marathi,2,117.27429962158203,67
nf4,Marathi,3,218.58328247070312,149
nf4,Marathi,4,228.83132934570312,133
nf4,Marathi,5,270.857666015625,156
nf4,Marathi,6,181.10118103027344,109
nf4,Marathi,7,123.13668823242188,66
nf4,Marathi,8,221.8125,145
nf4,Marathi,9,110.69489288330078,54
nf4,Marathi,10,168.85220336914062,97
nf4,Marathi,11,291.54205322265625,142
nf4,Marathi,12,142.27484130859375,101
nf4,Marathi,13,150.54229736328125,129
nf4,Marathi,14,289.66375732421875,194
nf4,Marathi,15,282.9417724609375,180
nf4,Marathi,16,321.60565185546875,215
nf4,Marathi,17,201.19473266601562,117
nf4,Marathi,18,232.61122131347656,133
nf4,Marathi,19,504.99798583984375,318
nf4,Marathi,20,155.72763061523438,91
nf4,Marathi,21,221.80479431152344,181
nf4,Marathi,22,115.79229736328125,90
nf4,Marathi,23,136.6743927001953,71
nf4,Marathi,24,127.4526138305664,63
nf4,Marathi,25,257.465576171875,204
nf4,Marathi,26,154.27386474609375,128
nf4,Marathi,27,139.30030822753906,63
nf4,Marathi,28,148.72169494628906,72
nf4,Marathi,29,89.47573852539062,41
nf4,Marathi,30,154.01539611816406,104
nf4,Marathi,31,173.59344482421875,113
nf4,Marathi,32,169.09994506835938,98
nf4,Marathi,33,201.57986450195312,150
nf4,Marathi,34,194.9647674560547,108
nf4,Marathi,35,232.71243286132812,125
nf4,Marathi,36,236.59625244140625,163
nf4,Marathi,37,199.31385803222656,125
nf4,Marathi,38,161.5192108154297,120
nf4,Marathi,39,147.4468994140625,69
nf4,Marathi,40,166.88973999023438,120
nf4,Marathi,41,394.2892150878906,255
nf4,Marathi,42,136.45343017578125,83
nf4,Marathi,43,331.7088317871094,252
nf4,Marathi,44,303.79736328125,179
nf4,Marathi,45,151.03228759765625,85
nf4,Marathi,46,170.17312622070312,87
nf4,Marathi,47,271.4216003417969,187
nf4,Marathi,48,206.4146728515625,113
nf4,Marathi,49,204.66473388671875,142
nf4,Marathi,50,209.63572692871094,132
nf4,Marathi,51,333.52398681640625,255
nf4,Marathi,52,243.2278289794922,166
nf4,Marathi,53,239.63088989257812,183
nf4,Marathi,54,245.38534545898438,210
nf4,Marathi,55,179.09219360351562,107
nf4,Marathi,56,372.65765380859375,288
nf4,Marathi,57,206.3235321044922,136
nf4,Marathi,58,247.86260986328125,192
nf4,Marathi,59,227.2974090576172,157
nf4,Marathi,60,395.3807373046875,335
nf4,Marathi,61,187.28187561035156,124
nf4,Marathi,62,168.02056884765625,99
nf4,Marathi,63,188.87948608398438,115
nf4,Marathi,64,371.504638671875,260
nf4,Marathi,65,112.0297622680664,113
nf4,Marathi,66,714.1124877929688,505
nf4,Marathi,67,313.98101806640625,198
nf4,Marathi,68,118.04971313476562,81
nf4,Marathi,69,425.0902404785156,362
nf4,Marathi,70,241.85702514648438,186
nf4,Marathi,71,530.820068359375,380
nf4,Marathi,72,312.06121826171875,263
nf4,Marathi,73,258.15435791015625,164
nf4,Marathi,74,411.7167663574219,318
nf4,Marathi,75,71.26979064941406,54
nf4,Marathi,76,120.66563415527344,82
nf4,Marathi,77,140.6061553955078,105
nf4,Marathi,78,481.19451904296875,322
nf4,Marathi,79,516.0526123046875,387
nf4,Marathi,80,211.1763458251953,146
nf4,Marathi,81,182.90492248535156,117
nf4,Marathi,82,234.27044677734375,143
nf4,Marathi,83,357.829833984375,215
nf4,Marathi,84,130.67445373535156,64
nf4,Marathi,85,483.8321533203125,292
nf4,Marathi,86,135.4617156982422,74
nf4,Marathi,87,109.61111450195312,49
nf4,Marathi,88,193.36541748046875,113
nf4,Marathi,89,193.12110900878906,113
nf4,Marathi,90,142.49307250976562,97
nf4,Marathi,91,141.2975616455078,106
nf4,Marathi,92,223.99044799804688,159
nf4,Marathi,93,202.5031280517578,121
nf4,Marathi,94,187.5408172607422,103
nf4,Marathi,95,164.1331787109375,126
nf4,Marathi,96,110.7115249633789,71
nf4,Marathi,97,324.87322998046875,174
nf4,Marathi,98,282.2798767089844,233
nf4,Marathi,99,283.4453125,162
nf4,Marathi,100,148.85906982421875,102
nf4,Marathi,101,280.27001953125,174
nf4,Marathi,102,153.28646850585938,91
nf4,Marathi,103,95.3047103881836,44
nf4,Marathi,104,105.4248275756836,49
nf4,Marathi,105,67.13590240478516,27
nf4,Marathi,106,154.00588989257812,86
nf4,Marathi,107,106.7470932006836,63
nf4,Marathi,108,524.9330444335938,313
nf4,Marathi,109,315.1881103515625,224
nf4,Marathi,110,150.91525268554688,95
nf4,Marathi,111,179.48289489746094,132
nf4,Marathi,112,152.40994262695312,96
nf4,Marathi,113,131.98048400878906,64
nf4,Marathi,114,397.39874267578125,261
nf4,Marathi,115,217.98899841308594,121
nf4,Marathi,116,338.37713623046875,211
nf4,Marathi,117,263.5700378417969,199
nf4,Marathi,118,101.60803985595703,42
nf4,Marathi,119,410.07098388671875,266
nf4,Marathi,120,225.24029541015625,160
nf4,Marathi,121,276.5494689941406,180
nf4,Marathi,122,109.88323974609375,86
nf4,Marathi,123,92.41778564453125,35
nf4,Marathi,124,146.2048797607422,70
nf4,Marathi,125,171.9991455078125,109
nf4,Marathi,126,204.82135009765625,104
nf4,Marathi,127,109.34254455566406,101
nf4,Marathi,128,195.7326202392578,99
nf4,Marathi,129,179.9508514404297,103
nf4,Marathi,130,229.03285217285156,141
nf4,Marathi,131,171.2960205078125,92
nf4,Marathi,132,159.2912139892578,129
nf4,Marathi,133,246.46055603027344,193
nf4,Marathi,134,332.91204833984375,273
nf4,Marathi,135,429.10284423828125,301
nf4,Marathi,136,192.43643188476562,131
nf4,Marathi,137,137.85247802734375,106
nf4,Marathi,138,297.880615234375,237
nf4,Marathi,139,190.07162475585938,141
nf4,Marathi,140,204.744873046875,139
nf4,Marathi,141,244.59767150878906,173
nf4,Marathi,142,292.8328857421875,241
nf4,Marathi,143,203.4286651611328,145
nf4,Marathi,144,139.37586975097656,64
nf4,Marathi,145,324.1007385253906,262
nf4,Marathi,146,168.34722900390625,104
nf4,Marathi,147,372.73907470703125,297
nf4,Marathi,148,129.9495849609375,86
nf4,Marathi,149,296.93939208984375,218
nf4,Marathi,150,157.12130737304688,118
nf4,Marathi,151,243.6402587890625,129
nf4,Marathi,152,144.78768920898438,80
nf4,Marathi,153,270.639892578125,160
nf4,Marathi,154,235.54052734375,183
nf4,Marathi,155,116.66336059570312,85
nf4,Marathi,156,282.58349609375,187
nf4,Marathi,157,146.79107666015625,108
nf4,Marathi,158,260.4925231933594,175
nf4,Marathi,159,399.6005859375,278
nf4,Marathi,160,229.40823364257812,142
nf4,Marathi,161,135.9588623046875,66
nf4,Marathi,162,137.15322875976562,82
nf4,Marathi,163,290.4428405761719,193
nf4,Marathi,164,146.5867919921875,86
nf4,Marathi,165,174.91290283203125,113
nf4,Marathi,166,212.5892333984375,161
nf4,Marathi,167,160.3831787109375,80
nf4,Marathi,168,237.74114990234375,129
nf4,Marathi,169,110.49635314941406,93
nf4,Marathi,170,163.1252899169922,96
nf4,Marathi,171,213.23892211914062,124
nf4,Marathi,172,226.0259246826172,127
nf4,Marathi,173,241.25189208984375,146
nf4,Marathi,174,240.81622314453125,158
nf4,Marathi,175,179.71060180664062,127
nf4,Marathi,176,253.39022827148438,157
nf4,Marathi,177,445.26739501953125,359
nf4,Marathi,178,193.4775848388672,140
nf4,Marathi,179,315.34368896484375,184
nf4,Marathi,180,304.45233154296875,168
nf4,Marathi,181,324.06097412109375,196
nf4,Marathi,182,256.58721923828125,137
nf4,Marathi,183,119.7260513305664,65
nf4,Marathi,184,124.59053802490234,71
nf4,Marathi,185,125.83300018310547,81
nf4,Marathi,186,374.3114013671875,269
nf4,Marathi,187,85.24334716796875,41
nf4,Marathi,188,373.9205322265625,249
nf4,Marathi,189,269.6326904296875,173
nf4,Marathi,190,170.09774780273438,101
nf4,Marathi,191,264.08721923828125,179
nf4,Marathi,192,203.34814453125,114
nf4,Marathi,193,136.23828125,68
nf4,Marathi,194,197.02301025390625,143
nf4,Marathi,195,129.3353729248047,75
nf4,Marathi,196,100.65834045410156,35
nf4,Marathi,197,144.09170532226562,86
nf4,Marathi,198,151.2540283203125,91
nf4,Marathi,199,128.60940551757812,69
nf4,Marathi,200,182.673095703125,143
nf4,Marathi,201,276.913330078125,199
nf4,Marathi,202,248.38441467285156,193
nf4,Marathi,203,265.6717224121094,196
nf4,Marathi,204,193.06629943847656,137
nf4,Marathi,205,396.98907470703125,256
nf4,Marathi,206,267.8564453125,215
nf4,Marathi,207,112.73352813720703,67
nf4,Marathi,208,145.69998168945312,116
nf4,Marathi,209,211.10585021972656,148
nf4,Marathi,210,185.52377319335938,140
nf4,Marathi,211,150.587890625,80
nf4,Marathi,212,207.49884033203125,128
nf4,Marathi,213,194.69825744628906,165
nf4,Marathi,214,477.49639892578125,340
nf4,Marathi,215,226.1211395263672,149
nf4,Marathi,216,213.8076629638672,143
nf4,Marathi,217,146.38111877441406,101
nf4,Marathi,218,349.25225830078125,306
nf4,Marathi,219,444.1880187988281,352
nf4,Marathi,220,176.76112365722656,123
nf4,Marathi,221,71.990966796875,44
nf4,Marathi,222,314.69573974609375,293
nf4,Marathi,223,262.95428466796875,208
nf4,Marathi,224,80.91954803466797,48
nf4,Marathi,225,200.295654296875,160
nf4,Marathi,226,232.55123901367188,155
nf4,Marathi,227,138.54837036132812,99
nf4,Marathi,228,239.65106201171875,126
nf4,Marathi,229,222.79469299316406,188
nf4,Marathi,230,134.48094177246094,89
nf4,Marathi,231,110.23089599609375,61
nf4,Marathi,232,343.62615966796875,244
nf4,Marathi,233,134.5628662109375,111
nf4,Marathi,234,138.09536743164062,103
nf4,Marathi,235,186.13563537597656,100
nf4,Marathi,236,230.67889404296875,118
nf4,Marathi,237,280.6603088378906,207
nf4,Marathi,238,301.5319519042969,223
nf4,Marathi,239,199.76617431640625,150
nf4,Marathi,240,106.66820526123047,84
nf4,Marathi,241,201.1591796875,158
nf4,Marathi,242,216.59170532226562,146
nf4,Marathi,243,214.36880493164062,142
nf4,Marathi,244,199.3081817626953,137
nf4,Marathi,245,70.71459197998047,29
nf4,Marathi,246,372.3628234863281,306
nf4,Marathi,247,94.03307342529297,52
nf4,Marathi,248,215.40072631835938,137
nf4,Marathi,249,169.62228393554688,102
nf4,Marathi,250,114.01799774169922,53
nf4,Marathi,251,392.72564697265625,250
nf4,Marathi,252,77.57806396484375,38
nf4,Marathi,253,205.231689453125,113
nf4,Marathi,254,336.5360107421875,205
nf4,Marathi,255,135.51092529296875,106
nf4,Gujarati,0,304.1524658203125,130
nf4,Gujarati,1,315.6495056152344,159
nf4,Gujarati,2,115.92544555664062,53
nf4,Gujarati,3,245.35214233398438,133
nf4,Gujarati,4,218.36465454101562,113
nf4,Gujarati,5,283.619140625,137
nf4,Gujarati,6,175.16160583496094,82
nf4,Gujarati,7,125.62409973144531,45
nf4,Gujarati,8,239.89617919921875,114
nf4,Gujarati,9,97.88639831542969,44
nf4,Gujarati,10,190.33056640625,91
nf4,Gujarati,11,343.268310546875,149
nf4,Gujarati,12,213.3965301513672,89
nf4,Gujarati,13,190.96612548828125,108
nf4,Gujarati,14,385.0845642089844,192
nf4,Gujarati,15,300.5835876464844,139
nf4,Gujarati,16,330.5430603027344,189
nf4,Gujarati,17,193.16073608398438,102
nf4,Gujarati,18,309.83160400390625,158
nf4,Gujarati,19,524.7454833984375,277
nf4,Gujarati,20,191.94146728515625,90
nf4,Gujarati,21,219.7323455810547,132
nf4,Gujarati,22,119.46426391601562,73
nf4,Gujarati,23,158.5461883544922,72
nf4,Gujarati,24,136.27774047851562,69
nf4,Gujarati,25,324.8292541503906,174
nf4,Gujarati,26,192.2936553955078,128
nf4,Gujarati,27,143.850830078125,88
nf4,Gujarati,28,154.8406219482422,61
nf4,Gujarati,29,99.814697265625,57
nf4,Gujarati,30,181.94143676757812,105
nf4,Gujarati,31,189.05101013183594,93
nf4,Gujarati,32,229.05105590820312,104
nf4,Gujarati,33,230.21078491210938,126
nf4,Gujarati,34,220.79696655273438,97
nf4,Gujarati,35,240.13644409179688,107
nf4,Gujarati,36,359.8242492675781,172
nf4,Gujarati,37,223.086669921875,98
nf4,Gujarati,38,209.77716064453125,114
nf4,Gujarati,39,148.06222534179688,72
nf4,Gujarati,40,219.89450073242188,111
nf4,Gujarati,41,439.9750061035156,262
nf4,Gujarati,42,166.34527587890625,95
nf4,Gujarati,43,411.9248962402344,246
nf4,Gujarati,44,326.42218017578125,167
nf4,Gujarati,45,166.1302490234375,79
nf4,Gujarati,46,161.06210327148438,75
nf4,Gujarati,47,325.80816650390625,166
nf4,Gujarati,48,227.45925903320312,103
nf4,Gujarati,49,232.53289794921875,105
nf4,Gujarati,50,205.06353759765625,89
nf4,Gujarati,51,340.3391418457031,232
nf4,Gujarati,52,287.9959716796875,148
nf4,Gujarati,53,265.70281982421875,141
nf4,Gujarati,54,304.11578369140625,197
nf4,Gujarati,55,219.141845703125,103
nf4,Gujarati,56,434.791748046875,249
nf4,Gujarati,57,217.12301635742188,108
nf4,Gujarati,58,279.0860595703125,149
nf4,Gujarati,59,252.35281372070312,158
nf4,Gujarati,60,432.09765625,283
nf4,Gujarati,61,249.9474639892578,127
nf4,Gujarati,62,162.4362335205078,83
nf4,Gujarati,63,231.5017547607422,116
nf4,Gujarati,64,384.70849609375,213
nf4,Gujarati,65,191.58009338378906,103
nf4,Gujarati,66,754.76611328125,424
nf4,Gujarati,67,341.0386962890625,166
nf4,Gujarati,68,128.0660400390625,59
nf4,Gujarati,69,466.84039306640625,294
nf4,Gujarati,70,248.03419494628906,145
nf4,Gujarati,71,560.5669555664062,281
nf4,Gujarati,72,471.7584533691406,239
nf4,Gujarati,73,312.62249755859375,153
nf4,Gujarati,74,332.21514892578125,198
nf4,Gujarati,75,105.9485092163086,48
nf4,Gujarati,76,162.76171875,78
nf4,Gujarati,77,165.92434692382812,88
nf4,Gujarati,78,609.9932861328125,302
nf4,Gujarati,79,591.9342041015625,366
nf4,Gujarati,80,246.17095947265625,143
nf4,Gujarati,81,246.623291015625,122
nf4,Gujarati,82,263.5641784667969,132
nf4,Gujarati,83,434.06219482421875,233
nf4,Gujarati,84,119.51202392578125,65
nf4,Gujarati,85,505.2302551269531,299
nf4,Gujarati,86,131.51553344726562,58
nf4,Gujarati,87,128.60385131835938,62
nf4,Gujarati,88,189.94207763671875,86
nf4,Gujarati,89,268.9739074707031,121
nf4,Gujarati,90,175.92129516601562,86
nf4,Gujarati,91,196.95248413085938,95
nf4,Gujarati,92,218.6988983154297,116
nf4,Gujarati,93,200.34225463867188,116
nf4,Gujarati,94,185.3997802734375,80
nf4,Gujarati,95,239.69625854492188,120
nf4,Gujarati,96,134.57546997070312,69
nf4,Gujarati,97,343.03472900390625,152
nf4,Gujarati,98,381.89080810546875,202
nf4,Gujarati,99,352.72857666015625,168
nf4,Gujarati,100,166.35043334960938,96
nf4,Gujarati,101,315.8209228515625,151
nf4,Gujarati,102,184.1785430908203,81
nf4,Gujarati,103,113.070556640625,42
nf4,Gujarati,104,118.51564025878906,46
nf4,Gujarati,105,101.11257934570312,35
nf4,Gujarati,106,166.57254028320312,87
nf4,Gujarati,107,126.41183471679688,67
nf4,Gujarati,108,554.005859375,296
nf4,Gujarati,109,310.7728576660156,168
nf4,Gujarati,110,203.20938110351562,94
nf4,Gujarati,111,193.63290405273438,110
nf4,Gujarati,112,200.36737060546875,92
nf4,Gujarati,113,116.71622467041016,48
nf4,Gujarati,114,442.14385986328125,244
nf4,Gujarati,115,284.337646484375,117
nf4,Gujarati,116,362.00457763671875,192
nf4,Gujarati,117,271.84735107421875,131
nf4,Gujarati,118,113.08378601074219,47
nf4,Gujarati,119,530.4717407226562,278
nf4,Gujarati,120,284.8038635253906,151
nf4,Gujarati,121,333.9237060546875,149
nf4,Gujarati,122,125.63226318359375,74
nf4,Gujarati,123,85.81494140625,40
nf4,Gujarati,124,151.1239776611328,62
nf4,Gujarati,125,201.20069885253906,87
nf4,Gujarati,126,199.89759826660156,101
nf4,Gujarati,127,142.71893310546875,85
nf4,Gujarati,128,255.94244384765625,106
nf4,Gujarati,129,191.77560424804688,103
nf4,Gujarati,130,333.08746337890625,139
nf4,Gujarati,131,191.46060180664062,91
nf4,Gujarati,132,249.23141479492188,130
nf4,Gujarati,133,283.79632568359375,148
nf4,Gujarati,134,453.4552917480469,283
nf4,Gujarati,135,407.13427734375,238
nf4,Gujarati,136,212.20692443847656,116
nf4,Gujarati,137,170.48475646972656,91
nf4,Gujarati,138,381.03826904296875,211
nf4,Gujarati,139,263.0723571777344,128
nf4,Gujarati,140,207.62503051757812,124
nf4,Gujarati,141,282.8251647949219,151
nf4,Gujarati,142,341.96551513671875,196
nf4,Gujarati,143,231.25265502929688,129
nf4,Gujarati,144,164.82452392578125,81
nf4,Gujarati,145,416.596435546875,246
nf4,Gujarati,146,179.35958862304688,82
nf4,Gujarati,147,373.5209045410156,228
nf4,Gujarati,148,175.22569274902344,106
nf4,Gujarati,149,332.2495422363281,182
nf4,Gujarati,150,232.0531005859375,114
nf4,Gujarati,151,269.14892578125,145
nf4,Gujarati,152,126.60041809082031,59
nf4,Gujarati,153,254.087890625,131
nf4,Gujarati,154,221.98309326171875,149
nf4,Gujarati,155,180.8717041015625,81
nf4,Gujarati,156,275.1899719238281,157
nf4,Gujarati,157,162.9303436279297,101
nf4,Gujarati,158,311.85760498046875,159
nf4,Gujarati,159,463.28570556640625,237
nf4,Gujarati,160,189.27505493164062,114
nf4,Gujarati,161,133.19879150390625,66
nf4,Gujarati,162,165.54135131835938,78
nf4,Gujarati,163,359.30096435546875,188
nf4,Gujarati,164,182.6011962890625,104
nf4,Gujarati,165,158.02276611328125,93
nf4,Gujarati,166,287.2640380859375,148
nf4,Gujarati,167,154.3270263671875,73
nf4,Gujarati,168,271.7315979003906,120
nf4,Gujarati,169,172.50648498535156,79
nf4,Gujarati,170,193.0238494873047,89
nf4,Gujarati,171,264.4039611816406,139
nf4,Gujarati,172,257.6514892578125,122
nf4,Gujarati,173,285.8314514160156,146
nf4,Gujarati,174,256.80975341796875,149
nf4,Gujarati,175,227.28536987304688,120
nf4,Gujarati,176,291.4517822265625,152
nf4,Gujarati,177,560.5505981445312,270
nf4,Gujarati,178,230.2942352294922,124
nf4,Gujarati,179,305.5086669921875,147
nf4,Gujarati,180,372.0975341796875,158
nf4,Gujarati,181,375.7628173828125,179
nf4,Gujarati,182,295.075927734375,141
nf4,Gujarati,183,132.56771850585938,59
nf4,Gujarati,184,123.39669036865234,64
nf4,Gujarati,185,178.5350341796875,97
nf4,Gujarati,186,407.7322692871094,239
nf4,Gujarati,187,96.32937622070312,43
nf4,Gujarati,188,433.2262878417969,233
nf4,Gujarati,189,253.7436981201172,171
nf4,Gujarati,190,207.82427978515625,116
nf4,Gujarati,191,321.8309631347656,157
nf4,Gujarati,192,195.87423706054688,99
nf4,Gujarati,193,183.6964874267578,89
nf4,Gujarati,194,282.067138671875,132
nf4,Gujarati,195,142.81591796875,69
nf4,Gujarati,196,117.85821533203125,55
nf4,Gujarati,197,218.23577880859375,108
nf4,Gujarati,198,162.7776336669922,92
nf4,Gujarati,199,118.32271575927734,61
nf4,Gujarati,200,224.594482421875,137
nf4,Gujarati,201,306.9857177734375,153
nf4,Gujarati,202,331.854248046875,167
nf4,Gujarati,203,387.6363525390625,177
nf4,Gujarati,204,248.4454803466797,119
nf4,Gujarati,205,424.3735656738281,219
nf4,Gujarati,206,327.76312255859375,202
nf4,Gujarati,207,147.70352172851562,71
nf4,Gujarati,208,227.9877166748047,128
nf4,Gujarati,209,292.10626220703125,132
nf4,Gujarati,210,279.09246826171875,145
nf4,Gujarati,211,171.64431762695312,80
nf4,Gujarati,212,261.8461608886719,120
nf4,Gujarati,213,244.93878173828125,140
nf4,Gujarati,214,596.0318603515625,390
nf4,Gujarati,215,332.2398681640625,187
nf4,Gujarati,216,237.03892517089844,109
nf4,Gujarati,217,167.994384765625,127
nf4,Gujarati,218,422.2598876953125,273
nf4,Gujarati,219,465.4562683105469,294
nf4,Gujarati,220,221.07363891601562,118
nf4,Gujarati,221,96.23057556152344,48
nf4,Gujarati,222,447.46844482421875,282
nf4,Gujarati,223,303.25909423828125,173
nf4,Gujarati,224,91.01384735107422,52
nf4,Gujarati,225,239.94139099121094,127
nf4,Gujarati,226,262.77734375,113
nf4,Gujarati,227,169.62454223632812,97
nf4,Gujarati,228,225.4395294189453,107
nf4,Gujarati,229,263.75811767578125,147
nf4,Gujarati,230,151.63330078125,79
nf4,Gujarati,231,135.41421508789062,66
nf4,Gujarati,232,315.46044921875,173
nf4,Gujarati,233,189.7897491455078,98
nf4,Gujarati,234,155.29705810546875,83
nf4,Gujarati,235,207.0170135498047,89
nf4,Gujarati,236,222.75762939453125,104
nf4,Gujarati,237,306.3349304199219,178
nf4,Gujarati,238,311.5568542480469,171
nf4,Gujarati,239,281.86572265625,143
nf4,Gujarati,240,149.96429443359375,73
nf4,Gujarati,241,249.6910858154297,158
nf4,Gujarati,242,223.37115478515625,112
nf4,Gujarati,243,311.35211181640625,152
nf4,Gujarati,244,300.0549011230469,132
nf4,Gujarati,245,94.11021423339844,34
nf4,Gujarati,246,491.0635070800781,279
nf4,Gujarati,247,118.81993103027344,50
nf4,Gujarati,248,253.08921813964844,131
nf4,Gujarati,249,166.91783142089844,83
nf4,Gujarati,250,135.56825256347656,62
nf4,Gujarati,251,518.251708984375,270
nf4,Gujarati,252,95.29953002929688,45
nf4,Gujarati,253,223.98797607421875,116
nf4,Gujarati,254,403.89996337890625,198
nf4,Gujarati,255,160.29949951171875,91
nf4,Punjabi,0,338.70904541015625,140
nf4,Punjabi,1,352.1038818359375,167
nf4,Punjabi,2,153.21141052246094,71
nf4,Punjabi,3,290.45477294921875,134
nf4,Punjabi,4,291.25579833984375,122
nf4,Punjabi,5,326.9903564453125,141
nf4,Punjabi,6,198.70407104492188,89
nf4,Punjabi,7,126.06583404541016,52
nf4,Punjabi,8,286.725830078125,130
nf4,Punjabi,9,113.65298461914062,40
nf4,Punjabi,10,158.32989501953125,65
nf4,Punjabi,11,332.0346374511719,136
nf4,Punjabi,12,250.95831298828125,114
nf4,Punjabi,13,189.1353759765625,83
nf4,Punjabi,14,409.31402587890625,180
nf4,Punjabi,15,317.1229553222656,157
nf4,Punjabi,16,411.751220703125,200
nf4,Punjabi,17,225.14999389648438,98
nf4,Punjabi,18,355.709228515625,168
nf4,Punjabi,19,607.5159912109375,268
nf4,Punjabi,20,196.05316162109375,93
nf4,Punjabi,21,261.6987609863281,129
nf4,Punjabi,22,146.79885864257812,75
nf4,Punjabi,23,181.39227294921875,78
nf4,Punjabi,24,143.79244995117188,65
nf4,Punjabi,25,286.71087646484375,125
nf4,Punjabi,26,302.8207092285156,155
nf4,Punjabi,27,158.61886596679688,85
nf4,Punjabi,28,182.96017456054688,76
nf4,Punjabi,29,102.73590850830078,51
nf4,Punjabi,30,196.6417236328125,99
nf4,Punjabi,31,202.5662841796875,88
nf4,Punjabi,32,254.4269561767578,102
nf4,Punjabi,33,289.91455078125,138
nf4,Punjabi,34,239.89642333984375,98
nf4,Punjabi,35,298.786865234375,113
nf4,Punjabi,36,409.9002685546875,170
nf4,Punjabi,37,290.60687255859375,134
nf4,Punjabi,38,242.84912109375,110
nf4,Punjabi,39,177.06468200683594,85
nf4,Punjabi,40,274.3392028808594,125
nf4,Punjabi,41,483.0625305175781,212
nf4,Punjabi,42,150.4072723388672,74
nf4,Punjabi,43,489.7843017578125,239
nf4,Punjabi,44,226.69161987304688,117
nf4,Punjabi,45,143.95639038085938,67
nf4,Punjabi,46,223.57421875,89
nf4,Punjabi,47,360.88775634765625,166
nf4,Punjabi,48,219.1665496826172,107
nf4,Punjabi,49,277.03497314453125,128
nf4,Punjabi,50,202.97100830078125,91
nf4,Punjabi,51,421.25775146484375,236
nf4,Punjabi,52,328.9770202636719,155
nf4,Punjabi,53,243.22406005859375,137
nf4,Punjabi,54,414.5707702636719,183
nf4,Punjabi,55,293.0413818359375,107
nf4,Punjabi,56,475.4789123535156,292
nf4,Punjabi,57,224.10934448242188,107
nf4,Punjabi,58,335.97265625,127
nf4,Punjabi,59,294.00408935546875,135
nf4,Punjabi,60,369.9163513183594,207
nf4,Punjabi,61,280.495361328125,139
nf4,Punjabi,62,240.17971801757812,96
nf4,Punjabi,63,234.3619384765625,122
nf4,Punjabi,64,432.81707763671875,220
nf4,Punjabi,65,197.82138061523438,98
nf4,Punjabi,66,596.7532958984375,291
nf4,Punjabi,67,262.44598388671875,187
nf4,Punjabi,68,162.532958984375,68
nf4,Punjabi,69,521.2611694335938,273
nf4,Punjabi,70,267.57696533203125,150
nf4,Punjabi,71,569.8834838867188,230
nf4,Punjabi,72,561.0538330078125,229
nf4,Punjabi,73,256.0079345703125,141
nf4,Punjabi,74,412.0406799316406,176
nf4,Punjabi,75,133.43881225585938,61
nf4,Punjabi,76,181.24404907226562,74
nf4,Punjabi,77,171.6184844970703,70
nf4,Punjabi,78,586.53466796875,288
nf4,Punjabi,79,649.1146240234375,333
nf4,Punjabi,80,273.58819580078125,115
nf4,Punjabi,81,222.38134765625,108
nf4,Punjabi,82,277.56793212890625,133
nf4,Punjabi,83,411.09674072265625,236
nf4,Punjabi,84,123.28760528564453,49
nf4,Punjabi,85,556.5169677734375,267
nf4,Punjabi,86,176.79991149902344,76
nf4,Punjabi,87,118.18993377685547,51
nf4,Punjabi,88,212.4004364013672,97
nf4,Punjabi,89,237.34979248046875,107
nf4,Punjabi,90,186.50808715820312,89
nf4,Punjabi,91,188.3133544921875,86
nf4,Punjabi,92,243.510009765625,137
nf4,Punjabi,93,217.8583984375,99
nf4,Punjabi,94,143.1538848876953,71
nf4,Punjabi,95,238.81407165527344,108
nf4,Punjabi,96,186.2559814453125,68
nf4,Punjabi,97,365.68780517578125,152
nf4,Punjabi,98,311.10650634765625,166
nf4,Punjabi,99,248.70567321777344,119
nf4,Punjabi,100,195.62554931640625,97
nf4,Punjabi,101,293.76446533203125,122
nf4,Punjabi,102,220.4280242919922,95
nf4,Punjabi,103,109.83189392089844,40
nf4,Punjabi,104,142.5943145751953,42
nf4,Punjabi,105,83.48048400878906,33
nf4,Punjabi,106,146.29098510742188,86
nf4,Punjabi,107,171.41041564941406,77
nf4,Punjabi,108,596.667236328125,333
nf4,Punjabi,109,304.6587829589844,165
nf4,Punjabi,110,160.05714416503906,83
nf4,Punjabi,111,198.0227508544922,108
nf4,Punjabi,112,208.8357391357422,94
nf4,Punjabi,113,122.33163452148438,51
nf4,Punjabi,114,493.5337219238281,221
nf4,Punjabi,115,277.33251953125,111
nf4,Punjabi,116,405.7618408203125,164
nf4,Punjabi,117,216.12254333496094,109
nf4,Punjabi,118,119.59342956542969,42
nf4,Punjabi,119,556.722900390625,303
nf4,Punjabi,120,257.4661865234375,110
nf4,Punjabi,121,293.5218505859375,136
nf4,Punjabi,122,160.42282104492188,89
nf4,Punjabi,123,100.23072052001953,55
nf4,Punjabi,124,177.16387939453125,71
nf4,Punjabi,125,247.01849365234375,122
nf4,Punjabi,126,270.70745849609375,112
nf4,Punjabi,127,203.82467651367188,76
nf4,Punjabi,128,204.31710815429688,69
nf4,Punjabi,129,271.45489501953125,129
nf4,Punjabi,130,299.60052490234375,103
nf4,Punjabi,131,164.53604125976562,68
nf4,Punjabi,132,237.85113525390625,116
nf4,Punjabi,133,298.82427978515625,137
nf4,Punjabi,134,437.4996337890625,243
nf4,Punjabi,135,565.0355224609375,304
nf4,Punjabi,136,273.0983581542969,112
nf4,Punjabi,137,193.7728271484375,80
nf4,Punjabi,138,408.01251220703125,198
nf4,Punjabi,139,292.96185302734375,131
nf4,Punjabi,140,257.03662109375,114
nf4,Punjabi,141,249.1817169189453,125
nf4,Punjabi,142,433.43878173828125,190
nf4,Punjabi,143,316.3740234375,151
nf4,Punjabi,144,130.14901733398438,46
nf4,Punjabi,145,450.91583251953125,224
nf4,Punjabi,146,148.55960083007812,66
nf4,Punjabi,147,431.6297607421875,243
nf4,Punjabi,148,253.1888427734375,103
nf4,Punjabi,149,396.7329406738281,180
nf4,Punjabi,150,204.4642333984375,87
nf4,Punjabi,151,279.6993408203125,116
nf4,Punjabi,152,138.62127685546875,67
nf4,Punjabi,153,321.35308837890625,123
nf4,Punjabi,154,182.3009490966797,95
nf4,Punjabi,155,157.7296142578125,65
nf4,Punjabi,156,357.8260192871094,166
nf4,Punjabi,157,141.5993194580078,68
nf4,Punjabi,158,327.23480224609375,159
nf4,Punjabi,159,442.582763671875,205
nf4,Punjabi,160,243.84063720703125,147
nf4,Punjabi,161,179.6560516357422,69
nf4,Punjabi,162,177.50347900390625,76
nf4,Punjabi,163,370.99432373046875,174
nf4,Punjabi,164,172.30613708496094,89
nf4,Punjabi,165,211.45343017578125,101
nf4,Punjabi,166,256.3189697265625,130
nf4,Punjabi,167,178.63873291015625,66
nf4,Punjabi,168,279.47308349609375,111
nf4,Punjabi,169,159.8300323486328,71
nf4,Punjabi,170,209.19529724121094,90
nf4,Punjabi,171,279.28521728515625,121
nf4,Punjabi,172,295.6932373046875,151
nf4,Punjabi,173,322.0118408203125,150
nf4,Punjabi,174,390.6477966308594,167
nf4,Punjabi,175,229.2674560546875,91
nf4,Punjabi,176,278.9951171875,125
nf4,Punjabi,177,485.89361572265625,227
nf4,Punjabi,178,288.2138977050781,140
nf4,Punjabi,179,332.1330261230469,168
nf4,Punjabi,180,432.6761779785156,163
nf4,Punjabi,181,454.915771484375,204
nf4,Punjabi,182,254.50637817382812,113
nf4,Punjabi,183,122.54132080078125,59
nf4,Punjabi,184,137.03521728515625,62
nf4,Punjabi,185,130.7710723876953,62
nf4,Punjabi,186,432.34619140625,220
nf4,Punjabi,187,97.33039093017578,41
nf4,Punjabi,188,544.6937255859375,235
nf4,Punjabi,189,307.79925537109375,161
nf4,Punjabi,190,202.73876953125,114
nf4,Punjabi,191,337.507568359375,152
nf4,Punjabi,192,235.9178924560547,94
nf4,Punjabi,193,155.91925048828125,71
nf4,Punjabi,194,252.9883575439453,143
nf4,Punjabi,195,182.91741943359375,79
nf4,Punjabi,196,110.50881958007812,48
nf4,Punjabi,197,212.2156219482422,76
nf4,Punjabi,198,184.9764404296875,90
nf4,Punjabi,199,150.53533935546875,70
nf4,Punjabi,200,301.95294189453125,138
nf4,Punjabi,201,334.42889404296875,150
nf4,Punjabi,202,344.59197998046875,163
nf4,Punjabi,203,347.1080017089844,153
nf4,Punjabi,204,235.48460388183594,107
nf4,Punjabi,205,545.7620239257812,214
nf4,Punjabi,206,313.2904968261719,190
nf4,Punjabi,207,161.0209197998047,69
nf4,Punjabi,208,231.5147247314453,108
nf4,Punjabi,209,260.568603515625,114
nf4,Punjabi,210,315.2703552246094,133
nf4,Punjabi,211,187.79188537597656,62
nf4,Punjabi,212,224.03318786621094,105
nf4,Punjabi,213,265.8116760253906,141
nf4,Punjabi,214,625.285400390625,320
nf4,Punjabi,215,265.0908203125,124
nf4,Punjabi,216,275.4652099609375,105
nf4,Punjabi,217,195.29879760742188,92
nf4,Punjabi,218,430.1490783691406,253
nf4,Punjabi,219,487.95587158203125,230
nf4,Punjabi,220,205.32083129882812,100
nf4,Punjabi,221,105.54496002197266,50
nf4,Punjabi,222,502.9849548339844,246
nf4,Punjabi,223,379.05859375,185
nf4,Punjabi,224,132.6700439453125,51
nf4,Punjabi,225,289.33038330078125,164
nf4,Punjabi,226,235.6756591796875,110
nf4,Punjabi,227,177.1016082763672,76
nf4,Punjabi,228,282.86492919921875,116
nf4,Punjabi,229,342.2412109375,153
nf4,Punjabi,230,175.5546112060547,84
nf4,Punjabi,231,118.93034362792969,56
nf4,Punjabi,232,428.7100830078125,188
nf4,Punjabi,233,204.86172485351562,101
nf4,Punjabi,234,207.70310974121094,89
nf4,Punjabi,235,236.43231201171875,90
nf4,Punjabi,236,284.69476318359375,124
nf4,Punjabi,237,355.7848815917969,183
nf4,Punjabi,238,383.0352783203125,180
nf4,Punjabi,239,330.41766357421875,152
nf4,Punjabi,240,184.31578063964844,78
nf4,Punjabi,241,299.6539306640625,142
nf4,Punjabi,242,228.07040405273438,93
nf4,Punjabi,243,313.39788818359375,145
nf4,Punjabi,244,290.32611083984375,124
nf4,Punjabi,245,98.15376281738281,30
nf4,Punjabi,246,504.2625732421875,289
nf4,Punjabi,247,107.26981353759766,44
nf4,Punjabi,248,272.96685791015625,137
nf4,Punjabi,249,184.70965576171875,91
nf4,Punjabi,250,165.59597778320312,60
nf4,Punjabi,251,546.565673828125,262
nf4,Punjabi,252,129.34573364257812,48
nf4,Punjabi,253,261.09588623046875,116
nf4,Punjabi,254,399.6195373535156,224
nf4,Punjabi,255,186.843994140625,85
nf4,Odia,0,431.48590087890625,171
nf4,Odia,1,366.95819091796875,177
nf4,Odia,2,165.29762268066406,71
nf4,Odia,3,300.91064453125,141
nf4,Odia,4,307.3346252441406,132
nf4,Odia,5,299.158447265625,140
nf4,Odia,6,254.61740112304688,106
nf4,Odia,7,196.02926635742188,79
nf4,Odia,8,330.026123046875,138
nf4,Odia,9,134.71792602539062,66
nf4,Odia,10,202.95509338378906,99
nf4,Odia,11,408.94427490234375,168
nf4,Odia,12,238.36407470703125,109
nf4,Odia,13,228.39825439453125,125
nf4,Odia,14,423.84783935546875,205
nf4,Odia,15,473.19757080078125,204
nf4,Odia,16,495.9810485839844,243
nf4,Odia,17,270.3641357421875,131
nf4,Odia,18,383.66729736328125,155
nf4,Odia,19,665.6192626953125,288
nf4,Odia,20,234.87619018554688,99
nf4,Odia,21,330.6258544921875,156
nf4,Odia,22,159.4984130859375,72
nf4,Odia,23,179.7250213623047,79
nf4,Odia,24,164.00506591796875,66
nf4,Odia,25,411.1778564453125,186
nf4,Odia,26,266.95037841796875,132
nf4,Odia,27,178.48162841796875,85
nf4,Odia,28,198.02513122558594,73
nf4,Odia,29,132.45977783203125,58
nf4,Odia,30,232.8529815673828,96
nf4,Odia,31,250.74356079101562,122
nf4,Odia,32,294.170654296875,130
nf4,Odia,33,337.3152770996094,170
nf4,Odia,34,240.24757385253906,99
nf4,Odia,35,258.4386291503906,125
nf4,Odia,36,446.253662109375,196
nf4,Odia,37,213.87014770507812,90
nf4,Odia,38,258.5421142578125,117
nf4,Odia,39,186.00942993164062,95
nf4,Odia,40,245.38186645507812,107
nf4,Odia,41,615.8064575195312,319
nf4,Odia,42,235.44039916992188,114
nf4,Odia,43,639.5128784179688,333
nf4,Odia,44,519.7708740234375,223
nf4,Odia,45,221.8275146484375,111
nf4,Odia,46,236.79476928710938,91
nf4,Odia,47,443.68133544921875,208
nf4,Odia,48,260.76226806640625,127
nf4,Odia,49,284.9796447753906,125
nf4,Odia,50,289.64361572265625,115
nf4,Odia,51,492.4911193847656,326
nf4,Odia,52,379.528076171875,204
nf4,Odia,53,361.92230224609375,178
nf4,Odia,54,484.9841613769531,250
nf4,Odia,55,265.88836669921875,122
nf4,Odia,56,518.9517822265625,263
nf4,Odia,57,326.9019775390625,156
nf4,Odia,58,412.54559326171875,185
nf4,Odia,59,398.44781494140625,199
nf4,Odia,60,582.0673828125,344
nf4,Odia,61,292.9104919433594,129
nf4,Odia,62,225.26556396484375,101
nf4,Odia,63,325.9732666015625,124
nf4,Odia,64,589.767333984375,252
nf4,Odia,65,251.63987731933594,117
nf4,Odia,66,982.5989990234375,491
nf4,Odia,67,477.95965576171875,222
nf4,Odia,68,204.4290771484375,94
nf4,Odia,69,548.7225952148438,290
nf4,Odia,70,400.0308532714844,210
nf4,Odia,71,796.56884765625,367
nf4,Odia,72,526.864013671875,286
nf4,Odia,73,452.03704833984375,209
nf4,Odia,74,430.04193115234375,229
nf4,Odia,75,117.31266784667969,53
nf4,Odia,76,174.37741088867188,78
nf4,Odia,77,207.8140411376953,97
nf4,Odia,78,828.04833984375,371
nf4,Odia,79,707.9664306640625,403
nf4,Odia,80,343.0853576660156,168
nf4,Odia,81,319.97442626953125,147
nf4,Odia,82,396.43280029296875,175
nf4,Odia,83,491.7179260253906,242
nf4,Odia,84,177.01788330078125,68
nf4,Odia,85,660.9710693359375,336
nf4,Odia,86,198.36898803710938,81
nf4,Odia,87,130.5426025390625,54
nf4,Odia,88,244.66275024414062,117
nf4,Odia,89,305.33721923828125,116
nf4,Odia,90,253.88613891601562,95
nf4,Odia,91,270.2592468261719,120
nf4,Odia,92,295.03717041015625,141
nf4,Odia,93,299.7607421875,150
nf4,Odia,94,204.4524383544922,97
nf4,Odia,95,267.5838623046875,131
nf4,Odia,96,142.6295166015625,66
nf4,Odia,97,458.4986267089844,225
nf4,Odia,98,437.27740478515625,210
nf4,Odia,99,426.41680908203125,184
nf4,Odia,100,209.83441162109375,107
nf4,Odia,101,483.5656433105469,199
nf4,Odia,102,218.57369995117188,95
nf4,Odia,103,165.44703674316406,57
nf4,Odia,104,136.85482788085938,49
nf4,Odia,105,115.99307250976562,50
nf4,Odia,106,235.24368286132812,125
nf4,Odia,107,151.85183715820312,63
nf4,Odia,108,598.6851806640625,289
nf4,Odia,109,428.0186462402344,205
nf4,Odia,110,311.88677978515625,125
nf4,Odia,111,257.417724609375,140
nf4,Odia,112,236.60971069335938,104
nf4,Odia,113,169.9847869873047,72
nf4,Odia,114,589.0858154296875,298
nf4,Odia,115,404.95782470703125,180
nf4,Odia,116,533.3302001953125,218
nf4,Odia,117,418.1121826171875,202
nf4,Odia,118,98.7699203491211,40
nf4,Odia,119,564.91162109375,333
nf4,Odia,120,363.63323974609375,168
nf4,Odia,121,418.880859375,190
nf4,Odia,122,206.6565399169922,94
nf4,Odia,123,196.9564971923828,72
nf4,Odia,124,202.65719604492188,84
nf4,Odia,125,266.212646484375,120
nf4,Odia,126,236.55410766601562,114
nf4,Odia,127,220.34361267089844,105
nf4,Odia,128,285.42218017578125,118
nf4,Odia,129,273.79644775390625,119
nf4,Odia,130,421.6700439453125,171
nf4,Odia,131,263.51104736328125,109
nf4,Odia,132,304.42974853515625,163
nf4,Odia,133,390.7929992675781,187
nf4,Odia,134,547.9111328125,284
nf4,Odia,135,639.7567138671875,313
nf4,Odia,136,267.6864013671875,133
nf4,Odia,137,213.75448608398438,114
nf4,Odia,138,435.50457763671875,222
nf4,Odia,139,280.02392578125,137
nf4,Odia,140,320.2364196777344,140
nf4,Odia,141,391.69683837890625,178
nf4,Odia,142,568.9581298828125,276
nf4,Odia,143,359.37640380859375,181
nf4,Odia,144,192.1087646484375,89
nf4,Odia,145,528.4736938476562,276
nf4,Odia,146,251.98367309570312,106
nf4,Odia,147,572.8384399414062,306
nf4,Odia,148,228.06668090820312,116
nf4,Odia,149,457.88714599609375,224
nf4,Odia,150,295.7686767578125,143
nf4,Odia,151,378.7812805175781,175
nf4,Odia,152,161.05088806152344,77
nf4,Odia,153,414.0679931640625,181
nf4,Odia,154,345.59783935546875,216
nf4,Odia,155,168.76296997070312,81
nf4,Odia,156,413.3182373046875,200
nf4,Odia,157,237.82608032226562,121
nf4,Odia,158,376.79888916015625,167
nf4,Odia,159,663.0640258789062,296
nf4,Odia,160,295.9395751953125,148
nf4,Odia,161,174.84327697753906,78
nf4,Odia,162,244.92259216308594,97
nf4,Odia,163,468.0576171875,197
nf4,Odia,164,242.01141357421875,116
nf4,Odia,165,245.33441162109375,120
nf4,Odia,166,344.48260498046875,184
nf4,Odia,167,183.79205322265625,79
nf4,Odia,168,400.02789306640625,143
nf4,Odia,169,197.9559783935547,96
nf4,Odia,170,254.5027313232422,111
nf4,Odia,171,322.9615783691406,156
nf4,Odia,172,357.5093688964844,149
nf4,Odia,173,383.8160095214844,173
nf4,Odia,174,397.82830810546875,198
nf4,Odia,175,227.10333251953125,108
nf4,Odia,176,383.6922607421875,203
nf4,Odia,177,638.0335693359375,326
nf4,Odia,178,311.8092041015625,134
nf4,Odia,179,550.0515747070312,224
nf4,Odia,180,481.7200927734375,184
nf4,Odia,181,656.52587890625,243
nf4,Odia,182,354.0050354003906,151
nf4,Odia,183,181.22213745117188,72
nf4,Odia,184,192.0185546875,77
nf4,Odia,185,209.06878662109375,83
nf4,Odia,186,506.93829345703125,259
nf4,Odia,187,138.58248901367188,49
nf4,Odia,188,541.5900268554688,240
nf4,Odia,189,466.3446044921875,207
nf4,Odia,190,227.76246643066406,119
nf4,Odia,191,512.8859252929688,233
nf4,Odia,192,272.1983642578125,105
nf4,Odia,193,240.4671630859375,96
nf4,Odia,194,289.01104736328125,141
nf4,Odia,195,186.83517456054688,79
nf4,Odia,196,143.76812744140625,55
nf4,Odia,197,210.2906494140625,101
nf4,Odia,198,211.34201049804688,91
nf4,Odia,199,148.62850952148438,57
nf4,Odia,200,283.8192138671875,157
nf4,Odia,201,350.35601806640625,172
nf4,Odia,202,348.6656494140625,188
nf4,Odia,203,395.1700744628906,174
nf4,Odia,204,357.075439453125,141
nf4,Odia,205,554.0607299804688,239
nf4,Odia,206,479.98980712890625,236
nf4,Odia,207,216.8458251953125,94
nf4,Odia,208,300.45660400390625,153
nf4,Odia,209,304.5997009277344,142
nf4,Odia,210,330.9736633300781,166
nf4,Odia,211,271.7572021484375,122
nf4,Odia,212,339.0387268066406,126
nf4,Odia,213,347.6893005371094,159
nf4,Odia,214,841.1182861328125,434
nf4,Odia,215,380.71832275390625,175
nf4,Odia,216,293.00341796875,127
nf4,Odia,217,261.17083740234375,130
nf4,Odia,218,529.6070556640625,331
nf4,Odia,219,690.885498046875,359
nf4,Odia,220,269.70758056640625,111
nf4,Odia,221,138.63551330566406,59
nf4,Odia,222,557.7305908203125,274
nf4,Odia,223,418.69598388671875,192
nf4,Odia,224,108.88292694091797,50
nf4,Odia,225,306.2004699707031,153
nf4,Odia,226,388.46826171875,166
nf4,Odia,227,258.14984130859375,123
nf4,Odia,228,397.7294921875,144
nf4,Odia,229,401.5938415527344,166
nf4,Odia,230,175.16445922851562,86
nf4,Odia,231,226.95932006835938,109
nf4,Odia,232,495.99188232421875,245
nf4,Odia,233,281.1785583496094,123
nf4,Odia,234,198.97213745117188,105
nf4,Odia,235,245.69903564453125,108
nf4,Odia,236,310.15472412109375,125
nf4,Odia,237,432.8821716308594,212
nf4,Odia,238,474.1037292480469,230
nf4,Odia,239,407.3115234375,189
nf4,Odia,240,221.9202880859375,87
nf4,Odia,241,309.0478515625,160
nf4,Odia,242,291.94891357421875,136
nf4,Odia,243,295.8680419921875,143
nf4,Odia,244,326.37750244140625,141
nf4,Odia,245,107.60124969482422,41
nf4,Odia,246,579.693359375,296
nf4,Odia,247,143.43592834472656,61
nf4,Odia,248,279.134521484375,128
nf4,Odia,249,196.89764404296875,101
nf4,Odia,250,161.5916290283203,77
nf4,Odia,251,650.1271362304688,316
nf4,Odia,252,105.15957641601562,51
nf4,Odia,253,274.91131591796875,120
nf4,Odia,254,525.9244995117188,239
nf4,Odia,255,247.22671508789062,116
nf4,Tamil,0,305.3251647949219,173
nf4,Tamil,1,306.8338317871094,223
nf4,Tamil,2,100.03195190429688,58
nf4,Tamil,3,237.00326538085938,179
nf4,Tamil,4,253.6197509765625,145
nf4,Tamil,5,255.68301391601562,199
nf4,Tamil,6,205.0763397216797,131
nf4,Tamil,7,143.06185913085938,76
nf4,Tamil,8,299.1885070800781,180
nf4,Tamil,9,97.10745239257812,56
nf4,Tamil,10,157.07937622070312,91
nf4,Tamil,11,309.995361328125,209
nf4,Tamil,12,174.46258544921875,122
nf4,Tamil,13,160.55929565429688,112
nf4,Tamil,14,376.132568359375,234
nf4,Tamil,15,332.5672912597656,243
nf4,Tamil,16,428.61627197265625,284
nf4,Tamil,17,240.60386657714844,141
nf4,Tamil,18,322.95477294921875,195
nf4,Tamil,19,594.806884765625,377
nf4,Tamil,20,158.52523803710938,123
nf4,Tamil,21,269.85321044921875,208
nf4,Tamil,22,131.95849609375,91
nf4,Tamil,23,168.6668701171875,102
nf4,Tamil,24,131.36080932617188,82
nf4,Tamil,25,326.906494140625,202
nf4,Tamil,26,208.27972412109375,172
nf4,Tamil,27,125.81617736816406,79
nf4,Tamil,28,101.73513793945312,60
nf4,Tamil,29,88.32858276367188,69
nf4,Tamil,30,215.02359008789062,138
nf4,Tamil,31,229.33981323242188,145
nf4,Tamil,32,208.34417724609375,141
nf4,Tamil,33,279.5915832519531,180
nf4,Tamil,34,160.4637451171875,93
nf4,Tamil,35,195.6063232421875,122
nf4,Tamil,36,379.4026184082031,198
nf4,Tamil,37,237.01174926757812,134
nf4,Tamil,38,217.33824157714844,133
nf4,Tamil,39,124.63627624511719,82
nf4,Tamil,40,218.9475555419922,148
nf4,Tamil,41,433.214599609375,304
nf4,Tamil,42,125.33550262451172,74
nf4,Tamil,43,401.3256530761719,300
nf4,Tamil,44,349.8724670410156,239
nf4,Tamil,45,169.70187377929688,129
nf4,Tamil,46,199.22921752929688,141
nf4,Tamil,47,341.84161376953125,229
nf4,Tamil,48,219.7284698486328,141
nf4,Tamil,49,260.93701171875,152
nf4,Tamil,50,229.46612548828125,127
nf4,Tamil,51,384.0526123046875,310
nf4,Tamil,52,250.4882049560547,182
nf4,Tamil,53,260.46112060546875,155
nf4,Tamil,54,231.44252014160156,204
nf4,Tamil,55,203.05601501464844,142
nf4,Tamil,56,378.41754150390625,292
nf4,Tamil,57,294.4434509277344,180
nf4,Tamil,58,290.0352783203125,209
nf4,Tamil,59,282.91583251953125,196
nf4,Tamil,60,476.5736083984375,370
nf4,Tamil,61,232.8755645751953,142
nf4,Tamil,62,177.51010131835938,144
nf4,Tamil,63,217.51654052734375,135
nf4,Tamil,64,443.43511962890625,339
nf4,Tamil,65,173.3326416015625,162
nf4,Tamil,66,786.5106201171875,485
nf4,Tamil,67,313.51361083984375,287
nf4,Tamil,68,134.5337371826172,93
nf4,Tamil,69,436.79486083984375,337
nf4,Tamil,70,292.8811340332031,227
nf4,Tamil,71,603.233642578125,459
nf4,Tamil,72,412.13067626953125,282
nf4,Tamil,73,312.3389892578125,231
nf4,Tamil,74,385.03118896484375,270
nf4,Tamil,75,102.87821197509766,72
nf4,Tamil,76,159.30824279785156,105
nf4,Tamil,77,172.67428588867188,126
nf4,Tamil,78,605.9153442382812,385
nf4,Tamil,79,488.62835693359375,409
nf4,Tamil,80,245.3861846923828,155
nf4,Tamil,81,186.75514221191406,147
nf4,Tamil,82,274.55035400390625,196
nf4,Tamil,83,358.0025634765625,218
nf4,Tamil,84,155.0537872314453,93
nf4,Tamil,85,483.3009033203125,366
nf4,Tamil,86,119.77694702148438,72
nf4,Tamil,87,108.56903076171875,69
nf4,Tamil,88,222.663330078125,152
nf4,Tamil,89,179.40435791015625,121
nf4,Tamil,90,171.580078125,137
nf4,Tamil,91,155.29656982421875,119
nf4,Tamil,92,208.96835327148438,128
nf4,Tamil,93,267.484130859375,167
nf4,Tamil,94,180.81919860839844,117
nf4,Tamil,95,206.70663452148438,155
nf4,Tamil,96,117.45867156982422,75
nf4,Tamil,97,371.48773193359375,221
nf4,Tamil,98,392.6994323730469,266
nf4,Tamil,99,340.91925048828125,208
nf4,Tamil,100,153.62954711914062,82
nf4,Tamil,101,284.7525329589844,184
nf4,Tamil,102,170.98419189453125,109
nf4,Tamil,103,98.22107696533203,57
nf4,Tamil,104,107.62812805175781,70
nf4,Tamil,105,85.60946655273438,59
nf4,Tamil,106,143.31817626953125,118
nf4,Tamil,107,144.38177490234375,84
nf4,Tamil,108,478.15362548828125,335
nf4,Tamil,109,358.35382080078125,269
nf4,Tamil,110,197.26083374023438,120
nf4,Tamil,111,231.92276000976562,146
nf4,Tamil,112,210.3726348876953,127
nf4,Tamil,113,109.15229797363281,72
nf4,Tamil,114,464.021728515625,362
nf4,Tamil,115,262.55926513671875,153
nf4,Tamil,116,381.4068298339844,231
nf4,Tamil,117,220.3294677734375,185
nf4,Tamil,118,141.07470703125,78
nf4,Tamil,119,488.76116943359375,339
nf4,Tamil,120,230.98619079589844,160
nf4,Tamil,121,315.92919921875,195
nf4,Tamil,122,142.5274658203125,132
nf4,Tamil,123,113.25785827636719,71
nf4,Tamil,124,136.01382446289062,79
nf4,Tamil,125,161.12030029296875,97
nf4,Tamil,126,170.49295043945312,106
nf4,Tamil,127,141.47943115234375,109
nf4,Tamil,128,199.89869689941406,117
nf4,Tamil,129,191.1483917236328,129
nf4,Tamil,130,312.3889465332031,176
nf4,Tamil,131,160.56051635742188,87
nf4,Tamil,132,210.94696044921875,124
nf4,Tamil,133,272.61865234375,181
nf4,Tamil,134,411.8283386230469,309
nf4,Tamil,135,497.929931640625,369
nf4,Tamil,136,228.5621337890625,155
nf4,Tamil,137,143.61529541015625,107
nf4,Tamil,138,349.96807861328125,255
nf4,Tamil,139,191.6826171875,144
nf4,Tamil,140,226.883056640625,125
nf4,Tamil,141,331.84442138671875,215
nf4,Tamil,142,431.46380615234375,310
nf4,Tamil,143,247.901123046875,195
nf4,Tamil,144,139.94195556640625,86
nf4,Tamil,145,345.866455078125,282
nf4,Tamil,146,150.73095703125,109
nf4,Tamil,147,474.837646484375,352
nf4,Tamil,148,152.90896606445312,123
nf4,Tamil,149,363.33892822265625,256
nf4,Tamil,150,188.795166015625,105
nf4,Tamil,151,230.49066162109375,145
nf4,Tamil,152,88.63619995117188,60
nf4,Tamil,153,224.00559997558594,144
nf4,Tamil,154,288.9784240722656,223
nf4,Tamil,155,107.626220703125,89
nf4,Tamil,156,278.4891357421875,194
nf4,Tamil,157,172.01113891601562,104
nf4,Tamil,158,245.42649841308594,161
nf4,Tamil,159,432.7333679199219,302
nf4,Tamil,160,225.86318969726562,169
nf4,Tamil,161,118.67378997802734,105
nf4,Tamil,162,162.02911376953125,98
nf4,Tamil,163,315.0229187011719,217
nf4,Tamil,164,186.70912170410156,143
nf4,Tamil,165,199.4438934326172,140
nf4,Tamil,166,208.7962646484375,154
nf4,Tamil,167,175.87965393066406,108
nf4,Tamil,168,260.1580810546875,163
nf4,Tamil,169,157.62738037109375,113
nf4,Tamil,170,198.6163330078125,112
nf4,Tamil,171,228.69583129882812,162
nf4,Tamil,172,267.12139892578125,194
nf4,Tamil,173,300.59173583984375,184
nf4,Tamil,174,323.23590087890625,190
nf4,Tamil,175,214.07803344726562,139
nf4,Tamil,176,228.078125,195
nf4,Tamil,177,523.7650146484375,366
nf4,Tamil,178,222.86459350585938,186
nf4,Tamil,179,438.6231994628906,286
nf4,Tamil,180,329.84564208984375,209
nf4,Tamil,181,384.3031005859375,231
nf4,Tamil,182,294.28948974609375,186
nf4,Tamil,183,117.51490783691406,73
nf4,Tamil,184,124.51593780517578,89
nf4,Tamil,185,119.41285705566406,80
nf4,Tamil,186,372.1875,279
nf4,Tamil,187,85.83978271484375,54
nf4,Tamil,188,422.7716369628906,287
nf4,Tamil,189,262.439208984375,194
nf4,Tamil,190,204.5632781982422,138
nf4,Tamil,191,280.1202697753906,187
nf4,Tamil,192,188.71803283691406,124
nf4,Tamil,193,153.12744140625,93
nf4,Tamil,194,218.83895874023438,175
nf4,Tamil,195,156.0410614013672,96
nf4,Tamil,196,104.0943374633789,58
nf4,Tamil,197,140.4822998046875,109
nf4,Tamil,198,142.21104431152344,89
nf4,Tamil,199,143.07058715820312,71
nf4,Tamil,200,256.056884765625,193
nf4,Tamil,201,255.9246826171875,166
nf4,Tamil,202,286.8320617675781,192
nf4,Tamil,203,289.01287841796875,216
nf4,Tamil,204,204.68460083007812,135
nf4,Tamil,205,387.363037109375,277
nf4,Tamil,206,293.43365478515625,268
nf4,Tamil,207,169.37734985351562,91
nf4,Tamil,208,192.55178833007812,128
nf4,Tamil,209,178.44041442871094,157
nf4,Tamil,210,237.0179901123047,149
nf4,Tamil,211,173.79348754882812,103
nf4,Tamil,212,264.57391357421875,144
nf4,Tamil,213,232.20401000976562,175
nf4,Tamil,214,557.2586669921875,396
nf4,Tamil,215,262.91168212890625,184
nf4,Tamil,216,248.57980346679688,154
nf4,Tamil,217,200.2054443359375,141
nf4,Tamil,218,397.18292236328125,321
nf4,Tamil,219,590.6201171875,475
nf4,Tamil,220,190.2203369140625,154
nf4,Tamil,221,84.68048095703125,48
nf4,Tamil,222,451.467041015625,305
nf4,Tamil,223,363.0919189453125,251
nf4,Tamil,224,87.7454605102539,60
nf4,Tamil,225,289.5377197265625,192
nf4,Tamil,226,208.50631713867188,137
nf4,Tamil,227,143.071044921875,92
nf4,Tamil,228,220.24261474609375,120
nf4,Tamil,229,257.024169921875,175
nf4,Tamil,230,151.35629272460938,96
nf4,Tamil,231,144.70114135742188,89
nf4,Tamil,232,367.2690734863281,268
nf4,Tamil,233,166.09713745117188,109
nf4,Tamil,234,212.0103759765625,124
nf4,Tamil,235,203.85012817382812,151
nf4,Tamil,236,280.3570251464844,169
nf4,Tamil,237,292.54498291015625,217
nf4,Tamil,238,330.29266357421875,222
nf4,Tamil,239,307.8505859375,196
nf4,Tamil,240,137.31723022460938,91
nf4,Tamil,241,241.17047119140625,194
nf4,Tamil,242,226.2029266357422,137
nf4,Tamil,243,259.70953369140625,166
nf4,Tamil,244,265.3765869140625,164
nf4,Tamil,245,76.9299545288086,45
nf4,Tamil,246,473.53131103515625,421
nf4,Tamil,247,95.88477325439453,46
nf4,Tamil,248,229.0099334716797,149
nf4,Tamil,249,201.89990234375,143
nf4,Tamil,250,120.66001892089844,67
nf4,Tamil,251,491.3963623046875,359
nf4,Tamil,252,80.86253356933594,48
nf4,Tamil,253,218.17782592773438,136
nf4,Tamil,254,328.93603515625,237
nf4,Tamil,255,203.40658569335938,138
nf4,Telugu,0,316.606689453125,168
nf4,Telugu,1,377.4725646972656,205
nf4,Telugu,2,131.69580078125,60
nf4,Telugu,3,258.70086669921875,149
nf4,Telugu,4,250.2866668701172,138
nf4,Telugu,5,286.20001220703125,171
nf4,Telugu,6,245.65469360351562,136
nf4,Telugu,7,117.49602508544922,52
nf4,Telugu,8,283.07989501953125,147
nf4,Telugu,9,106.46973419189453,61
nf4,Telugu,10,180.075439453125,90
nf4,Telugu,11,281.89447021484375,125
nf4,Telugu,12,161.29656982421875,89
nf4,Telugu,13,185.6427001953125,142
nf4,Telugu,14,367.394287109375,187
nf4,Telugu,15,328.322021484375,168
nf4,Telugu,16,413.1677551269531,228
nf4,Telugu,17,181.5035400390625,97
nf4,Telugu,18,301.1910400390625,158
nf4,Telugu,19,580.7891845703125,284
nf4,Telugu,20,167.52716064453125,89
nf4,Telugu,21,233.1150360107422,133
nf4,Telugu,22,137.3461456298828,84
nf4,Telugu,23,165.25730895996094,82
nf4,Telugu,24,186.30531311035156,80
nf4,Telugu,25,313.354248046875,169
nf4,Telugu,26,186.47267150878906,117
nf4,Telugu,27,131.9603271484375,70
nf4,Telugu,28,146.3602294921875,60
nf4,Telugu,29,86.08116912841797,45
nf4,Telugu,30,176.30621337890625,98
nf4,Telugu,31,198.8536376953125,123
nf4,Telugu,32,233.58038330078125,115
nf4,Telugu,33,267.9643249511719,131
nf4,Telugu,34,198.30963134765625,94
nf4,Telugu,35,222.28152465820312,110
nf4,Telugu,36,347.8747863769531,186
nf4,Telugu,37,238.39666748046875,104
nf4,Telugu,38,214.9324493408203,118
nf4,Telugu,39,142.71051025390625,77
nf4,Telugu,40,208.00848388671875,112
nf4,Telugu,41,401.53118896484375,248
nf4,Telugu,42,153.15811157226562,97
nf4,Telugu,43,343.3559875488281,253
nf4,Telugu,44,348.2561950683594,189
nf4,Telugu,45,172.56402587890625,89
nf4,Telugu,46,186.83958435058594,98
nf4,Telugu,47,295.79010009765625,172
nf4,Telugu,48,191.05128479003906,111
nf4,Telugu,49,182.62351989746094,103
nf4,Telugu,50,195.16976928710938,85
nf4,Telugu,51,429.9887390136719,260
nf4,Telugu,52,235.11956787109375,160
nf4,Telugu,53,281.54730224609375,158
nf4,Telugu,54,302.13812255859375,182
nf4,Telugu,55,244.58775329589844,117
nf4,Telugu,56,427.0639953613281,281
nf4,Telugu,57,213.2969970703125,124
nf4,Telugu,58,312.4746398925781,142
nf4,Telugu,59,261.01416015625,152
nf4,Telugu,60,436.20672607421875,312
nf4,Telugu,61,217.364501953125,122
nf4,Telugu,62,213.93814086914062,97
nf4,Telugu,63,249.5056915283203,106
nf4,Telugu,64,457.39312744140625,251
nf4,Telugu,65,172.60906982421875,87
nf4,Telugu,66,709.4771118164062,404
nf4,Telugu,67,327.458984375,184
nf4,Telugu,68,145.43649291992188,68
nf4,Telugu,69,436.1402587890625,267
nf4,Telugu,70,267.0726623535156,170
nf4,Telugu,71,646.149658203125,366
nf4,Telugu,72,463.86431884765625,268
nf4,Telugu,73,324.75726318359375,176
nf4,Telugu,74,350.5818176269531,248
nf4,Telugu,75,132.31900024414062,66
nf4,Telugu,76,181.92269897460938,92
nf4,Telugu,77,180.33782958984375,107
nf4,Telugu,78,543.1597900390625,286
nf4,Telugu,79,496.462646484375,348
nf4,Telugu,80,240.9918212890625,155
nf4,Telugu,81,197.2369384765625,104
nf4,Telugu,82,321.0413818359375,160
nf4,Telugu,83,395.12701416015625,214
nf4,Telugu,84,123.5199203491211,71
nf4,Telugu,85,472.69696044921875,272
nf4,Telugu,86,136.7420654296875,77
nf4,Telugu,87,115.29120635986328,60
nf4,Telugu,88,192.45050048828125,94
nf4,Telugu,89,249.87020874023438,117
nf4,Telugu,90,182.42291259765625,96
nf4,Telugu,91,155.72152709960938,98
nf4,Telugu,92,281.74169921875,137
nf4,Telugu,93,251.7640380859375,149
nf4,Telugu,94,185.4695587158203,98
nf4,Telugu,95,240.08543395996094,138
nf4,Telugu,96,122.3485107421875,73
nf4,Telugu,97,351.98187255859375,176
nf4,Telugu,98,345.02044677734375,185
nf4,Telugu,99,312.9330749511719,175
nf4,Telugu,100,147.99252319335938,84
nf4,Telugu,101,239.60487365722656,135
nf4,Telugu,102,211.56765747070312,101
nf4,Telugu,103,119.78623962402344,48
nf4,Telugu,104,120.48884582519531,54
nf4,Telugu,105,107.01174926757812,50
nf4,Telugu,106,160.31993103027344,88
nf4,Telugu,107,119.22808837890625,74
nf4,Telugu,108,605.248046875,321
nf4,Telugu,109,358.71832275390625,213
nf4,Telugu,110,205.73370361328125,95
nf4,Telugu,111,197.6665496826172,121
nf4,Telugu,112,193.90609741210938,90
nf4,Telugu,113,136.84170532226562,57
nf4,Telugu,114,456.5196533203125,274
nf4,Telugu,115,285.8681945800781,133
nf4,Telugu,116,397.1495361328125,218
nf4,Telugu,117,232.64630126953125,131
nf4,Telugu,118,131.8446502685547,62
nf4,Telugu,119,484.6664123535156,248
nf4,Telugu,120,265.9403991699219,150
nf4,Telugu,121,325.3199462890625,150
nf4,Telugu,122,144.79884338378906,93
nf4,Telugu,123,101.1756591796875,52
nf4,Telugu,124,167.17605590820312,79
nf4,Telugu,125,210.7568359375,99
nf4,Telugu,126,200.7992401123047,110
nf4,Telugu,127,134.73731994628906,80
nf4,Telugu,128,189.96026611328125,89
nf4,Telugu,129,201.45513916015625,112
nf4,Telugu,130,312.0254821777344,160
nf4,Telugu,131,204.5177001953125,101
nf4,Telugu,132,192.149169921875,121
nf4,Telugu,133,285.69189453125,172
nf4,Telugu,134,387.7491760253906,280
nf4,Telugu,135,472.90142822265625,270
nf4,Telugu,136,274.65576171875,151
nf4,Telugu,137,166.1124267578125,106
nf4,Telugu,138,407.4207763671875,256
nf4,Telugu,139,213.37176513671875,111
nf4,Telugu,140,210.874755859375,123
nf4,Telugu,141,234.53736877441406,157
nf4,Telugu,142,378.6650695800781,257
nf4,Telugu,143,223.97425842285156,140
nf4,Telugu,144,152.028076171875,76
nf4,Telugu,145,426.76953125,275
nf4,Telugu,146,186.79017639160156,97
nf4,Telugu,147,402.5963439941406,261
nf4,Telugu,148,197.1866455078125,117
nf4,Telugu,149,403.7443542480469,224
nf4,Telugu,150,213.6024169921875,123
nf4,Telugu,151,254.10165405273438,136
nf4,Telugu,152,144.53271484375,77
nf4,Telugu,153,295.6793212890625,167
nf4,Telugu,154,252.26348876953125,166
nf4,Telugu,155,139.0998992919922,82
nf4,Telugu,156,318.08203125,183
nf4,Telugu,157,151.9799041748047,95
nf4,Telugu,158,243.70498657226562,131
nf4,Telugu,159,510.31585693359375,257
nf4,Telugu,160,234.43299865722656,126
nf4,Telugu,161,127.63538360595703,73
nf4,Telugu,162,174.72222900390625,86
nf4,Telugu,163,356.0022888183594,190
nf4,Telugu,164,166.54058837890625,117
nf4,Telugu,165,191.82659912109375,110
nf4,Telugu,166,228.1343994140625,162
nf4,Telugu,167,179.66397094726562,86
nf4,Telugu,168,270.71978759765625,137
nf4,Telugu,169,174.75621032714844,97
nf4,Telugu,170,198.10894775390625,98
nf4,Telugu,171,241.7002716064453,139
nf4,Telugu,172,227.65419006347656,129
nf4,Telugu,173,269.0655517578125,146
nf4,Telugu,174,299.8481750488281,176
nf4,Telugu,175,189.67257690429688,116
nf4,Telugu,176,245.1422882080078,152
nf4,Telugu,177,419.8153076171875,269
nf4,Telugu,178,203.09771728515625,120
nf4,Telugu,179,361.60894775390625,181
nf4,Telugu,180,367.6877746582031,193
nf4,Telugu,181,423.20660400390625,244
nf4,Telugu,182,288.6015625,147
nf4,Telugu,183,130.546875,71
nf4,Telugu,184,150.36134338378906,85
nf4,Telugu,185,117.66304779052734,70
nf4,Telugu,186,384.153076171875,237
nf4,Telugu,187,116.7452621459961,48
nf4,Telugu,188,413.4088134765625,254
nf4,Telugu,189,281.5887145996094,188
nf4,Telugu,190,162.64312744140625,103
nf4,Telugu,191,316.2651062011719,167
nf4,Telugu,192,196.06141662597656,117
nf4,Telugu,193,165.16281127929688,79
nf4,Telugu,194,253.24815368652344,149
nf4,Telugu,195,185.89590454101562,98
nf4,Telugu,196,97.70704650878906,46
nf4,Telugu,197,188.932373046875,101
nf4,Telugu,198,213.77215576171875,102
nf4,Telugu,199,133.43283081054688,63
nf4,Telugu,200,232.95443725585938,159
nf4,Telugu,201,331.397705078125,181
nf4,Telugu,202,295.02850341796875,178
nf4,Telugu,203,347.8604736328125,198
nf4,Telugu,204,208.64486694335938,125
nf4,Telugu,205,499.8426513671875,265
nf4,Telugu,206,329.8819580078125,244
nf4,Telugu,207,150.53109741210938,75
nf4,Telugu,208,207.5006866455078,142
nf4,Telugu,209,203.83518981933594,125
nf4,Telugu,210,211.677490234375,140
nf4,Telugu,211,238.43203735351562,117
nf4,Telugu,212,240.08619689941406,124
nf4,Telugu,213,247.38632202148438,163
nf4,Telugu,214,571.2532958984375,361
nf4,Telugu,215,258.00335693359375,160
nf4,Telugu,216,229.11434936523438,121
nf4,Telugu,217,165.59799194335938,104
nf4,Telugu,218,400.34564208984375,257
nf4,Telugu,219,583.4381103515625,358
nf4,Telugu,220,242.91831970214844,131
nf4,Telugu,221,89.01473999023438,52
nf4,Telugu,222,410.832275390625,256
nf4,Telugu,223,355.70062255859375,209
nf4,Telugu,224,89.05657196044922,46
nf4,Telugu,225,267.3887939453125,160
nf4,Telugu,226,287.41314697265625,160
nf4,Telugu,227,196.8137664794922,104
nf4,Telugu,228,233.0782928466797,118
nf4,Telugu,229,217.42315673828125,156
nf4,Telugu,230,150.67599487304688,86
nf4,Telugu,231,142.30567932128906,81
nf4,Telugu,232,411.6807556152344,259
nf4,Telugu,233,190.41461181640625,94
nf4,Telugu,234,171.36331176757812,91
nf4,Telugu,235,187.4864044189453,116
nf4,Telugu,236,275.16448974609375,155
nf4,Telugu,237,345.14666748046875,208
nf4,Telugu,238,370.71563720703125,211
nf4,Telugu,239,282.6499938964844,165
nf4,Telugu,240,182.1309814453125,75
nf4,Telugu,241,262.16473388671875,156
nf4,Telugu,242,234.98483276367188,130
nf4,Telugu,243,264.13330078125,154
nf4,Telugu,244,280.04766845703125,137
nf4,Telugu,245,106.02035522460938,35
nf4,Telugu,246,399.71209716796875,292
nf4,Telugu,247,137.99423217773438,63
nf4,Telugu,248,223.46151733398438,128
nf4,Telugu,249,180.64920043945312,104
nf4,Telugu,250,116.83573913574219,64
nf4,Telugu,251,488.1703796386719,313
nf4,Telugu,252,68.00994110107422,42
nf4,Telugu,253,235.874267578125,117
nf4,Telugu,254,408.75689697265625,220
nf4,Telugu,255,176.0806884765625,105
nf4,Kannada,0,347.4599609375,184
nf4,Kannada,1,326.6256408691406,198
nf4,Kannada,2,148.18003845214844,84
nf4,Kannada,3,251.49949645996094,153
nf4,Kannada,4,268.0039367675781,156
nf4,Kannada,5,326.6712951660156,173
nf4,Kannada,6,285.1487731933594,152
nf4,Kannada,7,134.50833129882812,65
nf4,Kannada,8,311.7340087890625,170
nf4,Kannada,9,116.1340103149414,63
nf4,Kannada,10,222.30633544921875,105
nf4,Kannada,11,350.7196044921875,198
nf4,Kannada,12,171.5677490234375,103
nf4,Kannada,13,188.52609252929688,124
nf4,Kannada,14,373.8045349121094,215
nf4,Kannada,15,350.2735595703125,193
nf4,Kannada,16,418.23736572265625,243
nf4,Kannada,17,242.33432006835938,118
nf4,Kannada,18,329.5831604003906,181
nf4,Kannada,19,566.506103515625,317
nf4,Kannada,20,167.70303344726562,98
nf4,Kannada,21,266.6885986328125,140
nf4,Kannada,22,161.13735961914062,88
nf4,Kannada,23,156.45306396484375,80
nf4,Kannada,24,162.01406860351562,81
nf4,Kannada,25,327.1591796875,190
nf4,Kannada,26,213.01124572753906,133
nf4,Kannada,27,158.70718383789062,90
nf4,Kannada,28,163.17230224609375,65
nf4,Kannada,29,91.50733947753906,57
nf4,Kannada,30,240.94464111328125,132
nf4,Kannada,31,240.40167236328125,115
nf4,Kannada,32,238.72052001953125,107
nf4,Kannada,33,294.3697509765625,162
nf4,Kannada,34,183.78701782226562,111
nf4,Kannada,35,238.546142578125,122
nf4,Kannada,36,337.61151123046875,191
nf4,Kannada,37,211.55487060546875,114
nf4,Kannada,38,218.04019165039062,129
nf4,Kannada,39,184.39210510253906,91
nf4,Kannada,40,215.9176025390625,130
nf4,Kannada,41,461.25537109375,297
nf4,Kannada,42,136.10353088378906,80
nf4,Kannada,43,427.5418701171875,266
nf4,Kannada,44,357.291748046875,226
nf4,Kannada,45,184.87643432617188,105
nf4,Kannada,46,193.357421875,95
nf4,Kannada,47,302.9377746582031,205
nf4,Kannada,48,258.883056640625,160
nf4,Kannada,49,209.4559783935547,148
nf4,Kannada,50,243.35572814941406,131
nf4,Kannada,51,419.6878662109375,319
nf4,Kannada,52,302.91448974609375,188
nf4,Kannada,53,283.03265380859375,189
nf4,Kannada,54,278.5891418457031,196
nf4,Kannada,55,219.0276641845703,118
nf4,Kannada,56,474.5558166503906,302
nf4,Kannada,57,262.90069580078125,156
nf4,Kannada,58,364.525634765625,192
nf4,Kannada,59,265.3644714355469,181
nf4,Kannada,60,444.7982177734375,380
nf4,Kannada,61,231.0994415283203,143
nf4,Kannada,62,168.65406799316406,105
nf4,Kannada,63,219.65408325195312,132
nf4,Kannada,64,508.31463623046875,281
nf4,Kannada,65,157.024658203125,100
nf4,Kannada,66,758.541748046875,488
nf4,Kannada,67,375.2554931640625,267
nf4,Kannada,68,138.63986206054688,76
nf4,Kannada,69,397.40777587890625,289
nf4,Kannada,70,283.9078369140625,169
nf4,Kannada,71,565.7625122070312,365
nf4,Kannada,72,484.837158203125,273
nf4,Kannada,73,324.9912109375,160
nf4,Kannada,74,383.68157958984375,238
nf4,Kannada,75,118.08158874511719,63
nf4,Kannada,76,124.52687072753906,72
nf4,Kannada,77,195.9044189453125,113
nf4,Kannada,78,570.21337890625,363
nf4,Kannada,79,507.4406433105469,380
nf4,Kannada,80,284.133056640625,148
nf4,Kannada,81,256.67523193359375,151
nf4,Kannada,82,285.4906005859375,141
nf4,Kannada,83,399.5801696777344,239
nf4,Kannada,84,140.65838623046875,68
nf4,Kannada,85,475.52105712890625,325
nf4,Kannada,86,160.25189208984375,79
nf4,Kannada,87,114.36808776855469,71
nf4,Kannada,88,231.71742248535156,115
nf4,Kannada,89,257.0084228515625,120
nf4,Kannada,90,216.32142639160156,120
nf4,Kannada,91,169.71734619140625,106
nf4,Kannada,92,260.2596435546875,166
nf4,Kannada,93,247.99771118164062,153
nf4,Kannada,94,207.48475646972656,98
nf4,Kannada,95,223.95790100097656,128
nf4,Kannada,96,125.92434692382812,68
nf4,Kannada,97,375.16082763671875,209
nf4,Kannada,98,380.5157470703125,207
nf4,Kannada,99,310.88653564453125,173
nf4,Kannada,100,186.63800048828125,103
nf4,Kannada,101,336.999267578125,163
nf4,Kannada,102,189.6614990234375,108
nf4,Kannada,103,121.8368911743164,45
nf4,Kannada,104,133.0772705078125,50
nf4,Kannada,105,123.46885681152344,58
nf4,Kannada,106,169.2030487060547,108
nf4,Kannada,107,118.71981811523438,67
nf4,Kannada,108,544.0506591796875,337
nf4,Kannada,109,343.8765563964844,221
nf4,Kannada,110,182.97024536132812,97
nf4,Kannada,111,198.42727661132812,127
nf4,Kannada,112,213.74917602539062,118
nf4,Kannada,113,123.171630859375,54
nf4,Kannada,114,492.2232360839844,256
nf4,Kannada,115,317.4961242675781,181
nf4,Kannada,116,399.52301025390625,226
nf4,Kannada,117,314.55712890625,172
nf4,Kannada,118,107.08174133300781,52
nf4,Kannada,119,565.4923095703125,309
nf4,Kannada,120,298.87603759765625,153
nf4,Kannada,121,327.11395263671875,170
nf4,Kannada,122,134.28871154785156,110
nf4,Kannada,123,74.49297332763672,42
nf4,Kannada,124,174.23739624023438,71
nf4,Kannada,125,190.11407470703125,112
nf4,Kannada,126,199.0633544921875,105
nf4,Kannada,127,140.4575653076172,87
nf4,Kannada,128,282.09423828125,103
nf4,Kannada,129,233.0928955078125,132
nf4,Kannada,130,328.91162109375,173
nf4,Kannada,131,190.81680297851562,105
nf4,Kannada,132,236.79991149902344,147
nf4,Kannada,133,269.3818359375,167
nf4,Kannada,134,446.93890380859375,321
nf4,Kannada,135,439.86865234375,298
nf4,Kannada,136,229.51651000976562,140
nf4,Kannada,137,178.5984649658203,114
nf4,Kannada,138,421.52325439453125,249
nf4,Kannada,139,229.36666870117188,144
nf4,Kannada,140,221.48403930664062,129
nf4,Kannada,141,300.7337646484375,187
nf4,Kannada,142,350.65869140625,246
nf4,Kannada,143,250.2271728515625,155
nf4,Kannada,144,144.23666381835938,87
nf4,Kannada,145,394.3983459472656,266
nf4,Kannada,146,173.3104705810547,95
nf4,Kannada,147,401.64764404296875,286
nf4,Kannada,148,168.2898406982422,121
nf4,Kannada,149,371.162109375,231
nf4,Kannada,150,220.71226501464844,119
nf4,Kannada,151,254.55413818359375,159
nf4,Kannada,152,113.17971801757812,90
nf4,Kannada,153,288.5787658691406,149
nf4,Kannada,154,324.73309326171875,223
nf4,Kannada,155,150.90679931640625,86
nf4,Kannada,156,345.9015197753906,209
nf4,Kannada,157,152.17965698242188,96
nf4,Kannada,158,270.1395263671875,155
nf4,Kannada,159,470.4188232421875,254
nf4,Kannada,160,249.52833557128906,178
nf4,Kannada,161,136.37525939941406,81
nf4,Kannada,162,184.30088806152344,89
nf4,Kannada,163,358.961669921875,216
nf4,Kannada,164,162.3154296875,125
nf4,Kannada,165,178.73069763183594,104
nf4,Kannada,166,228.7832489013672,169
nf4,Kannada,167,158.53778076171875,86
nf4,Kannada,168,269.05413818359375,132
nf4,Kannada,169,150.52122497558594,91
nf4,Kannada,170,210.17227172851562,89
nf4,Kannada,171,235.01046752929688,163
nf4,Kannada,172,248.47225952148438,157
nf4,Kannada,173,285.41021728515625,168
nf4,Kannada,174,258.71954345703125,167
nf4,Kannada,175,201.0492706298828,107
nf4,Kannada,176,231.09153747558594,172
nf4,Kannada,177,616.532470703125,410
nf4,Kannada,178,218.72723388671875,160
nf4,Kannada,179,431.3667907714844,249
nf4,Kannada,180,344.96240234375,204
nf4,Kannada,181,420.72991943359375,220
nf4,Kannada,182,264.900390625,160
nf4,Kannada,183,134.88235473632812,72
nf4,Kannada,184,137.8019256591797,76
nf4,Kannada,185,140.59829711914062,77
nf4,Kannada,186,407.7933349609375,249
nf4,Kannada,187,105.92179870605469,64
nf4,Kannada,188,457.8887023925781,299
nf4,Kannada,189,251.6217498779297,168
nf4,Kannada,190,218.85430908203125,123
nf4,Kannada,191,299.545166015625,173
nf4,Kannada,192,198.45396423339844,122
nf4,Kannada,193,133.341796875,79
nf4,Kannada,194,217.6771697998047,152
nf4,Kannada,195,155.42999267578125,85
nf4,Kannada,196,123.52091979980469,58
nf4,Kannada,197,166.06094360351562,99
nf4,Kannada,198,180.97413635253906,106
nf4,Kannada,199,177.793212890625,81
nf4,Kannada,200,215.45785522460938,153
nf4,Kannada,201,330.35711669921875,201
nf4,Kannada,202,276.8989562988281,171
nf4,Kannada,203,294.7520446777344,176
nf4,Kannada,204,235.21324157714844,143
nf4,Kannada,205,437.93963623046875,254
nf4,Kannada,206,311.4818420410156,234
nf4,Kannada,207,142.84078979492188,79
nf4,Kannada,208,234.366943359375,144
nf4,Kannada,209,256.134033203125,153
nf4,Kannada,210,250.1094970703125,151
nf4,Kannada,211,195.59149169921875,96
nf4,Kannada,212,276.38818359375,140
nf4,Kannada,213,260.3489990234375,170
nf4,Kannada,214,640.3444213867188,411
nf4,Kannada,215,276.9137268066406,184
nf4,Kannada,216,251.8340606689453,136
nf4,Kannada,217,160.48931884765625,130
nf4,Kannada,218,400.2748718261719,271
nf4,Kannada,219,554.4343872070312,378
nf4,Kannada,220,207.44769287109375,141
nf4,Kannada,221,93.00447082519531,46
nf4,Kannada,222,465.12109375,299
nf4,Kannada,223,332.01580810546875,203
nf4,Kannada,224,92.04087829589844,54
nf4,Kannada,225,279.070068359375,173
nf4,Kannada,226,275.4469299316406,151
nf4,Kannada,227,164.06153869628906,103
nf4,Kannada,228,269.2845458984375,143
nf4,Kannada,229,259.156494140625,169
nf4,Kannada,230,146.7703399658203,105
nf4,Kannada,231,173.88018798828125,89
nf4,Kannada,232,375.3522033691406,226
nf4,Kannada,233,189.37896728515625,122
nf4,Kannada,234,154.24920654296875,82
nf4,Kannada,235,212.85064697265625,112
nf4,Kannada,236,227.99281311035156,129
nf4,Kannada,237,310.2112121582031,206
nf4,Kannada,238,298.9913024902344,212
nf4,Kannada,239,275.3109130859375,191
nf4,Kannada,240,143.43569946289062,83
nf4,Kannada,241,270.8509521484375,170
nf4,Kannada,242,198.34080505371094,129
nf4,Kannada,243,284.1075744628906,157
nf4,Kannada,244,275.6841125488281,144
nf4,Kannada,245,117.47883605957031,42
nf4,Kannada,246,548.6473388671875,359
nf4,Kannada,247,133.51950073242188,74
nf4,Kannada,248,266.61444091796875,151
nf4,Kannada,249,182.9741668701172,106
nf4,Kannada,250,129.3311004638672,63
nf4,Kannada,251,587.8442993164062,343
nf4,Kannada,252,91.67802429199219,50
nf4,Kannada,253,246.9059600830078,125
nf4,Kannada,254,360.9537048339844,207
nf4,Kannada,255,194.44363403320312,117
nf4,Malayalam,0,383.62750244140625,214
nf4,Malayalam,1,287.5207214355469,220
nf4,Malayalam,2,153.49813842773438,102
nf4,Malayalam,3,243.44830322265625,153
nf4,Malayalam,4,252.69349670410156,151
nf4,Malayalam,5,293.30242919921875,189
nf4,Malayalam,6,215.75991821289062,115
nf4,Malayalam,7,132.08314514160156,56
nf4,Malayalam,8,311.3023681640625,165
nf4,Malayalam,9,117.8689193725586,52
nf4,Malayalam,10,206.2069091796875,107
nf4,Malayalam,11,275.61199951171875,142
nf4,Malayalam,12,194.95803833007812,119
nf4,Malayalam,13,202.26251220703125,144
nf4,Malayalam,14,382.1864929199219,215
nf4,Malayalam,15,362.57232666015625,224
nf4,Malayalam,16,409.6119079589844,254
nf4,Malayalam,17,260.377685546875,137
nf4,Malayalam,18,292.0409851074219,152
nf4,Malayalam,19,559.8859252929688,339
nf4,Malayalam,20,179.46998596191406,121
nf4,Malayalam,21,321.9136657714844,202
nf4,Malayalam,22,129.85353088378906,71
nf4,Malayalam,23,143.6627655029297,83
nf4,Malayalam,24,173.47628784179688,97
nf4,Malayalam,25,349.44635009765625,209
nf4,Malayalam,26,218.32571411132812,145
nf4,Malayalam,27,157.1887969970703,107
nf4,Malayalam,28,141.27127075195312,77
nf4,Malayalam,29,82.40811157226562,52
nf4,Malayalam,30,240.8320770263672,139
nf4,Malayalam,31,242.39524841308594,135
nf4,Malayalam,32,264.7177429199219,125
nf4,Malayalam,33,242.09024047851562,161
nf4,Malayalam,34,173.52523803710938,94
nf4,Malayalam,35,245.195556640625,123
nf4,Malayalam,36,370.9660339355469,188
nf4,Malayalam,37,248.9851531982422,124
nf4,Malayalam,38,240.95767211914062,144
nf4,Malayalam,39,176.4051055908203,94
nf4,Malayalam,40,229.53378295898438,145
nf4,Malayalam,41,553.1529541015625,340
nf4,Malayalam,42,155.5784454345703,105
nf4,Malayalam,43,406.5135498046875,293
nf4,Malayalam,44,389.3614196777344,219
nf4,Malayalam,45,190.13784790039062,109
nf4,Malayalam,46,188.8269500732422,129
nf4,Malayalam,47,330.4334716796875,214
nf4,Malayalam,48,193.0074462890625,129
nf4,Malayalam,49,239.6703643798828,133
nf4,Malayalam,50,253.48741149902344,136
nf4,Malayalam,51,481.93646240234375,392
nf4,Malayalam,52,285.0575256347656,185
nf4,Malayalam,53,299.5819091796875,208
nf4,Malayalam,54,384.50213623046875,258
nf4,Malayalam,55,226.72665405273438,122
nf4,Malayalam,56,563.390869140625,360
nf4,Malayalam,57,272.6966552734375,172
nf4,Malayalam,58,313.9588928222656,197
nf4,Malayalam,59,280.2321472167969,197
nf4,Malayalam,60,455.47210693359375,329
nf4,Malayalam,61,269.1320495605469,176
nf4,Malayalam,62,177.28582763671875,108
nf4,Malayalam,63,265.3253173828125,162
nf4,Malayalam,64,555.0957641601562,309
nf4,Malayalam,65,177.2996826171875,111
nf4,Malayalam,66,723.91015625,488
nf4,Malayalam,67,341.5843200683594,252
nf4,Malayalam,68,139.5896759033203,97
nf4,Malayalam,69,554.8165283203125,385
nf4,Malayalam,70,371.67742919921875,220
nf4,Malayalam,71,681.9500122070312,415
nf4,Malayalam,72,514.639404296875,327
nf4,Malayalam,73,344.37445068359375,234
nf4,Malayalam,74,355.21087646484375,253
nf4,Malayalam,75,118.62409973144531,68
nf4,Malayalam,76,160.5091552734375,95
nf4,Malayalam,77,236.84710693359375,142
nf4,Malayalam,78,633.2603149414062,399
nf4,Malayalam,79,587.3124389648438,423
nf4,Malayalam,80,299.76995849609375,185
nf4,Malayalam,81,298.1418762207031,177
nf4,Malayalam,82,306.6729736328125,182
nf4,Malayalam,83,437.29388427734375,280
nf4,Malayalam,84,154.7196044921875,84
nf4,Malayalam,85,513.537841796875,340
nf4,Malayalam,86,174.08770751953125,105
nf4,Malayalam,87,121.71195983886719,68
nf4,Malayalam,88,237.98068237304688,143
nf4,Malayalam,89,235.14366149902344,121
nf4,Malayalam,90,195.09243774414062,149
nf4,Malayalam,91,194.36245727539062,123
nf4,Malayalam,92,263.74481201171875,172
nf4,Malayalam,93,244.60635375976562,133
nf4,Malayalam,94,195.54383850097656,103
nf4,Malayalam,95,245.12979125976562,158
nf4,Malayalam,96,125.18983459472656,67
nf4,Malayalam,97,404.25677490234375,234
nf4,Malayalam,98,386.74896240234375,250
nf4,Malayalam,99,338.39617919921875,205
nf4,Malayalam,100,158.21823120117188,105
nf4,Malayalam,101,365.1212463378906,202
nf4,Malayalam,102,203.18185424804688,120
nf4,Malayalam,103,131.10446166992188,62
nf4,Malayalam,104,113.79331970214844,64
nf4,Malayalam,105,104.99129486083984,49
nf4,Malayalam,106,179.29620361328125,125
nf4,Malayalam,107,144.6350860595703,82
nf4,Malayalam,108,545.0330810546875,356
nf4,Malayalam,109,314.4241943359375,214
nf4,Malayalam,110,198.91319274902344,102
nf4,Malayalam,111,218.06057739257812,144
nf4,Malayalam,112,215.98365783691406,121
nf4,Malayalam,113,167.55918884277344,82
nf4,Malayalam,114,509.4339904785156,305
nf4,Malayalam,115,268.98712158203125,156
nf4,Malayalam,116,448.34930419921875,264
nf4,Malayalam,117,267.82659912109375,191
nf4,Malayalam,118,144.84632873535156,60
nf4,Malayalam,119,508.0797119140625,296
nf4,Malayalam,120,276.4808349609375,170
nf4,Malayalam,121,304.5494079589844,174
nf4,Malayalam,122,137.92413330078125,99
nf4,Malayalam,123,109.53490447998047,59
nf4,Malayalam,124,171.67315673828125,84
nf4,Malayalam,125,157.50332641601562,108
nf4,Malayalam,126,226.152587890625,117
nf4,Malayalam,127,149.34292602539062,93
nf4,Malayalam,128,206.23410034179688,85
nf4,Malayalam,129,202.2414093017578,132
nf4,Malayalam,130,312.59710693359375,174
nf4,Malayalam,131,174.1704864501953,102
nf4,Malayalam,132,293.8659362792969,161
nf4,Malayalam,133,293.4068298339844,183
nf4,Malayalam,134,455.44049072265625,330
nf4,Malayalam,135,524.548583984375,343
nf4,Malayalam,136,250.05397033691406,170
nf4,Malayalam,137,182.97537231445312,113
nf4,Malayalam,138,402.4625244140625,284
nf4,Malayalam,139,221.4073028564453,147
nf4,Malayalam,140,252.03103637695312,145
nf4,Malayalam,141,351.84173583984375,213
nf4,Malayalam,142,397.7293701171875,285
nf4,Malayalam,143,318.4540710449219,183
nf4,Malayalam,144,217.33285522460938,110
nf4,Malayalam,145,537.9389038085938,325
nf4,Malayalam,146,222.7738037109375,141
nf4,Malayalam,147,469.7926940917969,303
nf4,Malayalam,148,186.13717651367188,123
nf4,Malayalam,149,348.8758239746094,263
nf4,Malayalam,150,215.09716796875,127
nf4,Malayalam,151,257.69500732421875,162
nf4,Malayalam,152,141.2683868408203,82
nf4,Malayalam,153,314.6558532714844,177
nf4,Malayalam,154,265.18756103515625,207
nf4,Malayalam,155,147.79736328125,92
nf4,Malayalam,156,297.49798583984375,216
nf4,Malayalam,157,185.47723388671875,103
nf4,Malayalam,158,307.9373779296875,178
nf4,Malayalam,159,498.1695251464844,339
nf4,Malayalam,160,312.47882080078125,190
nf4,Malayalam,161,158.1182861328125,94
nf4,Malayalam,162,172.12498474121094,95
nf4,Malayalam,163,355.04766845703125,226
nf4,Malayalam,164,211.0792236328125,109
nf4,Malayalam,165,170.50653076171875,98
nf4,Malayalam,166,285.2188720703125,205
nf4,Malayalam,167,152.93490600585938,93
nf4,Malayalam,168,251.63816833496094,134
nf4,Malayalam,169,173.14547729492188,97
nf4,Malayalam,170,246.31300354003906,127
nf4,Malayalam,171,211.2097930908203,113
nf4,Malayalam,172,252.29574584960938,169
nf4,Malayalam,173,315.46453857421875,182
nf4,Malayalam,174,315.0162048339844,164
nf4,Malayalam,175,212.27532958984375,113
nf4,Malayalam,176,276.3631286621094,180
nf4,Malayalam,177,626.5662231445312,409
nf4,Malayalam,178,241.296875,144
nf4,Malayalam,179,353.12005615234375,218
nf4,Malayalam,180,414.41217041015625,257
nf4,Malayalam,181,478.3669738769531,256
nf4,Malayalam,182,250.6747283935547,164
nf4,Malayalam,183,138.58596801757812,64
nf4,Malayalam,184,152.94955444335938,78
nf4,Malayalam,185,165.8769989013672,97
nf4,Malayalam,186,445.2184753417969,265
nf4,Malayalam,187,119.65902709960938,65
nf4,Malayalam,188,485.85009765625,301
nf4,Malayalam,189,359.47113037109375,218
nf4,Malayalam,190,177.4849090576172,151
nf4,Malayalam,191,346.8076171875,196
nf4,Malayalam,192,226.86154174804688,126
nf4,Malayalam,193,165.73858642578125,72
nf4,Malayalam,194,230.736572265625,155
nf4,Malayalam,195,209.68157958984375,95
nf4,Malayalam,196,107.6676254272461,53
nf4,Malayalam,197,185.1021728515625,122
nf4,Malayalam,198,206.0731201171875,125
nf4,Malayalam,199,183.77391052246094,106
nf4,Malayalam,200,261.24505615234375,190
nf4,Malayalam,201,305.14617919921875,180
nf4,Malayalam,202,316.5712585449219,208
nf4,Malayalam,203,327.11944580078125,185
nf4,Malayalam,204,251.1393280029297,140
nf4,Malayalam,205,423.72698974609375,252
nf4,Malayalam,206,370.962158203125,263
nf4,Malayalam,207,149.65481567382812,74
nf4,Malayalam,208,220.16966247558594,142
nf4,Malayalam,209,219.19747924804688,140
nf4,Malayalam,210,212.74790954589844,136
nf4,Malayalam,211,196.70724487304688,98
nf4,Malayalam,212,232.60693359375,126
nf4,Malayalam,213,240.554443359375,178
nf4,Malayalam,214,606.2769775390625,403
nf4,Malayalam,215,273.552001953125,181
nf4,Malayalam,216,242.12376403808594,150
nf4,Malayalam,217,181.1915283203125,122
nf4,Malayalam,218,375.5308837890625,272
nf4,Malayalam,219,567.3536987304688,412
nf4,Malayalam,220,185.27389526367188,136
nf4,Malayalam,221,130.28733825683594,56
nf4,Malayalam,222,460.5845642089844,287
nf4,Malayalam,223,350.90155029296875,213
nf4,Malayalam,224,100.39192962646484,62
nf4,Malayalam,225,271.3599548339844,152
nf4,Malayalam,226,288.77252197265625,172
nf4,Malayalam,227,157.40081787109375,87
nf4,Malayalam,228,254.59535217285156,132
nf4,Malayalam,229,272.8583984375,197
nf4,Malayalam,230,165.98915100097656,96
nf4,Malayalam,231,125.08193969726562,74
nf4,Malayalam,232,392.7587890625,293
nf4,Malayalam,233,211.7332763671875,144
nf4,Malayalam,234,174.55374145507812,110
nf4,Malayalam,235,206.66119384765625,120
nf4,Malayalam,236,288.57110595703125,156
nf4,Malayalam,237,345.0692443847656,212
nf4,Malayalam,238,315.8352355957031,232
nf4,Malayalam,239,292.0169677734375,190
nf4,Malayalam,240,152.78807067871094,86
nf4,Malayalam,241,297.5751037597656,207
nf4,Malayalam,242,226.46180725097656,118
nf4,Malayalam,243,334.99951171875,201
nf4,Malayalam,244,326.93353271484375,182
nf4,Malayalam,245,104.05474853515625,54
nf4,Malayalam,246,483.1334228515625,351
nf4,Malayalam,247,169.84158325195312,80
nf4,Malayalam,248,263.5787048339844,156
nf4,Malayalam,249,199.24867248535156,110
nf4,Malayalam,250,161.8134765625,86
nf4,Malayalam,251,511.5887451171875,348
nf4,Malayalam,252,99.66808319091797,42
nf4,Malayalam,253,235.56663513183594,125
nf4,Malayalam,254,385.7593688964844,222
nf4,Malayalam,255,243.53924560546875,145
